[firesim-tmux] started at 2026-05-09T10:12:22Z
[firesim-tmux] working directory: /home/ubuntu/chipyard/sims/firesim/deploy
[firesim-tmux] command: firesim runworkload -c /home/ubuntu/chipyard/sims/firesim/deploy/config_runtime_f2_gemmini_rerocc_pairmanager_dummy8x8_4c12p12_sbus64_linux_bertmini_pipeline_runtime_batch8_fileonly_sync_gdbserver_cfg32_nic_notrace.yaml -a /home/ubuntu/chipyard/sims/firesim/deploy/config_hwdb_f2_gemmini_rerocc_pairmanager_dummy8x8_4c12p12_sbus64_bertmini_cfg32_nic_notrace.yaml -r /home/ubuntu/chipyard/sims/firesim-staging/sample_config_build_recipes.yaml
[firesim-tmux] propagated FIRESIM env vars: DMA_BASE_ID FIRESIM_RUNWORKLOAD_IDLE_TIMEOUT_SECONDS FIRESIM_RUNWORKLOAD_LIVE_IDLE_TIMEOUT_SECONDS FIRESIM_RUNWORKLOAD_MONITOR_SCRIPT GEMMINI_BASE_ID NUM_CORES NUM_DMA NUM_GEMMINI PAIR_MANAGER_MODE PIPELINE_RUNTIME_BREADCRUMB_ENABLE PIPELINE_RUNTIME_BREADCRUMB_GLOBAL_STAGE PIPELINE_RUNTIME_BREADCRUMB_LOCAL_STAGE PIPELINE_RUNTIME_BREADCRUMB_PATH PIPELINE_RUNTIME_BREADCRUMB_SEGMENT PIPELINE_RUNTIME_BREADCRUMB_STAGE_RADIUS PIPELINE_RUNTIME_BREADCRUMB_SUBBATCH PIPELINE_RUNTIME_BREADCRUMB_SUBBATCH_RADIUS PIPELINE_RUNTIME_DEBUG_TRIGGER_ENABLE PIPELINE_RUNTIME_DEBUG_TRIGGER_GLOBAL_STAGE PIPELINE_RUNTIME_DEBUG_TRIGGER_KIND PIPELINE_RUNTIME_DEBUG_TRIGGER_LOCAL_STAGE PIPELINE_RUNTIME_DEBUG_TRIGGER_LOG_PATH PIPELINE_RUNTIME_DEBUG_TRIGGER_MANAGER PIPELINE_RUNTIME_DEBUG_TRIGGER_MATCH_ONCE PIPELINE_RUNTIME_DEBUG_TRIGGER_PAGE PIPELINE_RUNTIME_DEBUG_TRIGGER_POST_BUDGET PIPELINE_RUNTIME_DEBUG_TRIGGER_PRE_RING PIPELINE_RUNTIME_DEBUG_TRIGGER_SEGMENT PIPELINE_RUNTIME_DEBUG_TRIGGER_SUBBATCH PIPELINE_RUNTIME_DEBUG_TRIGGER_TENSOR_ID PIPELINE_RUNTIME_DEBUG_TRIGGER_TOKEN PIPELINE_RUNTIME_DMA_BLOCKING_WAIT_POLL_TIMEOUT_ENABLE PIPELINE_RUNTIME_DMA_BOUNCE_BYPASS_ENABLE PIPELINE_RUNTIME_DMA_EXPORT_PAGE_END PIPELINE_RUNTIME_DMA_EXPORT_PAGE_START PIPELINE_RUNTIME_DMA_EXPORT_PROBE_ENABLE PIPELINE_RUNTIME_DMA_EXPORT_PROBE_TOKEN_END PIPELINE_RUNTIME_DMA_EXPORT_PROBE_TOKEN_START PIPELINE_RUNTIME_DMA_FIXED_LOAD_CHECKPOINT_ENABLE PIPELINE_RUNTIME_DMA_FIXED_LOAD_MONITOR_PROBE_ENABLE PIPELINE_RUNTIME_DMA_FIXED_LOAD_PAGE_END PIPELINE_RUNTIME_DMA_FIXED_LOAD_PAGE_START PIPELINE_RUNTIME_DMA_FIXED_LOAD_PRE_SRC_NOPS PIPELINE_RUNTIME_DMA_FIXED_LOAD_PROBE_ENABLE PIPELINE_RUNTIME_DMA_FIXED_LOAD_PROBE_STAGE_ID PIPELINE_RUNTIME_DMA_FIXED_LOAD_PROBE_TENSOR_ID PIPELINE_RUNTIME_DMA_FIXED_LOAD_PROBE_TOKEN_END PIPELINE_RUNTIME_DMA_FIXED_LOAD_PROBE_TOKEN_START PIPELINE_RUNTIME_DMA_FORCE_DIRECT_ENABLE PIPELINE_RUNTIME_DMA_SUBMIT_TRACE_ENABLE PIPELINE_RUNTIME_NO_DMA_COMPUTE_ENABLE 
[firesim-watchdog] armed timeout=10800s log=/home/ubuntu/chipyard/tmp/firesim-aws-f2/tmux/pairdummy-sbus64-dummy8x8-gdbserver-cfg32-nic-notrace-runworkload-20260509-101222.watchdog.log
[firesim-monitor] starting /home/ubuntu/chipyard/scripts/firesim-prt-host-watchdog.sh
[prt-host-watchdog] started at 2026-05-09T10:12:22Z
[prt-host-watchdog] runtime_config=/home/ubuntu/chipyard/sims/firesim/deploy/config_runtime_f2_gemmini_rerocc_pairmanager_dummy8x8_4c12p12_sbus64_linux_bertmini_pipeline_runtime_batch8_fileonly_sync_gdbserver_cfg32_nic_notrace.yaml
[prt-host-watchdog] idle_timeout_seconds=7200 live_idle_timeout_seconds=10800 poll_seconds=30
[prt-host-watchdog] ssh_connect_timeout_seconds=10 probe_timeout_seconds=20 capture_timeout_seconds=180
[prt-host-watchdog] heartbeat_liveness_enable=1
[prt-host-watchdog] arm_on_guest_status_nonzero=1
/home/ubuntu/chipyard/.conda-env/lib/python3.10/site-packages/paramiko/transport.py:178: CryptographyDeprecationWarning: Blowfish has been deprecated
  'class': algorithms.Blowfish,
FireSim Manager. Docs: https://docs.fires.im
Running: runworkload

run_farm_hosts_dict defaultdict(<class 'list'>, {'f2.6xlarge': [(<runtools.run_farm.Inst object at 0x73e5f0957b20>, None)], 'f2.12xlarge': [], 'f2.48xlarge': [], 'm4.16xlarge': [], 'z1d.3xlarge': [], 'z1d.6xlarge': [], 'z1d.12xlarge': []})
set_server_hardware_config 0 None
[prt-host-watchdog] monitoring instance=i-0e3edebdabf8e333e private_ip=192.168.1.127
Creating the directory: /home/ubuntu/chipyard/sims/firesim/deploy/results-workload/2026-05-09--10-12-23-rerocc-lc-linux-coupleddma-bertmini-pipeline-runtime-batch8-fileonly-sync-pairdummy-gdbserver-f2-gemmini-rerocc-pairmanager-dummy8x8-4c12p12-sbus64-linux-bertmini-batch8-fileonly-sync-gdbserver-cfg32-nic-notrace/
[192.168.1.127] Checking if host instance is up...
[192.168.1.127] Starting switch simulation for switch slot: 0.
start_simulations_instance 1
[192.168.1.127] Starting FPGA simulation for slot: 0.
[192.168.1.127] Preflighting FireSim driver readiness for slot 0 (attempt 1/3).
Warning: run() received nonzero return code 1 while executing 'sudo pkill -SIGKILL FireSim-f2'!
[192.168.1.127] FireSim driver readiness preflight passed for slot 0.
start_sim_slot slotno: 0 server_id 0 remote_sim_dir /home/ubuntu/sim_slot_0/ /home/ubuntu
ul <runtools.firesim_topology_elements.FireSimLink object at 0x73e5f08347f0>, ul.uplink_size <runtools.firesim_topology_elements.FireSimSwitchNode object at 0x73e5f0834610>
self <runtools.firesim_topology_elements.FireSimServerNode object at 0x73e5f0834760> id_internal 0  [] slotno 0
[2J
FireSim Simulation Status @ 2026-05-09 10:12:35.311127
--------------------------------------------------------------------------------
This workload's output is located in:
/home/ubuntu/chipyard/sims/firesim/deploy/results-workload/2026-05-09--10-12-23-rerocc-lc-linux-coupleddma-bertmini-pipeline-runtime-batch8-fileonly-sync-pairdummy-gdbserver-f2-gemmini-rerocc-pairmanager-dummy8x8-4c12p12-sbus64-linux-bertmini-batch8-fileonly-sync-gdbserver-cfg32-nic-notrace/
This run's log is located in:
/home/ubuntu/chipyard/sims/firesim/deploy/logs/2026-05-09--10-12-23-runworkload-LRDEUTGUUBWIAXNI.log
This status will update every 10s.
--------------------------------------------------------------------------------
Instances
--------------------------------------------------------------------------------
Hostname/IP: 192.168.1.127 | Terminated: [33mFalse[0m
--------------------------------------------------------------------------------
Simulated Switches
--------------------------------------------------------------------------------
Hostname/IP: 192.168.1.127 | Switch name: switch0 | Switch running: [32mTrue [0m
--------------------------------------------------------------------------------
Simulated Pipes
--------------------------------------------------------------------------------
--------------------------------------------------------------------------------
Simulated Nodes/Jobs
--------------------------------------------------------------------------------
Hostname/IP: 192.168.1.127 | Job: rerocc-lc-linux-coupleddma-bertmini-pipeline-runtime-batch8-fileonly-sync-pairdummy-gdbserver0 | Sim running: [33mTrue [0m
--------------------------------------------------------------------------------
Summary
--------------------------------------------------------------------------------
1/1 instances are still running.
1/1 simulations are still running.
--------------------------------------------------------------------------------
[2J
FireSim Simulation Status @ 2026-05-09 10:12:45.622769
--------------------------------------------------------------------------------
This workload's output is located in:
/home/ubuntu/chipyard/sims/firesim/deploy/results-workload/2026-05-09--10-12-23-rerocc-lc-linux-coupleddma-bertmini-pipeline-runtime-batch8-fileonly-sync-pairdummy-gdbserver-f2-gemmini-rerocc-pairmanager-dummy8x8-4c12p12-sbus64-linux-bertmini-batch8-fileonly-sync-gdbserver-cfg32-nic-notrace/
This run's log is located in:
/home/ubuntu/chipyard/sims/firesim/deploy/logs/2026-05-09--10-12-23-runworkload-LRDEUTGUUBWIAXNI.log
This status will update every 10s.
--------------------------------------------------------------------------------
Instances
--------------------------------------------------------------------------------
Hostname/IP: 192.168.1.127 | Terminated: [33mFalse[0m
--------------------------------------------------------------------------------
Simulated Switches
--------------------------------------------------------------------------------
Hostname/IP: 192.168.1.127 | Switch name: switch0 | Switch running: [32mTrue [0m
--------------------------------------------------------------------------------
Simulated Pipes
--------------------------------------------------------------------------------
--------------------------------------------------------------------------------
Simulated Nodes/Jobs
--------------------------------------------------------------------------------
Hostname/IP: 192.168.1.127 | Job: rerocc-lc-linux-coupleddma-bertmini-pipeline-runtime-batch8-fileonly-sync-pairdummy-gdbserver0 | Sim running: [33mTrue [0m
--------------------------------------------------------------------------------
Summary
--------------------------------------------------------------------------------
1/1 instances are still running.
1/1 simulations are still running.
--------------------------------------------------------------------------------
[2J
FireSim Simulation Status @ 2026-05-09 10:12:55.940822
--------------------------------------------------------------------------------
This workload's output is located in:
/home/ubuntu/chipyard/sims/firesim/deploy/results-workload/2026-05-09--10-12-23-rerocc-lc-linux-coupleddma-bertmini-pipeline-runtime-batch8-fileonly-sync-pairdummy-gdbserver-f2-gemmini-rerocc-pairmanager-dummy8x8-4c12p12-sbus64-linux-bertmini-batch8-fileonly-sync-gdbserver-cfg32-nic-notrace/
This run's log is located in:
/home/ubuntu/chipyard/sims/firesim/deploy/logs/2026-05-09--10-12-23-runworkload-LRDEUTGUUBWIAXNI.log
This status will update every 10s.
--------------------------------------------------------------------------------
Instances
--------------------------------------------------------------------------------
Hostname/IP: 192.168.1.127 | Terminated: [33mFalse[0m
--------------------------------------------------------------------------------
Simulated Switches
--------------------------------------------------------------------------------
Hostname/IP: 192.168.1.127 | Switch name: switch0 | Switch running: [32mTrue [0m
--------------------------------------------------------------------------------
Simulated Pipes
--------------------------------------------------------------------------------
--------------------------------------------------------------------------------
Simulated Nodes/Jobs
--------------------------------------------------------------------------------
Hostname/IP: 192.168.1.127 | Job: rerocc-lc-linux-coupleddma-bertmini-pipeline-runtime-batch8-fileonly-sync-pairdummy-gdbserver0 | Sim running: [33mTrue [0m
--------------------------------------------------------------------------------
Summary
--------------------------------------------------------------------------------
1/1 instances are still running.
1/1 simulations are still running.
--------------------------------------------------------------------------------
[2J
FireSim Simulation Status @ 2026-05-09 10:13:06.243172
--------------------------------------------------------------------------------
This workload's output is located in:
/home/ubuntu/chipyard/sims/firesim/deploy/results-workload/2026-05-09--10-12-23-rerocc-lc-linux-coupleddma-bertmini-pipeline-runtime-batch8-fileonly-sync-pairdummy-gdbserver-f2-gemmini-rerocc-pairmanager-dummy8x8-4c12p12-sbus64-linux-bertmini-batch8-fileonly-sync-gdbserver-cfg32-nic-notrace/
This run's log is located in:
/home/ubuntu/chipyard/sims/firesim/deploy/logs/2026-05-09--10-12-23-runworkload-LRDEUTGUUBWIAXNI.log
This status will update every 10s.
--------------------------------------------------------------------------------
Instances
--------------------------------------------------------------------------------
Hostname/IP: 192.168.1.127 | Terminated: [33mFalse[0m
--------------------------------------------------------------------------------
Simulated Switches
--------------------------------------------------------------------------------
Hostname/IP: 192.168.1.127 | Switch name: switch0 | Switch running: [32mTrue [0m
--------------------------------------------------------------------------------
Simulated Pipes
--------------------------------------------------------------------------------
--------------------------------------------------------------------------------
Simulated Nodes/Jobs
--------------------------------------------------------------------------------
Hostname/IP: 192.168.1.127 | Job: rerocc-lc-linux-coupleddma-bertmini-pipeline-runtime-batch8-fileonly-sync-pairdummy-gdbserver0 | Sim running: [33mTrue [0m
--------------------------------------------------------------------------------
Summary
--------------------------------------------------------------------------------
1/1 instances are still running.
1/1 simulations are still running.
--------------------------------------------------------------------------------
[2J
FireSim Simulation Status @ 2026-05-09 10:13:16.551850
--------------------------------------------------------------------------------
This workload's output is located in:
/home/ubuntu/chipyard/sims/firesim/deploy/results-workload/2026-05-09--10-12-23-rerocc-lc-linux-coupleddma-bertmini-pipeline-runtime-batch8-fileonly-sync-pairdummy-gdbserver-f2-gemmini-rerocc-pairmanager-dummy8x8-4c12p12-sbus64-linux-bertmini-batch8-fileonly-sync-gdbserver-cfg32-nic-notrace/
This run's log is located in:
/home/ubuntu/chipyard/sims/firesim/deploy/logs/2026-05-09--10-12-23-runworkload-LRDEUTGUUBWIAXNI.log
This status will update every 10s.
--------------------------------------------------------------------------------
Instances
--------------------------------------------------------------------------------
Hostname/IP: 192.168.1.127 | Terminated: [33mFalse[0m
--------------------------------------------------------------------------------
Simulated Switches
--------------------------------------------------------------------------------
Hostname/IP: 192.168.1.127 | Switch name: switch0 | Switch running: [32mTrue [0m
--------------------------------------------------------------------------------
Simulated Pipes
--------------------------------------------------------------------------------
--------------------------------------------------------------------------------
Simulated Nodes/Jobs
--------------------------------------------------------------------------------
Hostname/IP: 192.168.1.127 | Job: rerocc-lc-linux-coupleddma-bertmini-pipeline-runtime-batch8-fileonly-sync-pairdummy-gdbserver0 | Sim running: [33mTrue [0m
--------------------------------------------------------------------------------
Summary
--------------------------------------------------------------------------------
1/1 instances are still running.
1/1 simulations are still running.
--------------------------------------------------------------------------------
[2J
FireSim Simulation Status @ 2026-05-09 10:13:26.862706
--------------------------------------------------------------------------------
This workload's output is located in:
/home/ubuntu/chipyard/sims/firesim/deploy/results-workload/2026-05-09--10-12-23-rerocc-lc-linux-coupleddma-bertmini-pipeline-runtime-batch8-fileonly-sync-pairdummy-gdbserver-f2-gemmini-rerocc-pairmanager-dummy8x8-4c12p12-sbus64-linux-bertmini-batch8-fileonly-sync-gdbserver-cfg32-nic-notrace/
This run's log is located in:
/home/ubuntu/chipyard/sims/firesim/deploy/logs/2026-05-09--10-12-23-runworkload-LRDEUTGUUBWIAXNI.log
This status will update every 10s.
--------------------------------------------------------------------------------
Instances
--------------------------------------------------------------------------------
Hostname/IP: 192.168.1.127 | Terminated: [33mFalse[0m
--------------------------------------------------------------------------------
Simulated Switches
--------------------------------------------------------------------------------
Hostname/IP: 192.168.1.127 | Switch name: switch0 | Switch running: [32mTrue [0m
--------------------------------------------------------------------------------
Simulated Pipes
--------------------------------------------------------------------------------
--------------------------------------------------------------------------------
Simulated Nodes/Jobs
--------------------------------------------------------------------------------
Hostname/IP: 192.168.1.127 | Job: rerocc-lc-linux-coupleddma-bertmini-pipeline-runtime-batch8-fileonly-sync-pairdummy-gdbserver0 | Sim running: [33mTrue [0m
--------------------------------------------------------------------------------
Summary
--------------------------------------------------------------------------------
1/1 instances are still running.
1/1 simulations are still running.
--------------------------------------------------------------------------------
[2J
FireSim Simulation Status @ 2026-05-09 10:13:37.412783
--------------------------------------------------------------------------------
This workload's output is located in:
/home/ubuntu/chipyard/sims/firesim/deploy/results-workload/2026-05-09--10-12-23-rerocc-lc-linux-coupleddma-bertmini-pipeline-runtime-batch8-fileonly-sync-pairdummy-gdbserver-f2-gemmini-rerocc-pairmanager-dummy8x8-4c12p12-sbus64-linux-bertmini-batch8-fileonly-sync-gdbserver-cfg32-nic-notrace/
This run's log is located in:
/home/ubuntu/chipyard/sims/firesim/deploy/logs/2026-05-09--10-12-23-runworkload-LRDEUTGUUBWIAXNI.log
This status will update every 10s.
--------------------------------------------------------------------------------
Instances
--------------------------------------------------------------------------------
Hostname/IP: 192.168.1.127 | Terminated: [33mFalse[0m
--------------------------------------------------------------------------------
Simulated Switches
--------------------------------------------------------------------------------
Hostname/IP: 192.168.1.127 | Switch name: switch0 | Switch running: [32mTrue [0m
--------------------------------------------------------------------------------
Simulated Pipes
--------------------------------------------------------------------------------
--------------------------------------------------------------------------------
Simulated Nodes/Jobs
--------------------------------------------------------------------------------
Hostname/IP: 192.168.1.127 | Job: rerocc-lc-linux-coupleddma-bertmini-pipeline-runtime-batch8-fileonly-sync-pairdummy-gdbserver0 | Sim running: [33mTrue [0m
--------------------------------------------------------------------------------
Summary
--------------------------------------------------------------------------------
1/1 instances are still running.
1/1 simulations are still running.
--------------------------------------------------------------------------------
[2J
FireSim Simulation Status @ 2026-05-09 10:13:47.731193
--------------------------------------------------------------------------------
This workload's output is located in:
/home/ubuntu/chipyard/sims/firesim/deploy/results-workload/2026-05-09--10-12-23-rerocc-lc-linux-coupleddma-bertmini-pipeline-runtime-batch8-fileonly-sync-pairdummy-gdbserver-f2-gemmini-rerocc-pairmanager-dummy8x8-4c12p12-sbus64-linux-bertmini-batch8-fileonly-sync-gdbserver-cfg32-nic-notrace/
This run's log is located in:
/home/ubuntu/chipyard/sims/firesim/deploy/logs/2026-05-09--10-12-23-runworkload-LRDEUTGUUBWIAXNI.log
This status will update every 10s.
--------------------------------------------------------------------------------
Instances
--------------------------------------------------------------------------------
Hostname/IP: 192.168.1.127 | Terminated: [33mFalse[0m
--------------------------------------------------------------------------------
Simulated Switches
--------------------------------------------------------------------------------
Hostname/IP: 192.168.1.127 | Switch name: switch0 | Switch running: [32mTrue [0m
--------------------------------------------------------------------------------
Simulated Pipes
--------------------------------------------------------------------------------
--------------------------------------------------------------------------------
Simulated Nodes/Jobs
--------------------------------------------------------------------------------
Hostname/IP: 192.168.1.127 | Job: rerocc-lc-linux-coupleddma-bertmini-pipeline-runtime-batch8-fileonly-sync-pairdummy-gdbserver0 | Sim running: [33mTrue [0m
--------------------------------------------------------------------------------
Summary
--------------------------------------------------------------------------------
1/1 instances are still running.
1/1 simulations are still running.
--------------------------------------------------------------------------------
[2J
FireSim Simulation Status @ 2026-05-09 10:13:58.050520
--------------------------------------------------------------------------------
This workload's output is located in:
/home/ubuntu/chipyard/sims/firesim/deploy/results-workload/2026-05-09--10-12-23-rerocc-lc-linux-coupleddma-bertmini-pipeline-runtime-batch8-fileonly-sync-pairdummy-gdbserver-f2-gemmini-rerocc-pairmanager-dummy8x8-4c12p12-sbus64-linux-bertmini-batch8-fileonly-sync-gdbserver-cfg32-nic-notrace/
This run's log is located in:
/home/ubuntu/chipyard/sims/firesim/deploy/logs/2026-05-09--10-12-23-runworkload-LRDEUTGUUBWIAXNI.log
This status will update every 10s.
--------------------------------------------------------------------------------
Instances
--------------------------------------------------------------------------------
Hostname/IP: 192.168.1.127 | Terminated: [33mFalse[0m
--------------------------------------------------------------------------------
Simulated Switches
--------------------------------------------------------------------------------
Hostname/IP: 192.168.1.127 | Switch name: switch0 | Switch running: [32mTrue [0m
--------------------------------------------------------------------------------
Simulated Pipes
--------------------------------------------------------------------------------
--------------------------------------------------------------------------------
Simulated Nodes/Jobs
--------------------------------------------------------------------------------
Hostname/IP: 192.168.1.127 | Job: rerocc-lc-linux-coupleddma-bertmini-pipeline-runtime-batch8-fileonly-sync-pairdummy-gdbserver0 | Sim running: [33mTrue [0m
--------------------------------------------------------------------------------
Summary
--------------------------------------------------------------------------------
1/1 instances are still running.
1/1 simulations are still running.
--------------------------------------------------------------------------------
[2J
FireSim Simulation Status @ 2026-05-09 10:14:08.368867
--------------------------------------------------------------------------------
This workload's output is located in:
/home/ubuntu/chipyard/sims/firesim/deploy/results-workload/2026-05-09--10-12-23-rerocc-lc-linux-coupleddma-bertmini-pipeline-runtime-batch8-fileonly-sync-pairdummy-gdbserver-f2-gemmini-rerocc-pairmanager-dummy8x8-4c12p12-sbus64-linux-bertmini-batch8-fileonly-sync-gdbserver-cfg32-nic-notrace/
This run's log is located in:
/home/ubuntu/chipyard/sims/firesim/deploy/logs/2026-05-09--10-12-23-runworkload-LRDEUTGUUBWIAXNI.log
This status will update every 10s.
--------------------------------------------------------------------------------
Instances
--------------------------------------------------------------------------------
Hostname/IP: 192.168.1.127 | Terminated: [33mFalse[0m
--------------------------------------------------------------------------------
Simulated Switches
--------------------------------------------------------------------------------
Hostname/IP: 192.168.1.127 | Switch name: switch0 | Switch running: [32mTrue [0m
--------------------------------------------------------------------------------
Simulated Pipes
--------------------------------------------------------------------------------
--------------------------------------------------------------------------------
Simulated Nodes/Jobs
--------------------------------------------------------------------------------
Hostname/IP: 192.168.1.127 | Job: rerocc-lc-linux-coupleddma-bertmini-pipeline-runtime-batch8-fileonly-sync-pairdummy-gdbserver0 | Sim running: [33mTrue [0m
--------------------------------------------------------------------------------
Summary
--------------------------------------------------------------------------------
1/1 instances are still running.
1/1 simulations are still running.
--------------------------------------------------------------------------------
[2J
FireSim Simulation Status @ 2026-05-09 10:14:18.677294
--------------------------------------------------------------------------------
This workload's output is located in:
/home/ubuntu/chipyard/sims/firesim/deploy/results-workload/2026-05-09--10-12-23-rerocc-lc-linux-coupleddma-bertmini-pipeline-runtime-batch8-fileonly-sync-pairdummy-gdbserver-f2-gemmini-rerocc-pairmanager-dummy8x8-4c12p12-sbus64-linux-bertmini-batch8-fileonly-sync-gdbserver-cfg32-nic-notrace/
This run's log is located in:
/home/ubuntu/chipyard/sims/firesim/deploy/logs/2026-05-09--10-12-23-runworkload-LRDEUTGUUBWIAXNI.log
This status will update every 10s.
--------------------------------------------------------------------------------
Instances
--------------------------------------------------------------------------------
Hostname/IP: 192.168.1.127 | Terminated: [33mFalse[0m
--------------------------------------------------------------------------------
Simulated Switches
--------------------------------------------------------------------------------
Hostname/IP: 192.168.1.127 | Switch name: switch0 | Switch running: [32mTrue [0m
--------------------------------------------------------------------------------
Simulated Pipes
--------------------------------------------------------------------------------
--------------------------------------------------------------------------------
Simulated Nodes/Jobs
--------------------------------------------------------------------------------
Hostname/IP: 192.168.1.127 | Job: rerocc-lc-linux-coupleddma-bertmini-pipeline-runtime-batch8-fileonly-sync-pairdummy-gdbserver0 | Sim running: [33mTrue [0m
--------------------------------------------------------------------------------
Summary
--------------------------------------------------------------------------------
1/1 instances are still running.
1/1 simulations are still running.
--------------------------------------------------------------------------------
[2J
FireSim Simulation Status @ 2026-05-09 10:14:28.981673
--------------------------------------------------------------------------------
This workload's output is located in:
/home/ubuntu/chipyard/sims/firesim/deploy/results-workload/2026-05-09--10-12-23-rerocc-lc-linux-coupleddma-bertmini-pipeline-runtime-batch8-fileonly-sync-pairdummy-gdbserver-f2-gemmini-rerocc-pairmanager-dummy8x8-4c12p12-sbus64-linux-bertmini-batch8-fileonly-sync-gdbserver-cfg32-nic-notrace/
This run's log is located in:
/home/ubuntu/chipyard/sims/firesim/deploy/logs/2026-05-09--10-12-23-runworkload-LRDEUTGUUBWIAXNI.log
This status will update every 10s.
--------------------------------------------------------------------------------
Instances
--------------------------------------------------------------------------------
Hostname/IP: 192.168.1.127 | Terminated: [33mFalse[0m
--------------------------------------------------------------------------------
Simulated Switches
--------------------------------------------------------------------------------
Hostname/IP: 192.168.1.127 | Switch name: switch0 | Switch running: [32mTrue [0m
--------------------------------------------------------------------------------
Simulated Pipes
--------------------------------------------------------------------------------
--------------------------------------------------------------------------------
Simulated Nodes/Jobs
--------------------------------------------------------------------------------
Hostname/IP: 192.168.1.127 | Job: rerocc-lc-linux-coupleddma-bertmini-pipeline-runtime-batch8-fileonly-sync-pairdummy-gdbserver0 | Sim running: [33mTrue [0m
--------------------------------------------------------------------------------
Summary
--------------------------------------------------------------------------------
1/1 instances are still running.
1/1 simulations are still running.
--------------------------------------------------------------------------------
[2J
FireSim Simulation Status @ 2026-05-09 10:14:39.515537
--------------------------------------------------------------------------------
This workload's output is located in:
/home/ubuntu/chipyard/sims/firesim/deploy/results-workload/2026-05-09--10-12-23-rerocc-lc-linux-coupleddma-bertmini-pipeline-runtime-batch8-fileonly-sync-pairdummy-gdbserver-f2-gemmini-rerocc-pairmanager-dummy8x8-4c12p12-sbus64-linux-bertmini-batch8-fileonly-sync-gdbserver-cfg32-nic-notrace/
This run's log is located in:
/home/ubuntu/chipyard/sims/firesim/deploy/logs/2026-05-09--10-12-23-runworkload-LRDEUTGUUBWIAXNI.log
This status will update every 10s.
--------------------------------------------------------------------------------
Instances
--------------------------------------------------------------------------------
Hostname/IP: 192.168.1.127 | Terminated: [33mFalse[0m
--------------------------------------------------------------------------------
Simulated Switches
--------------------------------------------------------------------------------
Hostname/IP: 192.168.1.127 | Switch name: switch0 | Switch running: [32mTrue [0m
--------------------------------------------------------------------------------
Simulated Pipes
--------------------------------------------------------------------------------
--------------------------------------------------------------------------------
Simulated Nodes/Jobs
--------------------------------------------------------------------------------
Hostname/IP: 192.168.1.127 | Job: rerocc-lc-linux-coupleddma-bertmini-pipeline-runtime-batch8-fileonly-sync-pairdummy-gdbserver0 | Sim running: [33mTrue [0m
--------------------------------------------------------------------------------
Summary
--------------------------------------------------------------------------------
1/1 instances are still running.
1/1 simulations are still running.
--------------------------------------------------------------------------------
[2J
FireSim Simulation Status @ 2026-05-09 10:14:49.823679
--------------------------------------------------------------------------------
This workload's output is located in:
/home/ubuntu/chipyard/sims/firesim/deploy/results-workload/2026-05-09--10-12-23-rerocc-lc-linux-coupleddma-bertmini-pipeline-runtime-batch8-fileonly-sync-pairdummy-gdbserver-f2-gemmini-rerocc-pairmanager-dummy8x8-4c12p12-sbus64-linux-bertmini-batch8-fileonly-sync-gdbserver-cfg32-nic-notrace/
This run's log is located in:
/home/ubuntu/chipyard/sims/firesim/deploy/logs/2026-05-09--10-12-23-runworkload-LRDEUTGUUBWIAXNI.log
This status will update every 10s.
--------------------------------------------------------------------------------
Instances
--------------------------------------------------------------------------------
Hostname/IP: 192.168.1.127 | Terminated: [33mFalse[0m
--------------------------------------------------------------------------------
Simulated Switches
--------------------------------------------------------------------------------
Hostname/IP: 192.168.1.127 | Switch name: switch0 | Switch running: [32mTrue [0m
--------------------------------------------------------------------------------
Simulated Pipes
--------------------------------------------------------------------------------
--------------------------------------------------------------------------------
Simulated Nodes/Jobs
--------------------------------------------------------------------------------
Hostname/IP: 192.168.1.127 | Job: rerocc-lc-linux-coupleddma-bertmini-pipeline-runtime-batch8-fileonly-sync-pairdummy-gdbserver0 | Sim running: [33mTrue [0m
--------------------------------------------------------------------------------
Summary
--------------------------------------------------------------------------------
1/1 instances are still running.
1/1 simulations are still running.
--------------------------------------------------------------------------------
[2J
FireSim Simulation Status @ 2026-05-09 10:15:00.126032
--------------------------------------------------------------------------------
This workload's output is located in:
/home/ubuntu/chipyard/sims/firesim/deploy/results-workload/2026-05-09--10-12-23-rerocc-lc-linux-coupleddma-bertmini-pipeline-runtime-batch8-fileonly-sync-pairdummy-gdbserver-f2-gemmini-rerocc-pairmanager-dummy8x8-4c12p12-sbus64-linux-bertmini-batch8-fileonly-sync-gdbserver-cfg32-nic-notrace/
This run's log is located in:
/home/ubuntu/chipyard/sims/firesim/deploy/logs/2026-05-09--10-12-23-runworkload-LRDEUTGUUBWIAXNI.log
This status will update every 10s.
--------------------------------------------------------------------------------
Instances
--------------------------------------------------------------------------------
Hostname/IP: 192.168.1.127 | Terminated: [33mFalse[0m
--------------------------------------------------------------------------------
Simulated Switches
--------------------------------------------------------------------------------
Hostname/IP: 192.168.1.127 | Switch name: switch0 | Switch running: [32mTrue [0m
--------------------------------------------------------------------------------
Simulated Pipes
--------------------------------------------------------------------------------
--------------------------------------------------------------------------------
Simulated Nodes/Jobs
--------------------------------------------------------------------------------
Hostname/IP: 192.168.1.127 | Job: rerocc-lc-linux-coupleddma-bertmini-pipeline-runtime-batch8-fileonly-sync-pairdummy-gdbserver0 | Sim running: [33mTrue [0m
--------------------------------------------------------------------------------
Summary
--------------------------------------------------------------------------------
1/1 instances are still running.
1/1 simulations are still running.
--------------------------------------------------------------------------------
[2J
FireSim Simulation Status @ 2026-05-09 10:15:10.444339
--------------------------------------------------------------------------------
This workload's output is located in:
/home/ubuntu/chipyard/sims/firesim/deploy/results-workload/2026-05-09--10-12-23-rerocc-lc-linux-coupleddma-bertmini-pipeline-runtime-batch8-fileonly-sync-pairdummy-gdbserver-f2-gemmini-rerocc-pairmanager-dummy8x8-4c12p12-sbus64-linux-bertmini-batch8-fileonly-sync-gdbserver-cfg32-nic-notrace/
This run's log is located in:
/home/ubuntu/chipyard/sims/firesim/deploy/logs/2026-05-09--10-12-23-runworkload-LRDEUTGUUBWIAXNI.log
This status will update every 10s.
--------------------------------------------------------------------------------
Instances
--------------------------------------------------------------------------------
Hostname/IP: 192.168.1.127 | Terminated: [33mFalse[0m
--------------------------------------------------------------------------------
Simulated Switches
--------------------------------------------------------------------------------
Hostname/IP: 192.168.1.127 | Switch name: switch0 | Switch running: [32mTrue [0m
--------------------------------------------------------------------------------
Simulated Pipes
--------------------------------------------------------------------------------
--------------------------------------------------------------------------------
Simulated Nodes/Jobs
--------------------------------------------------------------------------------
Hostname/IP: 192.168.1.127 | Job: rerocc-lc-linux-coupleddma-bertmini-pipeline-runtime-batch8-fileonly-sync-pairdummy-gdbserver0 | Sim running: [33mTrue [0m
--------------------------------------------------------------------------------
Summary
--------------------------------------------------------------------------------
1/1 instances are still running.
1/1 simulations are still running.
--------------------------------------------------------------------------------
[2J
FireSim Simulation Status @ 2026-05-09 10:15:20.753227
--------------------------------------------------------------------------------
This workload's output is located in:
/home/ubuntu/chipyard/sims/firesim/deploy/results-workload/2026-05-09--10-12-23-rerocc-lc-linux-coupleddma-bertmini-pipeline-runtime-batch8-fileonly-sync-pairdummy-gdbserver-f2-gemmini-rerocc-pairmanager-dummy8x8-4c12p12-sbus64-linux-bertmini-batch8-fileonly-sync-gdbserver-cfg32-nic-notrace/
This run's log is located in:
/home/ubuntu/chipyard/sims/firesim/deploy/logs/2026-05-09--10-12-23-runworkload-LRDEUTGUUBWIAXNI.log
This status will update every 10s.
--------------------------------------------------------------------------------
Instances
--------------------------------------------------------------------------------
Hostname/IP: 192.168.1.127 | Terminated: [33mFalse[0m
--------------------------------------------------------------------------------
Simulated Switches
--------------------------------------------------------------------------------
Hostname/IP: 192.168.1.127 | Switch name: switch0 | Switch running: [32mTrue [0m
--------------------------------------------------------------------------------
Simulated Pipes
--------------------------------------------------------------------------------
--------------------------------------------------------------------------------
Simulated Nodes/Jobs
--------------------------------------------------------------------------------
Hostname/IP: 192.168.1.127 | Job: rerocc-lc-linux-coupleddma-bertmini-pipeline-runtime-batch8-fileonly-sync-pairdummy-gdbserver0 | Sim running: [33mTrue [0m
--------------------------------------------------------------------------------
Summary
--------------------------------------------------------------------------------
1/1 instances are still running.
1/1 simulations are still running.
--------------------------------------------------------------------------------
[2J
FireSim Simulation Status @ 2026-05-09 10:15:31.062142
--------------------------------------------------------------------------------
This workload's output is located in:
/home/ubuntu/chipyard/sims/firesim/deploy/results-workload/2026-05-09--10-12-23-rerocc-lc-linux-coupleddma-bertmini-pipeline-runtime-batch8-fileonly-sync-pairdummy-gdbserver-f2-gemmini-rerocc-pairmanager-dummy8x8-4c12p12-sbus64-linux-bertmini-batch8-fileonly-sync-gdbserver-cfg32-nic-notrace/
This run's log is located in:
/home/ubuntu/chipyard/sims/firesim/deploy/logs/2026-05-09--10-12-23-runworkload-LRDEUTGUUBWIAXNI.log
This status will update every 10s.
--------------------------------------------------------------------------------
Instances
--------------------------------------------------------------------------------
Hostname/IP: 192.168.1.127 | Terminated: [33mFalse[0m
--------------------------------------------------------------------------------
Simulated Switches
--------------------------------------------------------------------------------
Hostname/IP: 192.168.1.127 | Switch name: switch0 | Switch running: [32mTrue [0m
--------------------------------------------------------------------------------
Simulated Pipes
--------------------------------------------------------------------------------
--------------------------------------------------------------------------------
Simulated Nodes/Jobs
--------------------------------------------------------------------------------
Hostname/IP: 192.168.1.127 | Job: rerocc-lc-linux-coupleddma-bertmini-pipeline-runtime-batch8-fileonly-sync-pairdummy-gdbserver0 | Sim running: [33mTrue [0m
--------------------------------------------------------------------------------
Summary
--------------------------------------------------------------------------------
1/1 instances are still running.
1/1 simulations are still running.
--------------------------------------------------------------------------------
[2J
FireSim Simulation Status @ 2026-05-09 10:15:41.597873
--------------------------------------------------------------------------------
This workload's output is located in:
/home/ubuntu/chipyard/sims/firesim/deploy/results-workload/2026-05-09--10-12-23-rerocc-lc-linux-coupleddma-bertmini-pipeline-runtime-batch8-fileonly-sync-pairdummy-gdbserver-f2-gemmini-rerocc-pairmanager-dummy8x8-4c12p12-sbus64-linux-bertmini-batch8-fileonly-sync-gdbserver-cfg32-nic-notrace/
This run's log is located in:
/home/ubuntu/chipyard/sims/firesim/deploy/logs/2026-05-09--10-12-23-runworkload-LRDEUTGUUBWIAXNI.log
This status will update every 10s.
--------------------------------------------------------------------------------
Instances
--------------------------------------------------------------------------------
Hostname/IP: 192.168.1.127 | Terminated: [33mFalse[0m
--------------------------------------------------------------------------------
Simulated Switches
--------------------------------------------------------------------------------
Hostname/IP: 192.168.1.127 | Switch name: switch0 | Switch running: [32mTrue [0m
--------------------------------------------------------------------------------
Simulated Pipes
--------------------------------------------------------------------------------
--------------------------------------------------------------------------------
Simulated Nodes/Jobs
--------------------------------------------------------------------------------
Hostname/IP: 192.168.1.127 | Job: rerocc-lc-linux-coupleddma-bertmini-pipeline-runtime-batch8-fileonly-sync-pairdummy-gdbserver0 | Sim running: [33mTrue [0m
--------------------------------------------------------------------------------
Summary
--------------------------------------------------------------------------------
1/1 instances are still running.
1/1 simulations are still running.
--------------------------------------------------------------------------------
[2J
FireSim Simulation Status @ 2026-05-09 10:15:51.907925
--------------------------------------------------------------------------------
This workload's output is located in:
/home/ubuntu/chipyard/sims/firesim/deploy/results-workload/2026-05-09--10-12-23-rerocc-lc-linux-coupleddma-bertmini-pipeline-runtime-batch8-fileonly-sync-pairdummy-gdbserver-f2-gemmini-rerocc-pairmanager-dummy8x8-4c12p12-sbus64-linux-bertmini-batch8-fileonly-sync-gdbserver-cfg32-nic-notrace/
This run's log is located in:
/home/ubuntu/chipyard/sims/firesim/deploy/logs/2026-05-09--10-12-23-runworkload-LRDEUTGUUBWIAXNI.log
This status will update every 10s.
--------------------------------------------------------------------------------
Instances
--------------------------------------------------------------------------------
Hostname/IP: 192.168.1.127 | Terminated: [33mFalse[0m
--------------------------------------------------------------------------------
Simulated Switches
--------------------------------------------------------------------------------
Hostname/IP: 192.168.1.127 | Switch name: switch0 | Switch running: [32mTrue [0m
--------------------------------------------------------------------------------
Simulated Pipes
--------------------------------------------------------------------------------
--------------------------------------------------------------------------------
Simulated Nodes/Jobs
--------------------------------------------------------------------------------
Hostname/IP: 192.168.1.127 | Job: rerocc-lc-linux-coupleddma-bertmini-pipeline-runtime-batch8-fileonly-sync-pairdummy-gdbserver0 | Sim running: [33mTrue [0m
--------------------------------------------------------------------------------
Summary
--------------------------------------------------------------------------------
1/1 instances are still running.
1/1 simulations are still running.
--------------------------------------------------------------------------------
[2J
FireSim Simulation Status @ 2026-05-09 10:16:02.215382
--------------------------------------------------------------------------------
This workload's output is located in:
/home/ubuntu/chipyard/sims/firesim/deploy/results-workload/2026-05-09--10-12-23-rerocc-lc-linux-coupleddma-bertmini-pipeline-runtime-batch8-fileonly-sync-pairdummy-gdbserver-f2-gemmini-rerocc-pairmanager-dummy8x8-4c12p12-sbus64-linux-bertmini-batch8-fileonly-sync-gdbserver-cfg32-nic-notrace/
This run's log is located in:
/home/ubuntu/chipyard/sims/firesim/deploy/logs/2026-05-09--10-12-23-runworkload-LRDEUTGUUBWIAXNI.log
This status will update every 10s.
--------------------------------------------------------------------------------
Instances
--------------------------------------------------------------------------------
Hostname/IP: 192.168.1.127 | Terminated: [33mFalse[0m
--------------------------------------------------------------------------------
Simulated Switches
--------------------------------------------------------------------------------
Hostname/IP: 192.168.1.127 | Switch name: switch0 | Switch running: [32mTrue [0m
--------------------------------------------------------------------------------
Simulated Pipes
--------------------------------------------------------------------------------
--------------------------------------------------------------------------------
Simulated Nodes/Jobs
--------------------------------------------------------------------------------
Hostname/IP: 192.168.1.127 | Job: rerocc-lc-linux-coupleddma-bertmini-pipeline-runtime-batch8-fileonly-sync-pairdummy-gdbserver0 | Sim running: [33mTrue [0m
--------------------------------------------------------------------------------
Summary
--------------------------------------------------------------------------------
1/1 instances are still running.
1/1 simulations are still running.
--------------------------------------------------------------------------------
[2J
FireSim Simulation Status @ 2026-05-09 10:16:12.524251
--------------------------------------------------------------------------------
This workload's output is located in:
/home/ubuntu/chipyard/sims/firesim/deploy/results-workload/2026-05-09--10-12-23-rerocc-lc-linux-coupleddma-bertmini-pipeline-runtime-batch8-fileonly-sync-pairdummy-gdbserver-f2-gemmini-rerocc-pairmanager-dummy8x8-4c12p12-sbus64-linux-bertmini-batch8-fileonly-sync-gdbserver-cfg32-nic-notrace/
This run's log is located in:
/home/ubuntu/chipyard/sims/firesim/deploy/logs/2026-05-09--10-12-23-runworkload-LRDEUTGUUBWIAXNI.log
This status will update every 10s.
--------------------------------------------------------------------------------
Instances
--------------------------------------------------------------------------------
Hostname/IP: 192.168.1.127 | Terminated: [33mFalse[0m
--------------------------------------------------------------------------------
Simulated Switches
--------------------------------------------------------------------------------
Hostname/IP: 192.168.1.127 | Switch name: switch0 | Switch running: [32mTrue [0m
--------------------------------------------------------------------------------
Simulated Pipes
--------------------------------------------------------------------------------
--------------------------------------------------------------------------------
Simulated Nodes/Jobs
--------------------------------------------------------------------------------
Hostname/IP: 192.168.1.127 | Job: rerocc-lc-linux-coupleddma-bertmini-pipeline-runtime-batch8-fileonly-sync-pairdummy-gdbserver0 | Sim running: [33mTrue [0m
--------------------------------------------------------------------------------
Summary
--------------------------------------------------------------------------------
1/1 instances are still running.
1/1 simulations are still running.
--------------------------------------------------------------------------------
[2J
FireSim Simulation Status @ 2026-05-09 10:16:22.851621
--------------------------------------------------------------------------------
This workload's output is located in:
/home/ubuntu/chipyard/sims/firesim/deploy/results-workload/2026-05-09--10-12-23-rerocc-lc-linux-coupleddma-bertmini-pipeline-runtime-batch8-fileonly-sync-pairdummy-gdbserver-f2-gemmini-rerocc-pairmanager-dummy8x8-4c12p12-sbus64-linux-bertmini-batch8-fileonly-sync-gdbserver-cfg32-nic-notrace/
This run's log is located in:
/home/ubuntu/chipyard/sims/firesim/deploy/logs/2026-05-09--10-12-23-runworkload-LRDEUTGUUBWIAXNI.log
This status will update every 10s.
--------------------------------------------------------------------------------
Instances
--------------------------------------------------------------------------------
Hostname/IP: 192.168.1.127 | Terminated: [33mFalse[0m
--------------------------------------------------------------------------------
Simulated Switches
--------------------------------------------------------------------------------
Hostname/IP: 192.168.1.127 | Switch name: switch0 | Switch running: [32mTrue [0m
--------------------------------------------------------------------------------
Simulated Pipes
--------------------------------------------------------------------------------
--------------------------------------------------------------------------------
Simulated Nodes/Jobs
--------------------------------------------------------------------------------
Hostname/IP: 192.168.1.127 | Job: rerocc-lc-linux-coupleddma-bertmini-pipeline-runtime-batch8-fileonly-sync-pairdummy-gdbserver0 | Sim running: [33mTrue [0m
--------------------------------------------------------------------------------
Summary
--------------------------------------------------------------------------------
1/1 instances are still running.
1/1 simulations are still running.
--------------------------------------------------------------------------------
[2J
FireSim Simulation Status @ 2026-05-09 10:16:33.153333
--------------------------------------------------------------------------------
This workload's output is located in:
/home/ubuntu/chipyard/sims/firesim/deploy/results-workload/2026-05-09--10-12-23-rerocc-lc-linux-coupleddma-bertmini-pipeline-runtime-batch8-fileonly-sync-pairdummy-gdbserver-f2-gemmini-rerocc-pairmanager-dummy8x8-4c12p12-sbus64-linux-bertmini-batch8-fileonly-sync-gdbserver-cfg32-nic-notrace/
This run's log is located in:
/home/ubuntu/chipyard/sims/firesim/deploy/logs/2026-05-09--10-12-23-runworkload-LRDEUTGUUBWIAXNI.log
This status will update every 10s.
--------------------------------------------------------------------------------
Instances
--------------------------------------------------------------------------------
Hostname/IP: 192.168.1.127 | Terminated: [33mFalse[0m
--------------------------------------------------------------------------------
Simulated Switches
--------------------------------------------------------------------------------
Hostname/IP: 192.168.1.127 | Switch name: switch0 | Switch running: [32mTrue [0m
--------------------------------------------------------------------------------
Simulated Pipes
--------------------------------------------------------------------------------
--------------------------------------------------------------------------------
Simulated Nodes/Jobs
--------------------------------------------------------------------------------
Hostname/IP: 192.168.1.127 | Job: rerocc-lc-linux-coupleddma-bertmini-pipeline-runtime-batch8-fileonly-sync-pairdummy-gdbserver0 | Sim running: [33mTrue [0m
--------------------------------------------------------------------------------
Summary
--------------------------------------------------------------------------------
1/1 instances are still running.
1/1 simulations are still running.
--------------------------------------------------------------------------------
[2J
FireSim Simulation Status @ 2026-05-09 10:16:43.694144
--------------------------------------------------------------------------------
This workload's output is located in:
/home/ubuntu/chipyard/sims/firesim/deploy/results-workload/2026-05-09--10-12-23-rerocc-lc-linux-coupleddma-bertmini-pipeline-runtime-batch8-fileonly-sync-pairdummy-gdbserver-f2-gemmini-rerocc-pairmanager-dummy8x8-4c12p12-sbus64-linux-bertmini-batch8-fileonly-sync-gdbserver-cfg32-nic-notrace/
This run's log is located in:
/home/ubuntu/chipyard/sims/firesim/deploy/logs/2026-05-09--10-12-23-runworkload-LRDEUTGUUBWIAXNI.log
This status will update every 10s.
--------------------------------------------------------------------------------
Instances
--------------------------------------------------------------------------------
Hostname/IP: 192.168.1.127 | Terminated: [33mFalse[0m
--------------------------------------------------------------------------------
Simulated Switches
--------------------------------------------------------------------------------
Hostname/IP: 192.168.1.127 | Switch name: switch0 | Switch running: [32mTrue [0m
--------------------------------------------------------------------------------
Simulated Pipes
--------------------------------------------------------------------------------
--------------------------------------------------------------------------------
Simulated Nodes/Jobs
--------------------------------------------------------------------------------
Hostname/IP: 192.168.1.127 | Job: rerocc-lc-linux-coupleddma-bertmini-pipeline-runtime-batch8-fileonly-sync-pairdummy-gdbserver0 | Sim running: [33mTrue [0m
--------------------------------------------------------------------------------
Summary
--------------------------------------------------------------------------------
1/1 instances are still running.
1/1 simulations are still running.
--------------------------------------------------------------------------------
[2J
FireSim Simulation Status @ 2026-05-09 10:16:53.998346
--------------------------------------------------------------------------------
This workload's output is located in:
/home/ubuntu/chipyard/sims/firesim/deploy/results-workload/2026-05-09--10-12-23-rerocc-lc-linux-coupleddma-bertmini-pipeline-runtime-batch8-fileonly-sync-pairdummy-gdbserver-f2-gemmini-rerocc-pairmanager-dummy8x8-4c12p12-sbus64-linux-bertmini-batch8-fileonly-sync-gdbserver-cfg32-nic-notrace/
This run's log is located in:
/home/ubuntu/chipyard/sims/firesim/deploy/logs/2026-05-09--10-12-23-runworkload-LRDEUTGUUBWIAXNI.log
This status will update every 10s.
--------------------------------------------------------------------------------
Instances
--------------------------------------------------------------------------------
Hostname/IP: 192.168.1.127 | Terminated: [33mFalse[0m
--------------------------------------------------------------------------------
Simulated Switches
--------------------------------------------------------------------------------
Hostname/IP: 192.168.1.127 | Switch name: switch0 | Switch running: [32mTrue [0m
--------------------------------------------------------------------------------
Simulated Pipes
--------------------------------------------------------------------------------
--------------------------------------------------------------------------------
Simulated Nodes/Jobs
--------------------------------------------------------------------------------
Hostname/IP: 192.168.1.127 | Job: rerocc-lc-linux-coupleddma-bertmini-pipeline-runtime-batch8-fileonly-sync-pairdummy-gdbserver0 | Sim running: [33mTrue [0m
--------------------------------------------------------------------------------
Summary
--------------------------------------------------------------------------------
1/1 instances are still running.
1/1 simulations are still running.
--------------------------------------------------------------------------------
[2J
FireSim Simulation Status @ 2026-05-09 10:17:04.317196
--------------------------------------------------------------------------------
This workload's output is located in:
/home/ubuntu/chipyard/sims/firesim/deploy/results-workload/2026-05-09--10-12-23-rerocc-lc-linux-coupleddma-bertmini-pipeline-runtime-batch8-fileonly-sync-pairdummy-gdbserver-f2-gemmini-rerocc-pairmanager-dummy8x8-4c12p12-sbus64-linux-bertmini-batch8-fileonly-sync-gdbserver-cfg32-nic-notrace/
This run's log is located in:
/home/ubuntu/chipyard/sims/firesim/deploy/logs/2026-05-09--10-12-23-runworkload-LRDEUTGUUBWIAXNI.log
This status will update every 10s.
--------------------------------------------------------------------------------
Instances
--------------------------------------------------------------------------------
Hostname/IP: 192.168.1.127 | Terminated: [33mFalse[0m
--------------------------------------------------------------------------------
Simulated Switches
--------------------------------------------------------------------------------
Hostname/IP: 192.168.1.127 | Switch name: switch0 | Switch running: [32mTrue [0m
--------------------------------------------------------------------------------
Simulated Pipes
--------------------------------------------------------------------------------
--------------------------------------------------------------------------------
Simulated Nodes/Jobs
--------------------------------------------------------------------------------
Hostname/IP: 192.168.1.127 | Job: rerocc-lc-linux-coupleddma-bertmini-pipeline-runtime-batch8-fileonly-sync-pairdummy-gdbserver0 | Sim running: [33mTrue [0m
--------------------------------------------------------------------------------
Summary
--------------------------------------------------------------------------------
1/1 instances are still running.
1/1 simulations are still running.
--------------------------------------------------------------------------------
[2J
FireSim Simulation Status @ 2026-05-09 10:17:14.615778
--------------------------------------------------------------------------------
This workload's output is located in:
/home/ubuntu/chipyard/sims/firesim/deploy/results-workload/2026-05-09--10-12-23-rerocc-lc-linux-coupleddma-bertmini-pipeline-runtime-batch8-fileonly-sync-pairdummy-gdbserver-f2-gemmini-rerocc-pairmanager-dummy8x8-4c12p12-sbus64-linux-bertmini-batch8-fileonly-sync-gdbserver-cfg32-nic-notrace/
This run's log is located in:
/home/ubuntu/chipyard/sims/firesim/deploy/logs/2026-05-09--10-12-23-runworkload-LRDEUTGUUBWIAXNI.log
This status will update every 10s.
--------------------------------------------------------------------------------
Instances
--------------------------------------------------------------------------------
Hostname/IP: 192.168.1.127 | Terminated: [33mFalse[0m
--------------------------------------------------------------------------------
Simulated Switches
--------------------------------------------------------------------------------
Hostname/IP: 192.168.1.127 | Switch name: switch0 | Switch running: [32mTrue [0m
--------------------------------------------------------------------------------
Simulated Pipes
--------------------------------------------------------------------------------
--------------------------------------------------------------------------------
Simulated Nodes/Jobs
--------------------------------------------------------------------------------
Hostname/IP: 192.168.1.127 | Job: rerocc-lc-linux-coupleddma-bertmini-pipeline-runtime-batch8-fileonly-sync-pairdummy-gdbserver0 | Sim running: [33mTrue [0m
--------------------------------------------------------------------------------
Summary
--------------------------------------------------------------------------------
1/1 instances are still running.
1/1 simulations are still running.
--------------------------------------------------------------------------------
[2J
FireSim Simulation Status @ 2026-05-09 10:17:24.924463
--------------------------------------------------------------------------------
This workload's output is located in:
/home/ubuntu/chipyard/sims/firesim/deploy/results-workload/2026-05-09--10-12-23-rerocc-lc-linux-coupleddma-bertmini-pipeline-runtime-batch8-fileonly-sync-pairdummy-gdbserver-f2-gemmini-rerocc-pairmanager-dummy8x8-4c12p12-sbus64-linux-bertmini-batch8-fileonly-sync-gdbserver-cfg32-nic-notrace/
This run's log is located in:
/home/ubuntu/chipyard/sims/firesim/deploy/logs/2026-05-09--10-12-23-runworkload-LRDEUTGUUBWIAXNI.log
This status will update every 10s.
--------------------------------------------------------------------------------
Instances
--------------------------------------------------------------------------------
Hostname/IP: 192.168.1.127 | Terminated: [33mFalse[0m
--------------------------------------------------------------------------------
Simulated Switches
--------------------------------------------------------------------------------
Hostname/IP: 192.168.1.127 | Switch name: switch0 | Switch running: [32mTrue [0m
--------------------------------------------------------------------------------
Simulated Pipes
--------------------------------------------------------------------------------
--------------------------------------------------------------------------------
Simulated Nodes/Jobs
--------------------------------------------------------------------------------
Hostname/IP: 192.168.1.127 | Job: rerocc-lc-linux-coupleddma-bertmini-pipeline-runtime-batch8-fileonly-sync-pairdummy-gdbserver0 | Sim running: [33mTrue [0m
--------------------------------------------------------------------------------
Summary
--------------------------------------------------------------------------------
1/1 instances are still running.
1/1 simulations are still running.
--------------------------------------------------------------------------------
[2J
FireSim Simulation Status @ 2026-05-09 10:17:35.233548
--------------------------------------------------------------------------------
This workload's output is located in:
/home/ubuntu/chipyard/sims/firesim/deploy/results-workload/2026-05-09--10-12-23-rerocc-lc-linux-coupleddma-bertmini-pipeline-runtime-batch8-fileonly-sync-pairdummy-gdbserver-f2-gemmini-rerocc-pairmanager-dummy8x8-4c12p12-sbus64-linux-bertmini-batch8-fileonly-sync-gdbserver-cfg32-nic-notrace/
This run's log is located in:
/home/ubuntu/chipyard/sims/firesim/deploy/logs/2026-05-09--10-12-23-runworkload-LRDEUTGUUBWIAXNI.log
This status will update every 10s.
--------------------------------------------------------------------------------
Instances
--------------------------------------------------------------------------------
Hostname/IP: 192.168.1.127 | Terminated: [33mFalse[0m
--------------------------------------------------------------------------------
Simulated Switches
--------------------------------------------------------------------------------
Hostname/IP: 192.168.1.127 | Switch name: switch0 | Switch running: [32mTrue [0m
--------------------------------------------------------------------------------
Simulated Pipes
--------------------------------------------------------------------------------
--------------------------------------------------------------------------------
Simulated Nodes/Jobs
--------------------------------------------------------------------------------
Hostname/IP: 192.168.1.127 | Job: rerocc-lc-linux-coupleddma-bertmini-pipeline-runtime-batch8-fileonly-sync-pairdummy-gdbserver0 | Sim running: [33mTrue [0m
--------------------------------------------------------------------------------
Summary
--------------------------------------------------------------------------------
1/1 instances are still running.
1/1 simulations are still running.
--------------------------------------------------------------------------------
[2J
FireSim Simulation Status @ 2026-05-09 10:17:45.767247
--------------------------------------------------------------------------------
This workload's output is located in:
/home/ubuntu/chipyard/sims/firesim/deploy/results-workload/2026-05-09--10-12-23-rerocc-lc-linux-coupleddma-bertmini-pipeline-runtime-batch8-fileonly-sync-pairdummy-gdbserver-f2-gemmini-rerocc-pairmanager-dummy8x8-4c12p12-sbus64-linux-bertmini-batch8-fileonly-sync-gdbserver-cfg32-nic-notrace/
This run's log is located in:
/home/ubuntu/chipyard/sims/firesim/deploy/logs/2026-05-09--10-12-23-runworkload-LRDEUTGUUBWIAXNI.log
This status will update every 10s.
--------------------------------------------------------------------------------
Instances
--------------------------------------------------------------------------------
Hostname/IP: 192.168.1.127 | Terminated: [33mFalse[0m
--------------------------------------------------------------------------------
Simulated Switches
--------------------------------------------------------------------------------
Hostname/IP: 192.168.1.127 | Switch name: switch0 | Switch running: [32mTrue [0m
--------------------------------------------------------------------------------
Simulated Pipes
--------------------------------------------------------------------------------
--------------------------------------------------------------------------------
Simulated Nodes/Jobs
--------------------------------------------------------------------------------
Hostname/IP: 192.168.1.127 | Job: rerocc-lc-linux-coupleddma-bertmini-pipeline-runtime-batch8-fileonly-sync-pairdummy-gdbserver0 | Sim running: [33mTrue [0m
--------------------------------------------------------------------------------
Summary
--------------------------------------------------------------------------------
1/1 instances are still running.
1/1 simulations are still running.
--------------------------------------------------------------------------------
[2J
FireSim Simulation Status @ 2026-05-09 10:17:56.075983
--------------------------------------------------------------------------------
This workload's output is located in:
/home/ubuntu/chipyard/sims/firesim/deploy/results-workload/2026-05-09--10-12-23-rerocc-lc-linux-coupleddma-bertmini-pipeline-runtime-batch8-fileonly-sync-pairdummy-gdbserver-f2-gemmini-rerocc-pairmanager-dummy8x8-4c12p12-sbus64-linux-bertmini-batch8-fileonly-sync-gdbserver-cfg32-nic-notrace/
This run's log is located in:
/home/ubuntu/chipyard/sims/firesim/deploy/logs/2026-05-09--10-12-23-runworkload-LRDEUTGUUBWIAXNI.log
This status will update every 10s.
--------------------------------------------------------------------------------
Instances
--------------------------------------------------------------------------------
Hostname/IP: 192.168.1.127 | Terminated: [33mFalse[0m
--------------------------------------------------------------------------------
Simulated Switches
--------------------------------------------------------------------------------
Hostname/IP: 192.168.1.127 | Switch name: switch0 | Switch running: [32mTrue [0m
--------------------------------------------------------------------------------
Simulated Pipes
--------------------------------------------------------------------------------
--------------------------------------------------------------------------------
Simulated Nodes/Jobs
--------------------------------------------------------------------------------
Hostname/IP: 192.168.1.127 | Job: rerocc-lc-linux-coupleddma-bertmini-pipeline-runtime-batch8-fileonly-sync-pairdummy-gdbserver0 | Sim running: [33mTrue [0m
--------------------------------------------------------------------------------
Summary
--------------------------------------------------------------------------------
1/1 instances are still running.
1/1 simulations are still running.
--------------------------------------------------------------------------------
[2J
FireSim Simulation Status @ 2026-05-09 10:18:06.384219
--------------------------------------------------------------------------------
This workload's output is located in:
/home/ubuntu/chipyard/sims/firesim/deploy/results-workload/2026-05-09--10-12-23-rerocc-lc-linux-coupleddma-bertmini-pipeline-runtime-batch8-fileonly-sync-pairdummy-gdbserver-f2-gemmini-rerocc-pairmanager-dummy8x8-4c12p12-sbus64-linux-bertmini-batch8-fileonly-sync-gdbserver-cfg32-nic-notrace/
This run's log is located in:
/home/ubuntu/chipyard/sims/firesim/deploy/logs/2026-05-09--10-12-23-runworkload-LRDEUTGUUBWIAXNI.log
This status will update every 10s.
--------------------------------------------------------------------------------
Instances
--------------------------------------------------------------------------------
Hostname/IP: 192.168.1.127 | Terminated: [33mFalse[0m
--------------------------------------------------------------------------------
Simulated Switches
--------------------------------------------------------------------------------
Hostname/IP: 192.168.1.127 | Switch name: switch0 | Switch running: [32mTrue [0m
--------------------------------------------------------------------------------
Simulated Pipes
--------------------------------------------------------------------------------
--------------------------------------------------------------------------------
Simulated Nodes/Jobs
--------------------------------------------------------------------------------
Hostname/IP: 192.168.1.127 | Job: rerocc-lc-linux-coupleddma-bertmini-pipeline-runtime-batch8-fileonly-sync-pairdummy-gdbserver0 | Sim running: [33mTrue [0m
--------------------------------------------------------------------------------
Summary
--------------------------------------------------------------------------------
1/1 instances are still running.
1/1 simulations are still running.
--------------------------------------------------------------------------------
[2J
FireSim Simulation Status @ 2026-05-09 10:18:16.701770
--------------------------------------------------------------------------------
This workload's output is located in:
/home/ubuntu/chipyard/sims/firesim/deploy/results-workload/2026-05-09--10-12-23-rerocc-lc-linux-coupleddma-bertmini-pipeline-runtime-batch8-fileonly-sync-pairdummy-gdbserver-f2-gemmini-rerocc-pairmanager-dummy8x8-4c12p12-sbus64-linux-bertmini-batch8-fileonly-sync-gdbserver-cfg32-nic-notrace/
This run's log is located in:
/home/ubuntu/chipyard/sims/firesim/deploy/logs/2026-05-09--10-12-23-runworkload-LRDEUTGUUBWIAXNI.log
This status will update every 10s.
--------------------------------------------------------------------------------
Instances
--------------------------------------------------------------------------------
Hostname/IP: 192.168.1.127 | Terminated: [33mFalse[0m
--------------------------------------------------------------------------------
Simulated Switches
--------------------------------------------------------------------------------
Hostname/IP: 192.168.1.127 | Switch name: switch0 | Switch running: [32mTrue [0m
--------------------------------------------------------------------------------
Simulated Pipes
--------------------------------------------------------------------------------
--------------------------------------------------------------------------------
Simulated Nodes/Jobs
--------------------------------------------------------------------------------
Hostname/IP: 192.168.1.127 | Job: rerocc-lc-linux-coupleddma-bertmini-pipeline-runtime-batch8-fileonly-sync-pairdummy-gdbserver0 | Sim running: [33mTrue [0m
--------------------------------------------------------------------------------
Summary
--------------------------------------------------------------------------------
1/1 instances are still running.
1/1 simulations are still running.
--------------------------------------------------------------------------------
[2J
FireSim Simulation Status @ 2026-05-09 10:18:27.000641
--------------------------------------------------------------------------------
This workload's output is located in:
/home/ubuntu/chipyard/sims/firesim/deploy/results-workload/2026-05-09--10-12-23-rerocc-lc-linux-coupleddma-bertmini-pipeline-runtime-batch8-fileonly-sync-pairdummy-gdbserver-f2-gemmini-rerocc-pairmanager-dummy8x8-4c12p12-sbus64-linux-bertmini-batch8-fileonly-sync-gdbserver-cfg32-nic-notrace/
This run's log is located in:
/home/ubuntu/chipyard/sims/firesim/deploy/logs/2026-05-09--10-12-23-runworkload-LRDEUTGUUBWIAXNI.log
This status will update every 10s.
--------------------------------------------------------------------------------
Instances
--------------------------------------------------------------------------------
Hostname/IP: 192.168.1.127 | Terminated: [33mFalse[0m
--------------------------------------------------------------------------------
Simulated Switches
--------------------------------------------------------------------------------
Hostname/IP: 192.168.1.127 | Switch name: switch0 | Switch running: [32mTrue [0m
--------------------------------------------------------------------------------
Simulated Pipes
--------------------------------------------------------------------------------
--------------------------------------------------------------------------------
Simulated Nodes/Jobs
--------------------------------------------------------------------------------
Hostname/IP: 192.168.1.127 | Job: rerocc-lc-linux-coupleddma-bertmini-pipeline-runtime-batch8-fileonly-sync-pairdummy-gdbserver0 | Sim running: [33mTrue [0m
--------------------------------------------------------------------------------
Summary
--------------------------------------------------------------------------------
1/1 instances are still running.
1/1 simulations are still running.
--------------------------------------------------------------------------------
[2J
FireSim Simulation Status @ 2026-05-09 10:18:37.310011
--------------------------------------------------------------------------------
This workload's output is located in:
/home/ubuntu/chipyard/sims/firesim/deploy/results-workload/2026-05-09--10-12-23-rerocc-lc-linux-coupleddma-bertmini-pipeline-runtime-batch8-fileonly-sync-pairdummy-gdbserver-f2-gemmini-rerocc-pairmanager-dummy8x8-4c12p12-sbus64-linux-bertmini-batch8-fileonly-sync-gdbserver-cfg32-nic-notrace/
This run's log is located in:
/home/ubuntu/chipyard/sims/firesim/deploy/logs/2026-05-09--10-12-23-runworkload-LRDEUTGUUBWIAXNI.log
This status will update every 10s.
--------------------------------------------------------------------------------
Instances
--------------------------------------------------------------------------------
Hostname/IP: 192.168.1.127 | Terminated: [33mFalse[0m
--------------------------------------------------------------------------------
Simulated Switches
--------------------------------------------------------------------------------
Hostname/IP: 192.168.1.127 | Switch name: switch0 | Switch running: [32mTrue [0m
--------------------------------------------------------------------------------
Simulated Pipes
--------------------------------------------------------------------------------
--------------------------------------------------------------------------------
Simulated Nodes/Jobs
--------------------------------------------------------------------------------
Hostname/IP: 192.168.1.127 | Job: rerocc-lc-linux-coupleddma-bertmini-pipeline-runtime-batch8-fileonly-sync-pairdummy-gdbserver0 | Sim running: [33mTrue [0m
--------------------------------------------------------------------------------
Summary
--------------------------------------------------------------------------------
1/1 instances are still running.
1/1 simulations are still running.
--------------------------------------------------------------------------------
[2J
FireSim Simulation Status @ 2026-05-09 10:18:47.870215
--------------------------------------------------------------------------------
This workload's output is located in:
/home/ubuntu/chipyard/sims/firesim/deploy/results-workload/2026-05-09--10-12-23-rerocc-lc-linux-coupleddma-bertmini-pipeline-runtime-batch8-fileonly-sync-pairdummy-gdbserver-f2-gemmini-rerocc-pairmanager-dummy8x8-4c12p12-sbus64-linux-bertmini-batch8-fileonly-sync-gdbserver-cfg32-nic-notrace/
This run's log is located in:
/home/ubuntu/chipyard/sims/firesim/deploy/logs/2026-05-09--10-12-23-runworkload-LRDEUTGUUBWIAXNI.log
This status will update every 10s.
--------------------------------------------------------------------------------
Instances
--------------------------------------------------------------------------------
Hostname/IP: 192.168.1.127 | Terminated: [33mFalse[0m
--------------------------------------------------------------------------------
Simulated Switches
--------------------------------------------------------------------------------
Hostname/IP: 192.168.1.127 | Switch name: switch0 | Switch running: [32mTrue [0m
--------------------------------------------------------------------------------
Simulated Pipes
--------------------------------------------------------------------------------
--------------------------------------------------------------------------------
Simulated Nodes/Jobs
--------------------------------------------------------------------------------
Hostname/IP: 192.168.1.127 | Job: rerocc-lc-linux-coupleddma-bertmini-pipeline-runtime-batch8-fileonly-sync-pairdummy-gdbserver0 | Sim running: [33mTrue [0m
--------------------------------------------------------------------------------
Summary
--------------------------------------------------------------------------------
1/1 instances are still running.
1/1 simulations are still running.
--------------------------------------------------------------------------------
[2J
FireSim Simulation Status @ 2026-05-09 10:18:58.171581
--------------------------------------------------------------------------------
This workload's output is located in:
/home/ubuntu/chipyard/sims/firesim/deploy/results-workload/2026-05-09--10-12-23-rerocc-lc-linux-coupleddma-bertmini-pipeline-runtime-batch8-fileonly-sync-pairdummy-gdbserver-f2-gemmini-rerocc-pairmanager-dummy8x8-4c12p12-sbus64-linux-bertmini-batch8-fileonly-sync-gdbserver-cfg32-nic-notrace/
This run's log is located in:
/home/ubuntu/chipyard/sims/firesim/deploy/logs/2026-05-09--10-12-23-runworkload-LRDEUTGUUBWIAXNI.log
This status will update every 10s.
--------------------------------------------------------------------------------
Instances
--------------------------------------------------------------------------------
Hostname/IP: 192.168.1.127 | Terminated: [33mFalse[0m
--------------------------------------------------------------------------------
Simulated Switches
--------------------------------------------------------------------------------
Hostname/IP: 192.168.1.127 | Switch name: switch0 | Switch running: [32mTrue [0m
--------------------------------------------------------------------------------
Simulated Pipes
--------------------------------------------------------------------------------
--------------------------------------------------------------------------------
Simulated Nodes/Jobs
--------------------------------------------------------------------------------
Hostname/IP: 192.168.1.127 | Job: rerocc-lc-linux-coupleddma-bertmini-pipeline-runtime-batch8-fileonly-sync-pairdummy-gdbserver0 | Sim running: [33mTrue [0m
--------------------------------------------------------------------------------
Summary
--------------------------------------------------------------------------------
1/1 instances are still running.
1/1 simulations are still running.
--------------------------------------------------------------------------------
[2J
FireSim Simulation Status @ 2026-05-09 10:19:08.489931
--------------------------------------------------------------------------------
This workload's output is located in:
/home/ubuntu/chipyard/sims/firesim/deploy/results-workload/2026-05-09--10-12-23-rerocc-lc-linux-coupleddma-bertmini-pipeline-runtime-batch8-fileonly-sync-pairdummy-gdbserver-f2-gemmini-rerocc-pairmanager-dummy8x8-4c12p12-sbus64-linux-bertmini-batch8-fileonly-sync-gdbserver-cfg32-nic-notrace/
This run's log is located in:
/home/ubuntu/chipyard/sims/firesim/deploy/logs/2026-05-09--10-12-23-runworkload-LRDEUTGUUBWIAXNI.log
This status will update every 10s.
--------------------------------------------------------------------------------
Instances
--------------------------------------------------------------------------------
Hostname/IP: 192.168.1.127 | Terminated: [33mFalse[0m
--------------------------------------------------------------------------------
Simulated Switches
--------------------------------------------------------------------------------
Hostname/IP: 192.168.1.127 | Switch name: switch0 | Switch running: [32mTrue [0m
--------------------------------------------------------------------------------
Simulated Pipes
--------------------------------------------------------------------------------
--------------------------------------------------------------------------------
Simulated Nodes/Jobs
--------------------------------------------------------------------------------
Hostname/IP: 192.168.1.127 | Job: rerocc-lc-linux-coupleddma-bertmini-pipeline-runtime-batch8-fileonly-sync-pairdummy-gdbserver0 | Sim running: [33mTrue [0m
--------------------------------------------------------------------------------
Summary
--------------------------------------------------------------------------------
1/1 instances are still running.
1/1 simulations are still running.
--------------------------------------------------------------------------------
[2J
FireSim Simulation Status @ 2026-05-09 10:19:18.798121
--------------------------------------------------------------------------------
This workload's output is located in:
/home/ubuntu/chipyard/sims/firesim/deploy/results-workload/2026-05-09--10-12-23-rerocc-lc-linux-coupleddma-bertmini-pipeline-runtime-batch8-fileonly-sync-pairdummy-gdbserver-f2-gemmini-rerocc-pairmanager-dummy8x8-4c12p12-sbus64-linux-bertmini-batch8-fileonly-sync-gdbserver-cfg32-nic-notrace/
This run's log is located in:
/home/ubuntu/chipyard/sims/firesim/deploy/logs/2026-05-09--10-12-23-runworkload-LRDEUTGUUBWIAXNI.log
This status will update every 10s.
--------------------------------------------------------------------------------
Instances
--------------------------------------------------------------------------------
Hostname/IP: 192.168.1.127 | Terminated: [33mFalse[0m
--------------------------------------------------------------------------------
Simulated Switches
--------------------------------------------------------------------------------
Hostname/IP: 192.168.1.127 | Switch name: switch0 | Switch running: [32mTrue [0m
--------------------------------------------------------------------------------
Simulated Pipes
--------------------------------------------------------------------------------
--------------------------------------------------------------------------------
Simulated Nodes/Jobs
--------------------------------------------------------------------------------
Hostname/IP: 192.168.1.127 | Job: rerocc-lc-linux-coupleddma-bertmini-pipeline-runtime-batch8-fileonly-sync-pairdummy-gdbserver0 | Sim running: [33mTrue [0m
--------------------------------------------------------------------------------
Summary
--------------------------------------------------------------------------------
1/1 instances are still running.
1/1 simulations are still running.
--------------------------------------------------------------------------------
[2J
FireSim Simulation Status @ 2026-05-09 10:19:29.114573
--------------------------------------------------------------------------------
This workload's output is located in:
/home/ubuntu/chipyard/sims/firesim/deploy/results-workload/2026-05-09--10-12-23-rerocc-lc-linux-coupleddma-bertmini-pipeline-runtime-batch8-fileonly-sync-pairdummy-gdbserver-f2-gemmini-rerocc-pairmanager-dummy8x8-4c12p12-sbus64-linux-bertmini-batch8-fileonly-sync-gdbserver-cfg32-nic-notrace/
This run's log is located in:
/home/ubuntu/chipyard/sims/firesim/deploy/logs/2026-05-09--10-12-23-runworkload-LRDEUTGUUBWIAXNI.log
This status will update every 10s.
--------------------------------------------------------------------------------
Instances
--------------------------------------------------------------------------------
Hostname/IP: 192.168.1.127 | Terminated: [33mFalse[0m
--------------------------------------------------------------------------------
Simulated Switches
--------------------------------------------------------------------------------
Hostname/IP: 192.168.1.127 | Switch name: switch0 | Switch running: [32mTrue [0m
--------------------------------------------------------------------------------
Simulated Pipes
--------------------------------------------------------------------------------
--------------------------------------------------------------------------------
Simulated Nodes/Jobs
--------------------------------------------------------------------------------
Hostname/IP: 192.168.1.127 | Job: rerocc-lc-linux-coupleddma-bertmini-pipeline-runtime-batch8-fileonly-sync-pairdummy-gdbserver0 | Sim running: [33mTrue [0m
--------------------------------------------------------------------------------
Summary
--------------------------------------------------------------------------------
1/1 instances are still running.
1/1 simulations are still running.
--------------------------------------------------------------------------------
[2J
FireSim Simulation Status @ 2026-05-09 10:19:39.422763
--------------------------------------------------------------------------------
This workload's output is located in:
/home/ubuntu/chipyard/sims/firesim/deploy/results-workload/2026-05-09--10-12-23-rerocc-lc-linux-coupleddma-bertmini-pipeline-runtime-batch8-fileonly-sync-pairdummy-gdbserver-f2-gemmini-rerocc-pairmanager-dummy8x8-4c12p12-sbus64-linux-bertmini-batch8-fileonly-sync-gdbserver-cfg32-nic-notrace/
This run's log is located in:
/home/ubuntu/chipyard/sims/firesim/deploy/logs/2026-05-09--10-12-23-runworkload-LRDEUTGUUBWIAXNI.log
This status will update every 10s.
--------------------------------------------------------------------------------
Instances
--------------------------------------------------------------------------------
Hostname/IP: 192.168.1.127 | Terminated: [33mFalse[0m
--------------------------------------------------------------------------------
Simulated Switches
--------------------------------------------------------------------------------
Hostname/IP: 192.168.1.127 | Switch name: switch0 | Switch running: [32mTrue [0m
--------------------------------------------------------------------------------
Simulated Pipes
--------------------------------------------------------------------------------
--------------------------------------------------------------------------------
Simulated Nodes/Jobs
--------------------------------------------------------------------------------
Hostname/IP: 192.168.1.127 | Job: rerocc-lc-linux-coupleddma-bertmini-pipeline-runtime-batch8-fileonly-sync-pairdummy-gdbserver0 | Sim running: [33mTrue [0m
--------------------------------------------------------------------------------
Summary
--------------------------------------------------------------------------------
1/1 instances are still running.
1/1 simulations are still running.
--------------------------------------------------------------------------------
[prt-host-watchdog] guest-status arm observed at 2026-05-09T10:19:42Z hb='Target Cycle (fastest), Seconds Since Start' guest_status=1725
[2J
FireSim Simulation Status @ 2026-05-09 10:19:49.962548
--------------------------------------------------------------------------------
This workload's output is located in:
/home/ubuntu/chipyard/sims/firesim/deploy/results-workload/2026-05-09--10-12-23-rerocc-lc-linux-coupleddma-bertmini-pipeline-runtime-batch8-fileonly-sync-pairdummy-gdbserver-f2-gemmini-rerocc-pairmanager-dummy8x8-4c12p12-sbus64-linux-bertmini-batch8-fileonly-sync-gdbserver-cfg32-nic-notrace/
This run's log is located in:
/home/ubuntu/chipyard/sims/firesim/deploy/logs/2026-05-09--10-12-23-runworkload-LRDEUTGUUBWIAXNI.log
This status will update every 10s.
--------------------------------------------------------------------------------
Instances
--------------------------------------------------------------------------------
Hostname/IP: 192.168.1.127 | Terminated: [33mFalse[0m
--------------------------------------------------------------------------------
Simulated Switches
--------------------------------------------------------------------------------
Hostname/IP: 192.168.1.127 | Switch name: switch0 | Switch running: [32mTrue [0m
--------------------------------------------------------------------------------
Simulated Pipes
--------------------------------------------------------------------------------
--------------------------------------------------------------------------------
Simulated Nodes/Jobs
--------------------------------------------------------------------------------
Hostname/IP: 192.168.1.127 | Job: rerocc-lc-linux-coupleddma-bertmini-pipeline-runtime-batch8-fileonly-sync-pairdummy-gdbserver0 | Sim running: [33mTrue [0m
--------------------------------------------------------------------------------
Summary
--------------------------------------------------------------------------------
1/1 instances are still running.
1/1 simulations are still running.
--------------------------------------------------------------------------------
[2J
FireSim Simulation Status @ 2026-05-09 10:20:00.268771
--------------------------------------------------------------------------------
This workload's output is located in:
/home/ubuntu/chipyard/sims/firesim/deploy/results-workload/2026-05-09--10-12-23-rerocc-lc-linux-coupleddma-bertmini-pipeline-runtime-batch8-fileonly-sync-pairdummy-gdbserver-f2-gemmini-rerocc-pairmanager-dummy8x8-4c12p12-sbus64-linux-bertmini-batch8-fileonly-sync-gdbserver-cfg32-nic-notrace/
This run's log is located in:
/home/ubuntu/chipyard/sims/firesim/deploy/logs/2026-05-09--10-12-23-runworkload-LRDEUTGUUBWIAXNI.log
This status will update every 10s.
--------------------------------------------------------------------------------
Instances
--------------------------------------------------------------------------------
Hostname/IP: 192.168.1.127 | Terminated: [33mFalse[0m
--------------------------------------------------------------------------------
Simulated Switches
--------------------------------------------------------------------------------
Hostname/IP: 192.168.1.127 | Switch name: switch0 | Switch running: [32mTrue [0m
--------------------------------------------------------------------------------
Simulated Pipes
--------------------------------------------------------------------------------
--------------------------------------------------------------------------------
Simulated Nodes/Jobs
--------------------------------------------------------------------------------
Hostname/IP: 192.168.1.127 | Job: rerocc-lc-linux-coupleddma-bertmini-pipeline-runtime-batch8-fileonly-sync-pairdummy-gdbserver0 | Sim running: [33mTrue [0m
--------------------------------------------------------------------------------
Summary
--------------------------------------------------------------------------------
1/1 instances are still running.
1/1 simulations are still running.
--------------------------------------------------------------------------------
[2J
FireSim Simulation Status @ 2026-05-09 10:20:10.587448
--------------------------------------------------------------------------------
This workload's output is located in:
/home/ubuntu/chipyard/sims/firesim/deploy/results-workload/2026-05-09--10-12-23-rerocc-lc-linux-coupleddma-bertmini-pipeline-runtime-batch8-fileonly-sync-pairdummy-gdbserver-f2-gemmini-rerocc-pairmanager-dummy8x8-4c12p12-sbus64-linux-bertmini-batch8-fileonly-sync-gdbserver-cfg32-nic-notrace/
This run's log is located in:
/home/ubuntu/chipyard/sims/firesim/deploy/logs/2026-05-09--10-12-23-runworkload-LRDEUTGUUBWIAXNI.log
This status will update every 10s.
--------------------------------------------------------------------------------
Instances
--------------------------------------------------------------------------------
Hostname/IP: 192.168.1.127 | Terminated: [33mFalse[0m
--------------------------------------------------------------------------------
Simulated Switches
--------------------------------------------------------------------------------
Hostname/IP: 192.168.1.127 | Switch name: switch0 | Switch running: [32mTrue [0m
--------------------------------------------------------------------------------
Simulated Pipes
--------------------------------------------------------------------------------
--------------------------------------------------------------------------------
Simulated Nodes/Jobs
--------------------------------------------------------------------------------
Hostname/IP: 192.168.1.127 | Job: rerocc-lc-linux-coupleddma-bertmini-pipeline-runtime-batch8-fileonly-sync-pairdummy-gdbserver0 | Sim running: [33mTrue [0m
--------------------------------------------------------------------------------
Summary
--------------------------------------------------------------------------------
1/1 instances are still running.
1/1 simulations are still running.
--------------------------------------------------------------------------------
[prt-host-watchdog] progress hb='Target Cycle (fastest), Seconds Since Start' uart=20701 guest_log=0 guest_sparse=0 guest_checkpoint=0 guest_trigger=0 guest_status=1725 guest_proc=0 guest_runner=322 guest_runner_post=433 guest_runner_early=487 guest_binary=0 guest_runner_proc=3894
[prt-host-watchdog] hb='Target Cycle (fastest), Seconds Since Start' idle=0s hb_idle=31s uart=20701 guest_log=0 guest_sparse=0 guest_checkpoint=0 guest_trigger=0 guest_status=1725 guest_proc=0 guest_runner=322 guest_runner_post=433 guest_runner_early=487 guest_binary=0 guest_runner_proc=3894
[2J
FireSim Simulation Status @ 2026-05-09 10:20:20.895907
--------------------------------------------------------------------------------
This workload's output is located in:
/home/ubuntu/chipyard/sims/firesim/deploy/results-workload/2026-05-09--10-12-23-rerocc-lc-linux-coupleddma-bertmini-pipeline-runtime-batch8-fileonly-sync-pairdummy-gdbserver-f2-gemmini-rerocc-pairmanager-dummy8x8-4c12p12-sbus64-linux-bertmini-batch8-fileonly-sync-gdbserver-cfg32-nic-notrace/
This run's log is located in:
/home/ubuntu/chipyard/sims/firesim/deploy/logs/2026-05-09--10-12-23-runworkload-LRDEUTGUUBWIAXNI.log
This status will update every 10s.
--------------------------------------------------------------------------------
Instances
--------------------------------------------------------------------------------
Hostname/IP: 192.168.1.127 | Terminated: [33mFalse[0m
--------------------------------------------------------------------------------
Simulated Switches
--------------------------------------------------------------------------------
Hostname/IP: 192.168.1.127 | Switch name: switch0 | Switch running: [32mTrue [0m
--------------------------------------------------------------------------------
Simulated Pipes
--------------------------------------------------------------------------------
--------------------------------------------------------------------------------
Simulated Nodes/Jobs
--------------------------------------------------------------------------------
Hostname/IP: 192.168.1.127 | Job: rerocc-lc-linux-coupleddma-bertmini-pipeline-runtime-batch8-fileonly-sync-pairdummy-gdbserver0 | Sim running: [33mTrue [0m
--------------------------------------------------------------------------------
Summary
--------------------------------------------------------------------------------
1/1 instances are still running.
1/1 simulations are still running.
--------------------------------------------------------------------------------
[2J
FireSim Simulation Status @ 2026-05-09 10:20:31.213873
--------------------------------------------------------------------------------
This workload's output is located in:
/home/ubuntu/chipyard/sims/firesim/deploy/results-workload/2026-05-09--10-12-23-rerocc-lc-linux-coupleddma-bertmini-pipeline-runtime-batch8-fileonly-sync-pairdummy-gdbserver-f2-gemmini-rerocc-pairmanager-dummy8x8-4c12p12-sbus64-linux-bertmini-batch8-fileonly-sync-gdbserver-cfg32-nic-notrace/
This run's log is located in:
/home/ubuntu/chipyard/sims/firesim/deploy/logs/2026-05-09--10-12-23-runworkload-LRDEUTGUUBWIAXNI.log
This status will update every 10s.
--------------------------------------------------------------------------------
Instances
--------------------------------------------------------------------------------
Hostname/IP: 192.168.1.127 | Terminated: [33mFalse[0m
--------------------------------------------------------------------------------
Simulated Switches
--------------------------------------------------------------------------------
Hostname/IP: 192.168.1.127 | Switch name: switch0 | Switch running: [32mTrue [0m
--------------------------------------------------------------------------------
Simulated Pipes
--------------------------------------------------------------------------------
--------------------------------------------------------------------------------
Simulated Nodes/Jobs
--------------------------------------------------------------------------------
Hostname/IP: 192.168.1.127 | Job: rerocc-lc-linux-coupleddma-bertmini-pipeline-runtime-batch8-fileonly-sync-pairdummy-gdbserver0 | Sim running: [33mTrue [0m
--------------------------------------------------------------------------------
Summary
--------------------------------------------------------------------------------
1/1 instances are still running.
1/1 simulations are still running.
--------------------------------------------------------------------------------
[2J
FireSim Simulation Status @ 2026-05-09 10:20:41.519770
--------------------------------------------------------------------------------
This workload's output is located in:
/home/ubuntu/chipyard/sims/firesim/deploy/results-workload/2026-05-09--10-12-23-rerocc-lc-linux-coupleddma-bertmini-pipeline-runtime-batch8-fileonly-sync-pairdummy-gdbserver-f2-gemmini-rerocc-pairmanager-dummy8x8-4c12p12-sbus64-linux-bertmini-batch8-fileonly-sync-gdbserver-cfg32-nic-notrace/
This run's log is located in:
/home/ubuntu/chipyard/sims/firesim/deploy/logs/2026-05-09--10-12-23-runworkload-LRDEUTGUUBWIAXNI.log
This status will update every 10s.
--------------------------------------------------------------------------------
Instances
--------------------------------------------------------------------------------
Hostname/IP: 192.168.1.127 | Terminated: [33mFalse[0m
--------------------------------------------------------------------------------
Simulated Switches
--------------------------------------------------------------------------------
Hostname/IP: 192.168.1.127 | Switch name: switch0 | Switch running: [32mTrue [0m
--------------------------------------------------------------------------------
Simulated Pipes
--------------------------------------------------------------------------------
--------------------------------------------------------------------------------
Simulated Nodes/Jobs
--------------------------------------------------------------------------------
Hostname/IP: 192.168.1.127 | Job: rerocc-lc-linux-coupleddma-bertmini-pipeline-runtime-batch8-fileonly-sync-pairdummy-gdbserver0 | Sim running: [33mTrue [0m
--------------------------------------------------------------------------------
Summary
--------------------------------------------------------------------------------
1/1 instances are still running.
1/1 simulations are still running.
--------------------------------------------------------------------------------
[prt-host-watchdog] progress hb='Target Cycle (fastest), Seconds Since Start' uart=21191 guest_log=0 guest_sparse=53496 guest_checkpoint=0 guest_trigger=0 guest_status=1725 guest_proc=0 guest_runner=495 guest_runner_post=433 guest_runner_early=487 guest_binary=0 guest_runner_proc=9340
[prt-host-watchdog] hb='Target Cycle (fastest), Seconds Since Start' idle=0s hb_idle=62s uart=21191 guest_log=0 guest_sparse=53496 guest_checkpoint=0 guest_trigger=0 guest_status=1725 guest_proc=0 guest_runner=495 guest_runner_post=433 guest_runner_early=487 guest_binary=0 guest_runner_proc=9340
[2J
FireSim Simulation Status @ 2026-05-09 10:20:52.054307
--------------------------------------------------------------------------------
This workload's output is located in:
/home/ubuntu/chipyard/sims/firesim/deploy/results-workload/2026-05-09--10-12-23-rerocc-lc-linux-coupleddma-bertmini-pipeline-runtime-batch8-fileonly-sync-pairdummy-gdbserver-f2-gemmini-rerocc-pairmanager-dummy8x8-4c12p12-sbus64-linux-bertmini-batch8-fileonly-sync-gdbserver-cfg32-nic-notrace/
This run's log is located in:
/home/ubuntu/chipyard/sims/firesim/deploy/logs/2026-05-09--10-12-23-runworkload-LRDEUTGUUBWIAXNI.log
This status will update every 10s.
--------------------------------------------------------------------------------
Instances
--------------------------------------------------------------------------------
Hostname/IP: 192.168.1.127 | Terminated: [33mFalse[0m
--------------------------------------------------------------------------------
Simulated Switches
--------------------------------------------------------------------------------
Hostname/IP: 192.168.1.127 | Switch name: switch0 | Switch running: [32mTrue [0m
--------------------------------------------------------------------------------
Simulated Pipes
--------------------------------------------------------------------------------
--------------------------------------------------------------------------------
Simulated Nodes/Jobs
--------------------------------------------------------------------------------
Hostname/IP: 192.168.1.127 | Job: rerocc-lc-linux-coupleddma-bertmini-pipeline-runtime-batch8-fileonly-sync-pairdummy-gdbserver0 | Sim running: [33mTrue [0m
--------------------------------------------------------------------------------
Summary
--------------------------------------------------------------------------------
1/1 instances are still running.
1/1 simulations are still running.
--------------------------------------------------------------------------------
[2J
FireSim Simulation Status @ 2026-05-09 10:21:02.363087
--------------------------------------------------------------------------------
This workload's output is located in:
/home/ubuntu/chipyard/sims/firesim/deploy/results-workload/2026-05-09--10-12-23-rerocc-lc-linux-coupleddma-bertmini-pipeline-runtime-batch8-fileonly-sync-pairdummy-gdbserver-f2-gemmini-rerocc-pairmanager-dummy8x8-4c12p12-sbus64-linux-bertmini-batch8-fileonly-sync-gdbserver-cfg32-nic-notrace/
This run's log is located in:
/home/ubuntu/chipyard/sims/firesim/deploy/logs/2026-05-09--10-12-23-runworkload-LRDEUTGUUBWIAXNI.log
This status will update every 10s.
--------------------------------------------------------------------------------
Instances
--------------------------------------------------------------------------------
Hostname/IP: 192.168.1.127 | Terminated: [33mFalse[0m
--------------------------------------------------------------------------------
Simulated Switches
--------------------------------------------------------------------------------
Hostname/IP: 192.168.1.127 | Switch name: switch0 | Switch running: [32mTrue [0m
--------------------------------------------------------------------------------
Simulated Pipes
--------------------------------------------------------------------------------
--------------------------------------------------------------------------------
Simulated Nodes/Jobs
--------------------------------------------------------------------------------
Hostname/IP: 192.168.1.127 | Job: rerocc-lc-linux-coupleddma-bertmini-pipeline-runtime-batch8-fileonly-sync-pairdummy-gdbserver0 | Sim running: [33mTrue [0m
--------------------------------------------------------------------------------
Summary
--------------------------------------------------------------------------------
1/1 instances are still running.
1/1 simulations are still running.
--------------------------------------------------------------------------------
[2J
FireSim Simulation Status @ 2026-05-09 10:21:12.660580
--------------------------------------------------------------------------------
This workload's output is located in:
/home/ubuntu/chipyard/sims/firesim/deploy/results-workload/2026-05-09--10-12-23-rerocc-lc-linux-coupleddma-bertmini-pipeline-runtime-batch8-fileonly-sync-pairdummy-gdbserver-f2-gemmini-rerocc-pairmanager-dummy8x8-4c12p12-sbus64-linux-bertmini-batch8-fileonly-sync-gdbserver-cfg32-nic-notrace/
This run's log is located in:
/home/ubuntu/chipyard/sims/firesim/deploy/logs/2026-05-09--10-12-23-runworkload-LRDEUTGUUBWIAXNI.log
This status will update every 10s.
--------------------------------------------------------------------------------
Instances
--------------------------------------------------------------------------------
Hostname/IP: 192.168.1.127 | Terminated: [33mFalse[0m
--------------------------------------------------------------------------------
Simulated Switches
--------------------------------------------------------------------------------
Hostname/IP: 192.168.1.127 | Switch name: switch0 | Switch running: [32mTrue [0m
--------------------------------------------------------------------------------
Simulated Pipes
--------------------------------------------------------------------------------
--------------------------------------------------------------------------------
Simulated Nodes/Jobs
--------------------------------------------------------------------------------
Hostname/IP: 192.168.1.127 | Job: rerocc-lc-linux-coupleddma-bertmini-pipeline-runtime-batch8-fileonly-sync-pairdummy-gdbserver0 | Sim running: [33mTrue [0m
--------------------------------------------------------------------------------
Summary
--------------------------------------------------------------------------------
1/1 instances are still running.
1/1 simulations are still running.
--------------------------------------------------------------------------------
[prt-host-watchdog] hb='Target Cycle (fastest), Seconds Since Start' idle=31s hb_idle=93s uart=21191 guest_log=0 guest_sparse=53496 guest_checkpoint=0 guest_trigger=0 guest_status=1725 guest_proc=0 guest_runner=495 guest_runner_post=433 guest_runner_early=487 guest_binary=0 guest_runner_proc=9340
[2J
FireSim Simulation Status @ 2026-05-09 10:21:22.970059
--------------------------------------------------------------------------------
This workload's output is located in:
/home/ubuntu/chipyard/sims/firesim/deploy/results-workload/2026-05-09--10-12-23-rerocc-lc-linux-coupleddma-bertmini-pipeline-runtime-batch8-fileonly-sync-pairdummy-gdbserver-f2-gemmini-rerocc-pairmanager-dummy8x8-4c12p12-sbus64-linux-bertmini-batch8-fileonly-sync-gdbserver-cfg32-nic-notrace/
This run's log is located in:
/home/ubuntu/chipyard/sims/firesim/deploy/logs/2026-05-09--10-12-23-runworkload-LRDEUTGUUBWIAXNI.log
This status will update every 10s.
--------------------------------------------------------------------------------
Instances
--------------------------------------------------------------------------------
Hostname/IP: 192.168.1.127 | Terminated: [33mFalse[0m
--------------------------------------------------------------------------------
Simulated Switches
--------------------------------------------------------------------------------
Hostname/IP: 192.168.1.127 | Switch name: switch0 | Switch running: [32mTrue [0m
--------------------------------------------------------------------------------
Simulated Pipes
--------------------------------------------------------------------------------
--------------------------------------------------------------------------------
Simulated Nodes/Jobs
--------------------------------------------------------------------------------
Hostname/IP: 192.168.1.127 | Job: rerocc-lc-linux-coupleddma-bertmini-pipeline-runtime-batch8-fileonly-sync-pairdummy-gdbserver0 | Sim running: [33mTrue [0m
--------------------------------------------------------------------------------
Summary
--------------------------------------------------------------------------------
1/1 instances are still running.
1/1 simulations are still running.
--------------------------------------------------------------------------------
[2J
FireSim Simulation Status @ 2026-05-09 10:21:33.276258
--------------------------------------------------------------------------------
This workload's output is located in:
/home/ubuntu/chipyard/sims/firesim/deploy/results-workload/2026-05-09--10-12-23-rerocc-lc-linux-coupleddma-bertmini-pipeline-runtime-batch8-fileonly-sync-pairdummy-gdbserver-f2-gemmini-rerocc-pairmanager-dummy8x8-4c12p12-sbus64-linux-bertmini-batch8-fileonly-sync-gdbserver-cfg32-nic-notrace/
This run's log is located in:
/home/ubuntu/chipyard/sims/firesim/deploy/logs/2026-05-09--10-12-23-runworkload-LRDEUTGUUBWIAXNI.log
This status will update every 10s.
--------------------------------------------------------------------------------
Instances
--------------------------------------------------------------------------------
Hostname/IP: 192.168.1.127 | Terminated: [33mFalse[0m
--------------------------------------------------------------------------------
Simulated Switches
--------------------------------------------------------------------------------
Hostname/IP: 192.168.1.127 | Switch name: switch0 | Switch running: [32mTrue [0m
--------------------------------------------------------------------------------
Simulated Pipes
--------------------------------------------------------------------------------
--------------------------------------------------------------------------------
Simulated Nodes/Jobs
--------------------------------------------------------------------------------
Hostname/IP: 192.168.1.127 | Job: rerocc-lc-linux-coupleddma-bertmini-pipeline-runtime-batch8-fileonly-sync-pairdummy-gdbserver0 | Sim running: [33mTrue [0m
--------------------------------------------------------------------------------
Summary
--------------------------------------------------------------------------------
1/1 instances are still running.
1/1 simulations are still running.
--------------------------------------------------------------------------------
[2J
FireSim Simulation Status @ 2026-05-09 10:21:43.581557
--------------------------------------------------------------------------------
This workload's output is located in:
/home/ubuntu/chipyard/sims/firesim/deploy/results-workload/2026-05-09--10-12-23-rerocc-lc-linux-coupleddma-bertmini-pipeline-runtime-batch8-fileonly-sync-pairdummy-gdbserver-f2-gemmini-rerocc-pairmanager-dummy8x8-4c12p12-sbus64-linux-bertmini-batch8-fileonly-sync-gdbserver-cfg32-nic-notrace/
This run's log is located in:
/home/ubuntu/chipyard/sims/firesim/deploy/logs/2026-05-09--10-12-23-runworkload-LRDEUTGUUBWIAXNI.log
This status will update every 10s.
--------------------------------------------------------------------------------
Instances
--------------------------------------------------------------------------------
Hostname/IP: 192.168.1.127 | Terminated: [33mFalse[0m
--------------------------------------------------------------------------------
Simulated Switches
--------------------------------------------------------------------------------
Hostname/IP: 192.168.1.127 | Switch name: switch0 | Switch running: [32mTrue [0m
--------------------------------------------------------------------------------
Simulated Pipes
--------------------------------------------------------------------------------
--------------------------------------------------------------------------------
Simulated Nodes/Jobs
--------------------------------------------------------------------------------
Hostname/IP: 192.168.1.127 | Job: rerocc-lc-linux-coupleddma-bertmini-pipeline-runtime-batch8-fileonly-sync-pairdummy-gdbserver0 | Sim running: [33mTrue [0m
--------------------------------------------------------------------------------
Summary
--------------------------------------------------------------------------------
1/1 instances are still running.
1/1 simulations are still running.
--------------------------------------------------------------------------------
[prt-host-watchdog] hb='Target Cycle (fastest), Seconds Since Start' idle=63s hb_idle=125s uart=21191 guest_log=0 guest_sparse=53496 guest_checkpoint=0 guest_trigger=0 guest_status=1725 guest_proc=0 guest_runner=495 guest_runner_post=433 guest_runner_early=487 guest_binary=0 guest_runner_proc=9340
[2J
FireSim Simulation Status @ 2026-05-09 10:21:54.121894
--------------------------------------------------------------------------------
This workload's output is located in:
/home/ubuntu/chipyard/sims/firesim/deploy/results-workload/2026-05-09--10-12-23-rerocc-lc-linux-coupleddma-bertmini-pipeline-runtime-batch8-fileonly-sync-pairdummy-gdbserver-f2-gemmini-rerocc-pairmanager-dummy8x8-4c12p12-sbus64-linux-bertmini-batch8-fileonly-sync-gdbserver-cfg32-nic-notrace/
This run's log is located in:
/home/ubuntu/chipyard/sims/firesim/deploy/logs/2026-05-09--10-12-23-runworkload-LRDEUTGUUBWIAXNI.log
This status will update every 10s.
--------------------------------------------------------------------------------
Instances
--------------------------------------------------------------------------------
Hostname/IP: 192.168.1.127 | Terminated: [33mFalse[0m
--------------------------------------------------------------------------------
Simulated Switches
--------------------------------------------------------------------------------
Hostname/IP: 192.168.1.127 | Switch name: switch0 | Switch running: [32mTrue [0m
--------------------------------------------------------------------------------
Simulated Pipes
--------------------------------------------------------------------------------
--------------------------------------------------------------------------------
Simulated Nodes/Jobs
--------------------------------------------------------------------------------
Hostname/IP: 192.168.1.127 | Job: rerocc-lc-linux-coupleddma-bertmini-pipeline-runtime-batch8-fileonly-sync-pairdummy-gdbserver0 | Sim running: [33mTrue [0m
--------------------------------------------------------------------------------
Summary
--------------------------------------------------------------------------------
1/1 instances are still running.
1/1 simulations are still running.
--------------------------------------------------------------------------------
[2J
FireSim Simulation Status @ 2026-05-09 10:22:04.425318
--------------------------------------------------------------------------------
This workload's output is located in:
/home/ubuntu/chipyard/sims/firesim/deploy/results-workload/2026-05-09--10-12-23-rerocc-lc-linux-coupleddma-bertmini-pipeline-runtime-batch8-fileonly-sync-pairdummy-gdbserver-f2-gemmini-rerocc-pairmanager-dummy8x8-4c12p12-sbus64-linux-bertmini-batch8-fileonly-sync-gdbserver-cfg32-nic-notrace/
This run's log is located in:
/home/ubuntu/chipyard/sims/firesim/deploy/logs/2026-05-09--10-12-23-runworkload-LRDEUTGUUBWIAXNI.log
This status will update every 10s.
--------------------------------------------------------------------------------
Instances
--------------------------------------------------------------------------------
Hostname/IP: 192.168.1.127 | Terminated: [33mFalse[0m
--------------------------------------------------------------------------------
Simulated Switches
--------------------------------------------------------------------------------
Hostname/IP: 192.168.1.127 | Switch name: switch0 | Switch running: [32mTrue [0m
--------------------------------------------------------------------------------
Simulated Pipes
--------------------------------------------------------------------------------
--------------------------------------------------------------------------------
Simulated Nodes/Jobs
--------------------------------------------------------------------------------
Hostname/IP: 192.168.1.127 | Job: rerocc-lc-linux-coupleddma-bertmini-pipeline-runtime-batch8-fileonly-sync-pairdummy-gdbserver0 | Sim running: [33mTrue [0m
--------------------------------------------------------------------------------
Summary
--------------------------------------------------------------------------------
1/1 instances are still running.
1/1 simulations are still running.
--------------------------------------------------------------------------------
[2J
FireSim Simulation Status @ 2026-05-09 10:22:14.725487
--------------------------------------------------------------------------------
This workload's output is located in:
/home/ubuntu/chipyard/sims/firesim/deploy/results-workload/2026-05-09--10-12-23-rerocc-lc-linux-coupleddma-bertmini-pipeline-runtime-batch8-fileonly-sync-pairdummy-gdbserver-f2-gemmini-rerocc-pairmanager-dummy8x8-4c12p12-sbus64-linux-bertmini-batch8-fileonly-sync-gdbserver-cfg32-nic-notrace/
This run's log is located in:
/home/ubuntu/chipyard/sims/firesim/deploy/logs/2026-05-09--10-12-23-runworkload-LRDEUTGUUBWIAXNI.log
This status will update every 10s.
--------------------------------------------------------------------------------
Instances
--------------------------------------------------------------------------------
Hostname/IP: 192.168.1.127 | Terminated: [33mFalse[0m
--------------------------------------------------------------------------------
Simulated Switches
--------------------------------------------------------------------------------
Hostname/IP: 192.168.1.127 | Switch name: switch0 | Switch running: [32mTrue [0m
--------------------------------------------------------------------------------
Simulated Pipes
--------------------------------------------------------------------------------
--------------------------------------------------------------------------------
Simulated Nodes/Jobs
--------------------------------------------------------------------------------
Hostname/IP: 192.168.1.127 | Job: rerocc-lc-linux-coupleddma-bertmini-pipeline-runtime-batch8-fileonly-sync-pairdummy-gdbserver0 | Sim running: [33mTrue [0m
--------------------------------------------------------------------------------
Summary
--------------------------------------------------------------------------------
1/1 instances are still running.
1/1 simulations are still running.
--------------------------------------------------------------------------------
[prt-host-watchdog] hb='Target Cycle (fastest), Seconds Since Start' idle=94s hb_idle=156s uart=21191 guest_log=0 guest_sparse=53496 guest_checkpoint=0 guest_trigger=0 guest_status=1725 guest_proc=0 guest_runner=495 guest_runner_post=433 guest_runner_early=487 guest_binary=0 guest_runner_proc=9340
[2J
FireSim Simulation Status @ 2026-05-09 10:22:25.016161
--------------------------------------------------------------------------------
This workload's output is located in:
/home/ubuntu/chipyard/sims/firesim/deploy/results-workload/2026-05-09--10-12-23-rerocc-lc-linux-coupleddma-bertmini-pipeline-runtime-batch8-fileonly-sync-pairdummy-gdbserver-f2-gemmini-rerocc-pairmanager-dummy8x8-4c12p12-sbus64-linux-bertmini-batch8-fileonly-sync-gdbserver-cfg32-nic-notrace/
This run's log is located in:
/home/ubuntu/chipyard/sims/firesim/deploy/logs/2026-05-09--10-12-23-runworkload-LRDEUTGUUBWIAXNI.log
This status will update every 10s.
--------------------------------------------------------------------------------
Instances
--------------------------------------------------------------------------------
Hostname/IP: 192.168.1.127 | Terminated: [33mFalse[0m
--------------------------------------------------------------------------------
Simulated Switches
--------------------------------------------------------------------------------
Hostname/IP: 192.168.1.127 | Switch name: switch0 | Switch running: [32mTrue [0m
--------------------------------------------------------------------------------
Simulated Pipes
--------------------------------------------------------------------------------
--------------------------------------------------------------------------------
Simulated Nodes/Jobs
--------------------------------------------------------------------------------
Hostname/IP: 192.168.1.127 | Job: rerocc-lc-linux-coupleddma-bertmini-pipeline-runtime-batch8-fileonly-sync-pairdummy-gdbserver0 | Sim running: [33mTrue [0m
--------------------------------------------------------------------------------
Summary
--------------------------------------------------------------------------------
1/1 instances are still running.
1/1 simulations are still running.
--------------------------------------------------------------------------------
[2J
FireSim Simulation Status @ 2026-05-09 10:22:35.317203
--------------------------------------------------------------------------------
This workload's output is located in:
/home/ubuntu/chipyard/sims/firesim/deploy/results-workload/2026-05-09--10-12-23-rerocc-lc-linux-coupleddma-bertmini-pipeline-runtime-batch8-fileonly-sync-pairdummy-gdbserver-f2-gemmini-rerocc-pairmanager-dummy8x8-4c12p12-sbus64-linux-bertmini-batch8-fileonly-sync-gdbserver-cfg32-nic-notrace/
This run's log is located in:
/home/ubuntu/chipyard/sims/firesim/deploy/logs/2026-05-09--10-12-23-runworkload-LRDEUTGUUBWIAXNI.log
This status will update every 10s.
--------------------------------------------------------------------------------
Instances
--------------------------------------------------------------------------------
Hostname/IP: 192.168.1.127 | Terminated: [33mFalse[0m
--------------------------------------------------------------------------------
Simulated Switches
--------------------------------------------------------------------------------
Hostname/IP: 192.168.1.127 | Switch name: switch0 | Switch running: [32mTrue [0m
--------------------------------------------------------------------------------
Simulated Pipes
--------------------------------------------------------------------------------
--------------------------------------------------------------------------------
Simulated Nodes/Jobs
--------------------------------------------------------------------------------
Hostname/IP: 192.168.1.127 | Job: rerocc-lc-linux-coupleddma-bertmini-pipeline-runtime-batch8-fileonly-sync-pairdummy-gdbserver0 | Sim running: [33mTrue [0m
--------------------------------------------------------------------------------
Summary
--------------------------------------------------------------------------------
1/1 instances are still running.
1/1 simulations are still running.
--------------------------------------------------------------------------------
[2J
FireSim Simulation Status @ 2026-05-09 10:22:45.636013
--------------------------------------------------------------------------------
This workload's output is located in:
/home/ubuntu/chipyard/sims/firesim/deploy/results-workload/2026-05-09--10-12-23-rerocc-lc-linux-coupleddma-bertmini-pipeline-runtime-batch8-fileonly-sync-pairdummy-gdbserver-f2-gemmini-rerocc-pairmanager-dummy8x8-4c12p12-sbus64-linux-bertmini-batch8-fileonly-sync-gdbserver-cfg32-nic-notrace/
This run's log is located in:
/home/ubuntu/chipyard/sims/firesim/deploy/logs/2026-05-09--10-12-23-runworkload-LRDEUTGUUBWIAXNI.log
This status will update every 10s.
--------------------------------------------------------------------------------
Instances
--------------------------------------------------------------------------------
Hostname/IP: 192.168.1.127 | Terminated: [33mFalse[0m
--------------------------------------------------------------------------------
Simulated Switches
--------------------------------------------------------------------------------
Hostname/IP: 192.168.1.127 | Switch name: switch0 | Switch running: [32mTrue [0m
--------------------------------------------------------------------------------
Simulated Pipes
--------------------------------------------------------------------------------
--------------------------------------------------------------------------------
Simulated Nodes/Jobs
--------------------------------------------------------------------------------
Hostname/IP: 192.168.1.127 | Job: rerocc-lc-linux-coupleddma-bertmini-pipeline-runtime-batch8-fileonly-sync-pairdummy-gdbserver0 | Sim running: [33mTrue [0m
--------------------------------------------------------------------------------
Summary
--------------------------------------------------------------------------------
1/1 instances are still running.
1/1 simulations are still running.
--------------------------------------------------------------------------------
[prt-host-watchdog] hb='Target Cycle (fastest), Seconds Since Start' idle=125s hb_idle=187s uart=21191 guest_log=0 guest_sparse=53496 guest_checkpoint=0 guest_trigger=0 guest_status=1725 guest_proc=0 guest_runner=495 guest_runner_post=433 guest_runner_early=487 guest_binary=0 guest_runner_proc=9340
[2J
FireSim Simulation Status @ 2026-05-09 10:22:56.171702
--------------------------------------------------------------------------------
This workload's output is located in:
/home/ubuntu/chipyard/sims/firesim/deploy/results-workload/2026-05-09--10-12-23-rerocc-lc-linux-coupleddma-bertmini-pipeline-runtime-batch8-fileonly-sync-pairdummy-gdbserver-f2-gemmini-rerocc-pairmanager-dummy8x8-4c12p12-sbus64-linux-bertmini-batch8-fileonly-sync-gdbserver-cfg32-nic-notrace/
This run's log is located in:
/home/ubuntu/chipyard/sims/firesim/deploy/logs/2026-05-09--10-12-23-runworkload-LRDEUTGUUBWIAXNI.log
This status will update every 10s.
--------------------------------------------------------------------------------
Instances
--------------------------------------------------------------------------------
Hostname/IP: 192.168.1.127 | Terminated: [33mFalse[0m
--------------------------------------------------------------------------------
Simulated Switches
--------------------------------------------------------------------------------
Hostname/IP: 192.168.1.127 | Switch name: switch0 | Switch running: [32mTrue [0m
--------------------------------------------------------------------------------
Simulated Pipes
--------------------------------------------------------------------------------
--------------------------------------------------------------------------------
Simulated Nodes/Jobs
--------------------------------------------------------------------------------
Hostname/IP: 192.168.1.127 | Job: rerocc-lc-linux-coupleddma-bertmini-pipeline-runtime-batch8-fileonly-sync-pairdummy-gdbserver0 | Sim running: [33mTrue [0m
--------------------------------------------------------------------------------
Summary
--------------------------------------------------------------------------------
1/1 instances are still running.
1/1 simulations are still running.
--------------------------------------------------------------------------------
[2J
FireSim Simulation Status @ 2026-05-09 10:23:06.490338
--------------------------------------------------------------------------------
This workload's output is located in:
/home/ubuntu/chipyard/sims/firesim/deploy/results-workload/2026-05-09--10-12-23-rerocc-lc-linux-coupleddma-bertmini-pipeline-runtime-batch8-fileonly-sync-pairdummy-gdbserver-f2-gemmini-rerocc-pairmanager-dummy8x8-4c12p12-sbus64-linux-bertmini-batch8-fileonly-sync-gdbserver-cfg32-nic-notrace/
This run's log is located in:
/home/ubuntu/chipyard/sims/firesim/deploy/logs/2026-05-09--10-12-23-runworkload-LRDEUTGUUBWIAXNI.log
This status will update every 10s.
--------------------------------------------------------------------------------
Instances
--------------------------------------------------------------------------------
Hostname/IP: 192.168.1.127 | Terminated: [33mFalse[0m
--------------------------------------------------------------------------------
Simulated Switches
--------------------------------------------------------------------------------
Hostname/IP: 192.168.1.127 | Switch name: switch0 | Switch running: [32mTrue [0m
--------------------------------------------------------------------------------
Simulated Pipes
--------------------------------------------------------------------------------
--------------------------------------------------------------------------------
Simulated Nodes/Jobs
--------------------------------------------------------------------------------
Hostname/IP: 192.168.1.127 | Job: rerocc-lc-linux-coupleddma-bertmini-pipeline-runtime-batch8-fileonly-sync-pairdummy-gdbserver0 | Sim running: [33mTrue [0m
--------------------------------------------------------------------------------
Summary
--------------------------------------------------------------------------------
1/1 instances are still running.
1/1 simulations are still running.
--------------------------------------------------------------------------------
[2J
FireSim Simulation Status @ 2026-05-09 10:23:16.792024
--------------------------------------------------------------------------------
This workload's output is located in:
/home/ubuntu/chipyard/sims/firesim/deploy/results-workload/2026-05-09--10-12-23-rerocc-lc-linux-coupleddma-bertmini-pipeline-runtime-batch8-fileonly-sync-pairdummy-gdbserver-f2-gemmini-rerocc-pairmanager-dummy8x8-4c12p12-sbus64-linux-bertmini-batch8-fileonly-sync-gdbserver-cfg32-nic-notrace/
This run's log is located in:
/home/ubuntu/chipyard/sims/firesim/deploy/logs/2026-05-09--10-12-23-runworkload-LRDEUTGUUBWIAXNI.log
This status will update every 10s.
--------------------------------------------------------------------------------
Instances
--------------------------------------------------------------------------------
Hostname/IP: 192.168.1.127 | Terminated: [33mFalse[0m
--------------------------------------------------------------------------------
Simulated Switches
--------------------------------------------------------------------------------
Hostname/IP: 192.168.1.127 | Switch name: switch0 | Switch running: [32mTrue [0m
--------------------------------------------------------------------------------
Simulated Pipes
--------------------------------------------------------------------------------
--------------------------------------------------------------------------------
Simulated Nodes/Jobs
--------------------------------------------------------------------------------
Hostname/IP: 192.168.1.127 | Job: rerocc-lc-linux-coupleddma-bertmini-pipeline-runtime-batch8-fileonly-sync-pairdummy-gdbserver0 | Sim running: [33mTrue [0m
--------------------------------------------------------------------------------
Summary
--------------------------------------------------------------------------------
1/1 instances are still running.
1/1 simulations are still running.
--------------------------------------------------------------------------------
[prt-host-watchdog] hb='Target Cycle (fastest), Seconds Since Start' idle=156s hb_idle=218s uart=21191 guest_log=0 guest_sparse=53496 guest_checkpoint=0 guest_trigger=0 guest_status=1725 guest_proc=0 guest_runner=495 guest_runner_post=433 guest_runner_early=487 guest_binary=0 guest_runner_proc=9340
[2J
FireSim Simulation Status @ 2026-05-09 10:23:27.080969
--------------------------------------------------------------------------------
This workload's output is located in:
/home/ubuntu/chipyard/sims/firesim/deploy/results-workload/2026-05-09--10-12-23-rerocc-lc-linux-coupleddma-bertmini-pipeline-runtime-batch8-fileonly-sync-pairdummy-gdbserver-f2-gemmini-rerocc-pairmanager-dummy8x8-4c12p12-sbus64-linux-bertmini-batch8-fileonly-sync-gdbserver-cfg32-nic-notrace/
This run's log is located in:
/home/ubuntu/chipyard/sims/firesim/deploy/logs/2026-05-09--10-12-23-runworkload-LRDEUTGUUBWIAXNI.log
This status will update every 10s.
--------------------------------------------------------------------------------
Instances
--------------------------------------------------------------------------------
Hostname/IP: 192.168.1.127 | Terminated: [33mFalse[0m
--------------------------------------------------------------------------------
Simulated Switches
--------------------------------------------------------------------------------
Hostname/IP: 192.168.1.127 | Switch name: switch0 | Switch running: [32mTrue [0m
--------------------------------------------------------------------------------
Simulated Pipes
--------------------------------------------------------------------------------
--------------------------------------------------------------------------------
Simulated Nodes/Jobs
--------------------------------------------------------------------------------
Hostname/IP: 192.168.1.127 | Job: rerocc-lc-linux-coupleddma-bertmini-pipeline-runtime-batch8-fileonly-sync-pairdummy-gdbserver0 | Sim running: [33mTrue [0m
--------------------------------------------------------------------------------
Summary
--------------------------------------------------------------------------------
1/1 instances are still running.
1/1 simulations are still running.
--------------------------------------------------------------------------------
[2J
FireSim Simulation Status @ 2026-05-09 10:23:37.377974
--------------------------------------------------------------------------------
This workload's output is located in:
/home/ubuntu/chipyard/sims/firesim/deploy/results-workload/2026-05-09--10-12-23-rerocc-lc-linux-coupleddma-bertmini-pipeline-runtime-batch8-fileonly-sync-pairdummy-gdbserver-f2-gemmini-rerocc-pairmanager-dummy8x8-4c12p12-sbus64-linux-bertmini-batch8-fileonly-sync-gdbserver-cfg32-nic-notrace/
This run's log is located in:
/home/ubuntu/chipyard/sims/firesim/deploy/logs/2026-05-09--10-12-23-runworkload-LRDEUTGUUBWIAXNI.log
This status will update every 10s.
--------------------------------------------------------------------------------
Instances
--------------------------------------------------------------------------------
Hostname/IP: 192.168.1.127 | Terminated: [33mFalse[0m
--------------------------------------------------------------------------------
Simulated Switches
--------------------------------------------------------------------------------
Hostname/IP: 192.168.1.127 | Switch name: switch0 | Switch running: [32mTrue [0m
--------------------------------------------------------------------------------
Simulated Pipes
--------------------------------------------------------------------------------
--------------------------------------------------------------------------------
Simulated Nodes/Jobs
--------------------------------------------------------------------------------
Hostname/IP: 192.168.1.127 | Job: rerocc-lc-linux-coupleddma-bertmini-pipeline-runtime-batch8-fileonly-sync-pairdummy-gdbserver0 | Sim running: [33mTrue [0m
--------------------------------------------------------------------------------
Summary
--------------------------------------------------------------------------------
1/1 instances are still running.
1/1 simulations are still running.
--------------------------------------------------------------------------------
[2J
FireSim Simulation Status @ 2026-05-09 10:23:47.686718
--------------------------------------------------------------------------------
This workload's output is located in:
/home/ubuntu/chipyard/sims/firesim/deploy/results-workload/2026-05-09--10-12-23-rerocc-lc-linux-coupleddma-bertmini-pipeline-runtime-batch8-fileonly-sync-pairdummy-gdbserver-f2-gemmini-rerocc-pairmanager-dummy8x8-4c12p12-sbus64-linux-bertmini-batch8-fileonly-sync-gdbserver-cfg32-nic-notrace/
This run's log is located in:
/home/ubuntu/chipyard/sims/firesim/deploy/logs/2026-05-09--10-12-23-runworkload-LRDEUTGUUBWIAXNI.log
This status will update every 10s.
--------------------------------------------------------------------------------
Instances
--------------------------------------------------------------------------------
Hostname/IP: 192.168.1.127 | Terminated: [33mFalse[0m
--------------------------------------------------------------------------------
Simulated Switches
--------------------------------------------------------------------------------
Hostname/IP: 192.168.1.127 | Switch name: switch0 | Switch running: [32mTrue [0m
--------------------------------------------------------------------------------
Simulated Pipes
--------------------------------------------------------------------------------
--------------------------------------------------------------------------------
Simulated Nodes/Jobs
--------------------------------------------------------------------------------
Hostname/IP: 192.168.1.127 | Job: rerocc-lc-linux-coupleddma-bertmini-pipeline-runtime-batch8-fileonly-sync-pairdummy-gdbserver0 | Sim running: [33mTrue [0m
--------------------------------------------------------------------------------
Summary
--------------------------------------------------------------------------------
1/1 instances are still running.
1/1 simulations are still running.
--------------------------------------------------------------------------------
[prt-host-watchdog] hb='Target Cycle (fastest), Seconds Since Start' idle=188s hb_idle=250s uart=21191 guest_log=0 guest_sparse=53496 guest_checkpoint=0 guest_trigger=0 guest_status=1725 guest_proc=0 guest_runner=495 guest_runner_post=433 guest_runner_early=487 guest_binary=0 guest_runner_proc=9340
[2J
FireSim Simulation Status @ 2026-05-09 10:23:58.217043
--------------------------------------------------------------------------------
This workload's output is located in:
/home/ubuntu/chipyard/sims/firesim/deploy/results-workload/2026-05-09--10-12-23-rerocc-lc-linux-coupleddma-bertmini-pipeline-runtime-batch8-fileonly-sync-pairdummy-gdbserver-f2-gemmini-rerocc-pairmanager-dummy8x8-4c12p12-sbus64-linux-bertmini-batch8-fileonly-sync-gdbserver-cfg32-nic-notrace/
This run's log is located in:
/home/ubuntu/chipyard/sims/firesim/deploy/logs/2026-05-09--10-12-23-runworkload-LRDEUTGUUBWIAXNI.log
This status will update every 10s.
--------------------------------------------------------------------------------
Instances
--------------------------------------------------------------------------------
Hostname/IP: 192.168.1.127 | Terminated: [33mFalse[0m
--------------------------------------------------------------------------------
Simulated Switches
--------------------------------------------------------------------------------
Hostname/IP: 192.168.1.127 | Switch name: switch0 | Switch running: [32mTrue [0m
--------------------------------------------------------------------------------
Simulated Pipes
--------------------------------------------------------------------------------
--------------------------------------------------------------------------------
Simulated Nodes/Jobs
--------------------------------------------------------------------------------
Hostname/IP: 192.168.1.127 | Job: rerocc-lc-linux-coupleddma-bertmini-pipeline-runtime-batch8-fileonly-sync-pairdummy-gdbserver0 | Sim running: [33mTrue [0m
--------------------------------------------------------------------------------
Summary
--------------------------------------------------------------------------------
1/1 instances are still running.
1/1 simulations are still running.
--------------------------------------------------------------------------------
[2J
FireSim Simulation Status @ 2026-05-09 10:24:08.525606
--------------------------------------------------------------------------------
This workload's output is located in:
/home/ubuntu/chipyard/sims/firesim/deploy/results-workload/2026-05-09--10-12-23-rerocc-lc-linux-coupleddma-bertmini-pipeline-runtime-batch8-fileonly-sync-pairdummy-gdbserver-f2-gemmini-rerocc-pairmanager-dummy8x8-4c12p12-sbus64-linux-bertmini-batch8-fileonly-sync-gdbserver-cfg32-nic-notrace/
This run's log is located in:
/home/ubuntu/chipyard/sims/firesim/deploy/logs/2026-05-09--10-12-23-runworkload-LRDEUTGUUBWIAXNI.log
This status will update every 10s.
--------------------------------------------------------------------------------
Instances
--------------------------------------------------------------------------------
Hostname/IP: 192.168.1.127 | Terminated: [33mFalse[0m
--------------------------------------------------------------------------------
Simulated Switches
--------------------------------------------------------------------------------
Hostname/IP: 192.168.1.127 | Switch name: switch0 | Switch running: [32mTrue [0m
--------------------------------------------------------------------------------
Simulated Pipes
--------------------------------------------------------------------------------
--------------------------------------------------------------------------------
Simulated Nodes/Jobs
--------------------------------------------------------------------------------
Hostname/IP: 192.168.1.127 | Job: rerocc-lc-linux-coupleddma-bertmini-pipeline-runtime-batch8-fileonly-sync-pairdummy-gdbserver0 | Sim running: [33mTrue [0m
--------------------------------------------------------------------------------
Summary
--------------------------------------------------------------------------------
1/1 instances are still running.
1/1 simulations are still running.
--------------------------------------------------------------------------------
