[firesim-tmux] started at 2026-05-08T08:30:41Z
[firesim-tmux] working directory: /home/ubuntu/chipyard/sims/firesim/deploy
[firesim-tmux] command: firesim runworkload -c /home/ubuntu/chipyard/sims/firesim/deploy/config_runtime_f2_gemmini_rerocc_pairmanager_dummy8x8_4c12p12_sbus64_linux_bertmini_pipeline_runtime_batch8_fileonly_sync_gdbserver_cfg32_nic_notrace.yaml -a /home/ubuntu/chipyard/sims/firesim/deploy/config_hwdb_f2_gemmini_rerocc_pairmanager_dummy8x8_4c12p12_sbus64_bertmini_cfg32_nic_notrace.yaml -r /home/ubuntu/chipyard/sims/firesim-staging/sample_config_build_recipes.yaml
[firesim-tmux] propagated FIRESIM env vars: DMA_BASE_ID FIRESIM_RUNWORKLOAD_LIVE_IDLE_TIMEOUT_SECONDS FIRESIM_RUNWORKLOAD_MONITOR_SCRIPT GEMMINI_BASE_ID NUM_CORES NUM_DMA NUM_GEMMINI PAIR_MANAGER_MODE PIPELINE_RUNTIME_BREADCRUMB_ENABLE PIPELINE_RUNTIME_BREADCRUMB_GLOBAL_STAGE PIPELINE_RUNTIME_BREADCRUMB_LOCAL_STAGE PIPELINE_RUNTIME_BREADCRUMB_PATH PIPELINE_RUNTIME_BREADCRUMB_SEGMENT PIPELINE_RUNTIME_BREADCRUMB_STAGE_RADIUS PIPELINE_RUNTIME_BREADCRUMB_SUBBATCH PIPELINE_RUNTIME_BREADCRUMB_SUBBATCH_RADIUS PIPELINE_RUNTIME_DEBUG_TRIGGER_ENABLE PIPELINE_RUNTIME_DEBUG_TRIGGER_GLOBAL_STAGE PIPELINE_RUNTIME_DEBUG_TRIGGER_KIND PIPELINE_RUNTIME_DEBUG_TRIGGER_LOCAL_STAGE PIPELINE_RUNTIME_DEBUG_TRIGGER_LOG_PATH PIPELINE_RUNTIME_DEBUG_TRIGGER_MANAGER PIPELINE_RUNTIME_DEBUG_TRIGGER_MATCH_ONCE PIPELINE_RUNTIME_DEBUG_TRIGGER_PAGE PIPELINE_RUNTIME_DEBUG_TRIGGER_POST_BUDGET PIPELINE_RUNTIME_DEBUG_TRIGGER_PRE_RING PIPELINE_RUNTIME_DEBUG_TRIGGER_SEGMENT PIPELINE_RUNTIME_DEBUG_TRIGGER_SUBBATCH PIPELINE_RUNTIME_DEBUG_TRIGGER_TENSOR_ID PIPELINE_RUNTIME_DEBUG_TRIGGER_TOKEN PIPELINE_RUNTIME_DMA_BLOCKING_WAIT_POLL_TIMEOUT_ENABLE PIPELINE_RUNTIME_DMA_BOUNCE_BYPASS_ENABLE PIPELINE_RUNTIME_DMA_EXPORT_PAGE_END PIPELINE_RUNTIME_DMA_EXPORT_PAGE_START PIPELINE_RUNTIME_DMA_EXPORT_PROBE_ENABLE PIPELINE_RUNTIME_DMA_EXPORT_PROBE_TOKEN_END PIPELINE_RUNTIME_DMA_EXPORT_PROBE_TOKEN_START PIPELINE_RUNTIME_DMA_FIXED_LOAD_CHECKPOINT_ENABLE PIPELINE_RUNTIME_DMA_FIXED_LOAD_MONITOR_PROBE_ENABLE PIPELINE_RUNTIME_DMA_FIXED_LOAD_PAGE_END PIPELINE_RUNTIME_DMA_FIXED_LOAD_PAGE_START PIPELINE_RUNTIME_DMA_FIXED_LOAD_PRE_SRC_NOPS PIPELINE_RUNTIME_DMA_FIXED_LOAD_PROBE_ENABLE PIPELINE_RUNTIME_DMA_FIXED_LOAD_PROBE_STAGE_ID PIPELINE_RUNTIME_DMA_FIXED_LOAD_PROBE_TENSOR_ID PIPELINE_RUNTIME_DMA_FIXED_LOAD_PROBE_TOKEN_END PIPELINE_RUNTIME_DMA_FIXED_LOAD_PROBE_TOKEN_START PIPELINE_RUNTIME_DMA_FORCE_DIRECT_ENABLE PIPELINE_RUNTIME_DMA_SUBMIT_TRACE_ENABLE
[firesim-watchdog] armed timeout=10800s log=/home/ubuntu/chipyard/tmp/firesim-aws-f2/tmux/pairdummy-sbus64-dummy8x8-gdbserver-cfg32-nic-notrace-runworkload-20260508-083041.watchdog.log
[firesim-monitor] starting /home/ubuntu/chipyard/scripts/firesim-prt-host-watchdog.sh
[prt-host-watchdog] started at 2026-05-08T08:30:41Z
[prt-host-watchdog] runtime_config=/home/ubuntu/chipyard/sims/firesim/deploy/config_runtime_f2_gemmini_rerocc_pairmanager_dummy8x8_4c12p12_sbus64_linux_bertmini_pipeline_runtime_batch8_fileonly_sync_gdbserver_cfg32_nic_notrace.yaml
[prt-host-watchdog] idle_timeout_seconds=600 live_idle_timeout_seconds=3600 poll_seconds=30
[prt-host-watchdog] ssh_connect_timeout_seconds=10 probe_timeout_seconds=20 capture_timeout_seconds=180
[prt-host-watchdog] heartbeat_liveness_enable=1
[prt-host-watchdog] arm_on_guest_status_nonzero=1
/home/ubuntu/chipyard/.conda-env/lib/python3.10/site-packages/paramiko/transport.py:178: CryptographyDeprecationWarning: Blowfish has been deprecated
  'class': algorithms.Blowfish,
FireSim Manager. Docs: https://docs.fires.im
Running: runworkload

run_farm_hosts_dict defaultdict(<class 'list'>, {'f2.6xlarge': [(<runtools.run_farm.Inst object at 0x787abd653af0>, None)], 'f2.12xlarge': [], 'f2.48xlarge': [], 'm4.16xlarge': [], 'z1d.3xlarge': [], 'z1d.6xlarge': [], 'z1d.12xlarge': []})
set_server_hardware_config 0 None
[prt-host-watchdog] monitoring instance=i-0ff4f274d766b8903 private_ip=192.168.1.5
Creating the directory: /home/ubuntu/chipyard/sims/firesim/deploy/results-workload/2026-05-08--08-30-42-rerocc-lc-linux-coupleddma-bertmini-pipeline-runtime-batch8-fileonly-sync-pairdummy-gdbserver-f2-gemmini-rerocc-pairmanager-dummy8x8-4c12p12-sbus64-linux-bertmini-batch8-fileonly-sync-gdbserver-cfg32-nic-notrace/
[192.168.1.5] Checking if host instance is up...
[192.168.1.5] Starting switch simulation for switch slot: 0.
start_simulations_instance 1
[192.168.1.5] Starting FPGA simulation for slot: 0.
[192.168.1.5] Preflighting FireSim driver readiness for slot 0 (attempt 1/3).
Warning: run() received nonzero return code 1 while executing 'sudo pkill -SIGKILL FireSim-f2'!
[192.168.1.5] FireSim driver readiness preflight passed for slot 0.
start_sim_slot slotno: 0 server_id 0 remote_sim_dir /home/ubuntu/sim_slot_0/ /home/ubuntu
ul <runtools.firesim_topology_elements.FireSimLink object at 0x787abd530940>, ul.uplink_size <runtools.firesim_topology_elements.FireSimSwitchNode object at 0x787abd5305b0>
self <runtools.firesim_topology_elements.FireSimServerNode object at 0x787abd5307c0> id_internal 0  [] slotno 0
[2J
FireSim Simulation Status @ 2026-05-08 08:30:53.474356
--------------------------------------------------------------------------------
This workload's output is located in:
/home/ubuntu/chipyard/sims/firesim/deploy/results-workload/2026-05-08--08-30-42-rerocc-lc-linux-coupleddma-bertmini-pipeline-runtime-batch8-fileonly-sync-pairdummy-gdbserver-f2-gemmini-rerocc-pairmanager-dummy8x8-4c12p12-sbus64-linux-bertmini-batch8-fileonly-sync-gdbserver-cfg32-nic-notrace/
This run's log is located in:
/home/ubuntu/chipyard/sims/firesim/deploy/logs/2026-05-08--08-30-42-runworkload-RPS9V9VJ24OOFTUR.log
This status will update every 10s.
--------------------------------------------------------------------------------
Instances
--------------------------------------------------------------------------------
Hostname/IP: 192.168.1.5 | Terminated: [33mFalse[0m
--------------------------------------------------------------------------------
Simulated Switches
--------------------------------------------------------------------------------
Hostname/IP: 192.168.1.5 | Switch name: switch0 | Switch running: [32mTrue [0m
--------------------------------------------------------------------------------
Simulated Pipes
--------------------------------------------------------------------------------
--------------------------------------------------------------------------------
Simulated Nodes/Jobs
--------------------------------------------------------------------------------
Hostname/IP: 192.168.1.5 | Job: rerocc-lc-linux-coupleddma-bertmini-pipeline-runtime-batch8-fileonly-sync-pairdummy-gdbserver0 | Sim running: [33mTrue [0m
--------------------------------------------------------------------------------
Summary
--------------------------------------------------------------------------------
1/1 instances are still running.
1/1 simulations are still running.
--------------------------------------------------------------------------------
[2J
FireSim Simulation Status @ 2026-05-08 08:31:03.776685
--------------------------------------------------------------------------------
This workload's output is located in:
/home/ubuntu/chipyard/sims/firesim/deploy/results-workload/2026-05-08--08-30-42-rerocc-lc-linux-coupleddma-bertmini-pipeline-runtime-batch8-fileonly-sync-pairdummy-gdbserver-f2-gemmini-rerocc-pairmanager-dummy8x8-4c12p12-sbus64-linux-bertmini-batch8-fileonly-sync-gdbserver-cfg32-nic-notrace/
This run's log is located in:
/home/ubuntu/chipyard/sims/firesim/deploy/logs/2026-05-08--08-30-42-runworkload-RPS9V9VJ24OOFTUR.log
This status will update every 10s.
--------------------------------------------------------------------------------
Instances
--------------------------------------------------------------------------------
Hostname/IP: 192.168.1.5 | Terminated: [33mFalse[0m
--------------------------------------------------------------------------------
Simulated Switches
--------------------------------------------------------------------------------
Hostname/IP: 192.168.1.5 | Switch name: switch0 | Switch running: [32mTrue [0m
--------------------------------------------------------------------------------
Simulated Pipes
--------------------------------------------------------------------------------
--------------------------------------------------------------------------------
Simulated Nodes/Jobs
--------------------------------------------------------------------------------
Hostname/IP: 192.168.1.5 | Job: rerocc-lc-linux-coupleddma-bertmini-pipeline-runtime-batch8-fileonly-sync-pairdummy-gdbserver0 | Sim running: [33mTrue [0m
--------------------------------------------------------------------------------
Summary
--------------------------------------------------------------------------------
1/1 instances are still running.
1/1 simulations are still running.
--------------------------------------------------------------------------------
[2J
FireSim Simulation Status @ 2026-05-08 08:31:14.074983
--------------------------------------------------------------------------------
This workload's output is located in:
/home/ubuntu/chipyard/sims/firesim/deploy/results-workload/2026-05-08--08-30-42-rerocc-lc-linux-coupleddma-bertmini-pipeline-runtime-batch8-fileonly-sync-pairdummy-gdbserver-f2-gemmini-rerocc-pairmanager-dummy8x8-4c12p12-sbus64-linux-bertmini-batch8-fileonly-sync-gdbserver-cfg32-nic-notrace/
This run's log is located in:
/home/ubuntu/chipyard/sims/firesim/deploy/logs/2026-05-08--08-30-42-runworkload-RPS9V9VJ24OOFTUR.log
This status will update every 10s.
--------------------------------------------------------------------------------
Instances
--------------------------------------------------------------------------------
Hostname/IP: 192.168.1.5 | Terminated: [33mFalse[0m
--------------------------------------------------------------------------------
Simulated Switches
--------------------------------------------------------------------------------
Hostname/IP: 192.168.1.5 | Switch name: switch0 | Switch running: [32mTrue [0m
--------------------------------------------------------------------------------
Simulated Pipes
--------------------------------------------------------------------------------
--------------------------------------------------------------------------------
Simulated Nodes/Jobs
--------------------------------------------------------------------------------
Hostname/IP: 192.168.1.5 | Job: rerocc-lc-linux-coupleddma-bertmini-pipeline-runtime-batch8-fileonly-sync-pairdummy-gdbserver0 | Sim running: [33mTrue [0m
--------------------------------------------------------------------------------
Summary
--------------------------------------------------------------------------------
1/1 instances are still running.
1/1 simulations are still running.
--------------------------------------------------------------------------------
[2J
FireSim Simulation Status @ 2026-05-08 08:31:24.381104
--------------------------------------------------------------------------------
This workload's output is located in:
/home/ubuntu/chipyard/sims/firesim/deploy/results-workload/2026-05-08--08-30-42-rerocc-lc-linux-coupleddma-bertmini-pipeline-runtime-batch8-fileonly-sync-pairdummy-gdbserver-f2-gemmini-rerocc-pairmanager-dummy8x8-4c12p12-sbus64-linux-bertmini-batch8-fileonly-sync-gdbserver-cfg32-nic-notrace/
This run's log is located in:
/home/ubuntu/chipyard/sims/firesim/deploy/logs/2026-05-08--08-30-42-runworkload-RPS9V9VJ24OOFTUR.log
This status will update every 10s.
--------------------------------------------------------------------------------
Instances
--------------------------------------------------------------------------------
Hostname/IP: 192.168.1.5 | Terminated: [33mFalse[0m
--------------------------------------------------------------------------------
Simulated Switches
--------------------------------------------------------------------------------
Hostname/IP: 192.168.1.5 | Switch name: switch0 | Switch running: [32mTrue [0m
--------------------------------------------------------------------------------
Simulated Pipes
--------------------------------------------------------------------------------
--------------------------------------------------------------------------------
Simulated Nodes/Jobs
--------------------------------------------------------------------------------
Hostname/IP: 192.168.1.5 | Job: rerocc-lc-linux-coupleddma-bertmini-pipeline-runtime-batch8-fileonly-sync-pairdummy-gdbserver0 | Sim running: [33mTrue [0m
--------------------------------------------------------------------------------
Summary
--------------------------------------------------------------------------------
1/1 instances are still running.
1/1 simulations are still running.
--------------------------------------------------------------------------------
[2J
FireSim Simulation Status @ 2026-05-08 08:31:34.698786
--------------------------------------------------------------------------------
This workload's output is located in:
/home/ubuntu/chipyard/sims/firesim/deploy/results-workload/2026-05-08--08-30-42-rerocc-lc-linux-coupleddma-bertmini-pipeline-runtime-batch8-fileonly-sync-pairdummy-gdbserver-f2-gemmini-rerocc-pairmanager-dummy8x8-4c12p12-sbus64-linux-bertmini-batch8-fileonly-sync-gdbserver-cfg32-nic-notrace/
This run's log is located in:
/home/ubuntu/chipyard/sims/firesim/deploy/logs/2026-05-08--08-30-42-runworkload-RPS9V9VJ24OOFTUR.log
This status will update every 10s.
--------------------------------------------------------------------------------
Instances
--------------------------------------------------------------------------------
Hostname/IP: 192.168.1.5 | Terminated: [33mFalse[0m
--------------------------------------------------------------------------------
Simulated Switches
--------------------------------------------------------------------------------
Hostname/IP: 192.168.1.5 | Switch name: switch0 | Switch running: [32mTrue [0m
--------------------------------------------------------------------------------
Simulated Pipes
--------------------------------------------------------------------------------
--------------------------------------------------------------------------------
Simulated Nodes/Jobs
--------------------------------------------------------------------------------
Hostname/IP: 192.168.1.5 | Job: rerocc-lc-linux-coupleddma-bertmini-pipeline-runtime-batch8-fileonly-sync-pairdummy-gdbserver0 | Sim running: [33mTrue [0m
--------------------------------------------------------------------------------
Summary
--------------------------------------------------------------------------------
1/1 instances are still running.
1/1 simulations are still running.
--------------------------------------------------------------------------------
[2J
FireSim Simulation Status @ 2026-05-08 08:31:45.248964
--------------------------------------------------------------------------------
This workload's output is located in:
/home/ubuntu/chipyard/sims/firesim/deploy/results-workload/2026-05-08--08-30-42-rerocc-lc-linux-coupleddma-bertmini-pipeline-runtime-batch8-fileonly-sync-pairdummy-gdbserver-f2-gemmini-rerocc-pairmanager-dummy8x8-4c12p12-sbus64-linux-bertmini-batch8-fileonly-sync-gdbserver-cfg32-nic-notrace/
This run's log is located in:
/home/ubuntu/chipyard/sims/firesim/deploy/logs/2026-05-08--08-30-42-runworkload-RPS9V9VJ24OOFTUR.log
This status will update every 10s.
--------------------------------------------------------------------------------
Instances
--------------------------------------------------------------------------------
Hostname/IP: 192.168.1.5 | Terminated: [33mFalse[0m
--------------------------------------------------------------------------------
Simulated Switches
--------------------------------------------------------------------------------
Hostname/IP: 192.168.1.5 | Switch name: switch0 | Switch running: [32mTrue [0m
--------------------------------------------------------------------------------
Simulated Pipes
--------------------------------------------------------------------------------
--------------------------------------------------------------------------------
Simulated Nodes/Jobs
--------------------------------------------------------------------------------
Hostname/IP: 192.168.1.5 | Job: rerocc-lc-linux-coupleddma-bertmini-pipeline-runtime-batch8-fileonly-sync-pairdummy-gdbserver0 | Sim running: [33mTrue [0m
--------------------------------------------------------------------------------
Summary
--------------------------------------------------------------------------------
1/1 instances are still running.
1/1 simulations are still running.
--------------------------------------------------------------------------------
[2J
FireSim Simulation Status @ 2026-05-08 08:31:55.555645
--------------------------------------------------------------------------------
This workload's output is located in:
/home/ubuntu/chipyard/sims/firesim/deploy/results-workload/2026-05-08--08-30-42-rerocc-lc-linux-coupleddma-bertmini-pipeline-runtime-batch8-fileonly-sync-pairdummy-gdbserver-f2-gemmini-rerocc-pairmanager-dummy8x8-4c12p12-sbus64-linux-bertmini-batch8-fileonly-sync-gdbserver-cfg32-nic-notrace/
This run's log is located in:
/home/ubuntu/chipyard/sims/firesim/deploy/logs/2026-05-08--08-30-42-runworkload-RPS9V9VJ24OOFTUR.log
This status will update every 10s.
--------------------------------------------------------------------------------
Instances
--------------------------------------------------------------------------------
Hostname/IP: 192.168.1.5 | Terminated: [33mFalse[0m
--------------------------------------------------------------------------------
Simulated Switches
--------------------------------------------------------------------------------
Hostname/IP: 192.168.1.5 | Switch name: switch0 | Switch running: [32mTrue [0m
--------------------------------------------------------------------------------
Simulated Pipes
--------------------------------------------------------------------------------
--------------------------------------------------------------------------------
Simulated Nodes/Jobs
--------------------------------------------------------------------------------
Hostname/IP: 192.168.1.5 | Job: rerocc-lc-linux-coupleddma-bertmini-pipeline-runtime-batch8-fileonly-sync-pairdummy-gdbserver0 | Sim running: [33mTrue [0m
--------------------------------------------------------------------------------
Summary
--------------------------------------------------------------------------------
1/1 instances are still running.
1/1 simulations are still running.
--------------------------------------------------------------------------------
[2J
FireSim Simulation Status @ 2026-05-08 08:32:05.858233
--------------------------------------------------------------------------------
This workload's output is located in:
/home/ubuntu/chipyard/sims/firesim/deploy/results-workload/2026-05-08--08-30-42-rerocc-lc-linux-coupleddma-bertmini-pipeline-runtime-batch8-fileonly-sync-pairdummy-gdbserver-f2-gemmini-rerocc-pairmanager-dummy8x8-4c12p12-sbus64-linux-bertmini-batch8-fileonly-sync-gdbserver-cfg32-nic-notrace/
This run's log is located in:
/home/ubuntu/chipyard/sims/firesim/deploy/logs/2026-05-08--08-30-42-runworkload-RPS9V9VJ24OOFTUR.log
This status will update every 10s.
--------------------------------------------------------------------------------
Instances
--------------------------------------------------------------------------------
Hostname/IP: 192.168.1.5 | Terminated: [33mFalse[0m
--------------------------------------------------------------------------------
Simulated Switches
--------------------------------------------------------------------------------
Hostname/IP: 192.168.1.5 | Switch name: switch0 | Switch running: [32mTrue [0m
--------------------------------------------------------------------------------
Simulated Pipes
--------------------------------------------------------------------------------
--------------------------------------------------------------------------------
Simulated Nodes/Jobs
--------------------------------------------------------------------------------
Hostname/IP: 192.168.1.5 | Job: rerocc-lc-linux-coupleddma-bertmini-pipeline-runtime-batch8-fileonly-sync-pairdummy-gdbserver0 | Sim running: [33mTrue [0m
--------------------------------------------------------------------------------
Summary
--------------------------------------------------------------------------------
1/1 instances are still running.
1/1 simulations are still running.
--------------------------------------------------------------------------------
[2J
FireSim Simulation Status @ 2026-05-08 08:32:16.177016
--------------------------------------------------------------------------------
This workload's output is located in:
/home/ubuntu/chipyard/sims/firesim/deploy/results-workload/2026-05-08--08-30-42-rerocc-lc-linux-coupleddma-bertmini-pipeline-runtime-batch8-fileonly-sync-pairdummy-gdbserver-f2-gemmini-rerocc-pairmanager-dummy8x8-4c12p12-sbus64-linux-bertmini-batch8-fileonly-sync-gdbserver-cfg32-nic-notrace/
This run's log is located in:
/home/ubuntu/chipyard/sims/firesim/deploy/logs/2026-05-08--08-30-42-runworkload-RPS9V9VJ24OOFTUR.log
This status will update every 10s.
--------------------------------------------------------------------------------
Instances
--------------------------------------------------------------------------------
Hostname/IP: 192.168.1.5 | Terminated: [33mFalse[0m
--------------------------------------------------------------------------------
Simulated Switches
--------------------------------------------------------------------------------
Hostname/IP: 192.168.1.5 | Switch name: switch0 | Switch running: [32mTrue [0m
--------------------------------------------------------------------------------
Simulated Pipes
--------------------------------------------------------------------------------
--------------------------------------------------------------------------------
Simulated Nodes/Jobs
--------------------------------------------------------------------------------
Hostname/IP: 192.168.1.5 | Job: rerocc-lc-linux-coupleddma-bertmini-pipeline-runtime-batch8-fileonly-sync-pairdummy-gdbserver0 | Sim running: [33mTrue [0m
--------------------------------------------------------------------------------
Summary
--------------------------------------------------------------------------------
1/1 instances are still running.
1/1 simulations are still running.
--------------------------------------------------------------------------------
[2J
FireSim Simulation Status @ 2026-05-08 08:32:26.494066
--------------------------------------------------------------------------------
This workload's output is located in:
/home/ubuntu/chipyard/sims/firesim/deploy/results-workload/2026-05-08--08-30-42-rerocc-lc-linux-coupleddma-bertmini-pipeline-runtime-batch8-fileonly-sync-pairdummy-gdbserver-f2-gemmini-rerocc-pairmanager-dummy8x8-4c12p12-sbus64-linux-bertmini-batch8-fileonly-sync-gdbserver-cfg32-nic-notrace/
This run's log is located in:
/home/ubuntu/chipyard/sims/firesim/deploy/logs/2026-05-08--08-30-42-runworkload-RPS9V9VJ24OOFTUR.log
This status will update every 10s.
--------------------------------------------------------------------------------
Instances
--------------------------------------------------------------------------------
Hostname/IP: 192.168.1.5 | Terminated: [33mFalse[0m
--------------------------------------------------------------------------------
Simulated Switches
--------------------------------------------------------------------------------
Hostname/IP: 192.168.1.5 | Switch name: switch0 | Switch running: [32mTrue [0m
--------------------------------------------------------------------------------
Simulated Pipes
--------------------------------------------------------------------------------
--------------------------------------------------------------------------------
Simulated Nodes/Jobs
--------------------------------------------------------------------------------
Hostname/IP: 192.168.1.5 | Job: rerocc-lc-linux-coupleddma-bertmini-pipeline-runtime-batch8-fileonly-sync-pairdummy-gdbserver0 | Sim running: [33mTrue [0m
--------------------------------------------------------------------------------
Summary
--------------------------------------------------------------------------------
1/1 instances are still running.
1/1 simulations are still running.
--------------------------------------------------------------------------------
[2J
FireSim Simulation Status @ 2026-05-08 08:32:36.802145
--------------------------------------------------------------------------------
This workload's output is located in:
/home/ubuntu/chipyard/sims/firesim/deploy/results-workload/2026-05-08--08-30-42-rerocc-lc-linux-coupleddma-bertmini-pipeline-runtime-batch8-fileonly-sync-pairdummy-gdbserver-f2-gemmini-rerocc-pairmanager-dummy8x8-4c12p12-sbus64-linux-bertmini-batch8-fileonly-sync-gdbserver-cfg32-nic-notrace/
This run's log is located in:
/home/ubuntu/chipyard/sims/firesim/deploy/logs/2026-05-08--08-30-42-runworkload-RPS9V9VJ24OOFTUR.log
This status will update every 10s.
--------------------------------------------------------------------------------
Instances
--------------------------------------------------------------------------------
Hostname/IP: 192.168.1.5 | Terminated: [33mFalse[0m
--------------------------------------------------------------------------------
Simulated Switches
--------------------------------------------------------------------------------
Hostname/IP: 192.168.1.5 | Switch name: switch0 | Switch running: [32mTrue [0m
--------------------------------------------------------------------------------
Simulated Pipes
--------------------------------------------------------------------------------
--------------------------------------------------------------------------------
Simulated Nodes/Jobs
--------------------------------------------------------------------------------
Hostname/IP: 192.168.1.5 | Job: rerocc-lc-linux-coupleddma-bertmini-pipeline-runtime-batch8-fileonly-sync-pairdummy-gdbserver0 | Sim running: [33mTrue [0m
--------------------------------------------------------------------------------
Summary
--------------------------------------------------------------------------------
1/1 instances are still running.
1/1 simulations are still running.
--------------------------------------------------------------------------------
[2J
FireSim Simulation Status @ 2026-05-08 08:32:47.335478
--------------------------------------------------------------------------------
This workload's output is located in:
/home/ubuntu/chipyard/sims/firesim/deploy/results-workload/2026-05-08--08-30-42-rerocc-lc-linux-coupleddma-bertmini-pipeline-runtime-batch8-fileonly-sync-pairdummy-gdbserver-f2-gemmini-rerocc-pairmanager-dummy8x8-4c12p12-sbus64-linux-bertmini-batch8-fileonly-sync-gdbserver-cfg32-nic-notrace/
This run's log is located in:
/home/ubuntu/chipyard/sims/firesim/deploy/logs/2026-05-08--08-30-42-runworkload-RPS9V9VJ24OOFTUR.log
This status will update every 10s.
--------------------------------------------------------------------------------
Instances
--------------------------------------------------------------------------------
Hostname/IP: 192.168.1.5 | Terminated: [33mFalse[0m
--------------------------------------------------------------------------------
Simulated Switches
--------------------------------------------------------------------------------
Hostname/IP: 192.168.1.5 | Switch name: switch0 | Switch running: [32mTrue [0m
--------------------------------------------------------------------------------
Simulated Pipes
--------------------------------------------------------------------------------
--------------------------------------------------------------------------------
Simulated Nodes/Jobs
--------------------------------------------------------------------------------
Hostname/IP: 192.168.1.5 | Job: rerocc-lc-linux-coupleddma-bertmini-pipeline-runtime-batch8-fileonly-sync-pairdummy-gdbserver0 | Sim running: [33mTrue [0m
--------------------------------------------------------------------------------
Summary
--------------------------------------------------------------------------------
1/1 instances are still running.
1/1 simulations are still running.
--------------------------------------------------------------------------------
[2J
FireSim Simulation Status @ 2026-05-08 08:32:57.648757
--------------------------------------------------------------------------------
This workload's output is located in:
/home/ubuntu/chipyard/sims/firesim/deploy/results-workload/2026-05-08--08-30-42-rerocc-lc-linux-coupleddma-bertmini-pipeline-runtime-batch8-fileonly-sync-pairdummy-gdbserver-f2-gemmini-rerocc-pairmanager-dummy8x8-4c12p12-sbus64-linux-bertmini-batch8-fileonly-sync-gdbserver-cfg32-nic-notrace/
This run's log is located in:
/home/ubuntu/chipyard/sims/firesim/deploy/logs/2026-05-08--08-30-42-runworkload-RPS9V9VJ24OOFTUR.log
This status will update every 10s.
--------------------------------------------------------------------------------
Instances
--------------------------------------------------------------------------------
Hostname/IP: 192.168.1.5 | Terminated: [33mFalse[0m
--------------------------------------------------------------------------------
Simulated Switches
--------------------------------------------------------------------------------
Hostname/IP: 192.168.1.5 | Switch name: switch0 | Switch running: [32mTrue [0m
--------------------------------------------------------------------------------
Simulated Pipes
--------------------------------------------------------------------------------
--------------------------------------------------------------------------------
Simulated Nodes/Jobs
--------------------------------------------------------------------------------
Hostname/IP: 192.168.1.5 | Job: rerocc-lc-linux-coupleddma-bertmini-pipeline-runtime-batch8-fileonly-sync-pairdummy-gdbserver0 | Sim running: [33mTrue [0m
--------------------------------------------------------------------------------
Summary
--------------------------------------------------------------------------------
1/1 instances are still running.
1/1 simulations are still running.
--------------------------------------------------------------------------------
[2J
FireSim Simulation Status @ 2026-05-08 08:33:07.966936
--------------------------------------------------------------------------------
This workload's output is located in:
/home/ubuntu/chipyard/sims/firesim/deploy/results-workload/2026-05-08--08-30-42-rerocc-lc-linux-coupleddma-bertmini-pipeline-runtime-batch8-fileonly-sync-pairdummy-gdbserver-f2-gemmini-rerocc-pairmanager-dummy8x8-4c12p12-sbus64-linux-bertmini-batch8-fileonly-sync-gdbserver-cfg32-nic-notrace/
This run's log is located in:
/home/ubuntu/chipyard/sims/firesim/deploy/logs/2026-05-08--08-30-42-runworkload-RPS9V9VJ24OOFTUR.log
This status will update every 10s.
--------------------------------------------------------------------------------
Instances
--------------------------------------------------------------------------------
Hostname/IP: 192.168.1.5 | Terminated: [33mFalse[0m
--------------------------------------------------------------------------------
Simulated Switches
--------------------------------------------------------------------------------
Hostname/IP: 192.168.1.5 | Switch name: switch0 | Switch running: [32mTrue [0m
--------------------------------------------------------------------------------
Simulated Pipes
--------------------------------------------------------------------------------
--------------------------------------------------------------------------------
Simulated Nodes/Jobs
--------------------------------------------------------------------------------
Hostname/IP: 192.168.1.5 | Job: rerocc-lc-linux-coupleddma-bertmini-pipeline-runtime-batch8-fileonly-sync-pairdummy-gdbserver0 | Sim running: [33mTrue [0m
--------------------------------------------------------------------------------
Summary
--------------------------------------------------------------------------------
1/1 instances are still running.
1/1 simulations are still running.
--------------------------------------------------------------------------------
[2J
FireSim Simulation Status @ 2026-05-08 08:33:18.273748
--------------------------------------------------------------------------------
This workload's output is located in:
/home/ubuntu/chipyard/sims/firesim/deploy/results-workload/2026-05-08--08-30-42-rerocc-lc-linux-coupleddma-bertmini-pipeline-runtime-batch8-fileonly-sync-pairdummy-gdbserver-f2-gemmini-rerocc-pairmanager-dummy8x8-4c12p12-sbus64-linux-bertmini-batch8-fileonly-sync-gdbserver-cfg32-nic-notrace/
This run's log is located in:
/home/ubuntu/chipyard/sims/firesim/deploy/logs/2026-05-08--08-30-42-runworkload-RPS9V9VJ24OOFTUR.log
This status will update every 10s.
--------------------------------------------------------------------------------
Instances
--------------------------------------------------------------------------------
Hostname/IP: 192.168.1.5 | Terminated: [33mFalse[0m
--------------------------------------------------------------------------------
Simulated Switches
--------------------------------------------------------------------------------
Hostname/IP: 192.168.1.5 | Switch name: switch0 | Switch running: [32mTrue [0m
--------------------------------------------------------------------------------
Simulated Pipes
--------------------------------------------------------------------------------
--------------------------------------------------------------------------------
Simulated Nodes/Jobs
--------------------------------------------------------------------------------
Hostname/IP: 192.168.1.5 | Job: rerocc-lc-linux-coupleddma-bertmini-pipeline-runtime-batch8-fileonly-sync-pairdummy-gdbserver0 | Sim running: [33mTrue [0m
--------------------------------------------------------------------------------
Summary
--------------------------------------------------------------------------------
1/1 instances are still running.
1/1 simulations are still running.
--------------------------------------------------------------------------------
[2J
FireSim Simulation Status @ 2026-05-08 08:33:28.581996
--------------------------------------------------------------------------------
This workload's output is located in:
/home/ubuntu/chipyard/sims/firesim/deploy/results-workload/2026-05-08--08-30-42-rerocc-lc-linux-coupleddma-bertmini-pipeline-runtime-batch8-fileonly-sync-pairdummy-gdbserver-f2-gemmini-rerocc-pairmanager-dummy8x8-4c12p12-sbus64-linux-bertmini-batch8-fileonly-sync-gdbserver-cfg32-nic-notrace/
This run's log is located in:
/home/ubuntu/chipyard/sims/firesim/deploy/logs/2026-05-08--08-30-42-runworkload-RPS9V9VJ24OOFTUR.log
This status will update every 10s.
--------------------------------------------------------------------------------
Instances
--------------------------------------------------------------------------------
Hostname/IP: 192.168.1.5 | Terminated: [33mFalse[0m
--------------------------------------------------------------------------------
Simulated Switches
--------------------------------------------------------------------------------
Hostname/IP: 192.168.1.5 | Switch name: switch0 | Switch running: [32mTrue [0m
--------------------------------------------------------------------------------
Simulated Pipes
--------------------------------------------------------------------------------
--------------------------------------------------------------------------------
Simulated Nodes/Jobs
--------------------------------------------------------------------------------
Hostname/IP: 192.168.1.5 | Job: rerocc-lc-linux-coupleddma-bertmini-pipeline-runtime-batch8-fileonly-sync-pairdummy-gdbserver0 | Sim running: [33mTrue [0m
--------------------------------------------------------------------------------
Summary
--------------------------------------------------------------------------------
1/1 instances are still running.
1/1 simulations are still running.
--------------------------------------------------------------------------------
[2J
FireSim Simulation Status @ 2026-05-08 08:33:38.900635
--------------------------------------------------------------------------------
This workload's output is located in:
/home/ubuntu/chipyard/sims/firesim/deploy/results-workload/2026-05-08--08-30-42-rerocc-lc-linux-coupleddma-bertmini-pipeline-runtime-batch8-fileonly-sync-pairdummy-gdbserver-f2-gemmini-rerocc-pairmanager-dummy8x8-4c12p12-sbus64-linux-bertmini-batch8-fileonly-sync-gdbserver-cfg32-nic-notrace/
This run's log is located in:
/home/ubuntu/chipyard/sims/firesim/deploy/logs/2026-05-08--08-30-42-runworkload-RPS9V9VJ24OOFTUR.log
This status will update every 10s.
--------------------------------------------------------------------------------
Instances
--------------------------------------------------------------------------------
Hostname/IP: 192.168.1.5 | Terminated: [33mFalse[0m
--------------------------------------------------------------------------------
Simulated Switches
--------------------------------------------------------------------------------
Hostname/IP: 192.168.1.5 | Switch name: switch0 | Switch running: [32mTrue [0m
--------------------------------------------------------------------------------
Simulated Pipes
--------------------------------------------------------------------------------
--------------------------------------------------------------------------------
Simulated Nodes/Jobs
--------------------------------------------------------------------------------
Hostname/IP: 192.168.1.5 | Job: rerocc-lc-linux-coupleddma-bertmini-pipeline-runtime-batch8-fileonly-sync-pairdummy-gdbserver0 | Sim running: [33mTrue [0m
--------------------------------------------------------------------------------
Summary
--------------------------------------------------------------------------------
1/1 instances are still running.
1/1 simulations are still running.
--------------------------------------------------------------------------------
[2J
FireSim Simulation Status @ 2026-05-08 08:33:49.439352
--------------------------------------------------------------------------------
This workload's output is located in:
/home/ubuntu/chipyard/sims/firesim/deploy/results-workload/2026-05-08--08-30-42-rerocc-lc-linux-coupleddma-bertmini-pipeline-runtime-batch8-fileonly-sync-pairdummy-gdbserver-f2-gemmini-rerocc-pairmanager-dummy8x8-4c12p12-sbus64-linux-bertmini-batch8-fileonly-sync-gdbserver-cfg32-nic-notrace/
This run's log is located in:
/home/ubuntu/chipyard/sims/firesim/deploy/logs/2026-05-08--08-30-42-runworkload-RPS9V9VJ24OOFTUR.log
This status will update every 10s.
--------------------------------------------------------------------------------
Instances
--------------------------------------------------------------------------------
Hostname/IP: 192.168.1.5 | Terminated: [33mFalse[0m
--------------------------------------------------------------------------------
Simulated Switches
--------------------------------------------------------------------------------
Hostname/IP: 192.168.1.5 | Switch name: switch0 | Switch running: [32mTrue [0m
--------------------------------------------------------------------------------
Simulated Pipes
--------------------------------------------------------------------------------
--------------------------------------------------------------------------------
Simulated Nodes/Jobs
--------------------------------------------------------------------------------
Hostname/IP: 192.168.1.5 | Job: rerocc-lc-linux-coupleddma-bertmini-pipeline-runtime-batch8-fileonly-sync-pairdummy-gdbserver0 | Sim running: [33mTrue [0m
--------------------------------------------------------------------------------
Summary
--------------------------------------------------------------------------------
1/1 instances are still running.
1/1 simulations are still running.
--------------------------------------------------------------------------------
[2J
FireSim Simulation Status @ 2026-05-08 08:33:59.747349
--------------------------------------------------------------------------------
This workload's output is located in:
/home/ubuntu/chipyard/sims/firesim/deploy/results-workload/2026-05-08--08-30-42-rerocc-lc-linux-coupleddma-bertmini-pipeline-runtime-batch8-fileonly-sync-pairdummy-gdbserver-f2-gemmini-rerocc-pairmanager-dummy8x8-4c12p12-sbus64-linux-bertmini-batch8-fileonly-sync-gdbserver-cfg32-nic-notrace/
This run's log is located in:
/home/ubuntu/chipyard/sims/firesim/deploy/logs/2026-05-08--08-30-42-runworkload-RPS9V9VJ24OOFTUR.log
This status will update every 10s.
--------------------------------------------------------------------------------
Instances
--------------------------------------------------------------------------------
Hostname/IP: 192.168.1.5 | Terminated: [33mFalse[0m
--------------------------------------------------------------------------------
Simulated Switches
--------------------------------------------------------------------------------
Hostname/IP: 192.168.1.5 | Switch name: switch0 | Switch running: [32mTrue [0m
--------------------------------------------------------------------------------
Simulated Pipes
--------------------------------------------------------------------------------
--------------------------------------------------------------------------------
Simulated Nodes/Jobs
--------------------------------------------------------------------------------
Hostname/IP: 192.168.1.5 | Job: rerocc-lc-linux-coupleddma-bertmini-pipeline-runtime-batch8-fileonly-sync-pairdummy-gdbserver0 | Sim running: [33mTrue [0m
--------------------------------------------------------------------------------
Summary
--------------------------------------------------------------------------------
1/1 instances are still running.
1/1 simulations are still running.
--------------------------------------------------------------------------------
[2J
FireSim Simulation Status @ 2026-05-08 08:34:10.054911
--------------------------------------------------------------------------------
This workload's output is located in:
/home/ubuntu/chipyard/sims/firesim/deploy/results-workload/2026-05-08--08-30-42-rerocc-lc-linux-coupleddma-bertmini-pipeline-runtime-batch8-fileonly-sync-pairdummy-gdbserver-f2-gemmini-rerocc-pairmanager-dummy8x8-4c12p12-sbus64-linux-bertmini-batch8-fileonly-sync-gdbserver-cfg32-nic-notrace/
This run's log is located in:
/home/ubuntu/chipyard/sims/firesim/deploy/logs/2026-05-08--08-30-42-runworkload-RPS9V9VJ24OOFTUR.log
This status will update every 10s.
--------------------------------------------------------------------------------
Instances
--------------------------------------------------------------------------------
Hostname/IP: 192.168.1.5 | Terminated: [33mFalse[0m
--------------------------------------------------------------------------------
Simulated Switches
--------------------------------------------------------------------------------
Hostname/IP: 192.168.1.5 | Switch name: switch0 | Switch running: [32mTrue [0m
--------------------------------------------------------------------------------
Simulated Pipes
--------------------------------------------------------------------------------
--------------------------------------------------------------------------------
Simulated Nodes/Jobs
--------------------------------------------------------------------------------
Hostname/IP: 192.168.1.5 | Job: rerocc-lc-linux-coupleddma-bertmini-pipeline-runtime-batch8-fileonly-sync-pairdummy-gdbserver0 | Sim running: [33mTrue [0m
--------------------------------------------------------------------------------
Summary
--------------------------------------------------------------------------------
1/1 instances are still running.
1/1 simulations are still running.
--------------------------------------------------------------------------------
[2J
FireSim Simulation Status @ 2026-05-08 08:34:20.367845
--------------------------------------------------------------------------------
This workload's output is located in:
/home/ubuntu/chipyard/sims/firesim/deploy/results-workload/2026-05-08--08-30-42-rerocc-lc-linux-coupleddma-bertmini-pipeline-runtime-batch8-fileonly-sync-pairdummy-gdbserver-f2-gemmini-rerocc-pairmanager-dummy8x8-4c12p12-sbus64-linux-bertmini-batch8-fileonly-sync-gdbserver-cfg32-nic-notrace/
This run's log is located in:
/home/ubuntu/chipyard/sims/firesim/deploy/logs/2026-05-08--08-30-42-runworkload-RPS9V9VJ24OOFTUR.log
This status will update every 10s.
--------------------------------------------------------------------------------
Instances
--------------------------------------------------------------------------------
Hostname/IP: 192.168.1.5 | Terminated: [33mFalse[0m
--------------------------------------------------------------------------------
Simulated Switches
--------------------------------------------------------------------------------
Hostname/IP: 192.168.1.5 | Switch name: switch0 | Switch running: [32mTrue [0m
--------------------------------------------------------------------------------
Simulated Pipes
--------------------------------------------------------------------------------
--------------------------------------------------------------------------------
Simulated Nodes/Jobs
--------------------------------------------------------------------------------
Hostname/IP: 192.168.1.5 | Job: rerocc-lc-linux-coupleddma-bertmini-pipeline-runtime-batch8-fileonly-sync-pairdummy-gdbserver0 | Sim running: [33mTrue [0m
--------------------------------------------------------------------------------
Summary
--------------------------------------------------------------------------------
1/1 instances are still running.
1/1 simulations are still running.
--------------------------------------------------------------------------------
[2J
FireSim Simulation Status @ 2026-05-08 08:34:30.676036
--------------------------------------------------------------------------------
This workload's output is located in:
/home/ubuntu/chipyard/sims/firesim/deploy/results-workload/2026-05-08--08-30-42-rerocc-lc-linux-coupleddma-bertmini-pipeline-runtime-batch8-fileonly-sync-pairdummy-gdbserver-f2-gemmini-rerocc-pairmanager-dummy8x8-4c12p12-sbus64-linux-bertmini-batch8-fileonly-sync-gdbserver-cfg32-nic-notrace/
This run's log is located in:
/home/ubuntu/chipyard/sims/firesim/deploy/logs/2026-05-08--08-30-42-runworkload-RPS9V9VJ24OOFTUR.log
This status will update every 10s.
--------------------------------------------------------------------------------
Instances
--------------------------------------------------------------------------------
Hostname/IP: 192.168.1.5 | Terminated: [33mFalse[0m
--------------------------------------------------------------------------------
Simulated Switches
--------------------------------------------------------------------------------
Hostname/IP: 192.168.1.5 | Switch name: switch0 | Switch running: [32mTrue [0m
--------------------------------------------------------------------------------
Simulated Pipes
--------------------------------------------------------------------------------
--------------------------------------------------------------------------------
Simulated Nodes/Jobs
--------------------------------------------------------------------------------
Hostname/IP: 192.168.1.5 | Job: rerocc-lc-linux-coupleddma-bertmini-pipeline-runtime-batch8-fileonly-sync-pairdummy-gdbserver0 | Sim running: [33mTrue [0m
--------------------------------------------------------------------------------
Summary
--------------------------------------------------------------------------------
1/1 instances are still running.
1/1 simulations are still running.
--------------------------------------------------------------------------------
[2J
FireSim Simulation Status @ 2026-05-08 08:34:40.984101
--------------------------------------------------------------------------------
This workload's output is located in:
/home/ubuntu/chipyard/sims/firesim/deploy/results-workload/2026-05-08--08-30-42-rerocc-lc-linux-coupleddma-bertmini-pipeline-runtime-batch8-fileonly-sync-pairdummy-gdbserver-f2-gemmini-rerocc-pairmanager-dummy8x8-4c12p12-sbus64-linux-bertmini-batch8-fileonly-sync-gdbserver-cfg32-nic-notrace/
This run's log is located in:
/home/ubuntu/chipyard/sims/firesim/deploy/logs/2026-05-08--08-30-42-runworkload-RPS9V9VJ24OOFTUR.log
This status will update every 10s.
--------------------------------------------------------------------------------
Instances
--------------------------------------------------------------------------------
Hostname/IP: 192.168.1.5 | Terminated: [33mFalse[0m
--------------------------------------------------------------------------------
Simulated Switches
--------------------------------------------------------------------------------
Hostname/IP: 192.168.1.5 | Switch name: switch0 | Switch running: [32mTrue [0m
--------------------------------------------------------------------------------
Simulated Pipes
--------------------------------------------------------------------------------
--------------------------------------------------------------------------------
Simulated Nodes/Jobs
--------------------------------------------------------------------------------
Hostname/IP: 192.168.1.5 | Job: rerocc-lc-linux-coupleddma-bertmini-pipeline-runtime-batch8-fileonly-sync-pairdummy-gdbserver0 | Sim running: [33mTrue [0m
--------------------------------------------------------------------------------
Summary
--------------------------------------------------------------------------------
1/1 instances are still running.
1/1 simulations are still running.
--------------------------------------------------------------------------------
[2J
FireSim Simulation Status @ 2026-05-08 08:34:51.516256
--------------------------------------------------------------------------------
This workload's output is located in:
/home/ubuntu/chipyard/sims/firesim/deploy/results-workload/2026-05-08--08-30-42-rerocc-lc-linux-coupleddma-bertmini-pipeline-runtime-batch8-fileonly-sync-pairdummy-gdbserver-f2-gemmini-rerocc-pairmanager-dummy8x8-4c12p12-sbus64-linux-bertmini-batch8-fileonly-sync-gdbserver-cfg32-nic-notrace/
This run's log is located in:
/home/ubuntu/chipyard/sims/firesim/deploy/logs/2026-05-08--08-30-42-runworkload-RPS9V9VJ24OOFTUR.log
This status will update every 10s.
--------------------------------------------------------------------------------
Instances
--------------------------------------------------------------------------------
Hostname/IP: 192.168.1.5 | Terminated: [33mFalse[0m
--------------------------------------------------------------------------------
Simulated Switches
--------------------------------------------------------------------------------
Hostname/IP: 192.168.1.5 | Switch name: switch0 | Switch running: [32mTrue [0m
--------------------------------------------------------------------------------
Simulated Pipes
--------------------------------------------------------------------------------
--------------------------------------------------------------------------------
Simulated Nodes/Jobs
--------------------------------------------------------------------------------
Hostname/IP: 192.168.1.5 | Job: rerocc-lc-linux-coupleddma-bertmini-pipeline-runtime-batch8-fileonly-sync-pairdummy-gdbserver0 | Sim running: [33mTrue [0m
--------------------------------------------------------------------------------
Summary
--------------------------------------------------------------------------------
1/1 instances are still running.
1/1 simulations are still running.
--------------------------------------------------------------------------------
[2J
FireSim Simulation Status @ 2026-05-08 08:35:01.823263
--------------------------------------------------------------------------------
This workload's output is located in:
/home/ubuntu/chipyard/sims/firesim/deploy/results-workload/2026-05-08--08-30-42-rerocc-lc-linux-coupleddma-bertmini-pipeline-runtime-batch8-fileonly-sync-pairdummy-gdbserver-f2-gemmini-rerocc-pairmanager-dummy8x8-4c12p12-sbus64-linux-bertmini-batch8-fileonly-sync-gdbserver-cfg32-nic-notrace/
This run's log is located in:
/home/ubuntu/chipyard/sims/firesim/deploy/logs/2026-05-08--08-30-42-runworkload-RPS9V9VJ24OOFTUR.log
This status will update every 10s.
--------------------------------------------------------------------------------
Instances
--------------------------------------------------------------------------------
Hostname/IP: 192.168.1.5 | Terminated: [33mFalse[0m
--------------------------------------------------------------------------------
Simulated Switches
--------------------------------------------------------------------------------
Hostname/IP: 192.168.1.5 | Switch name: switch0 | Switch running: [32mTrue [0m
--------------------------------------------------------------------------------
Simulated Pipes
--------------------------------------------------------------------------------
--------------------------------------------------------------------------------
Simulated Nodes/Jobs
--------------------------------------------------------------------------------
Hostname/IP: 192.168.1.5 | Job: rerocc-lc-linux-coupleddma-bertmini-pipeline-runtime-batch8-fileonly-sync-pairdummy-gdbserver0 | Sim running: [33mTrue [0m
--------------------------------------------------------------------------------
Summary
--------------------------------------------------------------------------------
1/1 instances are still running.
1/1 simulations are still running.
--------------------------------------------------------------------------------
[2J
FireSim Simulation Status @ 2026-05-08 08:35:12.141613
--------------------------------------------------------------------------------
This workload's output is located in:
/home/ubuntu/chipyard/sims/firesim/deploy/results-workload/2026-05-08--08-30-42-rerocc-lc-linux-coupleddma-bertmini-pipeline-runtime-batch8-fileonly-sync-pairdummy-gdbserver-f2-gemmini-rerocc-pairmanager-dummy8x8-4c12p12-sbus64-linux-bertmini-batch8-fileonly-sync-gdbserver-cfg32-nic-notrace/
This run's log is located in:
/home/ubuntu/chipyard/sims/firesim/deploy/logs/2026-05-08--08-30-42-runworkload-RPS9V9VJ24OOFTUR.log
This status will update every 10s.
--------------------------------------------------------------------------------
Instances
--------------------------------------------------------------------------------
Hostname/IP: 192.168.1.5 | Terminated: [33mFalse[0m
--------------------------------------------------------------------------------
Simulated Switches
--------------------------------------------------------------------------------
Hostname/IP: 192.168.1.5 | Switch name: switch0 | Switch running: [32mTrue [0m
--------------------------------------------------------------------------------
Simulated Pipes
--------------------------------------------------------------------------------
--------------------------------------------------------------------------------
Simulated Nodes/Jobs
--------------------------------------------------------------------------------
Hostname/IP: 192.168.1.5 | Job: rerocc-lc-linux-coupleddma-bertmini-pipeline-runtime-batch8-fileonly-sync-pairdummy-gdbserver0 | Sim running: [33mTrue [0m
--------------------------------------------------------------------------------
Summary
--------------------------------------------------------------------------------
1/1 instances are still running.
1/1 simulations are still running.
--------------------------------------------------------------------------------
[2J
FireSim Simulation Status @ 2026-05-08 08:35:22.449852
--------------------------------------------------------------------------------
This workload's output is located in:
/home/ubuntu/chipyard/sims/firesim/deploy/results-workload/2026-05-08--08-30-42-rerocc-lc-linux-coupleddma-bertmini-pipeline-runtime-batch8-fileonly-sync-pairdummy-gdbserver-f2-gemmini-rerocc-pairmanager-dummy8x8-4c12p12-sbus64-linux-bertmini-batch8-fileonly-sync-gdbserver-cfg32-nic-notrace/
This run's log is located in:
/home/ubuntu/chipyard/sims/firesim/deploy/logs/2026-05-08--08-30-42-runworkload-RPS9V9VJ24OOFTUR.log
This status will update every 10s.
--------------------------------------------------------------------------------
Instances
--------------------------------------------------------------------------------
Hostname/IP: 192.168.1.5 | Terminated: [33mFalse[0m
--------------------------------------------------------------------------------
Simulated Switches
--------------------------------------------------------------------------------
Hostname/IP: 192.168.1.5 | Switch name: switch0 | Switch running: [32mTrue [0m
--------------------------------------------------------------------------------
Simulated Pipes
--------------------------------------------------------------------------------
--------------------------------------------------------------------------------
Simulated Nodes/Jobs
--------------------------------------------------------------------------------
Hostname/IP: 192.168.1.5 | Job: rerocc-lc-linux-coupleddma-bertmini-pipeline-runtime-batch8-fileonly-sync-pairdummy-gdbserver0 | Sim running: [33mTrue [0m
--------------------------------------------------------------------------------
Summary
--------------------------------------------------------------------------------
1/1 instances are still running.
1/1 simulations are still running.
--------------------------------------------------------------------------------
[2J
FireSim Simulation Status @ 2026-05-08 08:35:32.758156
--------------------------------------------------------------------------------
This workload's output is located in:
/home/ubuntu/chipyard/sims/firesim/deploy/results-workload/2026-05-08--08-30-42-rerocc-lc-linux-coupleddma-bertmini-pipeline-runtime-batch8-fileonly-sync-pairdummy-gdbserver-f2-gemmini-rerocc-pairmanager-dummy8x8-4c12p12-sbus64-linux-bertmini-batch8-fileonly-sync-gdbserver-cfg32-nic-notrace/
This run's log is located in:
/home/ubuntu/chipyard/sims/firesim/deploy/logs/2026-05-08--08-30-42-runworkload-RPS9V9VJ24OOFTUR.log
This status will update every 10s.
--------------------------------------------------------------------------------
Instances
--------------------------------------------------------------------------------
Hostname/IP: 192.168.1.5 | Terminated: [33mFalse[0m
--------------------------------------------------------------------------------
Simulated Switches
--------------------------------------------------------------------------------
Hostname/IP: 192.168.1.5 | Switch name: switch0 | Switch running: [32mTrue [0m
--------------------------------------------------------------------------------
Simulated Pipes
--------------------------------------------------------------------------------
--------------------------------------------------------------------------------
Simulated Nodes/Jobs
--------------------------------------------------------------------------------
Hostname/IP: 192.168.1.5 | Job: rerocc-lc-linux-coupleddma-bertmini-pipeline-runtime-batch8-fileonly-sync-pairdummy-gdbserver0 | Sim running: [33mTrue [0m
--------------------------------------------------------------------------------
Summary
--------------------------------------------------------------------------------
1/1 instances are still running.
1/1 simulations are still running.
--------------------------------------------------------------------------------
[2J
FireSim Simulation Status @ 2026-05-08 08:35:43.058309
--------------------------------------------------------------------------------
This workload's output is located in:
/home/ubuntu/chipyard/sims/firesim/deploy/results-workload/2026-05-08--08-30-42-rerocc-lc-linux-coupleddma-bertmini-pipeline-runtime-batch8-fileonly-sync-pairdummy-gdbserver-f2-gemmini-rerocc-pairmanager-dummy8x8-4c12p12-sbus64-linux-bertmini-batch8-fileonly-sync-gdbserver-cfg32-nic-notrace/
This run's log is located in:
/home/ubuntu/chipyard/sims/firesim/deploy/logs/2026-05-08--08-30-42-runworkload-RPS9V9VJ24OOFTUR.log
This status will update every 10s.
--------------------------------------------------------------------------------
Instances
--------------------------------------------------------------------------------
Hostname/IP: 192.168.1.5 | Terminated: [33mFalse[0m
--------------------------------------------------------------------------------
Simulated Switches
--------------------------------------------------------------------------------
Hostname/IP: 192.168.1.5 | Switch name: switch0 | Switch running: [32mTrue [0m
--------------------------------------------------------------------------------
Simulated Pipes
--------------------------------------------------------------------------------
--------------------------------------------------------------------------------
Simulated Nodes/Jobs
--------------------------------------------------------------------------------
Hostname/IP: 192.168.1.5 | Job: rerocc-lc-linux-coupleddma-bertmini-pipeline-runtime-batch8-fileonly-sync-pairdummy-gdbserver0 | Sim running: [33mTrue [0m
--------------------------------------------------------------------------------
Summary
--------------------------------------------------------------------------------
1/1 instances are still running.
1/1 simulations are still running.
--------------------------------------------------------------------------------
[2J
FireSim Simulation Status @ 2026-05-08 08:35:53.588117
--------------------------------------------------------------------------------
This workload's output is located in:
/home/ubuntu/chipyard/sims/firesim/deploy/results-workload/2026-05-08--08-30-42-rerocc-lc-linux-coupleddma-bertmini-pipeline-runtime-batch8-fileonly-sync-pairdummy-gdbserver-f2-gemmini-rerocc-pairmanager-dummy8x8-4c12p12-sbus64-linux-bertmini-batch8-fileonly-sync-gdbserver-cfg32-nic-notrace/
This run's log is located in:
/home/ubuntu/chipyard/sims/firesim/deploy/logs/2026-05-08--08-30-42-runworkload-RPS9V9VJ24OOFTUR.log
This status will update every 10s.
--------------------------------------------------------------------------------
Instances
--------------------------------------------------------------------------------
Hostname/IP: 192.168.1.5 | Terminated: [33mFalse[0m
--------------------------------------------------------------------------------
Simulated Switches
--------------------------------------------------------------------------------
Hostname/IP: 192.168.1.5 | Switch name: switch0 | Switch running: [32mTrue [0m
--------------------------------------------------------------------------------
Simulated Pipes
--------------------------------------------------------------------------------
--------------------------------------------------------------------------------
Simulated Nodes/Jobs
--------------------------------------------------------------------------------
Hostname/IP: 192.168.1.5 | Job: rerocc-lc-linux-coupleddma-bertmini-pipeline-runtime-batch8-fileonly-sync-pairdummy-gdbserver0 | Sim running: [33mTrue [0m
--------------------------------------------------------------------------------
Summary
--------------------------------------------------------------------------------
1/1 instances are still running.
1/1 simulations are still running.
--------------------------------------------------------------------------------
[2J
FireSim Simulation Status @ 2026-05-08 08:36:03.896458
--------------------------------------------------------------------------------
This workload's output is located in:
/home/ubuntu/chipyard/sims/firesim/deploy/results-workload/2026-05-08--08-30-42-rerocc-lc-linux-coupleddma-bertmini-pipeline-runtime-batch8-fileonly-sync-pairdummy-gdbserver-f2-gemmini-rerocc-pairmanager-dummy8x8-4c12p12-sbus64-linux-bertmini-batch8-fileonly-sync-gdbserver-cfg32-nic-notrace/
This run's log is located in:
/home/ubuntu/chipyard/sims/firesim/deploy/logs/2026-05-08--08-30-42-runworkload-RPS9V9VJ24OOFTUR.log
This status will update every 10s.
--------------------------------------------------------------------------------
Instances
--------------------------------------------------------------------------------
Hostname/IP: 192.168.1.5 | Terminated: [33mFalse[0m
--------------------------------------------------------------------------------
Simulated Switches
--------------------------------------------------------------------------------
Hostname/IP: 192.168.1.5 | Switch name: switch0 | Switch running: [32mTrue [0m
--------------------------------------------------------------------------------
Simulated Pipes
--------------------------------------------------------------------------------
--------------------------------------------------------------------------------
Simulated Nodes/Jobs
--------------------------------------------------------------------------------
Hostname/IP: 192.168.1.5 | Job: rerocc-lc-linux-coupleddma-bertmini-pipeline-runtime-batch8-fileonly-sync-pairdummy-gdbserver0 | Sim running: [33mTrue [0m
--------------------------------------------------------------------------------
Summary
--------------------------------------------------------------------------------
1/1 instances are still running.
1/1 simulations are still running.
--------------------------------------------------------------------------------
[2J
FireSim Simulation Status @ 2026-05-08 08:36:14.194736
--------------------------------------------------------------------------------
This workload's output is located in:
/home/ubuntu/chipyard/sims/firesim/deploy/results-workload/2026-05-08--08-30-42-rerocc-lc-linux-coupleddma-bertmini-pipeline-runtime-batch8-fileonly-sync-pairdummy-gdbserver-f2-gemmini-rerocc-pairmanager-dummy8x8-4c12p12-sbus64-linux-bertmini-batch8-fileonly-sync-gdbserver-cfg32-nic-notrace/
This run's log is located in:
/home/ubuntu/chipyard/sims/firesim/deploy/logs/2026-05-08--08-30-42-runworkload-RPS9V9VJ24OOFTUR.log
This status will update every 10s.
--------------------------------------------------------------------------------
Instances
--------------------------------------------------------------------------------
Hostname/IP: 192.168.1.5 | Terminated: [33mFalse[0m
--------------------------------------------------------------------------------
Simulated Switches
--------------------------------------------------------------------------------
Hostname/IP: 192.168.1.5 | Switch name: switch0 | Switch running: [32mTrue [0m
--------------------------------------------------------------------------------
Simulated Pipes
--------------------------------------------------------------------------------
--------------------------------------------------------------------------------
Simulated Nodes/Jobs
--------------------------------------------------------------------------------
Hostname/IP: 192.168.1.5 | Job: rerocc-lc-linux-coupleddma-bertmini-pipeline-runtime-batch8-fileonly-sync-pairdummy-gdbserver0 | Sim running: [33mTrue [0m
--------------------------------------------------------------------------------
Summary
--------------------------------------------------------------------------------
1/1 instances are still running.
1/1 simulations are still running.
--------------------------------------------------------------------------------
[2J
FireSim Simulation Status @ 2026-05-08 08:36:24.492923
--------------------------------------------------------------------------------
This workload's output is located in:
/home/ubuntu/chipyard/sims/firesim/deploy/results-workload/2026-05-08--08-30-42-rerocc-lc-linux-coupleddma-bertmini-pipeline-runtime-batch8-fileonly-sync-pairdummy-gdbserver-f2-gemmini-rerocc-pairmanager-dummy8x8-4c12p12-sbus64-linux-bertmini-batch8-fileonly-sync-gdbserver-cfg32-nic-notrace/
This run's log is located in:
/home/ubuntu/chipyard/sims/firesim/deploy/logs/2026-05-08--08-30-42-runworkload-RPS9V9VJ24OOFTUR.log
This status will update every 10s.
--------------------------------------------------------------------------------
Instances
--------------------------------------------------------------------------------
Hostname/IP: 192.168.1.5 | Terminated: [33mFalse[0m
--------------------------------------------------------------------------------
Simulated Switches
--------------------------------------------------------------------------------
Hostname/IP: 192.168.1.5 | Switch name: switch0 | Switch running: [32mTrue [0m
--------------------------------------------------------------------------------
Simulated Pipes
--------------------------------------------------------------------------------
--------------------------------------------------------------------------------
Simulated Nodes/Jobs
--------------------------------------------------------------------------------
Hostname/IP: 192.168.1.5 | Job: rerocc-lc-linux-coupleddma-bertmini-pipeline-runtime-batch8-fileonly-sync-pairdummy-gdbserver0 | Sim running: [33mTrue [0m
--------------------------------------------------------------------------------
Summary
--------------------------------------------------------------------------------
1/1 instances are still running.
1/1 simulations are still running.
--------------------------------------------------------------------------------
[2J
FireSim Simulation Status @ 2026-05-08 08:36:34.807485
--------------------------------------------------------------------------------
This workload's output is located in:
/home/ubuntu/chipyard/sims/firesim/deploy/results-workload/2026-05-08--08-30-42-rerocc-lc-linux-coupleddma-bertmini-pipeline-runtime-batch8-fileonly-sync-pairdummy-gdbserver-f2-gemmini-rerocc-pairmanager-dummy8x8-4c12p12-sbus64-linux-bertmini-batch8-fileonly-sync-gdbserver-cfg32-nic-notrace/
This run's log is located in:
/home/ubuntu/chipyard/sims/firesim/deploy/logs/2026-05-08--08-30-42-runworkload-RPS9V9VJ24OOFTUR.log
This status will update every 10s.
--------------------------------------------------------------------------------
Instances
--------------------------------------------------------------------------------
Hostname/IP: 192.168.1.5 | Terminated: [33mFalse[0m
--------------------------------------------------------------------------------
Simulated Switches
--------------------------------------------------------------------------------
Hostname/IP: 192.168.1.5 | Switch name: switch0 | Switch running: [32mTrue [0m
--------------------------------------------------------------------------------
Simulated Pipes
--------------------------------------------------------------------------------
--------------------------------------------------------------------------------
Simulated Nodes/Jobs
--------------------------------------------------------------------------------
Hostname/IP: 192.168.1.5 | Job: rerocc-lc-linux-coupleddma-bertmini-pipeline-runtime-batch8-fileonly-sync-pairdummy-gdbserver0 | Sim running: [33mTrue [0m
--------------------------------------------------------------------------------
Summary
--------------------------------------------------------------------------------
1/1 instances are still running.
1/1 simulations are still running.
--------------------------------------------------------------------------------
[2J
FireSim Simulation Status @ 2026-05-08 08:36:45.103116
--------------------------------------------------------------------------------
This workload's output is located in:
/home/ubuntu/chipyard/sims/firesim/deploy/results-workload/2026-05-08--08-30-42-rerocc-lc-linux-coupleddma-bertmini-pipeline-runtime-batch8-fileonly-sync-pairdummy-gdbserver-f2-gemmini-rerocc-pairmanager-dummy8x8-4c12p12-sbus64-linux-bertmini-batch8-fileonly-sync-gdbserver-cfg32-nic-notrace/
This run's log is located in:
/home/ubuntu/chipyard/sims/firesim/deploy/logs/2026-05-08--08-30-42-runworkload-RPS9V9VJ24OOFTUR.log
This status will update every 10s.
--------------------------------------------------------------------------------
Instances
--------------------------------------------------------------------------------
Hostname/IP: 192.168.1.5 | Terminated: [33mFalse[0m
--------------------------------------------------------------------------------
Simulated Switches
--------------------------------------------------------------------------------
Hostname/IP: 192.168.1.5 | Switch name: switch0 | Switch running: [32mTrue [0m
--------------------------------------------------------------------------------
Simulated Pipes
--------------------------------------------------------------------------------
--------------------------------------------------------------------------------
Simulated Nodes/Jobs
--------------------------------------------------------------------------------
Hostname/IP: 192.168.1.5 | Job: rerocc-lc-linux-coupleddma-bertmini-pipeline-runtime-batch8-fileonly-sync-pairdummy-gdbserver0 | Sim running: [33mTrue [0m
--------------------------------------------------------------------------------
Summary
--------------------------------------------------------------------------------
1/1 instances are still running.
1/1 simulations are still running.
--------------------------------------------------------------------------------
[2J
FireSim Simulation Status @ 2026-05-08 08:36:55.646617
--------------------------------------------------------------------------------
This workload's output is located in:
/home/ubuntu/chipyard/sims/firesim/deploy/results-workload/2026-05-08--08-30-42-rerocc-lc-linux-coupleddma-bertmini-pipeline-runtime-batch8-fileonly-sync-pairdummy-gdbserver-f2-gemmini-rerocc-pairmanager-dummy8x8-4c12p12-sbus64-linux-bertmini-batch8-fileonly-sync-gdbserver-cfg32-nic-notrace/
This run's log is located in:
/home/ubuntu/chipyard/sims/firesim/deploy/logs/2026-05-08--08-30-42-runworkload-RPS9V9VJ24OOFTUR.log
This status will update every 10s.
--------------------------------------------------------------------------------
Instances
--------------------------------------------------------------------------------
Hostname/IP: 192.168.1.5 | Terminated: [33mFalse[0m
--------------------------------------------------------------------------------
Simulated Switches
--------------------------------------------------------------------------------
Hostname/IP: 192.168.1.5 | Switch name: switch0 | Switch running: [32mTrue [0m
--------------------------------------------------------------------------------
Simulated Pipes
--------------------------------------------------------------------------------
--------------------------------------------------------------------------------
Simulated Nodes/Jobs
--------------------------------------------------------------------------------
Hostname/IP: 192.168.1.5 | Job: rerocc-lc-linux-coupleddma-bertmini-pipeline-runtime-batch8-fileonly-sync-pairdummy-gdbserver0 | Sim running: [33mTrue [0m
--------------------------------------------------------------------------------
Summary
--------------------------------------------------------------------------------
1/1 instances are still running.
1/1 simulations are still running.
--------------------------------------------------------------------------------
[2J
FireSim Simulation Status @ 2026-05-08 08:37:05.954884
--------------------------------------------------------------------------------
This workload's output is located in:
/home/ubuntu/chipyard/sims/firesim/deploy/results-workload/2026-05-08--08-30-42-rerocc-lc-linux-coupleddma-bertmini-pipeline-runtime-batch8-fileonly-sync-pairdummy-gdbserver-f2-gemmini-rerocc-pairmanager-dummy8x8-4c12p12-sbus64-linux-bertmini-batch8-fileonly-sync-gdbserver-cfg32-nic-notrace/
This run's log is located in:
/home/ubuntu/chipyard/sims/firesim/deploy/logs/2026-05-08--08-30-42-runworkload-RPS9V9VJ24OOFTUR.log
This status will update every 10s.
--------------------------------------------------------------------------------
Instances
--------------------------------------------------------------------------------
Hostname/IP: 192.168.1.5 | Terminated: [33mFalse[0m
--------------------------------------------------------------------------------
Simulated Switches
--------------------------------------------------------------------------------
Hostname/IP: 192.168.1.5 | Switch name: switch0 | Switch running: [32mTrue [0m
--------------------------------------------------------------------------------
Simulated Pipes
--------------------------------------------------------------------------------
--------------------------------------------------------------------------------
Simulated Nodes/Jobs
--------------------------------------------------------------------------------
Hostname/IP: 192.168.1.5 | Job: rerocc-lc-linux-coupleddma-bertmini-pipeline-runtime-batch8-fileonly-sync-pairdummy-gdbserver0 | Sim running: [33mTrue [0m
--------------------------------------------------------------------------------
Summary
--------------------------------------------------------------------------------
1/1 instances are still running.
1/1 simulations are still running.
--------------------------------------------------------------------------------
[2J
FireSim Simulation Status @ 2026-05-08 08:37:16.269344
--------------------------------------------------------------------------------
This workload's output is located in:
/home/ubuntu/chipyard/sims/firesim/deploy/results-workload/2026-05-08--08-30-42-rerocc-lc-linux-coupleddma-bertmini-pipeline-runtime-batch8-fileonly-sync-pairdummy-gdbserver-f2-gemmini-rerocc-pairmanager-dummy8x8-4c12p12-sbus64-linux-bertmini-batch8-fileonly-sync-gdbserver-cfg32-nic-notrace/
This run's log is located in:
/home/ubuntu/chipyard/sims/firesim/deploy/logs/2026-05-08--08-30-42-runworkload-RPS9V9VJ24OOFTUR.log
This status will update every 10s.
--------------------------------------------------------------------------------
Instances
--------------------------------------------------------------------------------
Hostname/IP: 192.168.1.5 | Terminated: [33mFalse[0m
--------------------------------------------------------------------------------
Simulated Switches
--------------------------------------------------------------------------------
Hostname/IP: 192.168.1.5 | Switch name: switch0 | Switch running: [32mTrue [0m
--------------------------------------------------------------------------------
Simulated Pipes
--------------------------------------------------------------------------------
--------------------------------------------------------------------------------
Simulated Nodes/Jobs
--------------------------------------------------------------------------------
Hostname/IP: 192.168.1.5 | Job: rerocc-lc-linux-coupleddma-bertmini-pipeline-runtime-batch8-fileonly-sync-pairdummy-gdbserver0 | Sim running: [33mTrue [0m
--------------------------------------------------------------------------------
Summary
--------------------------------------------------------------------------------
1/1 instances are still running.
1/1 simulations are still running.
--------------------------------------------------------------------------------
[2J
FireSim Simulation Status @ 2026-05-08 08:37:26.567439
--------------------------------------------------------------------------------
This workload's output is located in:
/home/ubuntu/chipyard/sims/firesim/deploy/results-workload/2026-05-08--08-30-42-rerocc-lc-linux-coupleddma-bertmini-pipeline-runtime-batch8-fileonly-sync-pairdummy-gdbserver-f2-gemmini-rerocc-pairmanager-dummy8x8-4c12p12-sbus64-linux-bertmini-batch8-fileonly-sync-gdbserver-cfg32-nic-notrace/
This run's log is located in:
/home/ubuntu/chipyard/sims/firesim/deploy/logs/2026-05-08--08-30-42-runworkload-RPS9V9VJ24OOFTUR.log
This status will update every 10s.
--------------------------------------------------------------------------------
Instances
--------------------------------------------------------------------------------
Hostname/IP: 192.168.1.5 | Terminated: [33mFalse[0m
--------------------------------------------------------------------------------
Simulated Switches
--------------------------------------------------------------------------------
Hostname/IP: 192.168.1.5 | Switch name: switch0 | Switch running: [32mTrue [0m
--------------------------------------------------------------------------------
Simulated Pipes
--------------------------------------------------------------------------------
--------------------------------------------------------------------------------
Simulated Nodes/Jobs
--------------------------------------------------------------------------------
Hostname/IP: 192.168.1.5 | Job: rerocc-lc-linux-coupleddma-bertmini-pipeline-runtime-batch8-fileonly-sync-pairdummy-gdbserver0 | Sim running: [33mTrue [0m
--------------------------------------------------------------------------------
Summary
--------------------------------------------------------------------------------
1/1 instances are still running.
1/1 simulations are still running.
--------------------------------------------------------------------------------
[2J
FireSim Simulation Status @ 2026-05-08 08:37:36.875476
--------------------------------------------------------------------------------
This workload's output is located in:
/home/ubuntu/chipyard/sims/firesim/deploy/results-workload/2026-05-08--08-30-42-rerocc-lc-linux-coupleddma-bertmini-pipeline-runtime-batch8-fileonly-sync-pairdummy-gdbserver-f2-gemmini-rerocc-pairmanager-dummy8x8-4c12p12-sbus64-linux-bertmini-batch8-fileonly-sync-gdbserver-cfg32-nic-notrace/
This run's log is located in:
/home/ubuntu/chipyard/sims/firesim/deploy/logs/2026-05-08--08-30-42-runworkload-RPS9V9VJ24OOFTUR.log
This status will update every 10s.
--------------------------------------------------------------------------------
Instances
--------------------------------------------------------------------------------
Hostname/IP: 192.168.1.5 | Terminated: [33mFalse[0m
--------------------------------------------------------------------------------
Simulated Switches
--------------------------------------------------------------------------------
Hostname/IP: 192.168.1.5 | Switch name: switch0 | Switch running: [32mTrue [0m
--------------------------------------------------------------------------------
Simulated Pipes
--------------------------------------------------------------------------------
--------------------------------------------------------------------------------
Simulated Nodes/Jobs
--------------------------------------------------------------------------------
Hostname/IP: 192.168.1.5 | Job: rerocc-lc-linux-coupleddma-bertmini-pipeline-runtime-batch8-fileonly-sync-pairdummy-gdbserver0 | Sim running: [33mTrue [0m
--------------------------------------------------------------------------------
Summary
--------------------------------------------------------------------------------
1/1 instances are still running.
1/1 simulations are still running.
--------------------------------------------------------------------------------
[2J
FireSim Simulation Status @ 2026-05-08 08:37:47.183930
--------------------------------------------------------------------------------
This workload's output is located in:
/home/ubuntu/chipyard/sims/firesim/deploy/results-workload/2026-05-08--08-30-42-rerocc-lc-linux-coupleddma-bertmini-pipeline-runtime-batch8-fileonly-sync-pairdummy-gdbserver-f2-gemmini-rerocc-pairmanager-dummy8x8-4c12p12-sbus64-linux-bertmini-batch8-fileonly-sync-gdbserver-cfg32-nic-notrace/
This run's log is located in:
/home/ubuntu/chipyard/sims/firesim/deploy/logs/2026-05-08--08-30-42-runworkload-RPS9V9VJ24OOFTUR.log
This status will update every 10s.
--------------------------------------------------------------------------------
Instances
--------------------------------------------------------------------------------
Hostname/IP: 192.168.1.5 | Terminated: [33mFalse[0m
--------------------------------------------------------------------------------
Simulated Switches
--------------------------------------------------------------------------------
Hostname/IP: 192.168.1.5 | Switch name: switch0 | Switch running: [32mTrue [0m
--------------------------------------------------------------------------------
Simulated Pipes
--------------------------------------------------------------------------------
--------------------------------------------------------------------------------
Simulated Nodes/Jobs
--------------------------------------------------------------------------------
Hostname/IP: 192.168.1.5 | Job: rerocc-lc-linux-coupleddma-bertmini-pipeline-runtime-batch8-fileonly-sync-pairdummy-gdbserver0 | Sim running: [33mTrue [0m
--------------------------------------------------------------------------------
Summary
--------------------------------------------------------------------------------
1/1 instances are still running.
1/1 simulations are still running.
--------------------------------------------------------------------------------
[2J
FireSim Simulation Status @ 2026-05-08 08:37:57.720777
--------------------------------------------------------------------------------
This workload's output is located in:
/home/ubuntu/chipyard/sims/firesim/deploy/results-workload/2026-05-08--08-30-42-rerocc-lc-linux-coupleddma-bertmini-pipeline-runtime-batch8-fileonly-sync-pairdummy-gdbserver-f2-gemmini-rerocc-pairmanager-dummy8x8-4c12p12-sbus64-linux-bertmini-batch8-fileonly-sync-gdbserver-cfg32-nic-notrace/
This run's log is located in:
/home/ubuntu/chipyard/sims/firesim/deploy/logs/2026-05-08--08-30-42-runworkload-RPS9V9VJ24OOFTUR.log
This status will update every 10s.
--------------------------------------------------------------------------------
Instances
--------------------------------------------------------------------------------
Hostname/IP: 192.168.1.5 | Terminated: [33mFalse[0m
--------------------------------------------------------------------------------
Simulated Switches
--------------------------------------------------------------------------------
Hostname/IP: 192.168.1.5 | Switch name: switch0 | Switch running: [32mTrue [0m
--------------------------------------------------------------------------------
Simulated Pipes
--------------------------------------------------------------------------------
--------------------------------------------------------------------------------
Simulated Nodes/Jobs
--------------------------------------------------------------------------------
Hostname/IP: 192.168.1.5 | Job: rerocc-lc-linux-coupleddma-bertmini-pipeline-runtime-batch8-fileonly-sync-pairdummy-gdbserver0 | Sim running: [33mTrue [0m
--------------------------------------------------------------------------------
Summary
--------------------------------------------------------------------------------
1/1 instances are still running.
1/1 simulations are still running.
--------------------------------------------------------------------------------
[prt-host-watchdog] guest-status arm observed at 2026-05-08T08:38:01Z hb='Target Cycle (fastest), Seconds Since Start' guest_status=1644
[2J
FireSim Simulation Status @ 2026-05-08 08:38:08.029071
--------------------------------------------------------------------------------
This workload's output is located in:
/home/ubuntu/chipyard/sims/firesim/deploy/results-workload/2026-05-08--08-30-42-rerocc-lc-linux-coupleddma-bertmini-pipeline-runtime-batch8-fileonly-sync-pairdummy-gdbserver-f2-gemmini-rerocc-pairmanager-dummy8x8-4c12p12-sbus64-linux-bertmini-batch8-fileonly-sync-gdbserver-cfg32-nic-notrace/
This run's log is located in:
/home/ubuntu/chipyard/sims/firesim/deploy/logs/2026-05-08--08-30-42-runworkload-RPS9V9VJ24OOFTUR.log
This status will update every 10s.
--------------------------------------------------------------------------------
Instances
--------------------------------------------------------------------------------
Hostname/IP: 192.168.1.5 | Terminated: [33mFalse[0m
--------------------------------------------------------------------------------
Simulated Switches
--------------------------------------------------------------------------------
Hostname/IP: 192.168.1.5 | Switch name: switch0 | Switch running: [32mTrue [0m
--------------------------------------------------------------------------------
Simulated Pipes
--------------------------------------------------------------------------------
--------------------------------------------------------------------------------
Simulated Nodes/Jobs
--------------------------------------------------------------------------------
Hostname/IP: 192.168.1.5 | Job: rerocc-lc-linux-coupleddma-bertmini-pipeline-runtime-batch8-fileonly-sync-pairdummy-gdbserver0 | Sim running: [33mTrue [0m
--------------------------------------------------------------------------------
Summary
--------------------------------------------------------------------------------
1/1 instances are still running.
1/1 simulations are still running.
--------------------------------------------------------------------------------
[2J
FireSim Simulation Status @ 2026-05-08 08:38:18.337614
--------------------------------------------------------------------------------
This workload's output is located in:
/home/ubuntu/chipyard/sims/firesim/deploy/results-workload/2026-05-08--08-30-42-rerocc-lc-linux-coupleddma-bertmini-pipeline-runtime-batch8-fileonly-sync-pairdummy-gdbserver-f2-gemmini-rerocc-pairmanager-dummy8x8-4c12p12-sbus64-linux-bertmini-batch8-fileonly-sync-gdbserver-cfg32-nic-notrace/
This run's log is located in:
/home/ubuntu/chipyard/sims/firesim/deploy/logs/2026-05-08--08-30-42-runworkload-RPS9V9VJ24OOFTUR.log
This status will update every 10s.
--------------------------------------------------------------------------------
Instances
--------------------------------------------------------------------------------
Hostname/IP: 192.168.1.5 | Terminated: [33mFalse[0m
--------------------------------------------------------------------------------
Simulated Switches
--------------------------------------------------------------------------------
Hostname/IP: 192.168.1.5 | Switch name: switch0 | Switch running: [32mTrue [0m
--------------------------------------------------------------------------------
Simulated Pipes
--------------------------------------------------------------------------------
--------------------------------------------------------------------------------
Simulated Nodes/Jobs
--------------------------------------------------------------------------------
Hostname/IP: 192.168.1.5 | Job: rerocc-lc-linux-coupleddma-bertmini-pipeline-runtime-batch8-fileonly-sync-pairdummy-gdbserver0 | Sim running: [33mTrue [0m
--------------------------------------------------------------------------------
Summary
--------------------------------------------------------------------------------
1/1 instances are still running.
1/1 simulations are still running.
--------------------------------------------------------------------------------
[2J
FireSim Simulation Status @ 2026-05-08 08:38:28.642114
--------------------------------------------------------------------------------
This workload's output is located in:
/home/ubuntu/chipyard/sims/firesim/deploy/results-workload/2026-05-08--08-30-42-rerocc-lc-linux-coupleddma-bertmini-pipeline-runtime-batch8-fileonly-sync-pairdummy-gdbserver-f2-gemmini-rerocc-pairmanager-dummy8x8-4c12p12-sbus64-linux-bertmini-batch8-fileonly-sync-gdbserver-cfg32-nic-notrace/
This run's log is located in:
/home/ubuntu/chipyard/sims/firesim/deploy/logs/2026-05-08--08-30-42-runworkload-RPS9V9VJ24OOFTUR.log
This status will update every 10s.
--------------------------------------------------------------------------------
Instances
--------------------------------------------------------------------------------
Hostname/IP: 192.168.1.5 | Terminated: [33mFalse[0m
--------------------------------------------------------------------------------
Simulated Switches
--------------------------------------------------------------------------------
Hostname/IP: 192.168.1.5 | Switch name: switch0 | Switch running: [32mTrue [0m
--------------------------------------------------------------------------------
Simulated Pipes
--------------------------------------------------------------------------------
--------------------------------------------------------------------------------
Simulated Nodes/Jobs
--------------------------------------------------------------------------------
Hostname/IP: 192.168.1.5 | Job: rerocc-lc-linux-coupleddma-bertmini-pipeline-runtime-batch8-fileonly-sync-pairdummy-gdbserver0 | Sim running: [33mTrue [0m
--------------------------------------------------------------------------------
Summary
--------------------------------------------------------------------------------
1/1 instances are still running.
1/1 simulations are still running.
--------------------------------------------------------------------------------
[prt-host-watchdog] progress hb='Target Cycle (fastest), Seconds Since Start' uart=16724 guest_log=0 guest_sparse=1293 guest_checkpoint=0 guest_trigger=0 guest_status=1644 guest_proc=1290 guest_runner=0 guest_runner_post=363 guest_runner_early=0 guest_binary=0 guest_runner_proc=0
[prt-host-watchdog] hb='Target Cycle (fastest), Seconds Since Start' idle=0s hb_idle=31s uart=16724 guest_log=0 guest_sparse=1293 guest_checkpoint=0 guest_trigger=0 guest_status=1644 guest_proc=1290 guest_runner=0 guest_runner_post=363 guest_runner_early=0 guest_binary=0 guest_runner_proc=0
[2J
FireSim Simulation Status @ 2026-05-08 08:38:38.947003
--------------------------------------------------------------------------------
This workload's output is located in:
/home/ubuntu/chipyard/sims/firesim/deploy/results-workload/2026-05-08--08-30-42-rerocc-lc-linux-coupleddma-bertmini-pipeline-runtime-batch8-fileonly-sync-pairdummy-gdbserver-f2-gemmini-rerocc-pairmanager-dummy8x8-4c12p12-sbus64-linux-bertmini-batch8-fileonly-sync-gdbserver-cfg32-nic-notrace/
This run's log is located in:
/home/ubuntu/chipyard/sims/firesim/deploy/logs/2026-05-08--08-30-42-runworkload-RPS9V9VJ24OOFTUR.log
This status will update every 10s.
--------------------------------------------------------------------------------
Instances
--------------------------------------------------------------------------------
Hostname/IP: 192.168.1.5 | Terminated: [33mFalse[0m
--------------------------------------------------------------------------------
Simulated Switches
--------------------------------------------------------------------------------
Hostname/IP: 192.168.1.5 | Switch name: switch0 | Switch running: [32mTrue [0m
--------------------------------------------------------------------------------
Simulated Pipes
--------------------------------------------------------------------------------
--------------------------------------------------------------------------------
Simulated Nodes/Jobs
--------------------------------------------------------------------------------
Hostname/IP: 192.168.1.5 | Job: rerocc-lc-linux-coupleddma-bertmini-pipeline-runtime-batch8-fileonly-sync-pairdummy-gdbserver0 | Sim running: [33mTrue [0m
--------------------------------------------------------------------------------
Summary
--------------------------------------------------------------------------------
1/1 instances are still running.
1/1 simulations are still running.
--------------------------------------------------------------------------------
[2J
FireSim Simulation Status @ 2026-05-08 08:38:49.249352
--------------------------------------------------------------------------------
This workload's output is located in:
/home/ubuntu/chipyard/sims/firesim/deploy/results-workload/2026-05-08--08-30-42-rerocc-lc-linux-coupleddma-bertmini-pipeline-runtime-batch8-fileonly-sync-pairdummy-gdbserver-f2-gemmini-rerocc-pairmanager-dummy8x8-4c12p12-sbus64-linux-bertmini-batch8-fileonly-sync-gdbserver-cfg32-nic-notrace/
This run's log is located in:
/home/ubuntu/chipyard/sims/firesim/deploy/logs/2026-05-08--08-30-42-runworkload-RPS9V9VJ24OOFTUR.log
This status will update every 10s.
--------------------------------------------------------------------------------
Instances
--------------------------------------------------------------------------------
Hostname/IP: 192.168.1.5 | Terminated: [33mFalse[0m
--------------------------------------------------------------------------------
Simulated Switches
--------------------------------------------------------------------------------
Hostname/IP: 192.168.1.5 | Switch name: switch0 | Switch running: [32mTrue [0m
--------------------------------------------------------------------------------
Simulated Pipes
--------------------------------------------------------------------------------
--------------------------------------------------------------------------------
Simulated Nodes/Jobs
--------------------------------------------------------------------------------
Hostname/IP: 192.168.1.5 | Job: rerocc-lc-linux-coupleddma-bertmini-pipeline-runtime-batch8-fileonly-sync-pairdummy-gdbserver0 | Sim running: [33mTrue [0m
--------------------------------------------------------------------------------
Summary
--------------------------------------------------------------------------------
1/1 instances are still running.
1/1 simulations are still running.
--------------------------------------------------------------------------------
[2J
FireSim Simulation Status @ 2026-05-08 08:38:59.782399
--------------------------------------------------------------------------------
This workload's output is located in:
/home/ubuntu/chipyard/sims/firesim/deploy/results-workload/2026-05-08--08-30-42-rerocc-lc-linux-coupleddma-bertmini-pipeline-runtime-batch8-fileonly-sync-pairdummy-gdbserver-f2-gemmini-rerocc-pairmanager-dummy8x8-4c12p12-sbus64-linux-bertmini-batch8-fileonly-sync-gdbserver-cfg32-nic-notrace/
This run's log is located in:
/home/ubuntu/chipyard/sims/firesim/deploy/logs/2026-05-08--08-30-42-runworkload-RPS9V9VJ24OOFTUR.log
This status will update every 10s.
--------------------------------------------------------------------------------
Instances
--------------------------------------------------------------------------------
Hostname/IP: 192.168.1.5 | Terminated: [33mFalse[0m
--------------------------------------------------------------------------------
Simulated Switches
--------------------------------------------------------------------------------
Hostname/IP: 192.168.1.5 | Switch name: switch0 | Switch running: [32mTrue [0m
--------------------------------------------------------------------------------
Simulated Pipes
--------------------------------------------------------------------------------
--------------------------------------------------------------------------------
Simulated Nodes/Jobs
--------------------------------------------------------------------------------
Hostname/IP: 192.168.1.5 | Job: rerocc-lc-linux-coupleddma-bertmini-pipeline-runtime-batch8-fileonly-sync-pairdummy-gdbserver0 | Sim running: [33mTrue [0m
--------------------------------------------------------------------------------
Summary
--------------------------------------------------------------------------------
1/1 instances are still running.
1/1 simulations are still running.
--------------------------------------------------------------------------------
[prt-host-watchdog] progress hb='Target Cycle (fastest), Seconds Since Start' uart=16822 guest_log=0 guest_sparse=3784 guest_checkpoint=0 guest_trigger=0 guest_status=1644 guest_proc=2577 guest_runner=395 guest_runner_post=433 guest_runner_early=487 guest_binary=0 guest_runner_proc=5200
[prt-host-watchdog] hb='Target Cycle (fastest), Seconds Since Start' idle=0s hb_idle=62s uart=16822 guest_log=0 guest_sparse=3784 guest_checkpoint=0 guest_trigger=0 guest_status=1644 guest_proc=2577 guest_runner=395 guest_runner_post=433 guest_runner_early=487 guest_binary=0 guest_runner_proc=5200
[2J
FireSim Simulation Status @ 2026-05-08 08:39:10.086715
--------------------------------------------------------------------------------
This workload's output is located in:
/home/ubuntu/chipyard/sims/firesim/deploy/results-workload/2026-05-08--08-30-42-rerocc-lc-linux-coupleddma-bertmini-pipeline-runtime-batch8-fileonly-sync-pairdummy-gdbserver-f2-gemmini-rerocc-pairmanager-dummy8x8-4c12p12-sbus64-linux-bertmini-batch8-fileonly-sync-gdbserver-cfg32-nic-notrace/
This run's log is located in:
/home/ubuntu/chipyard/sims/firesim/deploy/logs/2026-05-08--08-30-42-runworkload-RPS9V9VJ24OOFTUR.log
This status will update every 10s.
--------------------------------------------------------------------------------
Instances
--------------------------------------------------------------------------------
Hostname/IP: 192.168.1.5 | Terminated: [33mFalse[0m
--------------------------------------------------------------------------------
Simulated Switches
--------------------------------------------------------------------------------
Hostname/IP: 192.168.1.5 | Switch name: switch0 | Switch running: [32mTrue [0m
--------------------------------------------------------------------------------
Simulated Pipes
--------------------------------------------------------------------------------
--------------------------------------------------------------------------------
Simulated Nodes/Jobs
--------------------------------------------------------------------------------
Hostname/IP: 192.168.1.5 | Job: rerocc-lc-linux-coupleddma-bertmini-pipeline-runtime-batch8-fileonly-sync-pairdummy-gdbserver0 | Sim running: [33mTrue [0m
--------------------------------------------------------------------------------
Summary
--------------------------------------------------------------------------------
1/1 instances are still running.
1/1 simulations are still running.
--------------------------------------------------------------------------------
[2J
FireSim Simulation Status @ 2026-05-08 08:39:20.405154
--------------------------------------------------------------------------------
This workload's output is located in:
/home/ubuntu/chipyard/sims/firesim/deploy/results-workload/2026-05-08--08-30-42-rerocc-lc-linux-coupleddma-bertmini-pipeline-runtime-batch8-fileonly-sync-pairdummy-gdbserver-f2-gemmini-rerocc-pairmanager-dummy8x8-4c12p12-sbus64-linux-bertmini-batch8-fileonly-sync-gdbserver-cfg32-nic-notrace/
This run's log is located in:
/home/ubuntu/chipyard/sims/firesim/deploy/logs/2026-05-08--08-30-42-runworkload-RPS9V9VJ24OOFTUR.log
This status will update every 10s.
--------------------------------------------------------------------------------
Instances
--------------------------------------------------------------------------------
Hostname/IP: 192.168.1.5 | Terminated: [33mFalse[0m
--------------------------------------------------------------------------------
Simulated Switches
--------------------------------------------------------------------------------
Hostname/IP: 192.168.1.5 | Switch name: switch0 | Switch running: [32mTrue [0m
--------------------------------------------------------------------------------
Simulated Pipes
--------------------------------------------------------------------------------
--------------------------------------------------------------------------------
Simulated Nodes/Jobs
--------------------------------------------------------------------------------
Hostname/IP: 192.168.1.5 | Job: rerocc-lc-linux-coupleddma-bertmini-pipeline-runtime-batch8-fileonly-sync-pairdummy-gdbserver0 | Sim running: [33mTrue [0m
--------------------------------------------------------------------------------
Summary
--------------------------------------------------------------------------------
1/1 instances are still running.
1/1 simulations are still running.
--------------------------------------------------------------------------------
[2J
FireSim Simulation Status @ 2026-05-08 08:39:30.721028
--------------------------------------------------------------------------------
This workload's output is located in:
/home/ubuntu/chipyard/sims/firesim/deploy/results-workload/2026-05-08--08-30-42-rerocc-lc-linux-coupleddma-bertmini-pipeline-runtime-batch8-fileonly-sync-pairdummy-gdbserver-f2-gemmini-rerocc-pairmanager-dummy8x8-4c12p12-sbus64-linux-bertmini-batch8-fileonly-sync-gdbserver-cfg32-nic-notrace/
This run's log is located in:
/home/ubuntu/chipyard/sims/firesim/deploy/logs/2026-05-08--08-30-42-runworkload-RPS9V9VJ24OOFTUR.log
This status will update every 10s.
--------------------------------------------------------------------------------
Instances
--------------------------------------------------------------------------------
Hostname/IP: 192.168.1.5 | Terminated: [33mFalse[0m
--------------------------------------------------------------------------------
Simulated Switches
--------------------------------------------------------------------------------
Hostname/IP: 192.168.1.5 | Switch name: switch0 | Switch running: [32mTrue [0m
--------------------------------------------------------------------------------
Simulated Pipes
--------------------------------------------------------------------------------
--------------------------------------------------------------------------------
Simulated Nodes/Jobs
--------------------------------------------------------------------------------
Hostname/IP: 192.168.1.5 | Job: rerocc-lc-linux-coupleddma-bertmini-pipeline-runtime-batch8-fileonly-sync-pairdummy-gdbserver0 | Sim running: [33mTrue [0m
--------------------------------------------------------------------------------
Summary
--------------------------------------------------------------------------------
1/1 instances are still running.
1/1 simulations are still running.
--------------------------------------------------------------------------------
[prt-host-watchdog] progress hb='Target Cycle (fastest), Seconds Since Start' uart=16919 guest_log=0 guest_sparse=3784 guest_checkpoint=0 guest_trigger=0 guest_status=1644 guest_proc=2577 guest_runner=596 guest_runner_post=433 guest_runner_early=487 guest_binary=0 guest_runner_proc=11411
[prt-host-watchdog] hb='Target Cycle (fastest), Seconds Since Start' idle=0s hb_idle=94s uart=16919 guest_log=0 guest_sparse=3784 guest_checkpoint=0 guest_trigger=0 guest_status=1644 guest_proc=2577 guest_runner=596 guest_runner_post=433 guest_runner_early=487 guest_binary=0 guest_runner_proc=11411
[2J
FireSim Simulation Status @ 2026-05-08 08:39:41.027046
--------------------------------------------------------------------------------
This workload's output is located in:
/home/ubuntu/chipyard/sims/firesim/deploy/results-workload/2026-05-08--08-30-42-rerocc-lc-linux-coupleddma-bertmini-pipeline-runtime-batch8-fileonly-sync-pairdummy-gdbserver-f2-gemmini-rerocc-pairmanager-dummy8x8-4c12p12-sbus64-linux-bertmini-batch8-fileonly-sync-gdbserver-cfg32-nic-notrace/
This run's log is located in:
/home/ubuntu/chipyard/sims/firesim/deploy/logs/2026-05-08--08-30-42-runworkload-RPS9V9VJ24OOFTUR.log
This status will update every 10s.
--------------------------------------------------------------------------------
Instances
--------------------------------------------------------------------------------
Hostname/IP: 192.168.1.5 | Terminated: [33mFalse[0m
--------------------------------------------------------------------------------
Simulated Switches
--------------------------------------------------------------------------------
Hostname/IP: 192.168.1.5 | Switch name: switch0 | Switch running: [32mTrue [0m
--------------------------------------------------------------------------------
Simulated Pipes
--------------------------------------------------------------------------------
--------------------------------------------------------------------------------
Simulated Nodes/Jobs
--------------------------------------------------------------------------------
Hostname/IP: 192.168.1.5 | Job: rerocc-lc-linux-coupleddma-bertmini-pipeline-runtime-batch8-fileonly-sync-pairdummy-gdbserver0 | Sim running: [33mTrue [0m
--------------------------------------------------------------------------------
Summary
--------------------------------------------------------------------------------
1/1 instances are still running.
1/1 simulations are still running.
--------------------------------------------------------------------------------
[2J
FireSim Simulation Status @ 2026-05-08 08:39:51.335253
--------------------------------------------------------------------------------
This workload's output is located in:
/home/ubuntu/chipyard/sims/firesim/deploy/results-workload/2026-05-08--08-30-42-rerocc-lc-linux-coupleddma-bertmini-pipeline-runtime-batch8-fileonly-sync-pairdummy-gdbserver-f2-gemmini-rerocc-pairmanager-dummy8x8-4c12p12-sbus64-linux-bertmini-batch8-fileonly-sync-gdbserver-cfg32-nic-notrace/
This run's log is located in:
/home/ubuntu/chipyard/sims/firesim/deploy/logs/2026-05-08--08-30-42-runworkload-RPS9V9VJ24OOFTUR.log
This status will update every 10s.
--------------------------------------------------------------------------------
Instances
--------------------------------------------------------------------------------
Hostname/IP: 192.168.1.5 | Terminated: [33mFalse[0m
--------------------------------------------------------------------------------
Simulated Switches
--------------------------------------------------------------------------------
Hostname/IP: 192.168.1.5 | Switch name: switch0 | Switch running: [32mTrue [0m
--------------------------------------------------------------------------------
Simulated Pipes
--------------------------------------------------------------------------------
--------------------------------------------------------------------------------
Simulated Nodes/Jobs
--------------------------------------------------------------------------------
Hostname/IP: 192.168.1.5 | Job: rerocc-lc-linux-coupleddma-bertmini-pipeline-runtime-batch8-fileonly-sync-pairdummy-gdbserver0 | Sim running: [33mTrue [0m
--------------------------------------------------------------------------------
Summary
--------------------------------------------------------------------------------
1/1 instances are still running.
1/1 simulations are still running.
--------------------------------------------------------------------------------
[2J
FireSim Simulation Status @ 2026-05-08 08:40:01.856249
--------------------------------------------------------------------------------
This workload's output is located in:
/home/ubuntu/chipyard/sims/firesim/deploy/results-workload/2026-05-08--08-30-42-rerocc-lc-linux-coupleddma-bertmini-pipeline-runtime-batch8-fileonly-sync-pairdummy-gdbserver-f2-gemmini-rerocc-pairmanager-dummy8x8-4c12p12-sbus64-linux-bertmini-batch8-fileonly-sync-gdbserver-cfg32-nic-notrace/
This run's log is located in:
/home/ubuntu/chipyard/sims/firesim/deploy/logs/2026-05-08--08-30-42-runworkload-RPS9V9VJ24OOFTUR.log
This status will update every 10s.
--------------------------------------------------------------------------------
Instances
--------------------------------------------------------------------------------
Hostname/IP: 192.168.1.5 | Terminated: [33mFalse[0m
--------------------------------------------------------------------------------
Simulated Switches
--------------------------------------------------------------------------------
Hostname/IP: 192.168.1.5 | Switch name: switch0 | Switch running: [32mTrue [0m
--------------------------------------------------------------------------------
Simulated Pipes
--------------------------------------------------------------------------------
--------------------------------------------------------------------------------
Simulated Nodes/Jobs
--------------------------------------------------------------------------------
Hostname/IP: 192.168.1.5 | Job: rerocc-lc-linux-coupleddma-bertmini-pipeline-runtime-batch8-fileonly-sync-pairdummy-gdbserver0 | Sim running: [33mTrue [0m
--------------------------------------------------------------------------------
Summary
--------------------------------------------------------------------------------
1/1 instances are still running.
1/1 simulations are still running.
--------------------------------------------------------------------------------
[prt-host-watchdog] hb='Target Cycle (fastest), Seconds Since Start' idle=31s hb_idle=125s uart=16919 guest_log=0 guest_sparse=3784 guest_checkpoint=0 guest_trigger=0 guest_status=1644 guest_proc=2577 guest_runner=596 guest_runner_post=433 guest_runner_early=487 guest_binary=0 guest_runner_proc=11411
[2J
FireSim Simulation Status @ 2026-05-08 08:40:12.164402
--------------------------------------------------------------------------------
This workload's output is located in:
/home/ubuntu/chipyard/sims/firesim/deploy/results-workload/2026-05-08--08-30-42-rerocc-lc-linux-coupleddma-bertmini-pipeline-runtime-batch8-fileonly-sync-pairdummy-gdbserver-f2-gemmini-rerocc-pairmanager-dummy8x8-4c12p12-sbus64-linux-bertmini-batch8-fileonly-sync-gdbserver-cfg32-nic-notrace/
This run's log is located in:
/home/ubuntu/chipyard/sims/firesim/deploy/logs/2026-05-08--08-30-42-runworkload-RPS9V9VJ24OOFTUR.log
This status will update every 10s.
--------------------------------------------------------------------------------
Instances
--------------------------------------------------------------------------------
Hostname/IP: 192.168.1.5 | Terminated: [33mFalse[0m
--------------------------------------------------------------------------------
Simulated Switches
--------------------------------------------------------------------------------
Hostname/IP: 192.168.1.5 | Switch name: switch0 | Switch running: [32mTrue [0m
--------------------------------------------------------------------------------
Simulated Pipes
--------------------------------------------------------------------------------
--------------------------------------------------------------------------------
Simulated Nodes/Jobs
--------------------------------------------------------------------------------
Hostname/IP: 192.168.1.5 | Job: rerocc-lc-linux-coupleddma-bertmini-pipeline-runtime-batch8-fileonly-sync-pairdummy-gdbserver0 | Sim running: [33mTrue [0m
--------------------------------------------------------------------------------
Summary
--------------------------------------------------------------------------------
1/1 instances are still running.
1/1 simulations are still running.
--------------------------------------------------------------------------------
[2J
FireSim Simulation Status @ 2026-05-08 08:40:22.473365
--------------------------------------------------------------------------------
This workload's output is located in:
/home/ubuntu/chipyard/sims/firesim/deploy/results-workload/2026-05-08--08-30-42-rerocc-lc-linux-coupleddma-bertmini-pipeline-runtime-batch8-fileonly-sync-pairdummy-gdbserver-f2-gemmini-rerocc-pairmanager-dummy8x8-4c12p12-sbus64-linux-bertmini-batch8-fileonly-sync-gdbserver-cfg32-nic-notrace/
This run's log is located in:
/home/ubuntu/chipyard/sims/firesim/deploy/logs/2026-05-08--08-30-42-runworkload-RPS9V9VJ24OOFTUR.log
This status will update every 10s.
--------------------------------------------------------------------------------
Instances
--------------------------------------------------------------------------------
Hostname/IP: 192.168.1.5 | Terminated: [33mFalse[0m
--------------------------------------------------------------------------------
Simulated Switches
--------------------------------------------------------------------------------
Hostname/IP: 192.168.1.5 | Switch name: switch0 | Switch running: [32mTrue [0m
--------------------------------------------------------------------------------
Simulated Pipes
--------------------------------------------------------------------------------
--------------------------------------------------------------------------------
Simulated Nodes/Jobs
--------------------------------------------------------------------------------
Hostname/IP: 192.168.1.5 | Job: rerocc-lc-linux-coupleddma-bertmini-pipeline-runtime-batch8-fileonly-sync-pairdummy-gdbserver0 | Sim running: [33mTrue [0m
--------------------------------------------------------------------------------
Summary
--------------------------------------------------------------------------------
1/1 instances are still running.
1/1 simulations are still running.
--------------------------------------------------------------------------------
[2J
FireSim Simulation Status @ 2026-05-08 08:40:32.782010
--------------------------------------------------------------------------------
This workload's output is located in:
/home/ubuntu/chipyard/sims/firesim/deploy/results-workload/2026-05-08--08-30-42-rerocc-lc-linux-coupleddma-bertmini-pipeline-runtime-batch8-fileonly-sync-pairdummy-gdbserver-f2-gemmini-rerocc-pairmanager-dummy8x8-4c12p12-sbus64-linux-bertmini-batch8-fileonly-sync-gdbserver-cfg32-nic-notrace/
This run's log is located in:
/home/ubuntu/chipyard/sims/firesim/deploy/logs/2026-05-08--08-30-42-runworkload-RPS9V9VJ24OOFTUR.log
This status will update every 10s.
--------------------------------------------------------------------------------
Instances
--------------------------------------------------------------------------------
Hostname/IP: 192.168.1.5 | Terminated: [33mFalse[0m
--------------------------------------------------------------------------------
Simulated Switches
--------------------------------------------------------------------------------
Hostname/IP: 192.168.1.5 | Switch name: switch0 | Switch running: [32mTrue [0m
--------------------------------------------------------------------------------
Simulated Pipes
--------------------------------------------------------------------------------
--------------------------------------------------------------------------------
Simulated Nodes/Jobs
--------------------------------------------------------------------------------
Hostname/IP: 192.168.1.5 | Job: rerocc-lc-linux-coupleddma-bertmini-pipeline-runtime-batch8-fileonly-sync-pairdummy-gdbserver0 | Sim running: [33mTrue [0m
--------------------------------------------------------------------------------
Summary
--------------------------------------------------------------------------------
1/1 instances are still running.
1/1 simulations are still running.
--------------------------------------------------------------------------------
[prt-host-watchdog] progress hb='Target Cycle (fastest), Seconds Since Start' uart=16919 guest_log=0 guest_sparse=4750 guest_checkpoint=0 guest_trigger=0 guest_status=1644 guest_proc=2577 guest_runner=596 guest_runner_post=433 guest_runner_early=487 guest_binary=0 guest_runner_proc=11411
[prt-host-watchdog] hb='Target Cycle (fastest), Seconds Since Start' idle=0s hb_idle=156s uart=16919 guest_log=0 guest_sparse=4750 guest_checkpoint=0 guest_trigger=0 guest_status=1644 guest_proc=2577 guest_runner=596 guest_runner_post=433 guest_runner_early=487 guest_binary=0 guest_runner_proc=11411
[2J
FireSim Simulation Status @ 2026-05-08 08:40:43.085405
--------------------------------------------------------------------------------
This workload's output is located in:
/home/ubuntu/chipyard/sims/firesim/deploy/results-workload/2026-05-08--08-30-42-rerocc-lc-linux-coupleddma-bertmini-pipeline-runtime-batch8-fileonly-sync-pairdummy-gdbserver-f2-gemmini-rerocc-pairmanager-dummy8x8-4c12p12-sbus64-linux-bertmini-batch8-fileonly-sync-gdbserver-cfg32-nic-notrace/
This run's log is located in:
/home/ubuntu/chipyard/sims/firesim/deploy/logs/2026-05-08--08-30-42-runworkload-RPS9V9VJ24OOFTUR.log
This status will update every 10s.
--------------------------------------------------------------------------------
Instances
--------------------------------------------------------------------------------
Hostname/IP: 192.168.1.5 | Terminated: [33mFalse[0m
--------------------------------------------------------------------------------
Simulated Switches
--------------------------------------------------------------------------------
Hostname/IP: 192.168.1.5 | Switch name: switch0 | Switch running: [32mTrue [0m
--------------------------------------------------------------------------------
Simulated Pipes
--------------------------------------------------------------------------------
--------------------------------------------------------------------------------
Simulated Nodes/Jobs
--------------------------------------------------------------------------------
Hostname/IP: 192.168.1.5 | Job: rerocc-lc-linux-coupleddma-bertmini-pipeline-runtime-batch8-fileonly-sync-pairdummy-gdbserver0 | Sim running: [33mTrue [0m
--------------------------------------------------------------------------------
Summary
--------------------------------------------------------------------------------
1/1 instances are still running.
1/1 simulations are still running.
--------------------------------------------------------------------------------
[2J
FireSim Simulation Status @ 2026-05-08 08:40:53.388312
--------------------------------------------------------------------------------
This workload's output is located in:
/home/ubuntu/chipyard/sims/firesim/deploy/results-workload/2026-05-08--08-30-42-rerocc-lc-linux-coupleddma-bertmini-pipeline-runtime-batch8-fileonly-sync-pairdummy-gdbserver-f2-gemmini-rerocc-pairmanager-dummy8x8-4c12p12-sbus64-linux-bertmini-batch8-fileonly-sync-gdbserver-cfg32-nic-notrace/
This run's log is located in:
/home/ubuntu/chipyard/sims/firesim/deploy/logs/2026-05-08--08-30-42-runworkload-RPS9V9VJ24OOFTUR.log
This status will update every 10s.
--------------------------------------------------------------------------------
Instances
--------------------------------------------------------------------------------
Hostname/IP: 192.168.1.5 | Terminated: [33mFalse[0m
--------------------------------------------------------------------------------
Simulated Switches
--------------------------------------------------------------------------------
Hostname/IP: 192.168.1.5 | Switch name: switch0 | Switch running: [32mTrue [0m
--------------------------------------------------------------------------------
Simulated Pipes
--------------------------------------------------------------------------------
--------------------------------------------------------------------------------
Simulated Nodes/Jobs
--------------------------------------------------------------------------------
Hostname/IP: 192.168.1.5 | Job: rerocc-lc-linux-coupleddma-bertmini-pipeline-runtime-batch8-fileonly-sync-pairdummy-gdbserver0 | Sim running: [33mTrue [0m
--------------------------------------------------------------------------------
Summary
--------------------------------------------------------------------------------
1/1 instances are still running.
1/1 simulations are still running.
--------------------------------------------------------------------------------
[2J
FireSim Simulation Status @ 2026-05-08 08:41:03.928330
--------------------------------------------------------------------------------
This workload's output is located in:
/home/ubuntu/chipyard/sims/firesim/deploy/results-workload/2026-05-08--08-30-42-rerocc-lc-linux-coupleddma-bertmini-pipeline-runtime-batch8-fileonly-sync-pairdummy-gdbserver-f2-gemmini-rerocc-pairmanager-dummy8x8-4c12p12-sbus64-linux-bertmini-batch8-fileonly-sync-gdbserver-cfg32-nic-notrace/
This run's log is located in:
/home/ubuntu/chipyard/sims/firesim/deploy/logs/2026-05-08--08-30-42-runworkload-RPS9V9VJ24OOFTUR.log
This status will update every 10s.
--------------------------------------------------------------------------------
Instances
--------------------------------------------------------------------------------
Hostname/IP: 192.168.1.5 | Terminated: [33mFalse[0m
--------------------------------------------------------------------------------
Simulated Switches
--------------------------------------------------------------------------------
Hostname/IP: 192.168.1.5 | Switch name: switch0 | Switch running: [32mTrue [0m
--------------------------------------------------------------------------------
Simulated Pipes
--------------------------------------------------------------------------------
--------------------------------------------------------------------------------
Simulated Nodes/Jobs
--------------------------------------------------------------------------------
Hostname/IP: 192.168.1.5 | Job: rerocc-lc-linux-coupleddma-bertmini-pipeline-runtime-batch8-fileonly-sync-pairdummy-gdbserver0 | Sim running: [33mTrue [0m
--------------------------------------------------------------------------------
Summary
--------------------------------------------------------------------------------
1/1 instances are still running.
1/1 simulations are still running.
--------------------------------------------------------------------------------
[prt-host-watchdog] hb='Target Cycle (fastest), Seconds Since Start' idle=31s hb_idle=187s uart=16919 guest_log=0 guest_sparse=4750 guest_checkpoint=0 guest_trigger=0 guest_status=1644 guest_proc=2577 guest_runner=596 guest_runner_post=433 guest_runner_early=487 guest_binary=0 guest_runner_proc=11411
[2J
FireSim Simulation Status @ 2026-05-08 08:41:14.235654
--------------------------------------------------------------------------------
This workload's output is located in:
/home/ubuntu/chipyard/sims/firesim/deploy/results-workload/2026-05-08--08-30-42-rerocc-lc-linux-coupleddma-bertmini-pipeline-runtime-batch8-fileonly-sync-pairdummy-gdbserver-f2-gemmini-rerocc-pairmanager-dummy8x8-4c12p12-sbus64-linux-bertmini-batch8-fileonly-sync-gdbserver-cfg32-nic-notrace/
This run's log is located in:
/home/ubuntu/chipyard/sims/firesim/deploy/logs/2026-05-08--08-30-42-runworkload-RPS9V9VJ24OOFTUR.log
This status will update every 10s.
--------------------------------------------------------------------------------
Instances
--------------------------------------------------------------------------------
Hostname/IP: 192.168.1.5 | Terminated: [33mFalse[0m
--------------------------------------------------------------------------------
Simulated Switches
--------------------------------------------------------------------------------
Hostname/IP: 192.168.1.5 | Switch name: switch0 | Switch running: [32mTrue [0m
--------------------------------------------------------------------------------
Simulated Pipes
--------------------------------------------------------------------------------
--------------------------------------------------------------------------------
Simulated Nodes/Jobs
--------------------------------------------------------------------------------
Hostname/IP: 192.168.1.5 | Job: rerocc-lc-linux-coupleddma-bertmini-pipeline-runtime-batch8-fileonly-sync-pairdummy-gdbserver0 | Sim running: [33mTrue [0m
--------------------------------------------------------------------------------
Summary
--------------------------------------------------------------------------------
1/1 instances are still running.
1/1 simulations are still running.
--------------------------------------------------------------------------------
[2J
FireSim Simulation Status @ 2026-05-08 08:41:24.541111
--------------------------------------------------------------------------------
This workload's output is located in:
/home/ubuntu/chipyard/sims/firesim/deploy/results-workload/2026-05-08--08-30-42-rerocc-lc-linux-coupleddma-bertmini-pipeline-runtime-batch8-fileonly-sync-pairdummy-gdbserver-f2-gemmini-rerocc-pairmanager-dummy8x8-4c12p12-sbus64-linux-bertmini-batch8-fileonly-sync-gdbserver-cfg32-nic-notrace/
This run's log is located in:
/home/ubuntu/chipyard/sims/firesim/deploy/logs/2026-05-08--08-30-42-runworkload-RPS9V9VJ24OOFTUR.log
This status will update every 10s.
--------------------------------------------------------------------------------
Instances
--------------------------------------------------------------------------------
Hostname/IP: 192.168.1.5 | Terminated: [33mFalse[0m
--------------------------------------------------------------------------------
Simulated Switches
--------------------------------------------------------------------------------
Hostname/IP: 192.168.1.5 | Switch name: switch0 | Switch running: [32mTrue [0m
--------------------------------------------------------------------------------
Simulated Pipes
--------------------------------------------------------------------------------
--------------------------------------------------------------------------------
Simulated Nodes/Jobs
--------------------------------------------------------------------------------
Hostname/IP: 192.168.1.5 | Job: rerocc-lc-linux-coupleddma-bertmini-pipeline-runtime-batch8-fileonly-sync-pairdummy-gdbserver0 | Sim running: [33mTrue [0m
--------------------------------------------------------------------------------
Summary
--------------------------------------------------------------------------------
1/1 instances are still running.
1/1 simulations are still running.
--------------------------------------------------------------------------------
[2J
FireSim Simulation Status @ 2026-05-08 08:41:34.836323
--------------------------------------------------------------------------------
This workload's output is located in:
/home/ubuntu/chipyard/sims/firesim/deploy/results-workload/2026-05-08--08-30-42-rerocc-lc-linux-coupleddma-bertmini-pipeline-runtime-batch8-fileonly-sync-pairdummy-gdbserver-f2-gemmini-rerocc-pairmanager-dummy8x8-4c12p12-sbus64-linux-bertmini-batch8-fileonly-sync-gdbserver-cfg32-nic-notrace/
This run's log is located in:
/home/ubuntu/chipyard/sims/firesim/deploy/logs/2026-05-08--08-30-42-runworkload-RPS9V9VJ24OOFTUR.log
This status will update every 10s.
--------------------------------------------------------------------------------
Instances
--------------------------------------------------------------------------------
Hostname/IP: 192.168.1.5 | Terminated: [33mFalse[0m
--------------------------------------------------------------------------------
Simulated Switches
--------------------------------------------------------------------------------
Hostname/IP: 192.168.1.5 | Switch name: switch0 | Switch running: [32mTrue [0m
--------------------------------------------------------------------------------
Simulated Pipes
--------------------------------------------------------------------------------
--------------------------------------------------------------------------------
Simulated Nodes/Jobs
--------------------------------------------------------------------------------
Hostname/IP: 192.168.1.5 | Job: rerocc-lc-linux-coupleddma-bertmini-pipeline-runtime-batch8-fileonly-sync-pairdummy-gdbserver0 | Sim running: [33mTrue [0m
--------------------------------------------------------------------------------
Summary
--------------------------------------------------------------------------------
1/1 instances are still running.
1/1 simulations are still running.
--------------------------------------------------------------------------------
[prt-host-watchdog] progress hb='Target Cycle (fastest), Seconds Since Start' uart=16919 guest_log=0 guest_sparse=218915 guest_checkpoint=0 guest_trigger=0 guest_status=1644 guest_proc=2577 guest_runner=596 guest_runner_post=433 guest_runner_early=487 guest_binary=0 guest_runner_proc=11411
[prt-host-watchdog] hb='Target Cycle (fastest), Seconds Since Start' idle=0s hb_idle=219s uart=16919 guest_log=0 guest_sparse=218915 guest_checkpoint=0 guest_trigger=0 guest_status=1644 guest_proc=2577 guest_runner=596 guest_runner_post=433 guest_runner_early=487 guest_binary=0 guest_runner_proc=11411
[2J
FireSim Simulation Status @ 2026-05-08 08:41:45.144545
--------------------------------------------------------------------------------
This workload's output is located in:
/home/ubuntu/chipyard/sims/firesim/deploy/results-workload/2026-05-08--08-30-42-rerocc-lc-linux-coupleddma-bertmini-pipeline-runtime-batch8-fileonly-sync-pairdummy-gdbserver-f2-gemmini-rerocc-pairmanager-dummy8x8-4c12p12-sbus64-linux-bertmini-batch8-fileonly-sync-gdbserver-cfg32-nic-notrace/
This run's log is located in:
/home/ubuntu/chipyard/sims/firesim/deploy/logs/2026-05-08--08-30-42-runworkload-RPS9V9VJ24OOFTUR.log
This status will update every 10s.
--------------------------------------------------------------------------------
Instances
--------------------------------------------------------------------------------
Hostname/IP: 192.168.1.5 | Terminated: [33mFalse[0m
--------------------------------------------------------------------------------
Simulated Switches
--------------------------------------------------------------------------------
Hostname/IP: 192.168.1.5 | Switch name: switch0 | Switch running: [32mTrue [0m
--------------------------------------------------------------------------------
Simulated Pipes
--------------------------------------------------------------------------------
--------------------------------------------------------------------------------
Simulated Nodes/Jobs
--------------------------------------------------------------------------------
Hostname/IP: 192.168.1.5 | Job: rerocc-lc-linux-coupleddma-bertmini-pipeline-runtime-batch8-fileonly-sync-pairdummy-gdbserver0 | Sim running: [33mTrue [0m
--------------------------------------------------------------------------------
Summary
--------------------------------------------------------------------------------
1/1 instances are still running.
1/1 simulations are still running.
--------------------------------------------------------------------------------
[2J
FireSim Simulation Status @ 2026-05-08 08:41:55.452822
--------------------------------------------------------------------------------
This workload's output is located in:
/home/ubuntu/chipyard/sims/firesim/deploy/results-workload/2026-05-08--08-30-42-rerocc-lc-linux-coupleddma-bertmini-pipeline-runtime-batch8-fileonly-sync-pairdummy-gdbserver-f2-gemmini-rerocc-pairmanager-dummy8x8-4c12p12-sbus64-linux-bertmini-batch8-fileonly-sync-gdbserver-cfg32-nic-notrace/
This run's log is located in:
/home/ubuntu/chipyard/sims/firesim/deploy/logs/2026-05-08--08-30-42-runworkload-RPS9V9VJ24OOFTUR.log
This status will update every 10s.
--------------------------------------------------------------------------------
Instances
--------------------------------------------------------------------------------
Hostname/IP: 192.168.1.5 | Terminated: [33mFalse[0m
--------------------------------------------------------------------------------
Simulated Switches
--------------------------------------------------------------------------------
Hostname/IP: 192.168.1.5 | Switch name: switch0 | Switch running: [32mTrue [0m
--------------------------------------------------------------------------------
Simulated Pipes
--------------------------------------------------------------------------------
--------------------------------------------------------------------------------
Simulated Nodes/Jobs
--------------------------------------------------------------------------------
Hostname/IP: 192.168.1.5 | Job: rerocc-lc-linux-coupleddma-bertmini-pipeline-runtime-batch8-fileonly-sync-pairdummy-gdbserver0 | Sim running: [33mTrue [0m
--------------------------------------------------------------------------------
Summary
--------------------------------------------------------------------------------
1/1 instances are still running.
1/1 simulations are still running.
--------------------------------------------------------------------------------
[2J
FireSim Simulation Status @ 2026-05-08 08:42:05.993340
--------------------------------------------------------------------------------
This workload's output is located in:
/home/ubuntu/chipyard/sims/firesim/deploy/results-workload/2026-05-08--08-30-42-rerocc-lc-linux-coupleddma-bertmini-pipeline-runtime-batch8-fileonly-sync-pairdummy-gdbserver-f2-gemmini-rerocc-pairmanager-dummy8x8-4c12p12-sbus64-linux-bertmini-batch8-fileonly-sync-gdbserver-cfg32-nic-notrace/
This run's log is located in:
/home/ubuntu/chipyard/sims/firesim/deploy/logs/2026-05-08--08-30-42-runworkload-RPS9V9VJ24OOFTUR.log
This status will update every 10s.
--------------------------------------------------------------------------------
Instances
--------------------------------------------------------------------------------
Hostname/IP: 192.168.1.5 | Terminated: [33mFalse[0m
--------------------------------------------------------------------------------
Simulated Switches
--------------------------------------------------------------------------------
Hostname/IP: 192.168.1.5 | Switch name: switch0 | Switch running: [32mTrue [0m
--------------------------------------------------------------------------------
Simulated Pipes
--------------------------------------------------------------------------------
--------------------------------------------------------------------------------
Simulated Nodes/Jobs
--------------------------------------------------------------------------------
Hostname/IP: 192.168.1.5 | Job: rerocc-lc-linux-coupleddma-bertmini-pipeline-runtime-batch8-fileonly-sync-pairdummy-gdbserver0 | Sim running: [33mTrue [0m
--------------------------------------------------------------------------------
Summary
--------------------------------------------------------------------------------
1/1 instances are still running.
1/1 simulations are still running.
--------------------------------------------------------------------------------
[prt-host-watchdog] hb='Target Cycle (fastest), Seconds Since Start' idle=31s hb_idle=250s uart=16919 guest_log=0 guest_sparse=218915 guest_checkpoint=0 guest_trigger=0 guest_status=1644 guest_proc=2577 guest_runner=596 guest_runner_post=433 guest_runner_early=487 guest_binary=0 guest_runner_proc=11411
[2J
FireSim Simulation Status @ 2026-05-08 08:42:16.291700
--------------------------------------------------------------------------------
This workload's output is located in:
/home/ubuntu/chipyard/sims/firesim/deploy/results-workload/2026-05-08--08-30-42-rerocc-lc-linux-coupleddma-bertmini-pipeline-runtime-batch8-fileonly-sync-pairdummy-gdbserver-f2-gemmini-rerocc-pairmanager-dummy8x8-4c12p12-sbus64-linux-bertmini-batch8-fileonly-sync-gdbserver-cfg32-nic-notrace/
This run's log is located in:
/home/ubuntu/chipyard/sims/firesim/deploy/logs/2026-05-08--08-30-42-runworkload-RPS9V9VJ24OOFTUR.log
This status will update every 10s.
--------------------------------------------------------------------------------
Instances
--------------------------------------------------------------------------------
Hostname/IP: 192.168.1.5 | Terminated: [33mFalse[0m
--------------------------------------------------------------------------------
Simulated Switches
--------------------------------------------------------------------------------
Hostname/IP: 192.168.1.5 | Switch name: switch0 | Switch running: [32mTrue [0m
--------------------------------------------------------------------------------
Simulated Pipes
--------------------------------------------------------------------------------
--------------------------------------------------------------------------------
Simulated Nodes/Jobs
--------------------------------------------------------------------------------
Hostname/IP: 192.168.1.5 | Job: rerocc-lc-linux-coupleddma-bertmini-pipeline-runtime-batch8-fileonly-sync-pairdummy-gdbserver0 | Sim running: [33mTrue [0m
--------------------------------------------------------------------------------
Summary
--------------------------------------------------------------------------------
1/1 instances are still running.
1/1 simulations are still running.
--------------------------------------------------------------------------------
[2J
FireSim Simulation Status @ 2026-05-08 08:42:26.593962
--------------------------------------------------------------------------------
This workload's output is located in:
/home/ubuntu/chipyard/sims/firesim/deploy/results-workload/2026-05-08--08-30-42-rerocc-lc-linux-coupleddma-bertmini-pipeline-runtime-batch8-fileonly-sync-pairdummy-gdbserver-f2-gemmini-rerocc-pairmanager-dummy8x8-4c12p12-sbus64-linux-bertmini-batch8-fileonly-sync-gdbserver-cfg32-nic-notrace/
This run's log is located in:
/home/ubuntu/chipyard/sims/firesim/deploy/logs/2026-05-08--08-30-42-runworkload-RPS9V9VJ24OOFTUR.log
This status will update every 10s.
--------------------------------------------------------------------------------
Instances
--------------------------------------------------------------------------------
Hostname/IP: 192.168.1.5 | Terminated: [33mFalse[0m
--------------------------------------------------------------------------------
Simulated Switches
--------------------------------------------------------------------------------
Hostname/IP: 192.168.1.5 | Switch name: switch0 | Switch running: [32mTrue [0m
--------------------------------------------------------------------------------
Simulated Pipes
--------------------------------------------------------------------------------
--------------------------------------------------------------------------------
Simulated Nodes/Jobs
--------------------------------------------------------------------------------
Hostname/IP: 192.168.1.5 | Job: rerocc-lc-linux-coupleddma-bertmini-pipeline-runtime-batch8-fileonly-sync-pairdummy-gdbserver0 | Sim running: [33mTrue [0m
--------------------------------------------------------------------------------
Summary
--------------------------------------------------------------------------------
1/1 instances are still running.
1/1 simulations are still running.
--------------------------------------------------------------------------------
[2J
FireSim Simulation Status @ 2026-05-08 08:42:36.902195
--------------------------------------------------------------------------------
This workload's output is located in:
/home/ubuntu/chipyard/sims/firesim/deploy/results-workload/2026-05-08--08-30-42-rerocc-lc-linux-coupleddma-bertmini-pipeline-runtime-batch8-fileonly-sync-pairdummy-gdbserver-f2-gemmini-rerocc-pairmanager-dummy8x8-4c12p12-sbus64-linux-bertmini-batch8-fileonly-sync-gdbserver-cfg32-nic-notrace/
This run's log is located in:
/home/ubuntu/chipyard/sims/firesim/deploy/logs/2026-05-08--08-30-42-runworkload-RPS9V9VJ24OOFTUR.log
This status will update every 10s.
--------------------------------------------------------------------------------
Instances
--------------------------------------------------------------------------------
Hostname/IP: 192.168.1.5 | Terminated: [33mFalse[0m
--------------------------------------------------------------------------------
Simulated Switches
--------------------------------------------------------------------------------
Hostname/IP: 192.168.1.5 | Switch name: switch0 | Switch running: [32mTrue [0m
--------------------------------------------------------------------------------
Simulated Pipes
--------------------------------------------------------------------------------
--------------------------------------------------------------------------------
Simulated Nodes/Jobs
--------------------------------------------------------------------------------
Hostname/IP: 192.168.1.5 | Job: rerocc-lc-linux-coupleddma-bertmini-pipeline-runtime-batch8-fileonly-sync-pairdummy-gdbserver0 | Sim running: [33mTrue [0m
--------------------------------------------------------------------------------
Summary
--------------------------------------------------------------------------------
1/1 instances are still running.
1/1 simulations are still running.
--------------------------------------------------------------------------------
[prt-host-watchdog] progress hb='Target Cycle (fastest), Seconds Since Start' uart=16919 guest_log=0 guest_sparse=262493 guest_checkpoint=0 guest_trigger=0 guest_status=1644 guest_proc=3866 guest_runner=596 guest_runner_post=433 guest_runner_early=487 guest_binary=0 guest_runner_proc=11411
[prt-host-watchdog] hb='Target Cycle (fastest), Seconds Since Start' idle=0s hb_idle=281s uart=16919 guest_log=0 guest_sparse=262493 guest_checkpoint=0 guest_trigger=0 guest_status=1644 guest_proc=3866 guest_runner=596 guest_runner_post=433 guest_runner_early=487 guest_binary=0 guest_runner_proc=11411
[2J
FireSim Simulation Status @ 2026-05-08 08:42:47.210861
--------------------------------------------------------------------------------
This workload's output is located in:
/home/ubuntu/chipyard/sims/firesim/deploy/results-workload/2026-05-08--08-30-42-rerocc-lc-linux-coupleddma-bertmini-pipeline-runtime-batch8-fileonly-sync-pairdummy-gdbserver-f2-gemmini-rerocc-pairmanager-dummy8x8-4c12p12-sbus64-linux-bertmini-batch8-fileonly-sync-gdbserver-cfg32-nic-notrace/
This run's log is located in:
/home/ubuntu/chipyard/sims/firesim/deploy/logs/2026-05-08--08-30-42-runworkload-RPS9V9VJ24OOFTUR.log
This status will update every 10s.
--------------------------------------------------------------------------------
Instances
--------------------------------------------------------------------------------
Hostname/IP: 192.168.1.5 | Terminated: [33mFalse[0m
--------------------------------------------------------------------------------
Simulated Switches
--------------------------------------------------------------------------------
Hostname/IP: 192.168.1.5 | Switch name: switch0 | Switch running: [32mTrue [0m
--------------------------------------------------------------------------------
Simulated Pipes
--------------------------------------------------------------------------------
--------------------------------------------------------------------------------
Simulated Nodes/Jobs
--------------------------------------------------------------------------------
Hostname/IP: 192.168.1.5 | Job: rerocc-lc-linux-coupleddma-bertmini-pipeline-runtime-batch8-fileonly-sync-pairdummy-gdbserver0 | Sim running: [33mTrue [0m
--------------------------------------------------------------------------------
Summary
--------------------------------------------------------------------------------
1/1 instances are still running.
1/1 simulations are still running.
--------------------------------------------------------------------------------
[2J
FireSim Simulation Status @ 2026-05-08 08:42:57.523724
--------------------------------------------------------------------------------
This workload's output is located in:
/home/ubuntu/chipyard/sims/firesim/deploy/results-workload/2026-05-08--08-30-42-rerocc-lc-linux-coupleddma-bertmini-pipeline-runtime-batch8-fileonly-sync-pairdummy-gdbserver-f2-gemmini-rerocc-pairmanager-dummy8x8-4c12p12-sbus64-linux-bertmini-batch8-fileonly-sync-gdbserver-cfg32-nic-notrace/
This run's log is located in:
/home/ubuntu/chipyard/sims/firesim/deploy/logs/2026-05-08--08-30-42-runworkload-RPS9V9VJ24OOFTUR.log
This status will update every 10s.
--------------------------------------------------------------------------------
Instances
--------------------------------------------------------------------------------
Hostname/IP: 192.168.1.5 | Terminated: [33mFalse[0m
--------------------------------------------------------------------------------
Simulated Switches
--------------------------------------------------------------------------------
Hostname/IP: 192.168.1.5 | Switch name: switch0 | Switch running: [32mTrue [0m
--------------------------------------------------------------------------------
Simulated Pipes
--------------------------------------------------------------------------------
--------------------------------------------------------------------------------
Simulated Nodes/Jobs
--------------------------------------------------------------------------------
Hostname/IP: 192.168.1.5 | Job: rerocc-lc-linux-coupleddma-bertmini-pipeline-runtime-batch8-fileonly-sync-pairdummy-gdbserver0 | Sim running: [33mTrue [0m
--------------------------------------------------------------------------------
Summary
--------------------------------------------------------------------------------
1/1 instances are still running.
1/1 simulations are still running.
--------------------------------------------------------------------------------
[2J
FireSim Simulation Status @ 2026-05-08 08:43:08.063358
--------------------------------------------------------------------------------
This workload's output is located in:
/home/ubuntu/chipyard/sims/firesim/deploy/results-workload/2026-05-08--08-30-42-rerocc-lc-linux-coupleddma-bertmini-pipeline-runtime-batch8-fileonly-sync-pairdummy-gdbserver-f2-gemmini-rerocc-pairmanager-dummy8x8-4c12p12-sbus64-linux-bertmini-batch8-fileonly-sync-gdbserver-cfg32-nic-notrace/
This run's log is located in:
/home/ubuntu/chipyard/sims/firesim/deploy/logs/2026-05-08--08-30-42-runworkload-RPS9V9VJ24OOFTUR.log
This status will update every 10s.
--------------------------------------------------------------------------------
Instances
--------------------------------------------------------------------------------
Hostname/IP: 192.168.1.5 | Terminated: [33mFalse[0m
--------------------------------------------------------------------------------
Simulated Switches
--------------------------------------------------------------------------------
Hostname/IP: 192.168.1.5 | Switch name: switch0 | Switch running: [32mTrue [0m
--------------------------------------------------------------------------------
Simulated Pipes
--------------------------------------------------------------------------------
--------------------------------------------------------------------------------
Simulated Nodes/Jobs
--------------------------------------------------------------------------------
Hostname/IP: 192.168.1.5 | Job: rerocc-lc-linux-coupleddma-bertmini-pipeline-runtime-batch8-fileonly-sync-pairdummy-gdbserver0 | Sim running: [33mTrue [0m
--------------------------------------------------------------------------------
Summary
--------------------------------------------------------------------------------
1/1 instances are still running.
1/1 simulations are still running.
--------------------------------------------------------------------------------
[prt-host-watchdog] hb='Target Cycle (fastest), Seconds Since Start' idle=32s hb_idle=313s uart=16919 guest_log=0 guest_sparse=262493 guest_checkpoint=0 guest_trigger=0 guest_status=1644 guest_proc=3866 guest_runner=596 guest_runner_post=433 guest_runner_early=487 guest_binary=0 guest_runner_proc=11411
[2J
FireSim Simulation Status @ 2026-05-08 08:43:18.365338
--------------------------------------------------------------------------------
This workload's output is located in:
/home/ubuntu/chipyard/sims/firesim/deploy/results-workload/2026-05-08--08-30-42-rerocc-lc-linux-coupleddma-bertmini-pipeline-runtime-batch8-fileonly-sync-pairdummy-gdbserver-f2-gemmini-rerocc-pairmanager-dummy8x8-4c12p12-sbus64-linux-bertmini-batch8-fileonly-sync-gdbserver-cfg32-nic-notrace/
This run's log is located in:
/home/ubuntu/chipyard/sims/firesim/deploy/logs/2026-05-08--08-30-42-runworkload-RPS9V9VJ24OOFTUR.log
This status will update every 10s.
--------------------------------------------------------------------------------
Instances
--------------------------------------------------------------------------------
Hostname/IP: 192.168.1.5 | Terminated: [33mFalse[0m
--------------------------------------------------------------------------------
Simulated Switches
--------------------------------------------------------------------------------
Hostname/IP: 192.168.1.5 | Switch name: switch0 | Switch running: [32mTrue [0m
--------------------------------------------------------------------------------
Simulated Pipes
--------------------------------------------------------------------------------
--------------------------------------------------------------------------------
Simulated Nodes/Jobs
--------------------------------------------------------------------------------
Hostname/IP: 192.168.1.5 | Job: rerocc-lc-linux-coupleddma-bertmini-pipeline-runtime-batch8-fileonly-sync-pairdummy-gdbserver0 | Sim running: [33mTrue [0m
--------------------------------------------------------------------------------
Summary
--------------------------------------------------------------------------------
1/1 instances are still running.
1/1 simulations are still running.
--------------------------------------------------------------------------------
[2J
FireSim Simulation Status @ 2026-05-08 08:43:28.663202
--------------------------------------------------------------------------------
This workload's output is located in:
/home/ubuntu/chipyard/sims/firesim/deploy/results-workload/2026-05-08--08-30-42-rerocc-lc-linux-coupleddma-bertmini-pipeline-runtime-batch8-fileonly-sync-pairdummy-gdbserver-f2-gemmini-rerocc-pairmanager-dummy8x8-4c12p12-sbus64-linux-bertmini-batch8-fileonly-sync-gdbserver-cfg32-nic-notrace/
This run's log is located in:
/home/ubuntu/chipyard/sims/firesim/deploy/logs/2026-05-08--08-30-42-runworkload-RPS9V9VJ24OOFTUR.log
This status will update every 10s.
--------------------------------------------------------------------------------
Instances
--------------------------------------------------------------------------------
Hostname/IP: 192.168.1.5 | Terminated: [33mFalse[0m
--------------------------------------------------------------------------------
Simulated Switches
--------------------------------------------------------------------------------
Hostname/IP: 192.168.1.5 | Switch name: switch0 | Switch running: [32mTrue [0m
--------------------------------------------------------------------------------
Simulated Pipes
--------------------------------------------------------------------------------
--------------------------------------------------------------------------------
Simulated Nodes/Jobs
--------------------------------------------------------------------------------
Hostname/IP: 192.168.1.5 | Job: rerocc-lc-linux-coupleddma-bertmini-pipeline-runtime-batch8-fileonly-sync-pairdummy-gdbserver0 | Sim running: [33mTrue [0m
--------------------------------------------------------------------------------
Summary
--------------------------------------------------------------------------------
1/1 instances are still running.
1/1 simulations are still running.
--------------------------------------------------------------------------------
[2J
FireSim Simulation Status @ 2026-05-08 08:43:38.971411
--------------------------------------------------------------------------------
This workload's output is located in:
/home/ubuntu/chipyard/sims/firesim/deploy/results-workload/2026-05-08--08-30-42-rerocc-lc-linux-coupleddma-bertmini-pipeline-runtime-batch8-fileonly-sync-pairdummy-gdbserver-f2-gemmini-rerocc-pairmanager-dummy8x8-4c12p12-sbus64-linux-bertmini-batch8-fileonly-sync-gdbserver-cfg32-nic-notrace/
This run's log is located in:
/home/ubuntu/chipyard/sims/firesim/deploy/logs/2026-05-08--08-30-42-runworkload-RPS9V9VJ24OOFTUR.log
This status will update every 10s.
--------------------------------------------------------------------------------
Instances
--------------------------------------------------------------------------------
Hostname/IP: 192.168.1.5 | Terminated: [33mFalse[0m
--------------------------------------------------------------------------------
Simulated Switches
--------------------------------------------------------------------------------
Hostname/IP: 192.168.1.5 | Switch name: switch0 | Switch running: [32mTrue [0m
--------------------------------------------------------------------------------
Simulated Pipes
--------------------------------------------------------------------------------
--------------------------------------------------------------------------------
Simulated Nodes/Jobs
--------------------------------------------------------------------------------
Hostname/IP: 192.168.1.5 | Job: rerocc-lc-linux-coupleddma-bertmini-pipeline-runtime-batch8-fileonly-sync-pairdummy-gdbserver0 | Sim running: [33mTrue [0m
--------------------------------------------------------------------------------
Summary
--------------------------------------------------------------------------------
1/1 instances are still running.
1/1 simulations are still running.
--------------------------------------------------------------------------------
[prt-host-watchdog] hb='Target Cycle (fastest), Seconds Since Start' idle=63s hb_idle=344s uart=16919 guest_log=0 guest_sparse=262493 guest_checkpoint=0 guest_trigger=0 guest_status=1644 guest_proc=3866 guest_runner=596 guest_runner_post=433 guest_runner_early=487 guest_binary=0 guest_runner_proc=11411
[2J
FireSim Simulation Status @ 2026-05-08 08:43:49.279638
--------------------------------------------------------------------------------
This workload's output is located in:
/home/ubuntu/chipyard/sims/firesim/deploy/results-workload/2026-05-08--08-30-42-rerocc-lc-linux-coupleddma-bertmini-pipeline-runtime-batch8-fileonly-sync-pairdummy-gdbserver-f2-gemmini-rerocc-pairmanager-dummy8x8-4c12p12-sbus64-linux-bertmini-batch8-fileonly-sync-gdbserver-cfg32-nic-notrace/
This run's log is located in:
/home/ubuntu/chipyard/sims/firesim/deploy/logs/2026-05-08--08-30-42-runworkload-RPS9V9VJ24OOFTUR.log
This status will update every 10s.
--------------------------------------------------------------------------------
Instances
--------------------------------------------------------------------------------
Hostname/IP: 192.168.1.5 | Terminated: [33mFalse[0m
--------------------------------------------------------------------------------
Simulated Switches
--------------------------------------------------------------------------------
Hostname/IP: 192.168.1.5 | Switch name: switch0 | Switch running: [32mTrue [0m
--------------------------------------------------------------------------------
Simulated Pipes
--------------------------------------------------------------------------------
--------------------------------------------------------------------------------
Simulated Nodes/Jobs
--------------------------------------------------------------------------------
Hostname/IP: 192.168.1.5 | Job: rerocc-lc-linux-coupleddma-bertmini-pipeline-runtime-batch8-fileonly-sync-pairdummy-gdbserver0 | Sim running: [33mTrue [0m
--------------------------------------------------------------------------------
Summary
--------------------------------------------------------------------------------
1/1 instances are still running.
1/1 simulations are still running.
--------------------------------------------------------------------------------
[2J
FireSim Simulation Status @ 2026-05-08 08:43:59.581343
--------------------------------------------------------------------------------
This workload's output is located in:
/home/ubuntu/chipyard/sims/firesim/deploy/results-workload/2026-05-08--08-30-42-rerocc-lc-linux-coupleddma-bertmini-pipeline-runtime-batch8-fileonly-sync-pairdummy-gdbserver-f2-gemmini-rerocc-pairmanager-dummy8x8-4c12p12-sbus64-linux-bertmini-batch8-fileonly-sync-gdbserver-cfg32-nic-notrace/
This run's log is located in:
/home/ubuntu/chipyard/sims/firesim/deploy/logs/2026-05-08--08-30-42-runworkload-RPS9V9VJ24OOFTUR.log
This status will update every 10s.
--------------------------------------------------------------------------------
Instances
--------------------------------------------------------------------------------
Hostname/IP: 192.168.1.5 | Terminated: [33mFalse[0m
--------------------------------------------------------------------------------
Simulated Switches
--------------------------------------------------------------------------------
Hostname/IP: 192.168.1.5 | Switch name: switch0 | Switch running: [32mTrue [0m
--------------------------------------------------------------------------------
Simulated Pipes
--------------------------------------------------------------------------------
--------------------------------------------------------------------------------
Simulated Nodes/Jobs
--------------------------------------------------------------------------------
Hostname/IP: 192.168.1.5 | Job: rerocc-lc-linux-coupleddma-bertmini-pipeline-runtime-batch8-fileonly-sync-pairdummy-gdbserver0 | Sim running: [33mTrue [0m
--------------------------------------------------------------------------------
Summary
--------------------------------------------------------------------------------
1/1 instances are still running.
1/1 simulations are still running.
--------------------------------------------------------------------------------
[2J
FireSim Simulation Status @ 2026-05-08 08:44:10.131717
--------------------------------------------------------------------------------
This workload's output is located in:
/home/ubuntu/chipyard/sims/firesim/deploy/results-workload/2026-05-08--08-30-42-rerocc-lc-linux-coupleddma-bertmini-pipeline-runtime-batch8-fileonly-sync-pairdummy-gdbserver-f2-gemmini-rerocc-pairmanager-dummy8x8-4c12p12-sbus64-linux-bertmini-batch8-fileonly-sync-gdbserver-cfg32-nic-notrace/
This run's log is located in:
/home/ubuntu/chipyard/sims/firesim/deploy/logs/2026-05-08--08-30-42-runworkload-RPS9V9VJ24OOFTUR.log
This status will update every 10s.
--------------------------------------------------------------------------------
Instances
--------------------------------------------------------------------------------
Hostname/IP: 192.168.1.5 | Terminated: [33mFalse[0m
--------------------------------------------------------------------------------
Simulated Switches
--------------------------------------------------------------------------------
Hostname/IP: 192.168.1.5 | Switch name: switch0 | Switch running: [32mTrue [0m
--------------------------------------------------------------------------------
Simulated Pipes
--------------------------------------------------------------------------------
--------------------------------------------------------------------------------
Simulated Nodes/Jobs
--------------------------------------------------------------------------------
Hostname/IP: 192.168.1.5 | Job: rerocc-lc-linux-coupleddma-bertmini-pipeline-runtime-batch8-fileonly-sync-pairdummy-gdbserver0 | Sim running: [33mTrue [0m
--------------------------------------------------------------------------------
Summary
--------------------------------------------------------------------------------
1/1 instances are still running.
1/1 simulations are still running.
--------------------------------------------------------------------------------
[prt-host-watchdog] hb='Target Cycle (fastest), Seconds Since Start' idle=94s hb_idle=375s uart=16919 guest_log=0 guest_sparse=262493 guest_checkpoint=0 guest_trigger=0 guest_status=1644 guest_proc=3866 guest_runner=596 guest_runner_post=433 guest_runner_early=487 guest_binary=0 guest_runner_proc=11411
[2J
FireSim Simulation Status @ 2026-05-08 08:44:20.435914
--------------------------------------------------------------------------------
This workload's output is located in:
/home/ubuntu/chipyard/sims/firesim/deploy/results-workload/2026-05-08--08-30-42-rerocc-lc-linux-coupleddma-bertmini-pipeline-runtime-batch8-fileonly-sync-pairdummy-gdbserver-f2-gemmini-rerocc-pairmanager-dummy8x8-4c12p12-sbus64-linux-bertmini-batch8-fileonly-sync-gdbserver-cfg32-nic-notrace/
This run's log is located in:
/home/ubuntu/chipyard/sims/firesim/deploy/logs/2026-05-08--08-30-42-runworkload-RPS9V9VJ24OOFTUR.log
This status will update every 10s.
--------------------------------------------------------------------------------
Instances
--------------------------------------------------------------------------------
Hostname/IP: 192.168.1.5 | Terminated: [33mFalse[0m
--------------------------------------------------------------------------------
Simulated Switches
--------------------------------------------------------------------------------
Hostname/IP: 192.168.1.5 | Switch name: switch0 | Switch running: [32mTrue [0m
--------------------------------------------------------------------------------
Simulated Pipes
--------------------------------------------------------------------------------
--------------------------------------------------------------------------------
Simulated Nodes/Jobs
--------------------------------------------------------------------------------
Hostname/IP: 192.168.1.5 | Job: rerocc-lc-linux-coupleddma-bertmini-pipeline-runtime-batch8-fileonly-sync-pairdummy-gdbserver0 | Sim running: [33mTrue [0m
--------------------------------------------------------------------------------
Summary
--------------------------------------------------------------------------------
1/1 instances are still running.
1/1 simulations are still running.
--------------------------------------------------------------------------------
[2J
FireSim Simulation Status @ 2026-05-08 08:44:30.734065
--------------------------------------------------------------------------------
This workload's output is located in:
/home/ubuntu/chipyard/sims/firesim/deploy/results-workload/2026-05-08--08-30-42-rerocc-lc-linux-coupleddma-bertmini-pipeline-runtime-batch8-fileonly-sync-pairdummy-gdbserver-f2-gemmini-rerocc-pairmanager-dummy8x8-4c12p12-sbus64-linux-bertmini-batch8-fileonly-sync-gdbserver-cfg32-nic-notrace/
This run's log is located in:
/home/ubuntu/chipyard/sims/firesim/deploy/logs/2026-05-08--08-30-42-runworkload-RPS9V9VJ24OOFTUR.log
This status will update every 10s.
--------------------------------------------------------------------------------
Instances
--------------------------------------------------------------------------------
Hostname/IP: 192.168.1.5 | Terminated: [33mFalse[0m
--------------------------------------------------------------------------------
Simulated Switches
--------------------------------------------------------------------------------
Hostname/IP: 192.168.1.5 | Switch name: switch0 | Switch running: [32mTrue [0m
--------------------------------------------------------------------------------
Simulated Pipes
--------------------------------------------------------------------------------
--------------------------------------------------------------------------------
Simulated Nodes/Jobs
--------------------------------------------------------------------------------
Hostname/IP: 192.168.1.5 | Job: rerocc-lc-linux-coupleddma-bertmini-pipeline-runtime-batch8-fileonly-sync-pairdummy-gdbserver0 | Sim running: [33mTrue [0m
--------------------------------------------------------------------------------
Summary
--------------------------------------------------------------------------------
1/1 instances are still running.
1/1 simulations are still running.
--------------------------------------------------------------------------------
[2J
FireSim Simulation Status @ 2026-05-08 08:44:41.042722
--------------------------------------------------------------------------------
This workload's output is located in:
/home/ubuntu/chipyard/sims/firesim/deploy/results-workload/2026-05-08--08-30-42-rerocc-lc-linux-coupleddma-bertmini-pipeline-runtime-batch8-fileonly-sync-pairdummy-gdbserver-f2-gemmini-rerocc-pairmanager-dummy8x8-4c12p12-sbus64-linux-bertmini-batch8-fileonly-sync-gdbserver-cfg32-nic-notrace/
This run's log is located in:
/home/ubuntu/chipyard/sims/firesim/deploy/logs/2026-05-08--08-30-42-runworkload-RPS9V9VJ24OOFTUR.log
This status will update every 10s.
--------------------------------------------------------------------------------
Instances
--------------------------------------------------------------------------------
Hostname/IP: 192.168.1.5 | Terminated: [33mFalse[0m
--------------------------------------------------------------------------------
Simulated Switches
--------------------------------------------------------------------------------
Hostname/IP: 192.168.1.5 | Switch name: switch0 | Switch running: [32mTrue [0m
--------------------------------------------------------------------------------
Simulated Pipes
--------------------------------------------------------------------------------
--------------------------------------------------------------------------------
Simulated Nodes/Jobs
--------------------------------------------------------------------------------
Hostname/IP: 192.168.1.5 | Job: rerocc-lc-linux-coupleddma-bertmini-pipeline-runtime-batch8-fileonly-sync-pairdummy-gdbserver0 | Sim running: [33mTrue [0m
--------------------------------------------------------------------------------
Summary
--------------------------------------------------------------------------------
1/1 instances are still running.
1/1 simulations are still running.
--------------------------------------------------------------------------------
[prt-host-watchdog] hb='Target Cycle (fastest), Seconds Since Start' idle=125s hb_idle=406s uart=16919 guest_log=0 guest_sparse=262493 guest_checkpoint=0 guest_trigger=0 guest_status=1644 guest_proc=3866 guest_runner=596 guest_runner_post=433 guest_runner_early=487 guest_binary=0 guest_runner_proc=11411
[2J
FireSim Simulation Status @ 2026-05-08 08:44:51.350772
--------------------------------------------------------------------------------
This workload's output is located in:
/home/ubuntu/chipyard/sims/firesim/deploy/results-workload/2026-05-08--08-30-42-rerocc-lc-linux-coupleddma-bertmini-pipeline-runtime-batch8-fileonly-sync-pairdummy-gdbserver-f2-gemmini-rerocc-pairmanager-dummy8x8-4c12p12-sbus64-linux-bertmini-batch8-fileonly-sync-gdbserver-cfg32-nic-notrace/
This run's log is located in:
/home/ubuntu/chipyard/sims/firesim/deploy/logs/2026-05-08--08-30-42-runworkload-RPS9V9VJ24OOFTUR.log
This status will update every 10s.
--------------------------------------------------------------------------------
Instances
--------------------------------------------------------------------------------
Hostname/IP: 192.168.1.5 | Terminated: [33mFalse[0m
--------------------------------------------------------------------------------
Simulated Switches
--------------------------------------------------------------------------------
Hostname/IP: 192.168.1.5 | Switch name: switch0 | Switch running: [32mTrue [0m
--------------------------------------------------------------------------------
Simulated Pipes
--------------------------------------------------------------------------------
--------------------------------------------------------------------------------
Simulated Nodes/Jobs
--------------------------------------------------------------------------------
Hostname/IP: 192.168.1.5 | Job: rerocc-lc-linux-coupleddma-bertmini-pipeline-runtime-batch8-fileonly-sync-pairdummy-gdbserver0 | Sim running: [33mTrue [0m
--------------------------------------------------------------------------------
Summary
--------------------------------------------------------------------------------
1/1 instances are still running.
1/1 simulations are still running.
--------------------------------------------------------------------------------
[2J
FireSim Simulation Status @ 2026-05-08 08:45:01.669040
--------------------------------------------------------------------------------
This workload's output is located in:
/home/ubuntu/chipyard/sims/firesim/deploy/results-workload/2026-05-08--08-30-42-rerocc-lc-linux-coupleddma-bertmini-pipeline-runtime-batch8-fileonly-sync-pairdummy-gdbserver-f2-gemmini-rerocc-pairmanager-dummy8x8-4c12p12-sbus64-linux-bertmini-batch8-fileonly-sync-gdbserver-cfg32-nic-notrace/
This run's log is located in:
/home/ubuntu/chipyard/sims/firesim/deploy/logs/2026-05-08--08-30-42-runworkload-RPS9V9VJ24OOFTUR.log
This status will update every 10s.
--------------------------------------------------------------------------------
Instances
--------------------------------------------------------------------------------
Hostname/IP: 192.168.1.5 | Terminated: [33mFalse[0m
--------------------------------------------------------------------------------
Simulated Switches
--------------------------------------------------------------------------------
Hostname/IP: 192.168.1.5 | Switch name: switch0 | Switch running: [32mTrue [0m
--------------------------------------------------------------------------------
Simulated Pipes
--------------------------------------------------------------------------------
--------------------------------------------------------------------------------
Simulated Nodes/Jobs
--------------------------------------------------------------------------------
Hostname/IP: 192.168.1.5 | Job: rerocc-lc-linux-coupleddma-bertmini-pipeline-runtime-batch8-fileonly-sync-pairdummy-gdbserver0 | Sim running: [33mTrue [0m
--------------------------------------------------------------------------------
Summary
--------------------------------------------------------------------------------
1/1 instances are still running.
1/1 simulations are still running.
--------------------------------------------------------------------------------
[2J
FireSim Simulation Status @ 2026-05-08 08:45:12.200706
--------------------------------------------------------------------------------
This workload's output is located in:
/home/ubuntu/chipyard/sims/firesim/deploy/results-workload/2026-05-08--08-30-42-rerocc-lc-linux-coupleddma-bertmini-pipeline-runtime-batch8-fileonly-sync-pairdummy-gdbserver-f2-gemmini-rerocc-pairmanager-dummy8x8-4c12p12-sbus64-linux-bertmini-batch8-fileonly-sync-gdbserver-cfg32-nic-notrace/
This run's log is located in:
/home/ubuntu/chipyard/sims/firesim/deploy/logs/2026-05-08--08-30-42-runworkload-RPS9V9VJ24OOFTUR.log
This status will update every 10s.
--------------------------------------------------------------------------------
Instances
--------------------------------------------------------------------------------
Hostname/IP: 192.168.1.5 | Terminated: [33mFalse[0m
--------------------------------------------------------------------------------
Simulated Switches
--------------------------------------------------------------------------------
Hostname/IP: 192.168.1.5 | Switch name: switch0 | Switch running: [32mTrue [0m
--------------------------------------------------------------------------------
Simulated Pipes
--------------------------------------------------------------------------------
--------------------------------------------------------------------------------
Simulated Nodes/Jobs
--------------------------------------------------------------------------------
Hostname/IP: 192.168.1.5 | Job: rerocc-lc-linux-coupleddma-bertmini-pipeline-runtime-batch8-fileonly-sync-pairdummy-gdbserver0 | Sim running: [33mTrue [0m
--------------------------------------------------------------------------------
Summary
--------------------------------------------------------------------------------
1/1 instances are still running.
1/1 simulations are still running.
--------------------------------------------------------------------------------
[prt-host-watchdog] hb='Target Cycle (fastest), Seconds Since Start' idle=157s hb_idle=438s uart=16919 guest_log=0 guest_sparse=262493 guest_checkpoint=0 guest_trigger=0 guest_status=1644 guest_proc=3866 guest_runner=596 guest_runner_post=433 guest_runner_early=487 guest_binary=0 guest_runner_proc=11411
[2J
FireSim Simulation Status @ 2026-05-08 08:45:22.506291
--------------------------------------------------------------------------------
This workload's output is located in:
/home/ubuntu/chipyard/sims/firesim/deploy/results-workload/2026-05-08--08-30-42-rerocc-lc-linux-coupleddma-bertmini-pipeline-runtime-batch8-fileonly-sync-pairdummy-gdbserver-f2-gemmini-rerocc-pairmanager-dummy8x8-4c12p12-sbus64-linux-bertmini-batch8-fileonly-sync-gdbserver-cfg32-nic-notrace/
This run's log is located in:
/home/ubuntu/chipyard/sims/firesim/deploy/logs/2026-05-08--08-30-42-runworkload-RPS9V9VJ24OOFTUR.log
This status will update every 10s.
--------------------------------------------------------------------------------
Instances
--------------------------------------------------------------------------------
Hostname/IP: 192.168.1.5 | Terminated: [33mFalse[0m
--------------------------------------------------------------------------------
Simulated Switches
--------------------------------------------------------------------------------
Hostname/IP: 192.168.1.5 | Switch name: switch0 | Switch running: [32mTrue [0m
--------------------------------------------------------------------------------
Simulated Pipes
--------------------------------------------------------------------------------
--------------------------------------------------------------------------------
Simulated Nodes/Jobs
--------------------------------------------------------------------------------
Hostname/IP: 192.168.1.5 | Job: rerocc-lc-linux-coupleddma-bertmini-pipeline-runtime-batch8-fileonly-sync-pairdummy-gdbserver0 | Sim running: [33mTrue [0m
--------------------------------------------------------------------------------
Summary
--------------------------------------------------------------------------------
1/1 instances are still running.
1/1 simulations are still running.
--------------------------------------------------------------------------------
[2J
FireSim Simulation Status @ 2026-05-08 08:45:32.814697
--------------------------------------------------------------------------------
This workload's output is located in:
/home/ubuntu/chipyard/sims/firesim/deploy/results-workload/2026-05-08--08-30-42-rerocc-lc-linux-coupleddma-bertmini-pipeline-runtime-batch8-fileonly-sync-pairdummy-gdbserver-f2-gemmini-rerocc-pairmanager-dummy8x8-4c12p12-sbus64-linux-bertmini-batch8-fileonly-sync-gdbserver-cfg32-nic-notrace/
This run's log is located in:
/home/ubuntu/chipyard/sims/firesim/deploy/logs/2026-05-08--08-30-42-runworkload-RPS9V9VJ24OOFTUR.log
This status will update every 10s.
--------------------------------------------------------------------------------
Instances
--------------------------------------------------------------------------------
Hostname/IP: 192.168.1.5 | Terminated: [33mFalse[0m
--------------------------------------------------------------------------------
Simulated Switches
--------------------------------------------------------------------------------
Hostname/IP: 192.168.1.5 | Switch name: switch0 | Switch running: [32mTrue [0m
--------------------------------------------------------------------------------
Simulated Pipes
--------------------------------------------------------------------------------
--------------------------------------------------------------------------------
Simulated Nodes/Jobs
--------------------------------------------------------------------------------
Hostname/IP: 192.168.1.5 | Job: rerocc-lc-linux-coupleddma-bertmini-pipeline-runtime-batch8-fileonly-sync-pairdummy-gdbserver0 | Sim running: [33mTrue [0m
--------------------------------------------------------------------------------
Summary
--------------------------------------------------------------------------------
1/1 instances are still running.
1/1 simulations are still running.
--------------------------------------------------------------------------------
[2J
FireSim Simulation Status @ 2026-05-08 08:45:43.117251
--------------------------------------------------------------------------------
This workload's output is located in:
/home/ubuntu/chipyard/sims/firesim/deploy/results-workload/2026-05-08--08-30-42-rerocc-lc-linux-coupleddma-bertmini-pipeline-runtime-batch8-fileonly-sync-pairdummy-gdbserver-f2-gemmini-rerocc-pairmanager-dummy8x8-4c12p12-sbus64-linux-bertmini-batch8-fileonly-sync-gdbserver-cfg32-nic-notrace/
This run's log is located in:
/home/ubuntu/chipyard/sims/firesim/deploy/logs/2026-05-08--08-30-42-runworkload-RPS9V9VJ24OOFTUR.log
This status will update every 10s.
--------------------------------------------------------------------------------
Instances
--------------------------------------------------------------------------------
Hostname/IP: 192.168.1.5 | Terminated: [33mFalse[0m
--------------------------------------------------------------------------------
Simulated Switches
--------------------------------------------------------------------------------
Hostname/IP: 192.168.1.5 | Switch name: switch0 | Switch running: [32mTrue [0m
--------------------------------------------------------------------------------
Simulated Pipes
--------------------------------------------------------------------------------
--------------------------------------------------------------------------------
Simulated Nodes/Jobs
--------------------------------------------------------------------------------
Hostname/IP: 192.168.1.5 | Job: rerocc-lc-linux-coupleddma-bertmini-pipeline-runtime-batch8-fileonly-sync-pairdummy-gdbserver0 | Sim running: [33mTrue [0m
--------------------------------------------------------------------------------
Summary
--------------------------------------------------------------------------------
1/1 instances are still running.
1/1 simulations are still running.
--------------------------------------------------------------------------------
[prt-host-watchdog] hb='Target Cycle (fastest), Seconds Since Start' idle=188s hb_idle=469s uart=16919 guest_log=0 guest_sparse=262493 guest_checkpoint=0 guest_trigger=0 guest_status=1644 guest_proc=3866 guest_runner=596 guest_runner_post=433 guest_runner_early=487 guest_binary=0 guest_runner_proc=11411
[2J
FireSim Simulation Status @ 2026-05-08 08:45:53.425143
--------------------------------------------------------------------------------
This workload's output is located in:
/home/ubuntu/chipyard/sims/firesim/deploy/results-workload/2026-05-08--08-30-42-rerocc-lc-linux-coupleddma-bertmini-pipeline-runtime-batch8-fileonly-sync-pairdummy-gdbserver-f2-gemmini-rerocc-pairmanager-dummy8x8-4c12p12-sbus64-linux-bertmini-batch8-fileonly-sync-gdbserver-cfg32-nic-notrace/
This run's log is located in:
/home/ubuntu/chipyard/sims/firesim/deploy/logs/2026-05-08--08-30-42-runworkload-RPS9V9VJ24OOFTUR.log
This status will update every 10s.
--------------------------------------------------------------------------------
Instances
--------------------------------------------------------------------------------
Hostname/IP: 192.168.1.5 | Terminated: [33mFalse[0m
--------------------------------------------------------------------------------
Simulated Switches
--------------------------------------------------------------------------------
Hostname/IP: 192.168.1.5 | Switch name: switch0 | Switch running: [32mTrue [0m
--------------------------------------------------------------------------------
Simulated Pipes
--------------------------------------------------------------------------------
--------------------------------------------------------------------------------
Simulated Nodes/Jobs
--------------------------------------------------------------------------------
Hostname/IP: 192.168.1.5 | Job: rerocc-lc-linux-coupleddma-bertmini-pipeline-runtime-batch8-fileonly-sync-pairdummy-gdbserver0 | Sim running: [33mTrue [0m
--------------------------------------------------------------------------------
Summary
--------------------------------------------------------------------------------
1/1 instances are still running.
1/1 simulations are still running.
--------------------------------------------------------------------------------
[2J
FireSim Simulation Status @ 2026-05-08 08:46:03.731320
--------------------------------------------------------------------------------
This workload's output is located in:
/home/ubuntu/chipyard/sims/firesim/deploy/results-workload/2026-05-08--08-30-42-rerocc-lc-linux-coupleddma-bertmini-pipeline-runtime-batch8-fileonly-sync-pairdummy-gdbserver-f2-gemmini-rerocc-pairmanager-dummy8x8-4c12p12-sbus64-linux-bertmini-batch8-fileonly-sync-gdbserver-cfg32-nic-notrace/
This run's log is located in:
/home/ubuntu/chipyard/sims/firesim/deploy/logs/2026-05-08--08-30-42-runworkload-RPS9V9VJ24OOFTUR.log
This status will update every 10s.
--------------------------------------------------------------------------------
Instances
--------------------------------------------------------------------------------
Hostname/IP: 192.168.1.5 | Terminated: [33mFalse[0m
--------------------------------------------------------------------------------
Simulated Switches
--------------------------------------------------------------------------------
Hostname/IP: 192.168.1.5 | Switch name: switch0 | Switch running: [32mTrue [0m
--------------------------------------------------------------------------------
Simulated Pipes
--------------------------------------------------------------------------------
--------------------------------------------------------------------------------
Simulated Nodes/Jobs
--------------------------------------------------------------------------------
Hostname/IP: 192.168.1.5 | Job: rerocc-lc-linux-coupleddma-bertmini-pipeline-runtime-batch8-fileonly-sync-pairdummy-gdbserver0 | Sim running: [33mTrue [0m
--------------------------------------------------------------------------------
Summary
--------------------------------------------------------------------------------
1/1 instances are still running.
1/1 simulations are still running.
--------------------------------------------------------------------------------
[2J
FireSim Simulation Status @ 2026-05-08 08:46:14.255317
--------------------------------------------------------------------------------
This workload's output is located in:
/home/ubuntu/chipyard/sims/firesim/deploy/results-workload/2026-05-08--08-30-42-rerocc-lc-linux-coupleddma-bertmini-pipeline-runtime-batch8-fileonly-sync-pairdummy-gdbserver-f2-gemmini-rerocc-pairmanager-dummy8x8-4c12p12-sbus64-linux-bertmini-batch8-fileonly-sync-gdbserver-cfg32-nic-notrace/
This run's log is located in:
/home/ubuntu/chipyard/sims/firesim/deploy/logs/2026-05-08--08-30-42-runworkload-RPS9V9VJ24OOFTUR.log
This status will update every 10s.
--------------------------------------------------------------------------------
Instances
--------------------------------------------------------------------------------
Hostname/IP: 192.168.1.5 | Terminated: [33mFalse[0m
--------------------------------------------------------------------------------
Simulated Switches
--------------------------------------------------------------------------------
Hostname/IP: 192.168.1.5 | Switch name: switch0 | Switch running: [32mTrue [0m
--------------------------------------------------------------------------------
Simulated Pipes
--------------------------------------------------------------------------------
--------------------------------------------------------------------------------
Simulated Nodes/Jobs
--------------------------------------------------------------------------------
Hostname/IP: 192.168.1.5 | Job: rerocc-lc-linux-coupleddma-bertmini-pipeline-runtime-batch8-fileonly-sync-pairdummy-gdbserver0 | Sim running: [33mTrue [0m
--------------------------------------------------------------------------------
Summary
--------------------------------------------------------------------------------
1/1 instances are still running.
1/1 simulations are still running.
--------------------------------------------------------------------------------
[prt-host-watchdog] hb='Target Cycle (fastest), Seconds Since Start' idle=219s hb_idle=500s uart=16919 guest_log=0 guest_sparse=262493 guest_checkpoint=0 guest_trigger=0 guest_status=1644 guest_proc=3866 guest_runner=596 guest_runner_post=433 guest_runner_early=487 guest_binary=0 guest_runner_proc=11411
[2J
FireSim Simulation Status @ 2026-05-08 08:46:24.563497
--------------------------------------------------------------------------------
This workload's output is located in:
/home/ubuntu/chipyard/sims/firesim/deploy/results-workload/2026-05-08--08-30-42-rerocc-lc-linux-coupleddma-bertmini-pipeline-runtime-batch8-fileonly-sync-pairdummy-gdbserver-f2-gemmini-rerocc-pairmanager-dummy8x8-4c12p12-sbus64-linux-bertmini-batch8-fileonly-sync-gdbserver-cfg32-nic-notrace/
This run's log is located in:
/home/ubuntu/chipyard/sims/firesim/deploy/logs/2026-05-08--08-30-42-runworkload-RPS9V9VJ24OOFTUR.log
This status will update every 10s.
--------------------------------------------------------------------------------
Instances
--------------------------------------------------------------------------------
Hostname/IP: 192.168.1.5 | Terminated: [33mFalse[0m
--------------------------------------------------------------------------------
Simulated Switches
--------------------------------------------------------------------------------
Hostname/IP: 192.168.1.5 | Switch name: switch0 | Switch running: [32mTrue [0m
--------------------------------------------------------------------------------
Simulated Pipes
--------------------------------------------------------------------------------
--------------------------------------------------------------------------------
Simulated Nodes/Jobs
--------------------------------------------------------------------------------
Hostname/IP: 192.168.1.5 | Job: rerocc-lc-linux-coupleddma-bertmini-pipeline-runtime-batch8-fileonly-sync-pairdummy-gdbserver0 | Sim running: [33mTrue [0m
--------------------------------------------------------------------------------
Summary
--------------------------------------------------------------------------------
1/1 instances are still running.
1/1 simulations are still running.
--------------------------------------------------------------------------------
[2J
FireSim Simulation Status @ 2026-05-08 08:46:34.868299
--------------------------------------------------------------------------------
This workload's output is located in:
/home/ubuntu/chipyard/sims/firesim/deploy/results-workload/2026-05-08--08-30-42-rerocc-lc-linux-coupleddma-bertmini-pipeline-runtime-batch8-fileonly-sync-pairdummy-gdbserver-f2-gemmini-rerocc-pairmanager-dummy8x8-4c12p12-sbus64-linux-bertmini-batch8-fileonly-sync-gdbserver-cfg32-nic-notrace/
This run's log is located in:
/home/ubuntu/chipyard/sims/firesim/deploy/logs/2026-05-08--08-30-42-runworkload-RPS9V9VJ24OOFTUR.log
This status will update every 10s.
--------------------------------------------------------------------------------
Instances
--------------------------------------------------------------------------------
Hostname/IP: 192.168.1.5 | Terminated: [33mFalse[0m
--------------------------------------------------------------------------------
Simulated Switches
--------------------------------------------------------------------------------
Hostname/IP: 192.168.1.5 | Switch name: switch0 | Switch running: [32mTrue [0m
--------------------------------------------------------------------------------
Simulated Pipes
--------------------------------------------------------------------------------
--------------------------------------------------------------------------------
Simulated Nodes/Jobs
--------------------------------------------------------------------------------
Hostname/IP: 192.168.1.5 | Job: rerocc-lc-linux-coupleddma-bertmini-pipeline-runtime-batch8-fileonly-sync-pairdummy-gdbserver0 | Sim running: [33mTrue [0m
--------------------------------------------------------------------------------
Summary
--------------------------------------------------------------------------------
1/1 instances are still running.
1/1 simulations are still running.
--------------------------------------------------------------------------------
[2J
FireSim Simulation Status @ 2026-05-08 08:46:45.196698
--------------------------------------------------------------------------------
This workload's output is located in:
/home/ubuntu/chipyard/sims/firesim/deploy/results-workload/2026-05-08--08-30-42-rerocc-lc-linux-coupleddma-bertmini-pipeline-runtime-batch8-fileonly-sync-pairdummy-gdbserver-f2-gemmini-rerocc-pairmanager-dummy8x8-4c12p12-sbus64-linux-bertmini-batch8-fileonly-sync-gdbserver-cfg32-nic-notrace/
This run's log is located in:
/home/ubuntu/chipyard/sims/firesim/deploy/logs/2026-05-08--08-30-42-runworkload-RPS9V9VJ24OOFTUR.log
This status will update every 10s.
--------------------------------------------------------------------------------
Instances
--------------------------------------------------------------------------------
Hostname/IP: 192.168.1.5 | Terminated: [33mFalse[0m
--------------------------------------------------------------------------------
Simulated Switches
--------------------------------------------------------------------------------
Hostname/IP: 192.168.1.5 | Switch name: switch0 | Switch running: [32mTrue [0m
--------------------------------------------------------------------------------
Simulated Pipes
--------------------------------------------------------------------------------
--------------------------------------------------------------------------------
Simulated Nodes/Jobs
--------------------------------------------------------------------------------
Hostname/IP: 192.168.1.5 | Job: rerocc-lc-linux-coupleddma-bertmini-pipeline-runtime-batch8-fileonly-sync-pairdummy-gdbserver0 | Sim running: [33mTrue [0m
--------------------------------------------------------------------------------
Summary
--------------------------------------------------------------------------------
1/1 instances are still running.
1/1 simulations are still running.
--------------------------------------------------------------------------------
[prt-host-watchdog] hb='Target Cycle (fastest), Seconds Since Start' idle=251s hb_idle=532s uart=16919 guest_log=0 guest_sparse=262493 guest_checkpoint=0 guest_trigger=0 guest_status=1644 guest_proc=3866 guest_runner=596 guest_runner_post=433 guest_runner_early=487 guest_binary=0 guest_runner_proc=11411
[2J
FireSim Simulation Status @ 2026-05-08 08:46:55.503976
--------------------------------------------------------------------------------
This workload's output is located in:
/home/ubuntu/chipyard/sims/firesim/deploy/results-workload/2026-05-08--08-30-42-rerocc-lc-linux-coupleddma-bertmini-pipeline-runtime-batch8-fileonly-sync-pairdummy-gdbserver-f2-gemmini-rerocc-pairmanager-dummy8x8-4c12p12-sbus64-linux-bertmini-batch8-fileonly-sync-gdbserver-cfg32-nic-notrace/
This run's log is located in:
/home/ubuntu/chipyard/sims/firesim/deploy/logs/2026-05-08--08-30-42-runworkload-RPS9V9VJ24OOFTUR.log
This status will update every 10s.
--------------------------------------------------------------------------------
Instances
--------------------------------------------------------------------------------
Hostname/IP: 192.168.1.5 | Terminated: [33mFalse[0m
--------------------------------------------------------------------------------
Simulated Switches
--------------------------------------------------------------------------------
Hostname/IP: 192.168.1.5 | Switch name: switch0 | Switch running: [32mTrue [0m
--------------------------------------------------------------------------------
Simulated Pipes
--------------------------------------------------------------------------------
--------------------------------------------------------------------------------
Simulated Nodes/Jobs
--------------------------------------------------------------------------------
Hostname/IP: 192.168.1.5 | Job: rerocc-lc-linux-coupleddma-bertmini-pipeline-runtime-batch8-fileonly-sync-pairdummy-gdbserver0 | Sim running: [33mTrue [0m
--------------------------------------------------------------------------------
Summary
--------------------------------------------------------------------------------
1/1 instances are still running.
1/1 simulations are still running.
--------------------------------------------------------------------------------
[2J
FireSim Simulation Status @ 2026-05-08 08:47:05.810247
--------------------------------------------------------------------------------
This workload's output is located in:
/home/ubuntu/chipyard/sims/firesim/deploy/results-workload/2026-05-08--08-30-42-rerocc-lc-linux-coupleddma-bertmini-pipeline-runtime-batch8-fileonly-sync-pairdummy-gdbserver-f2-gemmini-rerocc-pairmanager-dummy8x8-4c12p12-sbus64-linux-bertmini-batch8-fileonly-sync-gdbserver-cfg32-nic-notrace/
This run's log is located in:
/home/ubuntu/chipyard/sims/firesim/deploy/logs/2026-05-08--08-30-42-runworkload-RPS9V9VJ24OOFTUR.log
This status will update every 10s.
--------------------------------------------------------------------------------
Instances
--------------------------------------------------------------------------------
Hostname/IP: 192.168.1.5 | Terminated: [33mFalse[0m
--------------------------------------------------------------------------------
Simulated Switches
--------------------------------------------------------------------------------
Hostname/IP: 192.168.1.5 | Switch name: switch0 | Switch running: [32mTrue [0m
--------------------------------------------------------------------------------
Simulated Pipes
--------------------------------------------------------------------------------
--------------------------------------------------------------------------------
Simulated Nodes/Jobs
--------------------------------------------------------------------------------
Hostname/IP: 192.168.1.5 | Job: rerocc-lc-linux-coupleddma-bertmini-pipeline-runtime-batch8-fileonly-sync-pairdummy-gdbserver0 | Sim running: [33mTrue [0m
--------------------------------------------------------------------------------
Summary
--------------------------------------------------------------------------------
1/1 instances are still running.
1/1 simulations are still running.
--------------------------------------------------------------------------------
[2J
FireSim Simulation Status @ 2026-05-08 08:47:16.350921
--------------------------------------------------------------------------------
This workload's output is located in:
/home/ubuntu/chipyard/sims/firesim/deploy/results-workload/2026-05-08--08-30-42-rerocc-lc-linux-coupleddma-bertmini-pipeline-runtime-batch8-fileonly-sync-pairdummy-gdbserver-f2-gemmini-rerocc-pairmanager-dummy8x8-4c12p12-sbus64-linux-bertmini-batch8-fileonly-sync-gdbserver-cfg32-nic-notrace/
This run's log is located in:
/home/ubuntu/chipyard/sims/firesim/deploy/logs/2026-05-08--08-30-42-runworkload-RPS9V9VJ24OOFTUR.log
This status will update every 10s.
--------------------------------------------------------------------------------
Instances
--------------------------------------------------------------------------------
Hostname/IP: 192.168.1.5 | Terminated: [33mFalse[0m
--------------------------------------------------------------------------------
Simulated Switches
--------------------------------------------------------------------------------
Hostname/IP: 192.168.1.5 | Switch name: switch0 | Switch running: [32mTrue [0m
--------------------------------------------------------------------------------
Simulated Pipes
--------------------------------------------------------------------------------
--------------------------------------------------------------------------------
Simulated Nodes/Jobs
--------------------------------------------------------------------------------
Hostname/IP: 192.168.1.5 | Job: rerocc-lc-linux-coupleddma-bertmini-pipeline-runtime-batch8-fileonly-sync-pairdummy-gdbserver0 | Sim running: [33mTrue [0m
--------------------------------------------------------------------------------
Summary
--------------------------------------------------------------------------------
1/1 instances are still running.
1/1 simulations are still running.
--------------------------------------------------------------------------------
[prt-host-watchdog] heartbeat-progress hb='18271561856, 965' idle=282s hb_idle=0s uart=16919 guest_log=0 guest_sparse=262493 guest_status=1644
[prt-host-watchdog] hb='18271561856, 965' idle=282s hb_idle=0s uart=16919 guest_log=0 guest_sparse=262493 guest_checkpoint=0 guest_trigger=0 guest_status=1644 guest_proc=3866 guest_runner=596 guest_runner_post=433 guest_runner_early=487 guest_binary=0 guest_runner_proc=11411
[2J
FireSim Simulation Status @ 2026-05-08 08:47:26.659132
--------------------------------------------------------------------------------
This workload's output is located in:
/home/ubuntu/chipyard/sims/firesim/deploy/results-workload/2026-05-08--08-30-42-rerocc-lc-linux-coupleddma-bertmini-pipeline-runtime-batch8-fileonly-sync-pairdummy-gdbserver-f2-gemmini-rerocc-pairmanager-dummy8x8-4c12p12-sbus64-linux-bertmini-batch8-fileonly-sync-gdbserver-cfg32-nic-notrace/
This run's log is located in:
/home/ubuntu/chipyard/sims/firesim/deploy/logs/2026-05-08--08-30-42-runworkload-RPS9V9VJ24OOFTUR.log
This status will update every 10s.
--------------------------------------------------------------------------------
Instances
--------------------------------------------------------------------------------
Hostname/IP: 192.168.1.5 | Terminated: [33mFalse[0m
--------------------------------------------------------------------------------
Simulated Switches
--------------------------------------------------------------------------------
Hostname/IP: 192.168.1.5 | Switch name: switch0 | Switch running: [32mTrue [0m
--------------------------------------------------------------------------------
Simulated Pipes
--------------------------------------------------------------------------------
--------------------------------------------------------------------------------
Simulated Nodes/Jobs
--------------------------------------------------------------------------------
Hostname/IP: 192.168.1.5 | Job: rerocc-lc-linux-coupleddma-bertmini-pipeline-runtime-batch8-fileonly-sync-pairdummy-gdbserver0 | Sim running: [33mTrue [0m
--------------------------------------------------------------------------------
Summary
--------------------------------------------------------------------------------
1/1 instances are still running.
1/1 simulations are still running.
--------------------------------------------------------------------------------
[2J
FireSim Simulation Status @ 2026-05-08 08:47:36.967256
--------------------------------------------------------------------------------
This workload's output is located in:
/home/ubuntu/chipyard/sims/firesim/deploy/results-workload/2026-05-08--08-30-42-rerocc-lc-linux-coupleddma-bertmini-pipeline-runtime-batch8-fileonly-sync-pairdummy-gdbserver-f2-gemmini-rerocc-pairmanager-dummy8x8-4c12p12-sbus64-linux-bertmini-batch8-fileonly-sync-gdbserver-cfg32-nic-notrace/
This run's log is located in:
/home/ubuntu/chipyard/sims/firesim/deploy/logs/2026-05-08--08-30-42-runworkload-RPS9V9VJ24OOFTUR.log
This status will update every 10s.
--------------------------------------------------------------------------------
Instances
--------------------------------------------------------------------------------
Hostname/IP: 192.168.1.5 | Terminated: [33mFalse[0m
--------------------------------------------------------------------------------
Simulated Switches
--------------------------------------------------------------------------------
Hostname/IP: 192.168.1.5 | Switch name: switch0 | Switch running: [32mTrue [0m
--------------------------------------------------------------------------------
Simulated Pipes
--------------------------------------------------------------------------------
--------------------------------------------------------------------------------
Simulated Nodes/Jobs
--------------------------------------------------------------------------------
Hostname/IP: 192.168.1.5 | Job: rerocc-lc-linux-coupleddma-bertmini-pipeline-runtime-batch8-fileonly-sync-pairdummy-gdbserver0 | Sim running: [33mTrue [0m
--------------------------------------------------------------------------------
Summary
--------------------------------------------------------------------------------
1/1 instances are still running.
1/1 simulations are still running.
--------------------------------------------------------------------------------
[2J
FireSim Simulation Status @ 2026-05-08 08:47:47.275542
--------------------------------------------------------------------------------
This workload's output is located in:
/home/ubuntu/chipyard/sims/firesim/deploy/results-workload/2026-05-08--08-30-42-rerocc-lc-linux-coupleddma-bertmini-pipeline-runtime-batch8-fileonly-sync-pairdummy-gdbserver-f2-gemmini-rerocc-pairmanager-dummy8x8-4c12p12-sbus64-linux-bertmini-batch8-fileonly-sync-gdbserver-cfg32-nic-notrace/
This run's log is located in:
/home/ubuntu/chipyard/sims/firesim/deploy/logs/2026-05-08--08-30-42-runworkload-RPS9V9VJ24OOFTUR.log
This status will update every 10s.
--------------------------------------------------------------------------------
Instances
--------------------------------------------------------------------------------
Hostname/IP: 192.168.1.5 | Terminated: [33mFalse[0m
--------------------------------------------------------------------------------
Simulated Switches
--------------------------------------------------------------------------------
Hostname/IP: 192.168.1.5 | Switch name: switch0 | Switch running: [32mTrue [0m
--------------------------------------------------------------------------------
Simulated Pipes
--------------------------------------------------------------------------------
--------------------------------------------------------------------------------
Simulated Nodes/Jobs
--------------------------------------------------------------------------------
Hostname/IP: 192.168.1.5 | Job: rerocc-lc-linux-coupleddma-bertmini-pipeline-runtime-batch8-fileonly-sync-pairdummy-gdbserver0 | Sim running: [33mTrue [0m
--------------------------------------------------------------------------------
Summary
--------------------------------------------------------------------------------
1/1 instances are still running.
1/1 simulations are still running.
--------------------------------------------------------------------------------
[prt-host-watchdog] hb='18271561856, 965' idle=313s hb_idle=31s uart=16919 guest_log=0 guest_sparse=262493 guest_checkpoint=0 guest_trigger=0 guest_status=1644 guest_proc=3866 guest_runner=596 guest_runner_post=433 guest_runner_early=487 guest_binary=0 guest_runner_proc=11411
[2J
FireSim Simulation Status @ 2026-05-08 08:47:57.583727
--------------------------------------------------------------------------------
This workload's output is located in:
/home/ubuntu/chipyard/sims/firesim/deploy/results-workload/2026-05-08--08-30-42-rerocc-lc-linux-coupleddma-bertmini-pipeline-runtime-batch8-fileonly-sync-pairdummy-gdbserver-f2-gemmini-rerocc-pairmanager-dummy8x8-4c12p12-sbus64-linux-bertmini-batch8-fileonly-sync-gdbserver-cfg32-nic-notrace/
This run's log is located in:
/home/ubuntu/chipyard/sims/firesim/deploy/logs/2026-05-08--08-30-42-runworkload-RPS9V9VJ24OOFTUR.log
This status will update every 10s.
--------------------------------------------------------------------------------
Instances
--------------------------------------------------------------------------------
Hostname/IP: 192.168.1.5 | Terminated: [33mFalse[0m
--------------------------------------------------------------------------------
Simulated Switches
--------------------------------------------------------------------------------
Hostname/IP: 192.168.1.5 | Switch name: switch0 | Switch running: [32mTrue [0m
--------------------------------------------------------------------------------
Simulated Pipes
--------------------------------------------------------------------------------
--------------------------------------------------------------------------------
Simulated Nodes/Jobs
--------------------------------------------------------------------------------
Hostname/IP: 192.168.1.5 | Job: rerocc-lc-linux-coupleddma-bertmini-pipeline-runtime-batch8-fileonly-sync-pairdummy-gdbserver0 | Sim running: [33mTrue [0m
--------------------------------------------------------------------------------
Summary
--------------------------------------------------------------------------------
1/1 instances are still running.
1/1 simulations are still running.
--------------------------------------------------------------------------------
[2J
FireSim Simulation Status @ 2026-05-08 08:48:07.883871
--------------------------------------------------------------------------------
This workload's output is located in:
/home/ubuntu/chipyard/sims/firesim/deploy/results-workload/2026-05-08--08-30-42-rerocc-lc-linux-coupleddma-bertmini-pipeline-runtime-batch8-fileonly-sync-pairdummy-gdbserver-f2-gemmini-rerocc-pairmanager-dummy8x8-4c12p12-sbus64-linux-bertmini-batch8-fileonly-sync-gdbserver-cfg32-nic-notrace/
This run's log is located in:
/home/ubuntu/chipyard/sims/firesim/deploy/logs/2026-05-08--08-30-42-runworkload-RPS9V9VJ24OOFTUR.log
This status will update every 10s.
--------------------------------------------------------------------------------
Instances
--------------------------------------------------------------------------------
Hostname/IP: 192.168.1.5 | Terminated: [33mFalse[0m
--------------------------------------------------------------------------------
Simulated Switches
--------------------------------------------------------------------------------
Hostname/IP: 192.168.1.5 | Switch name: switch0 | Switch running: [32mTrue [0m
--------------------------------------------------------------------------------
Simulated Pipes
--------------------------------------------------------------------------------
--------------------------------------------------------------------------------
Simulated Nodes/Jobs
--------------------------------------------------------------------------------
Hostname/IP: 192.168.1.5 | Job: rerocc-lc-linux-coupleddma-bertmini-pipeline-runtime-batch8-fileonly-sync-pairdummy-gdbserver0 | Sim running: [33mTrue [0m
--------------------------------------------------------------------------------
Summary
--------------------------------------------------------------------------------
1/1 instances are still running.
1/1 simulations are still running.
--------------------------------------------------------------------------------
[2J
FireSim Simulation Status @ 2026-05-08 08:48:18.414365
--------------------------------------------------------------------------------
This workload's output is located in:
/home/ubuntu/chipyard/sims/firesim/deploy/results-workload/2026-05-08--08-30-42-rerocc-lc-linux-coupleddma-bertmini-pipeline-runtime-batch8-fileonly-sync-pairdummy-gdbserver-f2-gemmini-rerocc-pairmanager-dummy8x8-4c12p12-sbus64-linux-bertmini-batch8-fileonly-sync-gdbserver-cfg32-nic-notrace/
This run's log is located in:
/home/ubuntu/chipyard/sims/firesim/deploy/logs/2026-05-08--08-30-42-runworkload-RPS9V9VJ24OOFTUR.log
This status will update every 10s.
--------------------------------------------------------------------------------
Instances
--------------------------------------------------------------------------------
Hostname/IP: 192.168.1.5 | Terminated: [33mFalse[0m
--------------------------------------------------------------------------------
Simulated Switches
--------------------------------------------------------------------------------
Hostname/IP: 192.168.1.5 | Switch name: switch0 | Switch running: [32mTrue [0m
--------------------------------------------------------------------------------
Simulated Pipes
--------------------------------------------------------------------------------
--------------------------------------------------------------------------------
Simulated Nodes/Jobs
--------------------------------------------------------------------------------
Hostname/IP: 192.168.1.5 | Job: rerocc-lc-linux-coupleddma-bertmini-pipeline-runtime-batch8-fileonly-sync-pairdummy-gdbserver0 | Sim running: [33mTrue [0m
--------------------------------------------------------------------------------
Summary
--------------------------------------------------------------------------------
1/1 instances are still running.
1/1 simulations are still running.
--------------------------------------------------------------------------------
[prt-host-watchdog] hb='18271561856, 965' idle=344s hb_idle=62s uart=16919 guest_log=0 guest_sparse=262493 guest_checkpoint=0 guest_trigger=0 guest_status=1644 guest_proc=3866 guest_runner=596 guest_runner_post=433 guest_runner_early=487 guest_binary=0 guest_runner_proc=11411
[2J
FireSim Simulation Status @ 2026-05-08 08:48:28.712497
--------------------------------------------------------------------------------
This workload's output is located in:
/home/ubuntu/chipyard/sims/firesim/deploy/results-workload/2026-05-08--08-30-42-rerocc-lc-linux-coupleddma-bertmini-pipeline-runtime-batch8-fileonly-sync-pairdummy-gdbserver-f2-gemmini-rerocc-pairmanager-dummy8x8-4c12p12-sbus64-linux-bertmini-batch8-fileonly-sync-gdbserver-cfg32-nic-notrace/
This run's log is located in:
/home/ubuntu/chipyard/sims/firesim/deploy/logs/2026-05-08--08-30-42-runworkload-RPS9V9VJ24OOFTUR.log
This status will update every 10s.
--------------------------------------------------------------------------------
Instances
--------------------------------------------------------------------------------
Hostname/IP: 192.168.1.5 | Terminated: [33mFalse[0m
--------------------------------------------------------------------------------
Simulated Switches
--------------------------------------------------------------------------------
Hostname/IP: 192.168.1.5 | Switch name: switch0 | Switch running: [32mTrue [0m
--------------------------------------------------------------------------------
Simulated Pipes
--------------------------------------------------------------------------------
--------------------------------------------------------------------------------
Simulated Nodes/Jobs
--------------------------------------------------------------------------------
Hostname/IP: 192.168.1.5 | Job: rerocc-lc-linux-coupleddma-bertmini-pipeline-runtime-batch8-fileonly-sync-pairdummy-gdbserver0 | Sim running: [33mTrue [0m
--------------------------------------------------------------------------------
Summary
--------------------------------------------------------------------------------
1/1 instances are still running.
1/1 simulations are still running.
--------------------------------------------------------------------------------
[2J
FireSim Simulation Status @ 2026-05-08 08:48:39.020637
--------------------------------------------------------------------------------
This workload's output is located in:
/home/ubuntu/chipyard/sims/firesim/deploy/results-workload/2026-05-08--08-30-42-rerocc-lc-linux-coupleddma-bertmini-pipeline-runtime-batch8-fileonly-sync-pairdummy-gdbserver-f2-gemmini-rerocc-pairmanager-dummy8x8-4c12p12-sbus64-linux-bertmini-batch8-fileonly-sync-gdbserver-cfg32-nic-notrace/
This run's log is located in:
/home/ubuntu/chipyard/sims/firesim/deploy/logs/2026-05-08--08-30-42-runworkload-RPS9V9VJ24OOFTUR.log
This status will update every 10s.
--------------------------------------------------------------------------------
Instances
--------------------------------------------------------------------------------
Hostname/IP: 192.168.1.5 | Terminated: [33mFalse[0m
--------------------------------------------------------------------------------
Simulated Switches
--------------------------------------------------------------------------------
Hostname/IP: 192.168.1.5 | Switch name: switch0 | Switch running: [32mTrue [0m
--------------------------------------------------------------------------------
Simulated Pipes
--------------------------------------------------------------------------------
--------------------------------------------------------------------------------
Simulated Nodes/Jobs
--------------------------------------------------------------------------------
Hostname/IP: 192.168.1.5 | Job: rerocc-lc-linux-coupleddma-bertmini-pipeline-runtime-batch8-fileonly-sync-pairdummy-gdbserver0 | Sim running: [33mTrue [0m
--------------------------------------------------------------------------------
Summary
--------------------------------------------------------------------------------
1/1 instances are still running.
1/1 simulations are still running.
--------------------------------------------------------------------------------
[2J
FireSim Simulation Status @ 2026-05-08 08:48:49.324777
--------------------------------------------------------------------------------
This workload's output is located in:
/home/ubuntu/chipyard/sims/firesim/deploy/results-workload/2026-05-08--08-30-42-rerocc-lc-linux-coupleddma-bertmini-pipeline-runtime-batch8-fileonly-sync-pairdummy-gdbserver-f2-gemmini-rerocc-pairmanager-dummy8x8-4c12p12-sbus64-linux-bertmini-batch8-fileonly-sync-gdbserver-cfg32-nic-notrace/
This run's log is located in:
/home/ubuntu/chipyard/sims/firesim/deploy/logs/2026-05-08--08-30-42-runworkload-RPS9V9VJ24OOFTUR.log
This status will update every 10s.
--------------------------------------------------------------------------------
Instances
--------------------------------------------------------------------------------
Hostname/IP: 192.168.1.5 | Terminated: [33mFalse[0m
--------------------------------------------------------------------------------
Simulated Switches
--------------------------------------------------------------------------------
Hostname/IP: 192.168.1.5 | Switch name: switch0 | Switch running: [32mTrue [0m
--------------------------------------------------------------------------------
Simulated Pipes
--------------------------------------------------------------------------------
--------------------------------------------------------------------------------
Simulated Nodes/Jobs
--------------------------------------------------------------------------------
Hostname/IP: 192.168.1.5 | Job: rerocc-lc-linux-coupleddma-bertmini-pipeline-runtime-batch8-fileonly-sync-pairdummy-gdbserver0 | Sim running: [33mTrue [0m
--------------------------------------------------------------------------------
Summary
--------------------------------------------------------------------------------
1/1 instances are still running.
1/1 simulations are still running.
--------------------------------------------------------------------------------
[prt-host-watchdog] hb='18271561856, 965' idle=376s hb_idle=94s uart=16919 guest_log=0 guest_sparse=262493 guest_checkpoint=0 guest_trigger=0 guest_status=1644 guest_proc=3866 guest_runner=596 guest_runner_post=433 guest_runner_early=487 guest_binary=0 guest_runner_proc=11411
[2J
FireSim Simulation Status @ 2026-05-08 08:48:59.632963
--------------------------------------------------------------------------------
This workload's output is located in:
/home/ubuntu/chipyard/sims/firesim/deploy/results-workload/2026-05-08--08-30-42-rerocc-lc-linux-coupleddma-bertmini-pipeline-runtime-batch8-fileonly-sync-pairdummy-gdbserver-f2-gemmini-rerocc-pairmanager-dummy8x8-4c12p12-sbus64-linux-bertmini-batch8-fileonly-sync-gdbserver-cfg32-nic-notrace/
This run's log is located in:
/home/ubuntu/chipyard/sims/firesim/deploy/logs/2026-05-08--08-30-42-runworkload-RPS9V9VJ24OOFTUR.log
This status will update every 10s.
--------------------------------------------------------------------------------
Instances
--------------------------------------------------------------------------------
Hostname/IP: 192.168.1.5 | Terminated: [33mFalse[0m
--------------------------------------------------------------------------------
Simulated Switches
--------------------------------------------------------------------------------
Hostname/IP: 192.168.1.5 | Switch name: switch0 | Switch running: [32mTrue [0m
--------------------------------------------------------------------------------
Simulated Pipes
--------------------------------------------------------------------------------
--------------------------------------------------------------------------------
Simulated Nodes/Jobs
--------------------------------------------------------------------------------
Hostname/IP: 192.168.1.5 | Job: rerocc-lc-linux-coupleddma-bertmini-pipeline-runtime-batch8-fileonly-sync-pairdummy-gdbserver0 | Sim running: [33mTrue [0m
--------------------------------------------------------------------------------
Summary
--------------------------------------------------------------------------------
1/1 instances are still running.
1/1 simulations are still running.
--------------------------------------------------------------------------------
[2J
FireSim Simulation Status @ 2026-05-08 08:49:09.941447
--------------------------------------------------------------------------------
This workload's output is located in:
/home/ubuntu/chipyard/sims/firesim/deploy/results-workload/2026-05-08--08-30-42-rerocc-lc-linux-coupleddma-bertmini-pipeline-runtime-batch8-fileonly-sync-pairdummy-gdbserver-f2-gemmini-rerocc-pairmanager-dummy8x8-4c12p12-sbus64-linux-bertmini-batch8-fileonly-sync-gdbserver-cfg32-nic-notrace/
This run's log is located in:
/home/ubuntu/chipyard/sims/firesim/deploy/logs/2026-05-08--08-30-42-runworkload-RPS9V9VJ24OOFTUR.log
This status will update every 10s.
--------------------------------------------------------------------------------
Instances
--------------------------------------------------------------------------------
Hostname/IP: 192.168.1.5 | Terminated: [33mFalse[0m
--------------------------------------------------------------------------------
Simulated Switches
--------------------------------------------------------------------------------
Hostname/IP: 192.168.1.5 | Switch name: switch0 | Switch running: [32mTrue [0m
--------------------------------------------------------------------------------
Simulated Pipes
--------------------------------------------------------------------------------
--------------------------------------------------------------------------------
Simulated Nodes/Jobs
--------------------------------------------------------------------------------
Hostname/IP: 192.168.1.5 | Job: rerocc-lc-linux-coupleddma-bertmini-pipeline-runtime-batch8-fileonly-sync-pairdummy-gdbserver0 | Sim running: [33mTrue [0m
--------------------------------------------------------------------------------
Summary
--------------------------------------------------------------------------------
1/1 instances are still running.
1/1 simulations are still running.
--------------------------------------------------------------------------------
[2J
FireSim Simulation Status @ 2026-05-08 08:49:20.481842
--------------------------------------------------------------------------------
This workload's output is located in:
/home/ubuntu/chipyard/sims/firesim/deploy/results-workload/2026-05-08--08-30-42-rerocc-lc-linux-coupleddma-bertmini-pipeline-runtime-batch8-fileonly-sync-pairdummy-gdbserver-f2-gemmini-rerocc-pairmanager-dummy8x8-4c12p12-sbus64-linux-bertmini-batch8-fileonly-sync-gdbserver-cfg32-nic-notrace/
This run's log is located in:
/home/ubuntu/chipyard/sims/firesim/deploy/logs/2026-05-08--08-30-42-runworkload-RPS9V9VJ24OOFTUR.log
This status will update every 10s.
--------------------------------------------------------------------------------
Instances
--------------------------------------------------------------------------------
Hostname/IP: 192.168.1.5 | Terminated: [33mFalse[0m
--------------------------------------------------------------------------------
Simulated Switches
--------------------------------------------------------------------------------
Hostname/IP: 192.168.1.5 | Switch name: switch0 | Switch running: [32mTrue [0m
--------------------------------------------------------------------------------
Simulated Pipes
--------------------------------------------------------------------------------
--------------------------------------------------------------------------------
Simulated Nodes/Jobs
--------------------------------------------------------------------------------
Hostname/IP: 192.168.1.5 | Job: rerocc-lc-linux-coupleddma-bertmini-pipeline-runtime-batch8-fileonly-sync-pairdummy-gdbserver0 | Sim running: [33mTrue [0m
--------------------------------------------------------------------------------
Summary
--------------------------------------------------------------------------------
1/1 instances are still running.
1/1 simulations are still running.
--------------------------------------------------------------------------------
[prt-host-watchdog] hb='18271561856, 965' idle=407s hb_idle=125s uart=16919 guest_log=0 guest_sparse=262493 guest_checkpoint=0 guest_trigger=0 guest_status=1644 guest_proc=3866 guest_runner=596 guest_runner_post=433 guest_runner_early=487 guest_binary=0 guest_runner_proc=11411
[2J
FireSim Simulation Status @ 2026-05-08 08:49:30.781443
--------------------------------------------------------------------------------
This workload's output is located in:
/home/ubuntu/chipyard/sims/firesim/deploy/results-workload/2026-05-08--08-30-42-rerocc-lc-linux-coupleddma-bertmini-pipeline-runtime-batch8-fileonly-sync-pairdummy-gdbserver-f2-gemmini-rerocc-pairmanager-dummy8x8-4c12p12-sbus64-linux-bertmini-batch8-fileonly-sync-gdbserver-cfg32-nic-notrace/
This run's log is located in:
/home/ubuntu/chipyard/sims/firesim/deploy/logs/2026-05-08--08-30-42-runworkload-RPS9V9VJ24OOFTUR.log
This status will update every 10s.
--------------------------------------------------------------------------------
Instances
--------------------------------------------------------------------------------
Hostname/IP: 192.168.1.5 | Terminated: [33mFalse[0m
--------------------------------------------------------------------------------
Simulated Switches
--------------------------------------------------------------------------------
Hostname/IP: 192.168.1.5 | Switch name: switch0 | Switch running: [32mTrue [0m
--------------------------------------------------------------------------------
Simulated Pipes
--------------------------------------------------------------------------------
--------------------------------------------------------------------------------
Simulated Nodes/Jobs
--------------------------------------------------------------------------------
Hostname/IP: 192.168.1.5 | Job: rerocc-lc-linux-coupleddma-bertmini-pipeline-runtime-batch8-fileonly-sync-pairdummy-gdbserver0 | Sim running: [33mTrue [0m
--------------------------------------------------------------------------------
Summary
--------------------------------------------------------------------------------
1/1 instances are still running.
1/1 simulations are still running.
--------------------------------------------------------------------------------
[2J
FireSim Simulation Status @ 2026-05-08 08:49:41.089532
--------------------------------------------------------------------------------
This workload's output is located in:
/home/ubuntu/chipyard/sims/firesim/deploy/results-workload/2026-05-08--08-30-42-rerocc-lc-linux-coupleddma-bertmini-pipeline-runtime-batch8-fileonly-sync-pairdummy-gdbserver-f2-gemmini-rerocc-pairmanager-dummy8x8-4c12p12-sbus64-linux-bertmini-batch8-fileonly-sync-gdbserver-cfg32-nic-notrace/
This run's log is located in:
/home/ubuntu/chipyard/sims/firesim/deploy/logs/2026-05-08--08-30-42-runworkload-RPS9V9VJ24OOFTUR.log
This status will update every 10s.
--------------------------------------------------------------------------------
Instances
--------------------------------------------------------------------------------
Hostname/IP: 192.168.1.5 | Terminated: [33mFalse[0m
--------------------------------------------------------------------------------
Simulated Switches
--------------------------------------------------------------------------------
Hostname/IP: 192.168.1.5 | Switch name: switch0 | Switch running: [32mTrue [0m
--------------------------------------------------------------------------------
Simulated Pipes
--------------------------------------------------------------------------------
--------------------------------------------------------------------------------
Simulated Nodes/Jobs
--------------------------------------------------------------------------------
Hostname/IP: 192.168.1.5 | Job: rerocc-lc-linux-coupleddma-bertmini-pipeline-runtime-batch8-fileonly-sync-pairdummy-gdbserver0 | Sim running: [33mTrue [0m
--------------------------------------------------------------------------------
Summary
--------------------------------------------------------------------------------
1/1 instances are still running.
1/1 simulations are still running.
--------------------------------------------------------------------------------
[2J
FireSim Simulation Status @ 2026-05-08 08:49:51.389143
--------------------------------------------------------------------------------
This workload's output is located in:
/home/ubuntu/chipyard/sims/firesim/deploy/results-workload/2026-05-08--08-30-42-rerocc-lc-linux-coupleddma-bertmini-pipeline-runtime-batch8-fileonly-sync-pairdummy-gdbserver-f2-gemmini-rerocc-pairmanager-dummy8x8-4c12p12-sbus64-linux-bertmini-batch8-fileonly-sync-gdbserver-cfg32-nic-notrace/
This run's log is located in:
/home/ubuntu/chipyard/sims/firesim/deploy/logs/2026-05-08--08-30-42-runworkload-RPS9V9VJ24OOFTUR.log
This status will update every 10s.
--------------------------------------------------------------------------------
Instances
--------------------------------------------------------------------------------
Hostname/IP: 192.168.1.5 | Terminated: [33mFalse[0m
--------------------------------------------------------------------------------
Simulated Switches
--------------------------------------------------------------------------------
Hostname/IP: 192.168.1.5 | Switch name: switch0 | Switch running: [32mTrue [0m
--------------------------------------------------------------------------------
Simulated Pipes
--------------------------------------------------------------------------------
--------------------------------------------------------------------------------
Simulated Nodes/Jobs
--------------------------------------------------------------------------------
Hostname/IP: 192.168.1.5 | Job: rerocc-lc-linux-coupleddma-bertmini-pipeline-runtime-batch8-fileonly-sync-pairdummy-gdbserver0 | Sim running: [33mTrue [0m
--------------------------------------------------------------------------------
Summary
--------------------------------------------------------------------------------
1/1 instances are still running.
1/1 simulations are still running.
--------------------------------------------------------------------------------
[prt-host-watchdog] hb='18271561856, 965' idle=438s hb_idle=156s uart=16919 guest_log=0 guest_sparse=262493 guest_checkpoint=0 guest_trigger=0 guest_status=1644 guest_proc=3866 guest_runner=596 guest_runner_post=433 guest_runner_early=487 guest_binary=0 guest_runner_proc=11411
[2J
FireSim Simulation Status @ 2026-05-08 08:50:01.697259
--------------------------------------------------------------------------------
This workload's output is located in:
/home/ubuntu/chipyard/sims/firesim/deploy/results-workload/2026-05-08--08-30-42-rerocc-lc-linux-coupleddma-bertmini-pipeline-runtime-batch8-fileonly-sync-pairdummy-gdbserver-f2-gemmini-rerocc-pairmanager-dummy8x8-4c12p12-sbus64-linux-bertmini-batch8-fileonly-sync-gdbserver-cfg32-nic-notrace/
This run's log is located in:
/home/ubuntu/chipyard/sims/firesim/deploy/logs/2026-05-08--08-30-42-runworkload-RPS9V9VJ24OOFTUR.log
This status will update every 10s.
--------------------------------------------------------------------------------
Instances
--------------------------------------------------------------------------------
Hostname/IP: 192.168.1.5 | Terminated: [33mFalse[0m
--------------------------------------------------------------------------------
Simulated Switches
--------------------------------------------------------------------------------
Hostname/IP: 192.168.1.5 | Switch name: switch0 | Switch running: [32mTrue [0m
--------------------------------------------------------------------------------
Simulated Pipes
--------------------------------------------------------------------------------
--------------------------------------------------------------------------------
Simulated Nodes/Jobs
--------------------------------------------------------------------------------
Hostname/IP: 192.168.1.5 | Job: rerocc-lc-linux-coupleddma-bertmini-pipeline-runtime-batch8-fileonly-sync-pairdummy-gdbserver0 | Sim running: [33mTrue [0m
--------------------------------------------------------------------------------
Summary
--------------------------------------------------------------------------------
1/1 instances are still running.
1/1 simulations are still running.
--------------------------------------------------------------------------------
[2J
FireSim Simulation Status @ 2026-05-08 08:50:12.005535
--------------------------------------------------------------------------------
This workload's output is located in:
/home/ubuntu/chipyard/sims/firesim/deploy/results-workload/2026-05-08--08-30-42-rerocc-lc-linux-coupleddma-bertmini-pipeline-runtime-batch8-fileonly-sync-pairdummy-gdbserver-f2-gemmini-rerocc-pairmanager-dummy8x8-4c12p12-sbus64-linux-bertmini-batch8-fileonly-sync-gdbserver-cfg32-nic-notrace/
This run's log is located in:
/home/ubuntu/chipyard/sims/firesim/deploy/logs/2026-05-08--08-30-42-runworkload-RPS9V9VJ24OOFTUR.log
This status will update every 10s.
--------------------------------------------------------------------------------
Instances
--------------------------------------------------------------------------------
Hostname/IP: 192.168.1.5 | Terminated: [33mFalse[0m
--------------------------------------------------------------------------------
Simulated Switches
--------------------------------------------------------------------------------
Hostname/IP: 192.168.1.5 | Switch name: switch0 | Switch running: [32mTrue [0m
--------------------------------------------------------------------------------
Simulated Pipes
--------------------------------------------------------------------------------
--------------------------------------------------------------------------------
Simulated Nodes/Jobs
--------------------------------------------------------------------------------
Hostname/IP: 192.168.1.5 | Job: rerocc-lc-linux-coupleddma-bertmini-pipeline-runtime-batch8-fileonly-sync-pairdummy-gdbserver0 | Sim running: [33mTrue [0m
--------------------------------------------------------------------------------
Summary
--------------------------------------------------------------------------------
1/1 instances are still running.
1/1 simulations are still running.
--------------------------------------------------------------------------------
[2J
FireSim Simulation Status @ 2026-05-08 08:50:22.545652
--------------------------------------------------------------------------------
This workload's output is located in:
/home/ubuntu/chipyard/sims/firesim/deploy/results-workload/2026-05-08--08-30-42-rerocc-lc-linux-coupleddma-bertmini-pipeline-runtime-batch8-fileonly-sync-pairdummy-gdbserver-f2-gemmini-rerocc-pairmanager-dummy8x8-4c12p12-sbus64-linux-bertmini-batch8-fileonly-sync-gdbserver-cfg32-nic-notrace/
This run's log is located in:
/home/ubuntu/chipyard/sims/firesim/deploy/logs/2026-05-08--08-30-42-runworkload-RPS9V9VJ24OOFTUR.log
This status will update every 10s.
--------------------------------------------------------------------------------
Instances
--------------------------------------------------------------------------------
Hostname/IP: 192.168.1.5 | Terminated: [33mFalse[0m
--------------------------------------------------------------------------------
Simulated Switches
--------------------------------------------------------------------------------
Hostname/IP: 192.168.1.5 | Switch name: switch0 | Switch running: [32mTrue [0m
--------------------------------------------------------------------------------
Simulated Pipes
--------------------------------------------------------------------------------
--------------------------------------------------------------------------------
Simulated Nodes/Jobs
--------------------------------------------------------------------------------
Hostname/IP: 192.168.1.5 | Job: rerocc-lc-linux-coupleddma-bertmini-pipeline-runtime-batch8-fileonly-sync-pairdummy-gdbserver0 | Sim running: [33mTrue [0m
--------------------------------------------------------------------------------
Summary
--------------------------------------------------------------------------------
1/1 instances are still running.
1/1 simulations are still running.
--------------------------------------------------------------------------------
[prt-host-watchdog] hb='18271561856, 965' idle=469s hb_idle=187s uart=16919 guest_log=0 guest_sparse=262493 guest_checkpoint=0 guest_trigger=0 guest_status=1644 guest_proc=3866 guest_runner=596 guest_runner_post=433 guest_runner_early=487 guest_binary=0 guest_runner_proc=11411
[2J
FireSim Simulation Status @ 2026-05-08 08:50:32.854316
--------------------------------------------------------------------------------
This workload's output is located in:
/home/ubuntu/chipyard/sims/firesim/deploy/results-workload/2026-05-08--08-30-42-rerocc-lc-linux-coupleddma-bertmini-pipeline-runtime-batch8-fileonly-sync-pairdummy-gdbserver-f2-gemmini-rerocc-pairmanager-dummy8x8-4c12p12-sbus64-linux-bertmini-batch8-fileonly-sync-gdbserver-cfg32-nic-notrace/
This run's log is located in:
/home/ubuntu/chipyard/sims/firesim/deploy/logs/2026-05-08--08-30-42-runworkload-RPS9V9VJ24OOFTUR.log
This status will update every 10s.
--------------------------------------------------------------------------------
Instances
--------------------------------------------------------------------------------
Hostname/IP: 192.168.1.5 | Terminated: [33mFalse[0m
--------------------------------------------------------------------------------
Simulated Switches
--------------------------------------------------------------------------------
Hostname/IP: 192.168.1.5 | Switch name: switch0 | Switch running: [32mTrue [0m
--------------------------------------------------------------------------------
Simulated Pipes
--------------------------------------------------------------------------------
--------------------------------------------------------------------------------
Simulated Nodes/Jobs
--------------------------------------------------------------------------------
Hostname/IP: 192.168.1.5 | Job: rerocc-lc-linux-coupleddma-bertmini-pipeline-runtime-batch8-fileonly-sync-pairdummy-gdbserver0 | Sim running: [33mTrue [0m
--------------------------------------------------------------------------------
Summary
--------------------------------------------------------------------------------
1/1 instances are still running.
1/1 simulations are still running.
--------------------------------------------------------------------------------
[2J
FireSim Simulation Status @ 2026-05-08 08:50:43.159079
--------------------------------------------------------------------------------
This workload's output is located in:
/home/ubuntu/chipyard/sims/firesim/deploy/results-workload/2026-05-08--08-30-42-rerocc-lc-linux-coupleddma-bertmini-pipeline-runtime-batch8-fileonly-sync-pairdummy-gdbserver-f2-gemmini-rerocc-pairmanager-dummy8x8-4c12p12-sbus64-linux-bertmini-batch8-fileonly-sync-gdbserver-cfg32-nic-notrace/
This run's log is located in:
/home/ubuntu/chipyard/sims/firesim/deploy/logs/2026-05-08--08-30-42-runworkload-RPS9V9VJ24OOFTUR.log
This status will update every 10s.
--------------------------------------------------------------------------------
Instances
--------------------------------------------------------------------------------
Hostname/IP: 192.168.1.5 | Terminated: [33mFalse[0m
--------------------------------------------------------------------------------
Simulated Switches
--------------------------------------------------------------------------------
Hostname/IP: 192.168.1.5 | Switch name: switch0 | Switch running: [32mTrue [0m
--------------------------------------------------------------------------------
Simulated Pipes
--------------------------------------------------------------------------------
--------------------------------------------------------------------------------
Simulated Nodes/Jobs
--------------------------------------------------------------------------------
Hostname/IP: 192.168.1.5 | Job: rerocc-lc-linux-coupleddma-bertmini-pipeline-runtime-batch8-fileonly-sync-pairdummy-gdbserver0 | Sim running: [33mTrue [0m
--------------------------------------------------------------------------------
Summary
--------------------------------------------------------------------------------
1/1 instances are still running.
1/1 simulations are still running.
--------------------------------------------------------------------------------
[2J
FireSim Simulation Status @ 2026-05-08 08:50:53.457936
--------------------------------------------------------------------------------
This workload's output is located in:
/home/ubuntu/chipyard/sims/firesim/deploy/results-workload/2026-05-08--08-30-42-rerocc-lc-linux-coupleddma-bertmini-pipeline-runtime-batch8-fileonly-sync-pairdummy-gdbserver-f2-gemmini-rerocc-pairmanager-dummy8x8-4c12p12-sbus64-linux-bertmini-batch8-fileonly-sync-gdbserver-cfg32-nic-notrace/
This run's log is located in:
/home/ubuntu/chipyard/sims/firesim/deploy/logs/2026-05-08--08-30-42-runworkload-RPS9V9VJ24OOFTUR.log
This status will update every 10s.
--------------------------------------------------------------------------------
Instances
--------------------------------------------------------------------------------
Hostname/IP: 192.168.1.5 | Terminated: [33mFalse[0m
--------------------------------------------------------------------------------
Simulated Switches
--------------------------------------------------------------------------------
Hostname/IP: 192.168.1.5 | Switch name: switch0 | Switch running: [32mTrue [0m
--------------------------------------------------------------------------------
Simulated Pipes
--------------------------------------------------------------------------------
--------------------------------------------------------------------------------
Simulated Nodes/Jobs
--------------------------------------------------------------------------------
Hostname/IP: 192.168.1.5 | Job: rerocc-lc-linux-coupleddma-bertmini-pipeline-runtime-batch8-fileonly-sync-pairdummy-gdbserver0 | Sim running: [33mTrue [0m
--------------------------------------------------------------------------------
Summary
--------------------------------------------------------------------------------
1/1 instances are still running.
1/1 simulations are still running.
--------------------------------------------------------------------------------
[prt-host-watchdog] hb='18271561856, 965' idle=501s hb_idle=219s uart=16919 guest_log=0 guest_sparse=262493 guest_checkpoint=0 guest_trigger=0 guest_status=1644 guest_proc=3866 guest_runner=596 guest_runner_post=433 guest_runner_early=487 guest_binary=0 guest_runner_proc=11411
[2J
FireSim Simulation Status @ 2026-05-08 08:51:03.766259
--------------------------------------------------------------------------------
This workload's output is located in:
/home/ubuntu/chipyard/sims/firesim/deploy/results-workload/2026-05-08--08-30-42-rerocc-lc-linux-coupleddma-bertmini-pipeline-runtime-batch8-fileonly-sync-pairdummy-gdbserver-f2-gemmini-rerocc-pairmanager-dummy8x8-4c12p12-sbus64-linux-bertmini-batch8-fileonly-sync-gdbserver-cfg32-nic-notrace/
This run's log is located in:
/home/ubuntu/chipyard/sims/firesim/deploy/logs/2026-05-08--08-30-42-runworkload-RPS9V9VJ24OOFTUR.log
This status will update every 10s.
--------------------------------------------------------------------------------
Instances
--------------------------------------------------------------------------------
Hostname/IP: 192.168.1.5 | Terminated: [33mFalse[0m
--------------------------------------------------------------------------------
Simulated Switches
--------------------------------------------------------------------------------
Hostname/IP: 192.168.1.5 | Switch name: switch0 | Switch running: [32mTrue [0m
--------------------------------------------------------------------------------
Simulated Pipes
--------------------------------------------------------------------------------
--------------------------------------------------------------------------------
Simulated Nodes/Jobs
--------------------------------------------------------------------------------
Hostname/IP: 192.168.1.5 | Job: rerocc-lc-linux-coupleddma-bertmini-pipeline-runtime-batch8-fileonly-sync-pairdummy-gdbserver0 | Sim running: [33mTrue [0m
--------------------------------------------------------------------------------
Summary
--------------------------------------------------------------------------------
1/1 instances are still running.
1/1 simulations are still running.
--------------------------------------------------------------------------------
[2J
FireSim Simulation Status @ 2026-05-08 08:51:14.068911
--------------------------------------------------------------------------------
This workload's output is located in:
/home/ubuntu/chipyard/sims/firesim/deploy/results-workload/2026-05-08--08-30-42-rerocc-lc-linux-coupleddma-bertmini-pipeline-runtime-batch8-fileonly-sync-pairdummy-gdbserver-f2-gemmini-rerocc-pairmanager-dummy8x8-4c12p12-sbus64-linux-bertmini-batch8-fileonly-sync-gdbserver-cfg32-nic-notrace/
This run's log is located in:
/home/ubuntu/chipyard/sims/firesim/deploy/logs/2026-05-08--08-30-42-runworkload-RPS9V9VJ24OOFTUR.log
This status will update every 10s.
--------------------------------------------------------------------------------
Instances
--------------------------------------------------------------------------------
Hostname/IP: 192.168.1.5 | Terminated: [33mFalse[0m
--------------------------------------------------------------------------------
Simulated Switches
--------------------------------------------------------------------------------
Hostname/IP: 192.168.1.5 | Switch name: switch0 | Switch running: [32mTrue [0m
--------------------------------------------------------------------------------
Simulated Pipes
--------------------------------------------------------------------------------
--------------------------------------------------------------------------------
Simulated Nodes/Jobs
--------------------------------------------------------------------------------
Hostname/IP: 192.168.1.5 | Job: rerocc-lc-linux-coupleddma-bertmini-pipeline-runtime-batch8-fileonly-sync-pairdummy-gdbserver0 | Sim running: [33mTrue [0m
--------------------------------------------------------------------------------
Summary
--------------------------------------------------------------------------------
1/1 instances are still running.
1/1 simulations are still running.
--------------------------------------------------------------------------------
[2J
FireSim Simulation Status @ 2026-05-08 08:51:24.609269
--------------------------------------------------------------------------------
This workload's output is located in:
/home/ubuntu/chipyard/sims/firesim/deploy/results-workload/2026-05-08--08-30-42-rerocc-lc-linux-coupleddma-bertmini-pipeline-runtime-batch8-fileonly-sync-pairdummy-gdbserver-f2-gemmini-rerocc-pairmanager-dummy8x8-4c12p12-sbus64-linux-bertmini-batch8-fileonly-sync-gdbserver-cfg32-nic-notrace/
This run's log is located in:
/home/ubuntu/chipyard/sims/firesim/deploy/logs/2026-05-08--08-30-42-runworkload-RPS9V9VJ24OOFTUR.log
This status will update every 10s.
--------------------------------------------------------------------------------
Instances
--------------------------------------------------------------------------------
Hostname/IP: 192.168.1.5 | Terminated: [33mFalse[0m
--------------------------------------------------------------------------------
Simulated Switches
--------------------------------------------------------------------------------
Hostname/IP: 192.168.1.5 | Switch name: switch0 | Switch running: [32mTrue [0m
--------------------------------------------------------------------------------
Simulated Pipes
--------------------------------------------------------------------------------
--------------------------------------------------------------------------------
Simulated Nodes/Jobs
--------------------------------------------------------------------------------
Hostname/IP: 192.168.1.5 | Job: rerocc-lc-linux-coupleddma-bertmini-pipeline-runtime-batch8-fileonly-sync-pairdummy-gdbserver0 | Sim running: [33mTrue [0m
--------------------------------------------------------------------------------
Summary
--------------------------------------------------------------------------------
1/1 instances are still running.
1/1 simulations are still running.
--------------------------------------------------------------------------------
[prt-host-watchdog] hb='18271561856, 965' idle=532s hb_idle=250s uart=16919 guest_log=0 guest_sparse=262493 guest_checkpoint=0 guest_trigger=0 guest_status=1644 guest_proc=3866 guest_runner=596 guest_runner_post=433 guest_runner_early=487 guest_binary=0 guest_runner_proc=11411
[2J
FireSim Simulation Status @ 2026-05-08 08:51:34.917496
--------------------------------------------------------------------------------
This workload's output is located in:
/home/ubuntu/chipyard/sims/firesim/deploy/results-workload/2026-05-08--08-30-42-rerocc-lc-linux-coupleddma-bertmini-pipeline-runtime-batch8-fileonly-sync-pairdummy-gdbserver-f2-gemmini-rerocc-pairmanager-dummy8x8-4c12p12-sbus64-linux-bertmini-batch8-fileonly-sync-gdbserver-cfg32-nic-notrace/
This run's log is located in:
/home/ubuntu/chipyard/sims/firesim/deploy/logs/2026-05-08--08-30-42-runworkload-RPS9V9VJ24OOFTUR.log
This status will update every 10s.
--------------------------------------------------------------------------------
Instances
--------------------------------------------------------------------------------
Hostname/IP: 192.168.1.5 | Terminated: [33mFalse[0m
--------------------------------------------------------------------------------
Simulated Switches
--------------------------------------------------------------------------------
Hostname/IP: 192.168.1.5 | Switch name: switch0 | Switch running: [32mTrue [0m
--------------------------------------------------------------------------------
Simulated Pipes
--------------------------------------------------------------------------------
--------------------------------------------------------------------------------
Simulated Nodes/Jobs
--------------------------------------------------------------------------------
Hostname/IP: 192.168.1.5 | Job: rerocc-lc-linux-coupleddma-bertmini-pipeline-runtime-batch8-fileonly-sync-pairdummy-gdbserver0 | Sim running: [33mTrue [0m
--------------------------------------------------------------------------------
Summary
--------------------------------------------------------------------------------
1/1 instances are still running.
1/1 simulations are still running.
--------------------------------------------------------------------------------
[2J
FireSim Simulation Status @ 2026-05-08 08:51:45.225673
--------------------------------------------------------------------------------
This workload's output is located in:
/home/ubuntu/chipyard/sims/firesim/deploy/results-workload/2026-05-08--08-30-42-rerocc-lc-linux-coupleddma-bertmini-pipeline-runtime-batch8-fileonly-sync-pairdummy-gdbserver-f2-gemmini-rerocc-pairmanager-dummy8x8-4c12p12-sbus64-linux-bertmini-batch8-fileonly-sync-gdbserver-cfg32-nic-notrace/
This run's log is located in:
/home/ubuntu/chipyard/sims/firesim/deploy/logs/2026-05-08--08-30-42-runworkload-RPS9V9VJ24OOFTUR.log
This status will update every 10s.
--------------------------------------------------------------------------------
Instances
--------------------------------------------------------------------------------
Hostname/IP: 192.168.1.5 | Terminated: [33mFalse[0m
--------------------------------------------------------------------------------
Simulated Switches
--------------------------------------------------------------------------------
Hostname/IP: 192.168.1.5 | Switch name: switch0 | Switch running: [32mTrue [0m
--------------------------------------------------------------------------------
Simulated Pipes
--------------------------------------------------------------------------------
--------------------------------------------------------------------------------
Simulated Nodes/Jobs
--------------------------------------------------------------------------------
Hostname/IP: 192.168.1.5 | Job: rerocc-lc-linux-coupleddma-bertmini-pipeline-runtime-batch8-fileonly-sync-pairdummy-gdbserver0 | Sim running: [33mTrue [0m
--------------------------------------------------------------------------------
Summary
--------------------------------------------------------------------------------
1/1 instances are still running.
1/1 simulations are still running.
--------------------------------------------------------------------------------
[2J
FireSim Simulation Status @ 2026-05-08 08:51:55.534230
--------------------------------------------------------------------------------
This workload's output is located in:
/home/ubuntu/chipyard/sims/firesim/deploy/results-workload/2026-05-08--08-30-42-rerocc-lc-linux-coupleddma-bertmini-pipeline-runtime-batch8-fileonly-sync-pairdummy-gdbserver-f2-gemmini-rerocc-pairmanager-dummy8x8-4c12p12-sbus64-linux-bertmini-batch8-fileonly-sync-gdbserver-cfg32-nic-notrace/
This run's log is located in:
/home/ubuntu/chipyard/sims/firesim/deploy/logs/2026-05-08--08-30-42-runworkload-RPS9V9VJ24OOFTUR.log
This status will update every 10s.
--------------------------------------------------------------------------------
Instances
--------------------------------------------------------------------------------
Hostname/IP: 192.168.1.5 | Terminated: [33mFalse[0m
--------------------------------------------------------------------------------
Simulated Switches
--------------------------------------------------------------------------------
Hostname/IP: 192.168.1.5 | Switch name: switch0 | Switch running: [32mTrue [0m
--------------------------------------------------------------------------------
Simulated Pipes
--------------------------------------------------------------------------------
--------------------------------------------------------------------------------
Simulated Nodes/Jobs
--------------------------------------------------------------------------------
Hostname/IP: 192.168.1.5 | Job: rerocc-lc-linux-coupleddma-bertmini-pipeline-runtime-batch8-fileonly-sync-pairdummy-gdbserver0 | Sim running: [33mTrue [0m
--------------------------------------------------------------------------------
Summary
--------------------------------------------------------------------------------
1/1 instances are still running.
1/1 simulations are still running.
--------------------------------------------------------------------------------
[2J
FireSim Simulation Status @ 2026-05-08 08:52:05.828314
--------------------------------------------------------------------------------
This workload's output is located in:
/home/ubuntu/chipyard/sims/firesim/deploy/results-workload/2026-05-08--08-30-42-rerocc-lc-linux-coupleddma-bertmini-pipeline-runtime-batch8-fileonly-sync-pairdummy-gdbserver-f2-gemmini-rerocc-pairmanager-dummy8x8-4c12p12-sbus64-linux-bertmini-batch8-fileonly-sync-gdbserver-cfg32-nic-notrace/
This run's log is located in:
/home/ubuntu/chipyard/sims/firesim/deploy/logs/2026-05-08--08-30-42-runworkload-RPS9V9VJ24OOFTUR.log
This status will update every 10s.
--------------------------------------------------------------------------------
Instances
--------------------------------------------------------------------------------
Hostname/IP: 192.168.1.5 | Terminated: [33mFalse[0m
--------------------------------------------------------------------------------
Simulated Switches
--------------------------------------------------------------------------------
Hostname/IP: 192.168.1.5 | Switch name: switch0 | Switch running: [32mTrue [0m
--------------------------------------------------------------------------------
Simulated Pipes
--------------------------------------------------------------------------------
--------------------------------------------------------------------------------
Simulated Nodes/Jobs
--------------------------------------------------------------------------------
Hostname/IP: 192.168.1.5 | Job: rerocc-lc-linux-coupleddma-bertmini-pipeline-runtime-batch8-fileonly-sync-pairdummy-gdbserver0 | Sim running: [33mTrue [0m
--------------------------------------------------------------------------------
Summary
--------------------------------------------------------------------------------
1/1 instances are still running.
1/1 simulations are still running.
--------------------------------------------------------------------------------
[prt-host-watchdog] hb='18271561856, 965' idle=563s hb_idle=281s uart=16919 guest_log=0 guest_sparse=262493 guest_checkpoint=0 guest_trigger=0 guest_status=1644 guest_proc=3866 guest_runner=596 guest_runner_post=433 guest_runner_early=487 guest_binary=0 guest_runner_proc=11411
[2J
FireSim Simulation Status @ 2026-05-08 08:52:16.136634
--------------------------------------------------------------------------------
This workload's output is located in:
/home/ubuntu/chipyard/sims/firesim/deploy/results-workload/2026-05-08--08-30-42-rerocc-lc-linux-coupleddma-bertmini-pipeline-runtime-batch8-fileonly-sync-pairdummy-gdbserver-f2-gemmini-rerocc-pairmanager-dummy8x8-4c12p12-sbus64-linux-bertmini-batch8-fileonly-sync-gdbserver-cfg32-nic-notrace/
This run's log is located in:
/home/ubuntu/chipyard/sims/firesim/deploy/logs/2026-05-08--08-30-42-runworkload-RPS9V9VJ24OOFTUR.log
This status will update every 10s.
--------------------------------------------------------------------------------
Instances
--------------------------------------------------------------------------------
Hostname/IP: 192.168.1.5 | Terminated: [33mFalse[0m
--------------------------------------------------------------------------------
Simulated Switches
--------------------------------------------------------------------------------
Hostname/IP: 192.168.1.5 | Switch name: switch0 | Switch running: [32mTrue [0m
--------------------------------------------------------------------------------
Simulated Pipes
--------------------------------------------------------------------------------
--------------------------------------------------------------------------------
Simulated Nodes/Jobs
--------------------------------------------------------------------------------
Hostname/IP: 192.168.1.5 | Job: rerocc-lc-linux-coupleddma-bertmini-pipeline-runtime-batch8-fileonly-sync-pairdummy-gdbserver0 | Sim running: [33mTrue [0m
--------------------------------------------------------------------------------
Summary
--------------------------------------------------------------------------------
1/1 instances are still running.
1/1 simulations are still running.
--------------------------------------------------------------------------------
[2J
FireSim Simulation Status @ 2026-05-08 08:52:26.668940
--------------------------------------------------------------------------------
This workload's output is located in:
/home/ubuntu/chipyard/sims/firesim/deploy/results-workload/2026-05-08--08-30-42-rerocc-lc-linux-coupleddma-bertmini-pipeline-runtime-batch8-fileonly-sync-pairdummy-gdbserver-f2-gemmini-rerocc-pairmanager-dummy8x8-4c12p12-sbus64-linux-bertmini-batch8-fileonly-sync-gdbserver-cfg32-nic-notrace/
This run's log is located in:
/home/ubuntu/chipyard/sims/firesim/deploy/logs/2026-05-08--08-30-42-runworkload-RPS9V9VJ24OOFTUR.log
This status will update every 10s.
--------------------------------------------------------------------------------
Instances
--------------------------------------------------------------------------------
Hostname/IP: 192.168.1.5 | Terminated: [33mFalse[0m
--------------------------------------------------------------------------------
Simulated Switches
--------------------------------------------------------------------------------
Hostname/IP: 192.168.1.5 | Switch name: switch0 | Switch running: [32mTrue [0m
--------------------------------------------------------------------------------
Simulated Pipes
--------------------------------------------------------------------------------
--------------------------------------------------------------------------------
Simulated Nodes/Jobs
--------------------------------------------------------------------------------
Hostname/IP: 192.168.1.5 | Job: rerocc-lc-linux-coupleddma-bertmini-pipeline-runtime-batch8-fileonly-sync-pairdummy-gdbserver0 | Sim running: [33mTrue [0m
--------------------------------------------------------------------------------
Summary
--------------------------------------------------------------------------------
1/1 instances are still running.
1/1 simulations are still running.
--------------------------------------------------------------------------------
[2J
FireSim Simulation Status @ 2026-05-08 08:52:36.987741
--------------------------------------------------------------------------------
This workload's output is located in:
/home/ubuntu/chipyard/sims/firesim/deploy/results-workload/2026-05-08--08-30-42-rerocc-lc-linux-coupleddma-bertmini-pipeline-runtime-batch8-fileonly-sync-pairdummy-gdbserver-f2-gemmini-rerocc-pairmanager-dummy8x8-4c12p12-sbus64-linux-bertmini-batch8-fileonly-sync-gdbserver-cfg32-nic-notrace/
This run's log is located in:
/home/ubuntu/chipyard/sims/firesim/deploy/logs/2026-05-08--08-30-42-runworkload-RPS9V9VJ24OOFTUR.log
This status will update every 10s.
--------------------------------------------------------------------------------
Instances
--------------------------------------------------------------------------------
Hostname/IP: 192.168.1.5 | Terminated: [33mFalse[0m
--------------------------------------------------------------------------------
Simulated Switches
--------------------------------------------------------------------------------
Hostname/IP: 192.168.1.5 | Switch name: switch0 | Switch running: [32mTrue [0m
--------------------------------------------------------------------------------
Simulated Pipes
--------------------------------------------------------------------------------
--------------------------------------------------------------------------------
Simulated Nodes/Jobs
--------------------------------------------------------------------------------
Hostname/IP: 192.168.1.5 | Job: rerocc-lc-linux-coupleddma-bertmini-pipeline-runtime-batch8-fileonly-sync-pairdummy-gdbserver0 | Sim running: [33mTrue [0m
--------------------------------------------------------------------------------
Summary
--------------------------------------------------------------------------------
1/1 instances are still running.
1/1 simulations are still running.
--------------------------------------------------------------------------------
[prt-host-watchdog] hb='18271561856, 965' idle=595s hb_idle=313s uart=16919 guest_log=0 guest_sparse=262493 guest_checkpoint=0 guest_trigger=0 guest_status=1644 guest_proc=3866 guest_runner=596 guest_runner_post=433 guest_runner_early=487 guest_binary=0 guest_runner_proc=11411
[2J
FireSim Simulation Status @ 2026-05-08 08:52:47.296737
--------------------------------------------------------------------------------
This workload's output is located in:
/home/ubuntu/chipyard/sims/firesim/deploy/results-workload/2026-05-08--08-30-42-rerocc-lc-linux-coupleddma-bertmini-pipeline-runtime-batch8-fileonly-sync-pairdummy-gdbserver-f2-gemmini-rerocc-pairmanager-dummy8x8-4c12p12-sbus64-linux-bertmini-batch8-fileonly-sync-gdbserver-cfg32-nic-notrace/
This run's log is located in:
/home/ubuntu/chipyard/sims/firesim/deploy/logs/2026-05-08--08-30-42-runworkload-RPS9V9VJ24OOFTUR.log
This status will update every 10s.
--------------------------------------------------------------------------------
Instances
--------------------------------------------------------------------------------
Hostname/IP: 192.168.1.5 | Terminated: [33mFalse[0m
--------------------------------------------------------------------------------
Simulated Switches
--------------------------------------------------------------------------------
Hostname/IP: 192.168.1.5 | Switch name: switch0 | Switch running: [32mTrue [0m
--------------------------------------------------------------------------------
Simulated Pipes
--------------------------------------------------------------------------------
--------------------------------------------------------------------------------
Simulated Nodes/Jobs
--------------------------------------------------------------------------------
Hostname/IP: 192.168.1.5 | Job: rerocc-lc-linux-coupleddma-bertmini-pipeline-runtime-batch8-fileonly-sync-pairdummy-gdbserver0 | Sim running: [33mTrue [0m
--------------------------------------------------------------------------------
Summary
--------------------------------------------------------------------------------
1/1 instances are still running.
1/1 simulations are still running.
--------------------------------------------------------------------------------
[2J
FireSim Simulation Status @ 2026-05-08 08:52:57.594888
--------------------------------------------------------------------------------
This workload's output is located in:
/home/ubuntu/chipyard/sims/firesim/deploy/results-workload/2026-05-08--08-30-42-rerocc-lc-linux-coupleddma-bertmini-pipeline-runtime-batch8-fileonly-sync-pairdummy-gdbserver-f2-gemmini-rerocc-pairmanager-dummy8x8-4c12p12-sbus64-linux-bertmini-batch8-fileonly-sync-gdbserver-cfg32-nic-notrace/
This run's log is located in:
/home/ubuntu/chipyard/sims/firesim/deploy/logs/2026-05-08--08-30-42-runworkload-RPS9V9VJ24OOFTUR.log
This status will update every 10s.
--------------------------------------------------------------------------------
Instances
--------------------------------------------------------------------------------
Hostname/IP: 192.168.1.5 | Terminated: [33mFalse[0m
--------------------------------------------------------------------------------
Simulated Switches
--------------------------------------------------------------------------------
Hostname/IP: 192.168.1.5 | Switch name: switch0 | Switch running: [32mTrue [0m
--------------------------------------------------------------------------------
Simulated Pipes
--------------------------------------------------------------------------------
--------------------------------------------------------------------------------
Simulated Nodes/Jobs
--------------------------------------------------------------------------------
Hostname/IP: 192.168.1.5 | Job: rerocc-lc-linux-coupleddma-bertmini-pipeline-runtime-batch8-fileonly-sync-pairdummy-gdbserver0 | Sim running: [33mTrue [0m
--------------------------------------------------------------------------------
Summary
--------------------------------------------------------------------------------
1/1 instances are still running.
1/1 simulations are still running.
--------------------------------------------------------------------------------
[2J
FireSim Simulation Status @ 2026-05-08 08:53:07.900129
--------------------------------------------------------------------------------
This workload's output is located in:
/home/ubuntu/chipyard/sims/firesim/deploy/results-workload/2026-05-08--08-30-42-rerocc-lc-linux-coupleddma-bertmini-pipeline-runtime-batch8-fileonly-sync-pairdummy-gdbserver-f2-gemmini-rerocc-pairmanager-dummy8x8-4c12p12-sbus64-linux-bertmini-batch8-fileonly-sync-gdbserver-cfg32-nic-notrace/
This run's log is located in:
/home/ubuntu/chipyard/sims/firesim/deploy/logs/2026-05-08--08-30-42-runworkload-RPS9V9VJ24OOFTUR.log
This status will update every 10s.
--------------------------------------------------------------------------------
Instances
--------------------------------------------------------------------------------
Hostname/IP: 192.168.1.5 | Terminated: [33mFalse[0m
--------------------------------------------------------------------------------
Simulated Switches
--------------------------------------------------------------------------------
Hostname/IP: 192.168.1.5 | Switch name: switch0 | Switch running: [32mTrue [0m
--------------------------------------------------------------------------------
Simulated Pipes
--------------------------------------------------------------------------------
--------------------------------------------------------------------------------
Simulated Nodes/Jobs
--------------------------------------------------------------------------------
Hostname/IP: 192.168.1.5 | Job: rerocc-lc-linux-coupleddma-bertmini-pipeline-runtime-batch8-fileonly-sync-pairdummy-gdbserver0 | Sim running: [33mTrue [0m
--------------------------------------------------------------------------------
Summary
--------------------------------------------------------------------------------
1/1 instances are still running.
1/1 simulations are still running.
--------------------------------------------------------------------------------
[prt-host-watchdog] hb='18271561856, 965' idle=626s hb_idle=344s uart=16919 guest_log=0 guest_sparse=262493 guest_checkpoint=0 guest_trigger=0 guest_status=1644 guest_proc=3866 guest_runner=596 guest_runner_post=433 guest_runner_early=487 guest_binary=0 guest_runner_proc=11411
[2J
FireSim Simulation Status @ 2026-05-08 08:53:18.218488
--------------------------------------------------------------------------------
This workload's output is located in:
/home/ubuntu/chipyard/sims/firesim/deploy/results-workload/2026-05-08--08-30-42-rerocc-lc-linux-coupleddma-bertmini-pipeline-runtime-batch8-fileonly-sync-pairdummy-gdbserver-f2-gemmini-rerocc-pairmanager-dummy8x8-4c12p12-sbus64-linux-bertmini-batch8-fileonly-sync-gdbserver-cfg32-nic-notrace/
This run's log is located in:
/home/ubuntu/chipyard/sims/firesim/deploy/logs/2026-05-08--08-30-42-runworkload-RPS9V9VJ24OOFTUR.log
This status will update every 10s.
--------------------------------------------------------------------------------
Instances
--------------------------------------------------------------------------------
Hostname/IP: 192.168.1.5 | Terminated: [33mFalse[0m
--------------------------------------------------------------------------------
Simulated Switches
--------------------------------------------------------------------------------
Hostname/IP: 192.168.1.5 | Switch name: switch0 | Switch running: [32mTrue [0m
--------------------------------------------------------------------------------
Simulated Pipes
--------------------------------------------------------------------------------
--------------------------------------------------------------------------------
Simulated Nodes/Jobs
--------------------------------------------------------------------------------
Hostname/IP: 192.168.1.5 | Job: rerocc-lc-linux-coupleddma-bertmini-pipeline-runtime-batch8-fileonly-sync-pairdummy-gdbserver0 | Sim running: [33mTrue [0m
--------------------------------------------------------------------------------
Summary
--------------------------------------------------------------------------------
1/1 instances are still running.
1/1 simulations are still running.
--------------------------------------------------------------------------------
[2J
FireSim Simulation Status @ 2026-05-08 08:53:28.758903
--------------------------------------------------------------------------------
This workload's output is located in:
/home/ubuntu/chipyard/sims/firesim/deploy/results-workload/2026-05-08--08-30-42-rerocc-lc-linux-coupleddma-bertmini-pipeline-runtime-batch8-fileonly-sync-pairdummy-gdbserver-f2-gemmini-rerocc-pairmanager-dummy8x8-4c12p12-sbus64-linux-bertmini-batch8-fileonly-sync-gdbserver-cfg32-nic-notrace/
This run's log is located in:
/home/ubuntu/chipyard/sims/firesim/deploy/logs/2026-05-08--08-30-42-runworkload-RPS9V9VJ24OOFTUR.log
This status will update every 10s.
--------------------------------------------------------------------------------
Instances
--------------------------------------------------------------------------------
Hostname/IP: 192.168.1.5 | Terminated: [33mFalse[0m
--------------------------------------------------------------------------------
Simulated Switches
--------------------------------------------------------------------------------
Hostname/IP: 192.168.1.5 | Switch name: switch0 | Switch running: [32mTrue [0m
--------------------------------------------------------------------------------
Simulated Pipes
--------------------------------------------------------------------------------
--------------------------------------------------------------------------------
Simulated Nodes/Jobs
--------------------------------------------------------------------------------
Hostname/IP: 192.168.1.5 | Job: rerocc-lc-linux-coupleddma-bertmini-pipeline-runtime-batch8-fileonly-sync-pairdummy-gdbserver0 | Sim running: [33mTrue [0m
--------------------------------------------------------------------------------
Summary
--------------------------------------------------------------------------------
1/1 instances are still running.
1/1 simulations are still running.
--------------------------------------------------------------------------------
[2J
FireSim Simulation Status @ 2026-05-08 08:53:39.067144
--------------------------------------------------------------------------------
This workload's output is located in:
/home/ubuntu/chipyard/sims/firesim/deploy/results-workload/2026-05-08--08-30-42-rerocc-lc-linux-coupleddma-bertmini-pipeline-runtime-batch8-fileonly-sync-pairdummy-gdbserver-f2-gemmini-rerocc-pairmanager-dummy8x8-4c12p12-sbus64-linux-bertmini-batch8-fileonly-sync-gdbserver-cfg32-nic-notrace/
This run's log is located in:
/home/ubuntu/chipyard/sims/firesim/deploy/logs/2026-05-08--08-30-42-runworkload-RPS9V9VJ24OOFTUR.log
This status will update every 10s.
--------------------------------------------------------------------------------
Instances
--------------------------------------------------------------------------------
Hostname/IP: 192.168.1.5 | Terminated: [33mFalse[0m
--------------------------------------------------------------------------------
Simulated Switches
--------------------------------------------------------------------------------
Hostname/IP: 192.168.1.5 | Switch name: switch0 | Switch running: [32mTrue [0m
--------------------------------------------------------------------------------
Simulated Pipes
--------------------------------------------------------------------------------
--------------------------------------------------------------------------------
Simulated Nodes/Jobs
--------------------------------------------------------------------------------
Hostname/IP: 192.168.1.5 | Job: rerocc-lc-linux-coupleddma-bertmini-pipeline-runtime-batch8-fileonly-sync-pairdummy-gdbserver0 | Sim running: [33mTrue [0m
--------------------------------------------------------------------------------
Summary
--------------------------------------------------------------------------------
1/1 instances are still running.
1/1 simulations are still running.
--------------------------------------------------------------------------------
[prt-host-watchdog] hb='18271561856, 965' idle=657s hb_idle=375s uart=16919 guest_log=0 guest_sparse=262493 guest_checkpoint=0 guest_trigger=0 guest_status=1644 guest_proc=3866 guest_runner=596 guest_runner_post=433 guest_runner_early=487 guest_binary=0 guest_runner_proc=11411
[2J
FireSim Simulation Status @ 2026-05-08 08:53:49.375582
--------------------------------------------------------------------------------
This workload's output is located in:
/home/ubuntu/chipyard/sims/firesim/deploy/results-workload/2026-05-08--08-30-42-rerocc-lc-linux-coupleddma-bertmini-pipeline-runtime-batch8-fileonly-sync-pairdummy-gdbserver-f2-gemmini-rerocc-pairmanager-dummy8x8-4c12p12-sbus64-linux-bertmini-batch8-fileonly-sync-gdbserver-cfg32-nic-notrace/
This run's log is located in:
/home/ubuntu/chipyard/sims/firesim/deploy/logs/2026-05-08--08-30-42-runworkload-RPS9V9VJ24OOFTUR.log
This status will update every 10s.
--------------------------------------------------------------------------------
Instances
--------------------------------------------------------------------------------
Hostname/IP: 192.168.1.5 | Terminated: [33mFalse[0m
--------------------------------------------------------------------------------
Simulated Switches
--------------------------------------------------------------------------------
Hostname/IP: 192.168.1.5 | Switch name: switch0 | Switch running: [32mTrue [0m
--------------------------------------------------------------------------------
Simulated Pipes
--------------------------------------------------------------------------------
--------------------------------------------------------------------------------
Simulated Nodes/Jobs
--------------------------------------------------------------------------------
Hostname/IP: 192.168.1.5 | Job: rerocc-lc-linux-coupleddma-bertmini-pipeline-runtime-batch8-fileonly-sync-pairdummy-gdbserver0 | Sim running: [33mTrue [0m
--------------------------------------------------------------------------------
Summary
--------------------------------------------------------------------------------
1/1 instances are still running.
1/1 simulations are still running.
--------------------------------------------------------------------------------
[2J
FireSim Simulation Status @ 2026-05-08 08:53:59.684209
--------------------------------------------------------------------------------
This workload's output is located in:
/home/ubuntu/chipyard/sims/firesim/deploy/results-workload/2026-05-08--08-30-42-rerocc-lc-linux-coupleddma-bertmini-pipeline-runtime-batch8-fileonly-sync-pairdummy-gdbserver-f2-gemmini-rerocc-pairmanager-dummy8x8-4c12p12-sbus64-linux-bertmini-batch8-fileonly-sync-gdbserver-cfg32-nic-notrace/
This run's log is located in:
/home/ubuntu/chipyard/sims/firesim/deploy/logs/2026-05-08--08-30-42-runworkload-RPS9V9VJ24OOFTUR.log
This status will update every 10s.
--------------------------------------------------------------------------------
Instances
--------------------------------------------------------------------------------
Hostname/IP: 192.168.1.5 | Terminated: [33mFalse[0m
--------------------------------------------------------------------------------
Simulated Switches
--------------------------------------------------------------------------------
Hostname/IP: 192.168.1.5 | Switch name: switch0 | Switch running: [32mTrue [0m
--------------------------------------------------------------------------------
Simulated Pipes
--------------------------------------------------------------------------------
--------------------------------------------------------------------------------
Simulated Nodes/Jobs
--------------------------------------------------------------------------------
Hostname/IP: 192.168.1.5 | Job: rerocc-lc-linux-coupleddma-bertmini-pipeline-runtime-batch8-fileonly-sync-pairdummy-gdbserver0 | Sim running: [33mTrue [0m
--------------------------------------------------------------------------------
Summary
--------------------------------------------------------------------------------
1/1 instances are still running.
1/1 simulations are still running.
--------------------------------------------------------------------------------
[2J
FireSim Simulation Status @ 2026-05-08 08:54:09.993885
--------------------------------------------------------------------------------
This workload's output is located in:
/home/ubuntu/chipyard/sims/firesim/deploy/results-workload/2026-05-08--08-30-42-rerocc-lc-linux-coupleddma-bertmini-pipeline-runtime-batch8-fileonly-sync-pairdummy-gdbserver-f2-gemmini-rerocc-pairmanager-dummy8x8-4c12p12-sbus64-linux-bertmini-batch8-fileonly-sync-gdbserver-cfg32-nic-notrace/
This run's log is located in:
/home/ubuntu/chipyard/sims/firesim/deploy/logs/2026-05-08--08-30-42-runworkload-RPS9V9VJ24OOFTUR.log
This status will update every 10s.
--------------------------------------------------------------------------------
Instances
--------------------------------------------------------------------------------
Hostname/IP: 192.168.1.5 | Terminated: [33mFalse[0m
--------------------------------------------------------------------------------
Simulated Switches
--------------------------------------------------------------------------------
Hostname/IP: 192.168.1.5 | Switch name: switch0 | Switch running: [32mTrue [0m
--------------------------------------------------------------------------------
Simulated Pipes
--------------------------------------------------------------------------------
--------------------------------------------------------------------------------
Simulated Nodes/Jobs
--------------------------------------------------------------------------------
Hostname/IP: 192.168.1.5 | Job: rerocc-lc-linux-coupleddma-bertmini-pipeline-runtime-batch8-fileonly-sync-pairdummy-gdbserver0 | Sim running: [33mTrue [0m
--------------------------------------------------------------------------------
Summary
--------------------------------------------------------------------------------
1/1 instances are still running.
1/1 simulations are still running.
--------------------------------------------------------------------------------
[prt-host-watchdog] hb='18271561856, 965' idle=689s hb_idle=407s uart=16919 guest_log=0 guest_sparse=262493 guest_checkpoint=0 guest_trigger=0 guest_status=1644 guest_proc=3866 guest_runner=596 guest_runner_post=433 guest_runner_early=487 guest_binary=0 guest_runner_proc=11411
[2J
FireSim Simulation Status @ 2026-05-08 08:54:20.300563
--------------------------------------------------------------------------------
This workload's output is located in:
/home/ubuntu/chipyard/sims/firesim/deploy/results-workload/2026-05-08--08-30-42-rerocc-lc-linux-coupleddma-bertmini-pipeline-runtime-batch8-fileonly-sync-pairdummy-gdbserver-f2-gemmini-rerocc-pairmanager-dummy8x8-4c12p12-sbus64-linux-bertmini-batch8-fileonly-sync-gdbserver-cfg32-nic-notrace/
This run's log is located in:
/home/ubuntu/chipyard/sims/firesim/deploy/logs/2026-05-08--08-30-42-runworkload-RPS9V9VJ24OOFTUR.log
This status will update every 10s.
--------------------------------------------------------------------------------
Instances
--------------------------------------------------------------------------------
Hostname/IP: 192.168.1.5 | Terminated: [33mFalse[0m
--------------------------------------------------------------------------------
Simulated Switches
--------------------------------------------------------------------------------
Hostname/IP: 192.168.1.5 | Switch name: switch0 | Switch running: [32mTrue [0m
--------------------------------------------------------------------------------
Simulated Pipes
--------------------------------------------------------------------------------
--------------------------------------------------------------------------------
Simulated Nodes/Jobs
--------------------------------------------------------------------------------
Hostname/IP: 192.168.1.5 | Job: rerocc-lc-linux-coupleddma-bertmini-pipeline-runtime-batch8-fileonly-sync-pairdummy-gdbserver0 | Sim running: [33mTrue [0m
--------------------------------------------------------------------------------
Summary
--------------------------------------------------------------------------------
1/1 instances are still running.
1/1 simulations are still running.
--------------------------------------------------------------------------------
[2J
FireSim Simulation Status @ 2026-05-08 08:54:30.841270
--------------------------------------------------------------------------------
This workload's output is located in:
/home/ubuntu/chipyard/sims/firesim/deploy/results-workload/2026-05-08--08-30-42-rerocc-lc-linux-coupleddma-bertmini-pipeline-runtime-batch8-fileonly-sync-pairdummy-gdbserver-f2-gemmini-rerocc-pairmanager-dummy8x8-4c12p12-sbus64-linux-bertmini-batch8-fileonly-sync-gdbserver-cfg32-nic-notrace/
This run's log is located in:
/home/ubuntu/chipyard/sims/firesim/deploy/logs/2026-05-08--08-30-42-runworkload-RPS9V9VJ24OOFTUR.log
This status will update every 10s.
--------------------------------------------------------------------------------
Instances
--------------------------------------------------------------------------------
Hostname/IP: 192.168.1.5 | Terminated: [33mFalse[0m
--------------------------------------------------------------------------------
Simulated Switches
--------------------------------------------------------------------------------
Hostname/IP: 192.168.1.5 | Switch name: switch0 | Switch running: [32mTrue [0m
--------------------------------------------------------------------------------
Simulated Pipes
--------------------------------------------------------------------------------
--------------------------------------------------------------------------------
Simulated Nodes/Jobs
--------------------------------------------------------------------------------
Hostname/IP: 192.168.1.5 | Job: rerocc-lc-linux-coupleddma-bertmini-pipeline-runtime-batch8-fileonly-sync-pairdummy-gdbserver0 | Sim running: [33mTrue [0m
--------------------------------------------------------------------------------
Summary
--------------------------------------------------------------------------------
1/1 instances are still running.
1/1 simulations are still running.
--------------------------------------------------------------------------------
[2J
FireSim Simulation Status @ 2026-05-08 08:54:41.159840
--------------------------------------------------------------------------------
This workload's output is located in:
/home/ubuntu/chipyard/sims/firesim/deploy/results-workload/2026-05-08--08-30-42-rerocc-lc-linux-coupleddma-bertmini-pipeline-runtime-batch8-fileonly-sync-pairdummy-gdbserver-f2-gemmini-rerocc-pairmanager-dummy8x8-4c12p12-sbus64-linux-bertmini-batch8-fileonly-sync-gdbserver-cfg32-nic-notrace/
This run's log is located in:
/home/ubuntu/chipyard/sims/firesim/deploy/logs/2026-05-08--08-30-42-runworkload-RPS9V9VJ24OOFTUR.log
This status will update every 10s.
--------------------------------------------------------------------------------
Instances
--------------------------------------------------------------------------------
Hostname/IP: 192.168.1.5 | Terminated: [33mFalse[0m
--------------------------------------------------------------------------------
Simulated Switches
--------------------------------------------------------------------------------
Hostname/IP: 192.168.1.5 | Switch name: switch0 | Switch running: [32mTrue [0m
--------------------------------------------------------------------------------
Simulated Pipes
--------------------------------------------------------------------------------
--------------------------------------------------------------------------------
Simulated Nodes/Jobs
--------------------------------------------------------------------------------
Hostname/IP: 192.168.1.5 | Job: rerocc-lc-linux-coupleddma-bertmini-pipeline-runtime-batch8-fileonly-sync-pairdummy-gdbserver0 | Sim running: [33mTrue [0m
--------------------------------------------------------------------------------
Summary
--------------------------------------------------------------------------------
1/1 instances are still running.
1/1 simulations are still running.
--------------------------------------------------------------------------------
[prt-host-watchdog] hb='18271561856, 965' idle=720s hb_idle=438s uart=16919 guest_log=0 guest_sparse=262493 guest_checkpoint=0 guest_trigger=0 guest_status=1644 guest_proc=3866 guest_runner=596 guest_runner_post=433 guest_runner_early=487 guest_binary=0 guest_runner_proc=11411
[2J
FireSim Simulation Status @ 2026-05-08 08:54:51.465857
--------------------------------------------------------------------------------
This workload's output is located in:
/home/ubuntu/chipyard/sims/firesim/deploy/results-workload/2026-05-08--08-30-42-rerocc-lc-linux-coupleddma-bertmini-pipeline-runtime-batch8-fileonly-sync-pairdummy-gdbserver-f2-gemmini-rerocc-pairmanager-dummy8x8-4c12p12-sbus64-linux-bertmini-batch8-fileonly-sync-gdbserver-cfg32-nic-notrace/
This run's log is located in:
/home/ubuntu/chipyard/sims/firesim/deploy/logs/2026-05-08--08-30-42-runworkload-RPS9V9VJ24OOFTUR.log
This status will update every 10s.
--------------------------------------------------------------------------------
Instances
--------------------------------------------------------------------------------
Hostname/IP: 192.168.1.5 | Terminated: [33mFalse[0m
--------------------------------------------------------------------------------
Simulated Switches
--------------------------------------------------------------------------------
Hostname/IP: 192.168.1.5 | Switch name: switch0 | Switch running: [32mTrue [0m
--------------------------------------------------------------------------------
Simulated Pipes
--------------------------------------------------------------------------------
--------------------------------------------------------------------------------
Simulated Nodes/Jobs
--------------------------------------------------------------------------------
Hostname/IP: 192.168.1.5 | Job: rerocc-lc-linux-coupleddma-bertmini-pipeline-runtime-batch8-fileonly-sync-pairdummy-gdbserver0 | Sim running: [33mTrue [0m
--------------------------------------------------------------------------------
Summary
--------------------------------------------------------------------------------
1/1 instances are still running.
1/1 simulations are still running.
--------------------------------------------------------------------------------
[2J
FireSim Simulation Status @ 2026-05-08 08:55:01.774017
--------------------------------------------------------------------------------
This workload's output is located in:
/home/ubuntu/chipyard/sims/firesim/deploy/results-workload/2026-05-08--08-30-42-rerocc-lc-linux-coupleddma-bertmini-pipeline-runtime-batch8-fileonly-sync-pairdummy-gdbserver-f2-gemmini-rerocc-pairmanager-dummy8x8-4c12p12-sbus64-linux-bertmini-batch8-fileonly-sync-gdbserver-cfg32-nic-notrace/
This run's log is located in:
/home/ubuntu/chipyard/sims/firesim/deploy/logs/2026-05-08--08-30-42-runworkload-RPS9V9VJ24OOFTUR.log
This status will update every 10s.
--------------------------------------------------------------------------------
Instances
--------------------------------------------------------------------------------
Hostname/IP: 192.168.1.5 | Terminated: [33mFalse[0m
--------------------------------------------------------------------------------
Simulated Switches
--------------------------------------------------------------------------------
Hostname/IP: 192.168.1.5 | Switch name: switch0 | Switch running: [32mTrue [0m
--------------------------------------------------------------------------------
Simulated Pipes
--------------------------------------------------------------------------------
--------------------------------------------------------------------------------
Simulated Nodes/Jobs
--------------------------------------------------------------------------------
Hostname/IP: 192.168.1.5 | Job: rerocc-lc-linux-coupleddma-bertmini-pipeline-runtime-batch8-fileonly-sync-pairdummy-gdbserver0 | Sim running: [33mTrue [0m
--------------------------------------------------------------------------------
Summary
--------------------------------------------------------------------------------
1/1 instances are still running.
1/1 simulations are still running.
--------------------------------------------------------------------------------
[2J
FireSim Simulation Status @ 2026-05-08 08:55:12.082445
--------------------------------------------------------------------------------
This workload's output is located in:
/home/ubuntu/chipyard/sims/firesim/deploy/results-workload/2026-05-08--08-30-42-rerocc-lc-linux-coupleddma-bertmini-pipeline-runtime-batch8-fileonly-sync-pairdummy-gdbserver-f2-gemmini-rerocc-pairmanager-dummy8x8-4c12p12-sbus64-linux-bertmini-batch8-fileonly-sync-gdbserver-cfg32-nic-notrace/
This run's log is located in:
/home/ubuntu/chipyard/sims/firesim/deploy/logs/2026-05-08--08-30-42-runworkload-RPS9V9VJ24OOFTUR.log
This status will update every 10s.
--------------------------------------------------------------------------------
Instances
--------------------------------------------------------------------------------
Hostname/IP: 192.168.1.5 | Terminated: [33mFalse[0m
--------------------------------------------------------------------------------
Simulated Switches
--------------------------------------------------------------------------------
Hostname/IP: 192.168.1.5 | Switch name: switch0 | Switch running: [32mTrue [0m
--------------------------------------------------------------------------------
Simulated Pipes
--------------------------------------------------------------------------------
--------------------------------------------------------------------------------
Simulated Nodes/Jobs
--------------------------------------------------------------------------------
Hostname/IP: 192.168.1.5 | Job: rerocc-lc-linux-coupleddma-bertmini-pipeline-runtime-batch8-fileonly-sync-pairdummy-gdbserver0 | Sim running: [33mTrue [0m
--------------------------------------------------------------------------------
Summary
--------------------------------------------------------------------------------
1/1 instances are still running.
1/1 simulations are still running.
--------------------------------------------------------------------------------
[prt-host-watchdog] hb='18271561856, 965' idle=751s hb_idle=469s uart=16919 guest_log=0 guest_sparse=262493 guest_checkpoint=0 guest_trigger=0 guest_status=1644 guest_proc=3866 guest_runner=596 guest_runner_post=433 guest_runner_early=487 guest_binary=0 guest_runner_proc=11411
[2J
FireSim Simulation Status @ 2026-05-08 08:55:22.386220
--------------------------------------------------------------------------------
This workload's output is located in:
/home/ubuntu/chipyard/sims/firesim/deploy/results-workload/2026-05-08--08-30-42-rerocc-lc-linux-coupleddma-bertmini-pipeline-runtime-batch8-fileonly-sync-pairdummy-gdbserver-f2-gemmini-rerocc-pairmanager-dummy8x8-4c12p12-sbus64-linux-bertmini-batch8-fileonly-sync-gdbserver-cfg32-nic-notrace/
This run's log is located in:
/home/ubuntu/chipyard/sims/firesim/deploy/logs/2026-05-08--08-30-42-runworkload-RPS9V9VJ24OOFTUR.log
This status will update every 10s.
--------------------------------------------------------------------------------
Instances
--------------------------------------------------------------------------------
Hostname/IP: 192.168.1.5 | Terminated: [33mFalse[0m
--------------------------------------------------------------------------------
Simulated Switches
--------------------------------------------------------------------------------
Hostname/IP: 192.168.1.5 | Switch name: switch0 | Switch running: [32mTrue [0m
--------------------------------------------------------------------------------
Simulated Pipes
--------------------------------------------------------------------------------
--------------------------------------------------------------------------------
Simulated Nodes/Jobs
--------------------------------------------------------------------------------
Hostname/IP: 192.168.1.5 | Job: rerocc-lc-linux-coupleddma-bertmini-pipeline-runtime-batch8-fileonly-sync-pairdummy-gdbserver0 | Sim running: [33mTrue [0m
--------------------------------------------------------------------------------
Summary
--------------------------------------------------------------------------------
1/1 instances are still running.
1/1 simulations are still running.
--------------------------------------------------------------------------------
