[firesim-tmux] started at 2026-05-07T06:06:42Z
[firesim-tmux] working directory: /home/ubuntu/chipyard/sims/firesim/deploy
[firesim-tmux] command: firesim runworkload -c /home/ubuntu/chipyard/sims/firesim/deploy/config_runtime_f2_gemmini_rerocc_pairmanager_dummy8x8_4c12p12_sbus64_linux_bertmini_pipeline_runtime_batch8_fileonly_sync_gdbserver_cfg32_nic_notrace.yaml -a /home/ubuntu/chipyard/sims/firesim/deploy/config_hwdb_f2_gemmini_rerocc_pairmanager_dummy8x8_4c12p12_sbus64_bertmini_cfg32_nic_notrace.yaml -r /home/ubuntu/chipyard/sims/firesim-staging/sample_config_build_recipes.yaml
[firesim-tmux] propagated FIRESIM env vars: DMA_BASE_ID FIRESIM_RUNWORKLOAD_LIVE_IDLE_TIMEOUT_SECONDS FIRESIM_RUNWORKLOAD_MONITOR_SCRIPT GEMMINI_BASE_ID NUM_CORES NUM_DMA NUM_GEMMINI PAIR_MANAGER_MODE PIPELINE_RUNTIME_BREADCRUMB_ENABLE PIPELINE_RUNTIME_BREADCRUMB_GLOBAL_STAGE PIPELINE_RUNTIME_BREADCRUMB_LOCAL_STAGE PIPELINE_RUNTIME_BREADCRUMB_PATH PIPELINE_RUNTIME_BREADCRUMB_SEGMENT PIPELINE_RUNTIME_BREADCRUMB_STAGE_RADIUS PIPELINE_RUNTIME_BREADCRUMB_SUBBATCH PIPELINE_RUNTIME_BREADCRUMB_SUBBATCH_RADIUS PIPELINE_RUNTIME_DEBUG_TRIGGER_ENABLE PIPELINE_RUNTIME_DEBUG_TRIGGER_GLOBAL_STAGE PIPELINE_RUNTIME_DEBUG_TRIGGER_KIND PIPELINE_RUNTIME_DEBUG_TRIGGER_LOCAL_STAGE PIPELINE_RUNTIME_DEBUG_TRIGGER_LOG_PATH PIPELINE_RUNTIME_DEBUG_TRIGGER_MANAGER PIPELINE_RUNTIME_DEBUG_TRIGGER_MATCH_ONCE PIPELINE_RUNTIME_DEBUG_TRIGGER_PAGE PIPELINE_RUNTIME_DEBUG_TRIGGER_POST_BUDGET PIPELINE_RUNTIME_DEBUG_TRIGGER_PRE_RING PIPELINE_RUNTIME_DEBUG_TRIGGER_SEGMENT PIPELINE_RUNTIME_DEBUG_TRIGGER_SUBBATCH PIPELINE_RUNTIME_DEBUG_TRIGGER_TENSOR_ID PIPELINE_RUNTIME_DEBUG_TRIGGER_TOKEN PIPELINE_RUNTIME_DMA_BOUNCE_BYPASS_ENABLE PIPELINE_RUNTIME_DMA_EXPORT_PAGE_END PIPELINE_RUNTIME_DMA_EXPORT_PAGE_START PIPELINE_RUNTIME_DMA_EXPORT_PROBE_ENABLE PIPELINE_RUNTIME_DMA_EXPORT_PROBE_TOKEN_END PIPELINE_RUNTIME_DMA_EXPORT_PROBE_TOKEN_START PIPELINE_RUNTIME_DMA_FIXED_LOAD_CHECKPOINT_ENABLE PIPELINE_RUNTIME_DMA_FIXED_LOAD_MONITOR_PROBE_ENABLE PIPELINE_RUNTIME_DMA_FIXED_LOAD_PAGE_END PIPELINE_RUNTIME_DMA_FIXED_LOAD_PAGE_START PIPELINE_RUNTIME_DMA_FIXED_LOAD_PRE_SRC_NOPS PIPELINE_RUNTIME_DMA_FIXED_LOAD_PROBE_ENABLE PIPELINE_RUNTIME_DMA_FIXED_LOAD_PROBE_STAGE_ID PIPELINE_RUNTIME_DMA_FIXED_LOAD_PROBE_TENSOR_ID PIPELINE_RUNTIME_DMA_FIXED_LOAD_PROBE_TOKEN_END PIPELINE_RUNTIME_DMA_FIXED_LOAD_PROBE_TOKEN_START PIPELINE_RUNTIME_DMA_FORCE_DIRECT_ENABLE PIPELINE_RUNTIME_DMA_SUBMIT_TRACE_ENABLE 
[firesim-watchdog] armed timeout=10800s log=/home/ubuntu/chipyard/tmp/firesim-aws-f2/tmux/pairdummy-sbus64-dummy8x8-gdbserver-cfg32-nic-notrace-runworkload-20260507-060642.watchdog.log
[firesim-monitor] starting /home/ubuntu/chipyard/scripts/firesim-prt-host-watchdog.sh
[prt-host-watchdog] started at 2026-05-07T06:06:42Z
[prt-host-watchdog] runtime_config=/home/ubuntu/chipyard/sims/firesim/deploy/config_runtime_f2_gemmini_rerocc_pairmanager_dummy8x8_4c12p12_sbus64_linux_bertmini_pipeline_runtime_batch8_fileonly_sync_gdbserver_cfg32_nic_notrace.yaml
[prt-host-watchdog] idle_timeout_seconds=600 live_idle_timeout_seconds=3600 poll_seconds=30
[prt-host-watchdog] ssh_connect_timeout_seconds=10 probe_timeout_seconds=20 capture_timeout_seconds=180
[prt-host-watchdog] heartbeat_liveness_enable=1
[prt-host-watchdog] arm_on_guest_status_nonzero=1
/home/ubuntu/chipyard/.conda-env/lib/python3.10/site-packages/paramiko/transport.py:178: CryptographyDeprecationWarning: Blowfish has been deprecated
  'class': algorithms.Blowfish,
FireSim Manager. Docs: https://docs.fires.im
Running: runworkload

run_farm_hosts_dict defaultdict(<class 'list'>, {'f2.6xlarge': [(<runtools.run_farm.Inst object at 0x7cb205f47af0>, None)], 'f2.12xlarge': [], 'f2.48xlarge': [], 'm4.16xlarge': [], 'z1d.3xlarge': [], 'z1d.6xlarge': [], 'z1d.12xlarge': []})
set_server_hardware_config 0 None
[prt-host-watchdog] monitoring instance=i-0a5ab099582b90a9e private_ip=192.168.1.68
Creating the directory: /home/ubuntu/chipyard/sims/firesim/deploy/results-workload/2026-05-07--06-06-43-rerocc-lc-linux-coupleddma-bertmini-pipeline-runtime-batch8-fileonly-sync-pairdummy-gdbserver-f2-gemmini-rerocc-pairmanager-dummy8x8-4c12p12-sbus64-linux-bertmini-batch8-fileonly-sync-gdbserver-cfg32-nic-notrace/
[192.168.1.68] Checking if host instance is up...
[192.168.1.68] Starting switch simulation for switch slot: 0.
start_simulations_instance 1
[192.168.1.68] Starting FPGA simulation for slot: 0.
[192.168.1.68] Preflighting FireSim driver readiness for slot 0 (attempt 1/3).
Warning: run() received nonzero return code 1 while executing 'sudo pkill -SIGKILL FireSim-f2'!
[192.168.1.68] FireSim driver readiness preflight passed for slot 0.
start_sim_slot slotno: 0 server_id 0 remote_sim_dir /home/ubuntu/sim_slot_0/ /home/ubuntu
ul <runtools.firesim_topology_elements.FireSimLink object at 0x7cb205d14940>, ul.uplink_size <runtools.firesim_topology_elements.FireSimSwitchNode object at 0x7cb205d145b0>
self <runtools.firesim_topology_elements.FireSimServerNode object at 0x7cb205d147c0> id_internal 0  [] slotno 0
[2J
FireSim Simulation Status @ 2026-05-07 06:06:55.381491
--------------------------------------------------------------------------------
This workload's output is located in:
/home/ubuntu/chipyard/sims/firesim/deploy/results-workload/2026-05-07--06-06-43-rerocc-lc-linux-coupleddma-bertmini-pipeline-runtime-batch8-fileonly-sync-pairdummy-gdbserver-f2-gemmini-rerocc-pairmanager-dummy8x8-4c12p12-sbus64-linux-bertmini-batch8-fileonly-sync-gdbserver-cfg32-nic-notrace/
This run's log is located in:
/home/ubuntu/chipyard/sims/firesim/deploy/logs/2026-05-07--06-06-43-runworkload-64PKSLYK439BGTYJ.log
This status will update every 10s.
--------------------------------------------------------------------------------
Instances
--------------------------------------------------------------------------------
Hostname/IP: 192.168.1.68 | Terminated: [33mFalse[0m
--------------------------------------------------------------------------------
Simulated Switches
--------------------------------------------------------------------------------
Hostname/IP: 192.168.1.68 | Switch name: switch0 | Switch running: [32mTrue [0m
--------------------------------------------------------------------------------
Simulated Pipes
--------------------------------------------------------------------------------
--------------------------------------------------------------------------------
Simulated Nodes/Jobs
--------------------------------------------------------------------------------
Hostname/IP: 192.168.1.68 | Job: rerocc-lc-linux-coupleddma-bertmini-pipeline-runtime-batch8-fileonly-sync-pairdummy-gdbserver0 | Sim running: [33mTrue [0m
--------------------------------------------------------------------------------
Summary
--------------------------------------------------------------------------------
1/1 instances are still running.
1/1 simulations are still running.
--------------------------------------------------------------------------------
[2J
FireSim Simulation Status @ 2026-05-07 06:07:05.689777
--------------------------------------------------------------------------------
This workload's output is located in:
/home/ubuntu/chipyard/sims/firesim/deploy/results-workload/2026-05-07--06-06-43-rerocc-lc-linux-coupleddma-bertmini-pipeline-runtime-batch8-fileonly-sync-pairdummy-gdbserver-f2-gemmini-rerocc-pairmanager-dummy8x8-4c12p12-sbus64-linux-bertmini-batch8-fileonly-sync-gdbserver-cfg32-nic-notrace/
This run's log is located in:
/home/ubuntu/chipyard/sims/firesim/deploy/logs/2026-05-07--06-06-43-runworkload-64PKSLYK439BGTYJ.log
This status will update every 10s.
--------------------------------------------------------------------------------
Instances
--------------------------------------------------------------------------------
Hostname/IP: 192.168.1.68 | Terminated: [33mFalse[0m
--------------------------------------------------------------------------------
Simulated Switches
--------------------------------------------------------------------------------
Hostname/IP: 192.168.1.68 | Switch name: switch0 | Switch running: [32mTrue [0m
--------------------------------------------------------------------------------
Simulated Pipes
--------------------------------------------------------------------------------
--------------------------------------------------------------------------------
Simulated Nodes/Jobs
--------------------------------------------------------------------------------
Hostname/IP: 192.168.1.68 | Job: rerocc-lc-linux-coupleddma-bertmini-pipeline-runtime-batch8-fileonly-sync-pairdummy-gdbserver0 | Sim running: [33mTrue [0m
--------------------------------------------------------------------------------
Summary
--------------------------------------------------------------------------------
1/1 instances are still running.
1/1 simulations are still running.
--------------------------------------------------------------------------------
[2J
FireSim Simulation Status @ 2026-05-07 06:07:16.008149
--------------------------------------------------------------------------------
This workload's output is located in:
/home/ubuntu/chipyard/sims/firesim/deploy/results-workload/2026-05-07--06-06-43-rerocc-lc-linux-coupleddma-bertmini-pipeline-runtime-batch8-fileonly-sync-pairdummy-gdbserver-f2-gemmini-rerocc-pairmanager-dummy8x8-4c12p12-sbus64-linux-bertmini-batch8-fileonly-sync-gdbserver-cfg32-nic-notrace/
This run's log is located in:
/home/ubuntu/chipyard/sims/firesim/deploy/logs/2026-05-07--06-06-43-runworkload-64PKSLYK439BGTYJ.log
This status will update every 10s.
--------------------------------------------------------------------------------
Instances
--------------------------------------------------------------------------------
Hostname/IP: 192.168.1.68 | Terminated: [33mFalse[0m
--------------------------------------------------------------------------------
Simulated Switches
--------------------------------------------------------------------------------
Hostname/IP: 192.168.1.68 | Switch name: switch0 | Switch running: [32mTrue [0m
--------------------------------------------------------------------------------
Simulated Pipes
--------------------------------------------------------------------------------
--------------------------------------------------------------------------------
Simulated Nodes/Jobs
--------------------------------------------------------------------------------
Hostname/IP: 192.168.1.68 | Job: rerocc-lc-linux-coupleddma-bertmini-pipeline-runtime-batch8-fileonly-sync-pairdummy-gdbserver0 | Sim running: [33mTrue [0m
--------------------------------------------------------------------------------
Summary
--------------------------------------------------------------------------------
1/1 instances are still running.
1/1 simulations are still running.
--------------------------------------------------------------------------------
[2J
FireSim Simulation Status @ 2026-05-07 06:07:26.316062
--------------------------------------------------------------------------------
This workload's output is located in:
/home/ubuntu/chipyard/sims/firesim/deploy/results-workload/2026-05-07--06-06-43-rerocc-lc-linux-coupleddma-bertmini-pipeline-runtime-batch8-fileonly-sync-pairdummy-gdbserver-f2-gemmini-rerocc-pairmanager-dummy8x8-4c12p12-sbus64-linux-bertmini-batch8-fileonly-sync-gdbserver-cfg32-nic-notrace/
This run's log is located in:
/home/ubuntu/chipyard/sims/firesim/deploy/logs/2026-05-07--06-06-43-runworkload-64PKSLYK439BGTYJ.log
This status will update every 10s.
--------------------------------------------------------------------------------
Instances
--------------------------------------------------------------------------------
Hostname/IP: 192.168.1.68 | Terminated: [33mFalse[0m
--------------------------------------------------------------------------------
Simulated Switches
--------------------------------------------------------------------------------
Hostname/IP: 192.168.1.68 | Switch name: switch0 | Switch running: [32mTrue [0m
--------------------------------------------------------------------------------
Simulated Pipes
--------------------------------------------------------------------------------
--------------------------------------------------------------------------------
Simulated Nodes/Jobs
--------------------------------------------------------------------------------
Hostname/IP: 192.168.1.68 | Job: rerocc-lc-linux-coupleddma-bertmini-pipeline-runtime-batch8-fileonly-sync-pairdummy-gdbserver0 | Sim running: [33mTrue [0m
--------------------------------------------------------------------------------
Summary
--------------------------------------------------------------------------------
1/1 instances are still running.
1/1 simulations are still running.
--------------------------------------------------------------------------------
[2J
FireSim Simulation Status @ 2026-05-07 06:07:36.621891
--------------------------------------------------------------------------------
This workload's output is located in:
/home/ubuntu/chipyard/sims/firesim/deploy/results-workload/2026-05-07--06-06-43-rerocc-lc-linux-coupleddma-bertmini-pipeline-runtime-batch8-fileonly-sync-pairdummy-gdbserver-f2-gemmini-rerocc-pairmanager-dummy8x8-4c12p12-sbus64-linux-bertmini-batch8-fileonly-sync-gdbserver-cfg32-nic-notrace/
This run's log is located in:
/home/ubuntu/chipyard/sims/firesim/deploy/logs/2026-05-07--06-06-43-runworkload-64PKSLYK439BGTYJ.log
This status will update every 10s.
--------------------------------------------------------------------------------
Instances
--------------------------------------------------------------------------------
Hostname/IP: 192.168.1.68 | Terminated: [33mFalse[0m
--------------------------------------------------------------------------------
Simulated Switches
--------------------------------------------------------------------------------
Hostname/IP: 192.168.1.68 | Switch name: switch0 | Switch running: [32mTrue [0m
--------------------------------------------------------------------------------
Simulated Pipes
--------------------------------------------------------------------------------
--------------------------------------------------------------------------------
Simulated Nodes/Jobs
--------------------------------------------------------------------------------
Hostname/IP: 192.168.1.68 | Job: rerocc-lc-linux-coupleddma-bertmini-pipeline-runtime-batch8-fileonly-sync-pairdummy-gdbserver0 | Sim running: [33mTrue [0m
--------------------------------------------------------------------------------
Summary
--------------------------------------------------------------------------------
1/1 instances are still running.
1/1 simulations are still running.
--------------------------------------------------------------------------------
[2J
FireSim Simulation Status @ 2026-05-07 06:07:46.930059
--------------------------------------------------------------------------------
This workload's output is located in:
/home/ubuntu/chipyard/sims/firesim/deploy/results-workload/2026-05-07--06-06-43-rerocc-lc-linux-coupleddma-bertmini-pipeline-runtime-batch8-fileonly-sync-pairdummy-gdbserver-f2-gemmini-rerocc-pairmanager-dummy8x8-4c12p12-sbus64-linux-bertmini-batch8-fileonly-sync-gdbserver-cfg32-nic-notrace/
This run's log is located in:
/home/ubuntu/chipyard/sims/firesim/deploy/logs/2026-05-07--06-06-43-runworkload-64PKSLYK439BGTYJ.log
This status will update every 10s.
--------------------------------------------------------------------------------
Instances
--------------------------------------------------------------------------------
Hostname/IP: 192.168.1.68 | Terminated: [33mFalse[0m
--------------------------------------------------------------------------------
Simulated Switches
--------------------------------------------------------------------------------
Hostname/IP: 192.168.1.68 | Switch name: switch0 | Switch running: [32mTrue [0m
--------------------------------------------------------------------------------
Simulated Pipes
--------------------------------------------------------------------------------
--------------------------------------------------------------------------------
Simulated Nodes/Jobs
--------------------------------------------------------------------------------
Hostname/IP: 192.168.1.68 | Job: rerocc-lc-linux-coupleddma-bertmini-pipeline-runtime-batch8-fileonly-sync-pairdummy-gdbserver0 | Sim running: [33mTrue [0m
--------------------------------------------------------------------------------
Summary
--------------------------------------------------------------------------------
1/1 instances are still running.
1/1 simulations are still running.
--------------------------------------------------------------------------------
[2J
FireSim Simulation Status @ 2026-05-07 06:07:57.228797
--------------------------------------------------------------------------------
This workload's output is located in:
/home/ubuntu/chipyard/sims/firesim/deploy/results-workload/2026-05-07--06-06-43-rerocc-lc-linux-coupleddma-bertmini-pipeline-runtime-batch8-fileonly-sync-pairdummy-gdbserver-f2-gemmini-rerocc-pairmanager-dummy8x8-4c12p12-sbus64-linux-bertmini-batch8-fileonly-sync-gdbserver-cfg32-nic-notrace/
This run's log is located in:
/home/ubuntu/chipyard/sims/firesim/deploy/logs/2026-05-07--06-06-43-runworkload-64PKSLYK439BGTYJ.log
This status will update every 10s.
--------------------------------------------------------------------------------
Instances
--------------------------------------------------------------------------------
Hostname/IP: 192.168.1.68 | Terminated: [33mFalse[0m
--------------------------------------------------------------------------------
Simulated Switches
--------------------------------------------------------------------------------
Hostname/IP: 192.168.1.68 | Switch name: switch0 | Switch running: [32mTrue [0m
--------------------------------------------------------------------------------
Simulated Pipes
--------------------------------------------------------------------------------
--------------------------------------------------------------------------------
Simulated Nodes/Jobs
--------------------------------------------------------------------------------
Hostname/IP: 192.168.1.68 | Job: rerocc-lc-linux-coupleddma-bertmini-pipeline-runtime-batch8-fileonly-sync-pairdummy-gdbserver0 | Sim running: [33mTrue [0m
--------------------------------------------------------------------------------
Summary
--------------------------------------------------------------------------------
1/1 instances are still running.
1/1 simulations are still running.
--------------------------------------------------------------------------------
[2J
FireSim Simulation Status @ 2026-05-07 06:08:07.537324
--------------------------------------------------------------------------------
This workload's output is located in:
/home/ubuntu/chipyard/sims/firesim/deploy/results-workload/2026-05-07--06-06-43-rerocc-lc-linux-coupleddma-bertmini-pipeline-runtime-batch8-fileonly-sync-pairdummy-gdbserver-f2-gemmini-rerocc-pairmanager-dummy8x8-4c12p12-sbus64-linux-bertmini-batch8-fileonly-sync-gdbserver-cfg32-nic-notrace/
This run's log is located in:
/home/ubuntu/chipyard/sims/firesim/deploy/logs/2026-05-07--06-06-43-runworkload-64PKSLYK439BGTYJ.log
This status will update every 10s.
--------------------------------------------------------------------------------
Instances
--------------------------------------------------------------------------------
Hostname/IP: 192.168.1.68 | Terminated: [33mFalse[0m
--------------------------------------------------------------------------------
Simulated Switches
--------------------------------------------------------------------------------
Hostname/IP: 192.168.1.68 | Switch name: switch0 | Switch running: [32mTrue [0m
--------------------------------------------------------------------------------
Simulated Pipes
--------------------------------------------------------------------------------
--------------------------------------------------------------------------------
Simulated Nodes/Jobs
--------------------------------------------------------------------------------
Hostname/IP: 192.168.1.68 | Job: rerocc-lc-linux-coupleddma-bertmini-pipeline-runtime-batch8-fileonly-sync-pairdummy-gdbserver0 | Sim running: [33mTrue [0m
--------------------------------------------------------------------------------
Summary
--------------------------------------------------------------------------------
1/1 instances are still running.
1/1 simulations are still running.
--------------------------------------------------------------------------------
[2J
FireSim Simulation Status @ 2026-05-07 06:08:17.847992
--------------------------------------------------------------------------------
This workload's output is located in:
/home/ubuntu/chipyard/sims/firesim/deploy/results-workload/2026-05-07--06-06-43-rerocc-lc-linux-coupleddma-bertmini-pipeline-runtime-batch8-fileonly-sync-pairdummy-gdbserver-f2-gemmini-rerocc-pairmanager-dummy8x8-4c12p12-sbus64-linux-bertmini-batch8-fileonly-sync-gdbserver-cfg32-nic-notrace/
This run's log is located in:
/home/ubuntu/chipyard/sims/firesim/deploy/logs/2026-05-07--06-06-43-runworkload-64PKSLYK439BGTYJ.log
This status will update every 10s.
--------------------------------------------------------------------------------
Instances
--------------------------------------------------------------------------------
Hostname/IP: 192.168.1.68 | Terminated: [33mFalse[0m
--------------------------------------------------------------------------------
Simulated Switches
--------------------------------------------------------------------------------
Hostname/IP: 192.168.1.68 | Switch name: switch0 | Switch running: [32mTrue [0m
--------------------------------------------------------------------------------
Simulated Pipes
--------------------------------------------------------------------------------
--------------------------------------------------------------------------------
Simulated Nodes/Jobs
--------------------------------------------------------------------------------
Hostname/IP: 192.168.1.68 | Job: rerocc-lc-linux-coupleddma-bertmini-pipeline-runtime-batch8-fileonly-sync-pairdummy-gdbserver0 | Sim running: [33mTrue [0m
--------------------------------------------------------------------------------
Summary
--------------------------------------------------------------------------------
1/1 instances are still running.
1/1 simulations are still running.
--------------------------------------------------------------------------------
[2J
FireSim Simulation Status @ 2026-05-07 06:08:28.157076
--------------------------------------------------------------------------------
This workload's output is located in:
/home/ubuntu/chipyard/sims/firesim/deploy/results-workload/2026-05-07--06-06-43-rerocc-lc-linux-coupleddma-bertmini-pipeline-runtime-batch8-fileonly-sync-pairdummy-gdbserver-f2-gemmini-rerocc-pairmanager-dummy8x8-4c12p12-sbus64-linux-bertmini-batch8-fileonly-sync-gdbserver-cfg32-nic-notrace/
This run's log is located in:
/home/ubuntu/chipyard/sims/firesim/deploy/logs/2026-05-07--06-06-43-runworkload-64PKSLYK439BGTYJ.log
This status will update every 10s.
--------------------------------------------------------------------------------
Instances
--------------------------------------------------------------------------------
Hostname/IP: 192.168.1.68 | Terminated: [33mFalse[0m
--------------------------------------------------------------------------------
Simulated Switches
--------------------------------------------------------------------------------
Hostname/IP: 192.168.1.68 | Switch name: switch0 | Switch running: [32mTrue [0m
--------------------------------------------------------------------------------
Simulated Pipes
--------------------------------------------------------------------------------
--------------------------------------------------------------------------------
Simulated Nodes/Jobs
--------------------------------------------------------------------------------
Hostname/IP: 192.168.1.68 | Job: rerocc-lc-linux-coupleddma-bertmini-pipeline-runtime-batch8-fileonly-sync-pairdummy-gdbserver0 | Sim running: [33mTrue [0m
--------------------------------------------------------------------------------
Summary
--------------------------------------------------------------------------------
1/1 instances are still running.
1/1 simulations are still running.
--------------------------------------------------------------------------------
[2J
FireSim Simulation Status @ 2026-05-07 06:08:38.470347
--------------------------------------------------------------------------------
This workload's output is located in:
/home/ubuntu/chipyard/sims/firesim/deploy/results-workload/2026-05-07--06-06-43-rerocc-lc-linux-coupleddma-bertmini-pipeline-runtime-batch8-fileonly-sync-pairdummy-gdbserver-f2-gemmini-rerocc-pairmanager-dummy8x8-4c12p12-sbus64-linux-bertmini-batch8-fileonly-sync-gdbserver-cfg32-nic-notrace/
This run's log is located in:
/home/ubuntu/chipyard/sims/firesim/deploy/logs/2026-05-07--06-06-43-runworkload-64PKSLYK439BGTYJ.log
This status will update every 10s.
--------------------------------------------------------------------------------
Instances
--------------------------------------------------------------------------------
Hostname/IP: 192.168.1.68 | Terminated: [33mFalse[0m
--------------------------------------------------------------------------------
Simulated Switches
--------------------------------------------------------------------------------
Hostname/IP: 192.168.1.68 | Switch name: switch0 | Switch running: [32mTrue [0m
--------------------------------------------------------------------------------
Simulated Pipes
--------------------------------------------------------------------------------
--------------------------------------------------------------------------------
Simulated Nodes/Jobs
--------------------------------------------------------------------------------
Hostname/IP: 192.168.1.68 | Job: rerocc-lc-linux-coupleddma-bertmini-pipeline-runtime-batch8-fileonly-sync-pairdummy-gdbserver0 | Sim running: [33mTrue [0m
--------------------------------------------------------------------------------
Summary
--------------------------------------------------------------------------------
1/1 instances are still running.
1/1 simulations are still running.
--------------------------------------------------------------------------------
[2J
FireSim Simulation Status @ 2026-05-07 06:08:48.788335
--------------------------------------------------------------------------------
This workload's output is located in:
/home/ubuntu/chipyard/sims/firesim/deploy/results-workload/2026-05-07--06-06-43-rerocc-lc-linux-coupleddma-bertmini-pipeline-runtime-batch8-fileonly-sync-pairdummy-gdbserver-f2-gemmini-rerocc-pairmanager-dummy8x8-4c12p12-sbus64-linux-bertmini-batch8-fileonly-sync-gdbserver-cfg32-nic-notrace/
This run's log is located in:
/home/ubuntu/chipyard/sims/firesim/deploy/logs/2026-05-07--06-06-43-runworkload-64PKSLYK439BGTYJ.log
This status will update every 10s.
--------------------------------------------------------------------------------
Instances
--------------------------------------------------------------------------------
Hostname/IP: 192.168.1.68 | Terminated: [33mFalse[0m
--------------------------------------------------------------------------------
Simulated Switches
--------------------------------------------------------------------------------
Hostname/IP: 192.168.1.68 | Switch name: switch0 | Switch running: [32mTrue [0m
--------------------------------------------------------------------------------
Simulated Pipes
--------------------------------------------------------------------------------
--------------------------------------------------------------------------------
Simulated Nodes/Jobs
--------------------------------------------------------------------------------
Hostname/IP: 192.168.1.68 | Job: rerocc-lc-linux-coupleddma-bertmini-pipeline-runtime-batch8-fileonly-sync-pairdummy-gdbserver0 | Sim running: [33mTrue [0m
--------------------------------------------------------------------------------
Summary
--------------------------------------------------------------------------------
1/1 instances are still running.
1/1 simulations are still running.
--------------------------------------------------------------------------------
[2J
FireSim Simulation Status @ 2026-05-07 06:08:59.106583
--------------------------------------------------------------------------------
This workload's output is located in:
/home/ubuntu/chipyard/sims/firesim/deploy/results-workload/2026-05-07--06-06-43-rerocc-lc-linux-coupleddma-bertmini-pipeline-runtime-batch8-fileonly-sync-pairdummy-gdbserver-f2-gemmini-rerocc-pairmanager-dummy8x8-4c12p12-sbus64-linux-bertmini-batch8-fileonly-sync-gdbserver-cfg32-nic-notrace/
This run's log is located in:
/home/ubuntu/chipyard/sims/firesim/deploy/logs/2026-05-07--06-06-43-runworkload-64PKSLYK439BGTYJ.log
This status will update every 10s.
--------------------------------------------------------------------------------
Instances
--------------------------------------------------------------------------------
Hostname/IP: 192.168.1.68 | Terminated: [33mFalse[0m
--------------------------------------------------------------------------------
Simulated Switches
--------------------------------------------------------------------------------
Hostname/IP: 192.168.1.68 | Switch name: switch0 | Switch running: [32mTrue [0m
--------------------------------------------------------------------------------
Simulated Pipes
--------------------------------------------------------------------------------
--------------------------------------------------------------------------------
Simulated Nodes/Jobs
--------------------------------------------------------------------------------
Hostname/IP: 192.168.1.68 | Job: rerocc-lc-linux-coupleddma-bertmini-pipeline-runtime-batch8-fileonly-sync-pairdummy-gdbserver0 | Sim running: [33mTrue [0m
--------------------------------------------------------------------------------
Summary
--------------------------------------------------------------------------------
1/1 instances are still running.
1/1 simulations are still running.
--------------------------------------------------------------------------------
[2J
FireSim Simulation Status @ 2026-05-07 06:09:09.425057
--------------------------------------------------------------------------------
This workload's output is located in:
/home/ubuntu/chipyard/sims/firesim/deploy/results-workload/2026-05-07--06-06-43-rerocc-lc-linux-coupleddma-bertmini-pipeline-runtime-batch8-fileonly-sync-pairdummy-gdbserver-f2-gemmini-rerocc-pairmanager-dummy8x8-4c12p12-sbus64-linux-bertmini-batch8-fileonly-sync-gdbserver-cfg32-nic-notrace/
This run's log is located in:
/home/ubuntu/chipyard/sims/firesim/deploy/logs/2026-05-07--06-06-43-runworkload-64PKSLYK439BGTYJ.log
This status will update every 10s.
--------------------------------------------------------------------------------
Instances
--------------------------------------------------------------------------------
Hostname/IP: 192.168.1.68 | Terminated: [33mFalse[0m
--------------------------------------------------------------------------------
Simulated Switches
--------------------------------------------------------------------------------
Hostname/IP: 192.168.1.68 | Switch name: switch0 | Switch running: [32mTrue [0m
--------------------------------------------------------------------------------
Simulated Pipes
--------------------------------------------------------------------------------
--------------------------------------------------------------------------------
Simulated Nodes/Jobs
--------------------------------------------------------------------------------
Hostname/IP: 192.168.1.68 | Job: rerocc-lc-linux-coupleddma-bertmini-pipeline-runtime-batch8-fileonly-sync-pairdummy-gdbserver0 | Sim running: [33mTrue [0m
--------------------------------------------------------------------------------
Summary
--------------------------------------------------------------------------------
1/1 instances are still running.
1/1 simulations are still running.
--------------------------------------------------------------------------------
[2J
FireSim Simulation Status @ 2026-05-07 06:09:19.728911
--------------------------------------------------------------------------------
This workload's output is located in:
/home/ubuntu/chipyard/sims/firesim/deploy/results-workload/2026-05-07--06-06-43-rerocc-lc-linux-coupleddma-bertmini-pipeline-runtime-batch8-fileonly-sync-pairdummy-gdbserver-f2-gemmini-rerocc-pairmanager-dummy8x8-4c12p12-sbus64-linux-bertmini-batch8-fileonly-sync-gdbserver-cfg32-nic-notrace/
This run's log is located in:
/home/ubuntu/chipyard/sims/firesim/deploy/logs/2026-05-07--06-06-43-runworkload-64PKSLYK439BGTYJ.log
This status will update every 10s.
--------------------------------------------------------------------------------
Instances
--------------------------------------------------------------------------------
Hostname/IP: 192.168.1.68 | Terminated: [33mFalse[0m
--------------------------------------------------------------------------------
Simulated Switches
--------------------------------------------------------------------------------
Hostname/IP: 192.168.1.68 | Switch name: switch0 | Switch running: [32mTrue [0m
--------------------------------------------------------------------------------
Simulated Pipes
--------------------------------------------------------------------------------
--------------------------------------------------------------------------------
Simulated Nodes/Jobs
--------------------------------------------------------------------------------
Hostname/IP: 192.168.1.68 | Job: rerocc-lc-linux-coupleddma-bertmini-pipeline-runtime-batch8-fileonly-sync-pairdummy-gdbserver0 | Sim running: [33mTrue [0m
--------------------------------------------------------------------------------
Summary
--------------------------------------------------------------------------------
1/1 instances are still running.
1/1 simulations are still running.
--------------------------------------------------------------------------------
[2J
FireSim Simulation Status @ 2026-05-07 06:09:30.037029
--------------------------------------------------------------------------------
This workload's output is located in:
/home/ubuntu/chipyard/sims/firesim/deploy/results-workload/2026-05-07--06-06-43-rerocc-lc-linux-coupleddma-bertmini-pipeline-runtime-batch8-fileonly-sync-pairdummy-gdbserver-f2-gemmini-rerocc-pairmanager-dummy8x8-4c12p12-sbus64-linux-bertmini-batch8-fileonly-sync-gdbserver-cfg32-nic-notrace/
This run's log is located in:
/home/ubuntu/chipyard/sims/firesim/deploy/logs/2026-05-07--06-06-43-runworkload-64PKSLYK439BGTYJ.log
This status will update every 10s.
--------------------------------------------------------------------------------
Instances
--------------------------------------------------------------------------------
Hostname/IP: 192.168.1.68 | Terminated: [33mFalse[0m
--------------------------------------------------------------------------------
Simulated Switches
--------------------------------------------------------------------------------
Hostname/IP: 192.168.1.68 | Switch name: switch0 | Switch running: [32mTrue [0m
--------------------------------------------------------------------------------
Simulated Pipes
--------------------------------------------------------------------------------
--------------------------------------------------------------------------------
Simulated Nodes/Jobs
--------------------------------------------------------------------------------
Hostname/IP: 192.168.1.68 | Job: rerocc-lc-linux-coupleddma-bertmini-pipeline-runtime-batch8-fileonly-sync-pairdummy-gdbserver0 | Sim running: [33mTrue [0m
--------------------------------------------------------------------------------
Summary
--------------------------------------------------------------------------------
1/1 instances are still running.
1/1 simulations are still running.
--------------------------------------------------------------------------------
[2J
FireSim Simulation Status @ 2026-05-07 06:09:40.343294
--------------------------------------------------------------------------------
This workload's output is located in:
/home/ubuntu/chipyard/sims/firesim/deploy/results-workload/2026-05-07--06-06-43-rerocc-lc-linux-coupleddma-bertmini-pipeline-runtime-batch8-fileonly-sync-pairdummy-gdbserver-f2-gemmini-rerocc-pairmanager-dummy8x8-4c12p12-sbus64-linux-bertmini-batch8-fileonly-sync-gdbserver-cfg32-nic-notrace/
This run's log is located in:
/home/ubuntu/chipyard/sims/firesim/deploy/logs/2026-05-07--06-06-43-runworkload-64PKSLYK439BGTYJ.log
This status will update every 10s.
--------------------------------------------------------------------------------
Instances
--------------------------------------------------------------------------------
Hostname/IP: 192.168.1.68 | Terminated: [33mFalse[0m
--------------------------------------------------------------------------------
Simulated Switches
--------------------------------------------------------------------------------
Hostname/IP: 192.168.1.68 | Switch name: switch0 | Switch running: [32mTrue [0m
--------------------------------------------------------------------------------
Simulated Pipes
--------------------------------------------------------------------------------
--------------------------------------------------------------------------------
Simulated Nodes/Jobs
--------------------------------------------------------------------------------
Hostname/IP: 192.168.1.68 | Job: rerocc-lc-linux-coupleddma-bertmini-pipeline-runtime-batch8-fileonly-sync-pairdummy-gdbserver0 | Sim running: [33mTrue [0m
--------------------------------------------------------------------------------
Summary
--------------------------------------------------------------------------------
1/1 instances are still running.
1/1 simulations are still running.
--------------------------------------------------------------------------------
[2J
FireSim Simulation Status @ 2026-05-07 06:09:50.656228
--------------------------------------------------------------------------------
This workload's output is located in:
/home/ubuntu/chipyard/sims/firesim/deploy/results-workload/2026-05-07--06-06-43-rerocc-lc-linux-coupleddma-bertmini-pipeline-runtime-batch8-fileonly-sync-pairdummy-gdbserver-f2-gemmini-rerocc-pairmanager-dummy8x8-4c12p12-sbus64-linux-bertmini-batch8-fileonly-sync-gdbserver-cfg32-nic-notrace/
This run's log is located in:
/home/ubuntu/chipyard/sims/firesim/deploy/logs/2026-05-07--06-06-43-runworkload-64PKSLYK439BGTYJ.log
This status will update every 10s.
--------------------------------------------------------------------------------
Instances
--------------------------------------------------------------------------------
Hostname/IP: 192.168.1.68 | Terminated: [33mFalse[0m
--------------------------------------------------------------------------------
Simulated Switches
--------------------------------------------------------------------------------
Hostname/IP: 192.168.1.68 | Switch name: switch0 | Switch running: [32mTrue [0m
--------------------------------------------------------------------------------
Simulated Pipes
--------------------------------------------------------------------------------
--------------------------------------------------------------------------------
Simulated Nodes/Jobs
--------------------------------------------------------------------------------
Hostname/IP: 192.168.1.68 | Job: rerocc-lc-linux-coupleddma-bertmini-pipeline-runtime-batch8-fileonly-sync-pairdummy-gdbserver0 | Sim running: [33mTrue [0m
--------------------------------------------------------------------------------
Summary
--------------------------------------------------------------------------------
1/1 instances are still running.
1/1 simulations are still running.
--------------------------------------------------------------------------------
[2J
FireSim Simulation Status @ 2026-05-07 06:10:00.964351
--------------------------------------------------------------------------------
This workload's output is located in:
/home/ubuntu/chipyard/sims/firesim/deploy/results-workload/2026-05-07--06-06-43-rerocc-lc-linux-coupleddma-bertmini-pipeline-runtime-batch8-fileonly-sync-pairdummy-gdbserver-f2-gemmini-rerocc-pairmanager-dummy8x8-4c12p12-sbus64-linux-bertmini-batch8-fileonly-sync-gdbserver-cfg32-nic-notrace/
This run's log is located in:
/home/ubuntu/chipyard/sims/firesim/deploy/logs/2026-05-07--06-06-43-runworkload-64PKSLYK439BGTYJ.log
This status will update every 10s.
--------------------------------------------------------------------------------
Instances
--------------------------------------------------------------------------------
Hostname/IP: 192.168.1.68 | Terminated: [33mFalse[0m
--------------------------------------------------------------------------------
Simulated Switches
--------------------------------------------------------------------------------
Hostname/IP: 192.168.1.68 | Switch name: switch0 | Switch running: [32mTrue [0m
--------------------------------------------------------------------------------
Simulated Pipes
--------------------------------------------------------------------------------
--------------------------------------------------------------------------------
Simulated Nodes/Jobs
--------------------------------------------------------------------------------
Hostname/IP: 192.168.1.68 | Job: rerocc-lc-linux-coupleddma-bertmini-pipeline-runtime-batch8-fileonly-sync-pairdummy-gdbserver0 | Sim running: [33mTrue [0m
--------------------------------------------------------------------------------
Summary
--------------------------------------------------------------------------------
1/1 instances are still running.
1/1 simulations are still running.
--------------------------------------------------------------------------------
[2J
FireSim Simulation Status @ 2026-05-07 06:10:11.266000
--------------------------------------------------------------------------------
This workload's output is located in:
/home/ubuntu/chipyard/sims/firesim/deploy/results-workload/2026-05-07--06-06-43-rerocc-lc-linux-coupleddma-bertmini-pipeline-runtime-batch8-fileonly-sync-pairdummy-gdbserver-f2-gemmini-rerocc-pairmanager-dummy8x8-4c12p12-sbus64-linux-bertmini-batch8-fileonly-sync-gdbserver-cfg32-nic-notrace/
This run's log is located in:
/home/ubuntu/chipyard/sims/firesim/deploy/logs/2026-05-07--06-06-43-runworkload-64PKSLYK439BGTYJ.log
This status will update every 10s.
--------------------------------------------------------------------------------
Instances
--------------------------------------------------------------------------------
Hostname/IP: 192.168.1.68 | Terminated: [33mFalse[0m
--------------------------------------------------------------------------------
Simulated Switches
--------------------------------------------------------------------------------
Hostname/IP: 192.168.1.68 | Switch name: switch0 | Switch running: [32mTrue [0m
--------------------------------------------------------------------------------
Simulated Pipes
--------------------------------------------------------------------------------
--------------------------------------------------------------------------------
Simulated Nodes/Jobs
--------------------------------------------------------------------------------
Hostname/IP: 192.168.1.68 | Job: rerocc-lc-linux-coupleddma-bertmini-pipeline-runtime-batch8-fileonly-sync-pairdummy-gdbserver0 | Sim running: [33mTrue [0m
--------------------------------------------------------------------------------
Summary
--------------------------------------------------------------------------------
1/1 instances are still running.
1/1 simulations are still running.
--------------------------------------------------------------------------------
[2J
FireSim Simulation Status @ 2026-05-07 06:10:21.586497
--------------------------------------------------------------------------------
This workload's output is located in:
/home/ubuntu/chipyard/sims/firesim/deploy/results-workload/2026-05-07--06-06-43-rerocc-lc-linux-coupleddma-bertmini-pipeline-runtime-batch8-fileonly-sync-pairdummy-gdbserver-f2-gemmini-rerocc-pairmanager-dummy8x8-4c12p12-sbus64-linux-bertmini-batch8-fileonly-sync-gdbserver-cfg32-nic-notrace/
This run's log is located in:
/home/ubuntu/chipyard/sims/firesim/deploy/logs/2026-05-07--06-06-43-runworkload-64PKSLYK439BGTYJ.log
This status will update every 10s.
--------------------------------------------------------------------------------
Instances
--------------------------------------------------------------------------------
Hostname/IP: 192.168.1.68 | Terminated: [33mFalse[0m
--------------------------------------------------------------------------------
Simulated Switches
--------------------------------------------------------------------------------
Hostname/IP: 192.168.1.68 | Switch name: switch0 | Switch running: [32mTrue [0m
--------------------------------------------------------------------------------
Simulated Pipes
--------------------------------------------------------------------------------
--------------------------------------------------------------------------------
Simulated Nodes/Jobs
--------------------------------------------------------------------------------
Hostname/IP: 192.168.1.68 | Job: rerocc-lc-linux-coupleddma-bertmini-pipeline-runtime-batch8-fileonly-sync-pairdummy-gdbserver0 | Sim running: [33mTrue [0m
--------------------------------------------------------------------------------
Summary
--------------------------------------------------------------------------------
1/1 instances are still running.
1/1 simulations are still running.
--------------------------------------------------------------------------------
[2J
FireSim Simulation Status @ 2026-05-07 06:10:31.905088
--------------------------------------------------------------------------------
This workload's output is located in:
/home/ubuntu/chipyard/sims/firesim/deploy/results-workload/2026-05-07--06-06-43-rerocc-lc-linux-coupleddma-bertmini-pipeline-runtime-batch8-fileonly-sync-pairdummy-gdbserver-f2-gemmini-rerocc-pairmanager-dummy8x8-4c12p12-sbus64-linux-bertmini-batch8-fileonly-sync-gdbserver-cfg32-nic-notrace/
This run's log is located in:
/home/ubuntu/chipyard/sims/firesim/deploy/logs/2026-05-07--06-06-43-runworkload-64PKSLYK439BGTYJ.log
This status will update every 10s.
--------------------------------------------------------------------------------
Instances
--------------------------------------------------------------------------------
Hostname/IP: 192.168.1.68 | Terminated: [33mFalse[0m
--------------------------------------------------------------------------------
Simulated Switches
--------------------------------------------------------------------------------
Hostname/IP: 192.168.1.68 | Switch name: switch0 | Switch running: [32mTrue [0m
--------------------------------------------------------------------------------
Simulated Pipes
--------------------------------------------------------------------------------
--------------------------------------------------------------------------------
Simulated Nodes/Jobs
--------------------------------------------------------------------------------
Hostname/IP: 192.168.1.68 | Job: rerocc-lc-linux-coupleddma-bertmini-pipeline-runtime-batch8-fileonly-sync-pairdummy-gdbserver0 | Sim running: [33mTrue [0m
--------------------------------------------------------------------------------
Summary
--------------------------------------------------------------------------------
1/1 instances are still running.
1/1 simulations are still running.
--------------------------------------------------------------------------------
[2J
FireSim Simulation Status @ 2026-05-07 06:10:42.212001
--------------------------------------------------------------------------------
This workload's output is located in:
/home/ubuntu/chipyard/sims/firesim/deploy/results-workload/2026-05-07--06-06-43-rerocc-lc-linux-coupleddma-bertmini-pipeline-runtime-batch8-fileonly-sync-pairdummy-gdbserver-f2-gemmini-rerocc-pairmanager-dummy8x8-4c12p12-sbus64-linux-bertmini-batch8-fileonly-sync-gdbserver-cfg32-nic-notrace/
This run's log is located in:
/home/ubuntu/chipyard/sims/firesim/deploy/logs/2026-05-07--06-06-43-runworkload-64PKSLYK439BGTYJ.log
This status will update every 10s.
--------------------------------------------------------------------------------
Instances
--------------------------------------------------------------------------------
Hostname/IP: 192.168.1.68 | Terminated: [33mFalse[0m
--------------------------------------------------------------------------------
Simulated Switches
--------------------------------------------------------------------------------
Hostname/IP: 192.168.1.68 | Switch name: switch0 | Switch running: [32mTrue [0m
--------------------------------------------------------------------------------
Simulated Pipes
--------------------------------------------------------------------------------
--------------------------------------------------------------------------------
Simulated Nodes/Jobs
--------------------------------------------------------------------------------
Hostname/IP: 192.168.1.68 | Job: rerocc-lc-linux-coupleddma-bertmini-pipeline-runtime-batch8-fileonly-sync-pairdummy-gdbserver0 | Sim running: [33mTrue [0m
--------------------------------------------------------------------------------
Summary
--------------------------------------------------------------------------------
1/1 instances are still running.
1/1 simulations are still running.
--------------------------------------------------------------------------------
[2J
FireSim Simulation Status @ 2026-05-07 06:10:52.530390
--------------------------------------------------------------------------------
This workload's output is located in:
/home/ubuntu/chipyard/sims/firesim/deploy/results-workload/2026-05-07--06-06-43-rerocc-lc-linux-coupleddma-bertmini-pipeline-runtime-batch8-fileonly-sync-pairdummy-gdbserver-f2-gemmini-rerocc-pairmanager-dummy8x8-4c12p12-sbus64-linux-bertmini-batch8-fileonly-sync-gdbserver-cfg32-nic-notrace/
This run's log is located in:
/home/ubuntu/chipyard/sims/firesim/deploy/logs/2026-05-07--06-06-43-runworkload-64PKSLYK439BGTYJ.log
This status will update every 10s.
--------------------------------------------------------------------------------
Instances
--------------------------------------------------------------------------------
Hostname/IP: 192.168.1.68 | Terminated: [33mFalse[0m
--------------------------------------------------------------------------------
Simulated Switches
--------------------------------------------------------------------------------
Hostname/IP: 192.168.1.68 | Switch name: switch0 | Switch running: [32mTrue [0m
--------------------------------------------------------------------------------
Simulated Pipes
--------------------------------------------------------------------------------
--------------------------------------------------------------------------------
Simulated Nodes/Jobs
--------------------------------------------------------------------------------
Hostname/IP: 192.168.1.68 | Job: rerocc-lc-linux-coupleddma-bertmini-pipeline-runtime-batch8-fileonly-sync-pairdummy-gdbserver0 | Sim running: [33mTrue [0m
--------------------------------------------------------------------------------
Summary
--------------------------------------------------------------------------------
1/1 instances are still running.
1/1 simulations are still running.
--------------------------------------------------------------------------------
[2J
FireSim Simulation Status @ 2026-05-07 06:11:02.837459
--------------------------------------------------------------------------------
This workload's output is located in:
/home/ubuntu/chipyard/sims/firesim/deploy/results-workload/2026-05-07--06-06-43-rerocc-lc-linux-coupleddma-bertmini-pipeline-runtime-batch8-fileonly-sync-pairdummy-gdbserver-f2-gemmini-rerocc-pairmanager-dummy8x8-4c12p12-sbus64-linux-bertmini-batch8-fileonly-sync-gdbserver-cfg32-nic-notrace/
This run's log is located in:
/home/ubuntu/chipyard/sims/firesim/deploy/logs/2026-05-07--06-06-43-runworkload-64PKSLYK439BGTYJ.log
This status will update every 10s.
--------------------------------------------------------------------------------
Instances
--------------------------------------------------------------------------------
Hostname/IP: 192.168.1.68 | Terminated: [33mFalse[0m
--------------------------------------------------------------------------------
Simulated Switches
--------------------------------------------------------------------------------
Hostname/IP: 192.168.1.68 | Switch name: switch0 | Switch running: [32mTrue [0m
--------------------------------------------------------------------------------
Simulated Pipes
--------------------------------------------------------------------------------
--------------------------------------------------------------------------------
Simulated Nodes/Jobs
--------------------------------------------------------------------------------
Hostname/IP: 192.168.1.68 | Job: rerocc-lc-linux-coupleddma-bertmini-pipeline-runtime-batch8-fileonly-sync-pairdummy-gdbserver0 | Sim running: [33mTrue [0m
--------------------------------------------------------------------------------
Summary
--------------------------------------------------------------------------------
1/1 instances are still running.
1/1 simulations are still running.
--------------------------------------------------------------------------------
[2J
FireSim Simulation Status @ 2026-05-07 06:11:13.145473
--------------------------------------------------------------------------------
This workload's output is located in:
/home/ubuntu/chipyard/sims/firesim/deploy/results-workload/2026-05-07--06-06-43-rerocc-lc-linux-coupleddma-bertmini-pipeline-runtime-batch8-fileonly-sync-pairdummy-gdbserver-f2-gemmini-rerocc-pairmanager-dummy8x8-4c12p12-sbus64-linux-bertmini-batch8-fileonly-sync-gdbserver-cfg32-nic-notrace/
This run's log is located in:
/home/ubuntu/chipyard/sims/firesim/deploy/logs/2026-05-07--06-06-43-runworkload-64PKSLYK439BGTYJ.log
This status will update every 10s.
--------------------------------------------------------------------------------
Instances
--------------------------------------------------------------------------------
Hostname/IP: 192.168.1.68 | Terminated: [33mFalse[0m
--------------------------------------------------------------------------------
Simulated Switches
--------------------------------------------------------------------------------
Hostname/IP: 192.168.1.68 | Switch name: switch0 | Switch running: [32mTrue [0m
--------------------------------------------------------------------------------
Simulated Pipes
--------------------------------------------------------------------------------
--------------------------------------------------------------------------------
Simulated Nodes/Jobs
--------------------------------------------------------------------------------
Hostname/IP: 192.168.1.68 | Job: rerocc-lc-linux-coupleddma-bertmini-pipeline-runtime-batch8-fileonly-sync-pairdummy-gdbserver0 | Sim running: [33mTrue [0m
--------------------------------------------------------------------------------
Summary
--------------------------------------------------------------------------------
1/1 instances are still running.
1/1 simulations are still running.
--------------------------------------------------------------------------------
[2J
FireSim Simulation Status @ 2026-05-07 06:11:23.454219
--------------------------------------------------------------------------------
This workload's output is located in:
/home/ubuntu/chipyard/sims/firesim/deploy/results-workload/2026-05-07--06-06-43-rerocc-lc-linux-coupleddma-bertmini-pipeline-runtime-batch8-fileonly-sync-pairdummy-gdbserver-f2-gemmini-rerocc-pairmanager-dummy8x8-4c12p12-sbus64-linux-bertmini-batch8-fileonly-sync-gdbserver-cfg32-nic-notrace/
This run's log is located in:
/home/ubuntu/chipyard/sims/firesim/deploy/logs/2026-05-07--06-06-43-runworkload-64PKSLYK439BGTYJ.log
This status will update every 10s.
--------------------------------------------------------------------------------
Instances
--------------------------------------------------------------------------------
Hostname/IP: 192.168.1.68 | Terminated: [33mFalse[0m
--------------------------------------------------------------------------------
Simulated Switches
--------------------------------------------------------------------------------
Hostname/IP: 192.168.1.68 | Switch name: switch0 | Switch running: [32mTrue [0m
--------------------------------------------------------------------------------
Simulated Pipes
--------------------------------------------------------------------------------
--------------------------------------------------------------------------------
Simulated Nodes/Jobs
--------------------------------------------------------------------------------
Hostname/IP: 192.168.1.68 | Job: rerocc-lc-linux-coupleddma-bertmini-pipeline-runtime-batch8-fileonly-sync-pairdummy-gdbserver0 | Sim running: [33mTrue [0m
--------------------------------------------------------------------------------
Summary
--------------------------------------------------------------------------------
1/1 instances are still running.
1/1 simulations are still running.
--------------------------------------------------------------------------------
[2J
FireSim Simulation Status @ 2026-05-07 06:11:33.762504
--------------------------------------------------------------------------------
This workload's output is located in:
/home/ubuntu/chipyard/sims/firesim/deploy/results-workload/2026-05-07--06-06-43-rerocc-lc-linux-coupleddma-bertmini-pipeline-runtime-batch8-fileonly-sync-pairdummy-gdbserver-f2-gemmini-rerocc-pairmanager-dummy8x8-4c12p12-sbus64-linux-bertmini-batch8-fileonly-sync-gdbserver-cfg32-nic-notrace/
This run's log is located in:
/home/ubuntu/chipyard/sims/firesim/deploy/logs/2026-05-07--06-06-43-runworkload-64PKSLYK439BGTYJ.log
This status will update every 10s.
--------------------------------------------------------------------------------
Instances
--------------------------------------------------------------------------------
Hostname/IP: 192.168.1.68 | Terminated: [33mFalse[0m
--------------------------------------------------------------------------------
Simulated Switches
--------------------------------------------------------------------------------
Hostname/IP: 192.168.1.68 | Switch name: switch0 | Switch running: [32mTrue [0m
--------------------------------------------------------------------------------
Simulated Pipes
--------------------------------------------------------------------------------
--------------------------------------------------------------------------------
Simulated Nodes/Jobs
--------------------------------------------------------------------------------
Hostname/IP: 192.168.1.68 | Job: rerocc-lc-linux-coupleddma-bertmini-pipeline-runtime-batch8-fileonly-sync-pairdummy-gdbserver0 | Sim running: [33mTrue [0m
--------------------------------------------------------------------------------
Summary
--------------------------------------------------------------------------------
1/1 instances are still running.
1/1 simulations are still running.
--------------------------------------------------------------------------------
[2J
FireSim Simulation Status @ 2026-05-07 06:11:44.070556
--------------------------------------------------------------------------------
This workload's output is located in:
/home/ubuntu/chipyard/sims/firesim/deploy/results-workload/2026-05-07--06-06-43-rerocc-lc-linux-coupleddma-bertmini-pipeline-runtime-batch8-fileonly-sync-pairdummy-gdbserver-f2-gemmini-rerocc-pairmanager-dummy8x8-4c12p12-sbus64-linux-bertmini-batch8-fileonly-sync-gdbserver-cfg32-nic-notrace/
This run's log is located in:
/home/ubuntu/chipyard/sims/firesim/deploy/logs/2026-05-07--06-06-43-runworkload-64PKSLYK439BGTYJ.log
This status will update every 10s.
--------------------------------------------------------------------------------
Instances
--------------------------------------------------------------------------------
Hostname/IP: 192.168.1.68 | Terminated: [33mFalse[0m
--------------------------------------------------------------------------------
Simulated Switches
--------------------------------------------------------------------------------
Hostname/IP: 192.168.1.68 | Switch name: switch0 | Switch running: [32mTrue [0m
--------------------------------------------------------------------------------
Simulated Pipes
--------------------------------------------------------------------------------
--------------------------------------------------------------------------------
Simulated Nodes/Jobs
--------------------------------------------------------------------------------
Hostname/IP: 192.168.1.68 | Job: rerocc-lc-linux-coupleddma-bertmini-pipeline-runtime-batch8-fileonly-sync-pairdummy-gdbserver0 | Sim running: [33mTrue [0m
--------------------------------------------------------------------------------
Summary
--------------------------------------------------------------------------------
1/1 instances are still running.
1/1 simulations are still running.
--------------------------------------------------------------------------------
[2J
FireSim Simulation Status @ 2026-05-07 06:11:54.374961
--------------------------------------------------------------------------------
This workload's output is located in:
/home/ubuntu/chipyard/sims/firesim/deploy/results-workload/2026-05-07--06-06-43-rerocc-lc-linux-coupleddma-bertmini-pipeline-runtime-batch8-fileonly-sync-pairdummy-gdbserver-f2-gemmini-rerocc-pairmanager-dummy8x8-4c12p12-sbus64-linux-bertmini-batch8-fileonly-sync-gdbserver-cfg32-nic-notrace/
This run's log is located in:
/home/ubuntu/chipyard/sims/firesim/deploy/logs/2026-05-07--06-06-43-runworkload-64PKSLYK439BGTYJ.log
This status will update every 10s.
--------------------------------------------------------------------------------
Instances
--------------------------------------------------------------------------------
Hostname/IP: 192.168.1.68 | Terminated: [33mFalse[0m
--------------------------------------------------------------------------------
Simulated Switches
--------------------------------------------------------------------------------
Hostname/IP: 192.168.1.68 | Switch name: switch0 | Switch running: [32mTrue [0m
--------------------------------------------------------------------------------
Simulated Pipes
--------------------------------------------------------------------------------
--------------------------------------------------------------------------------
Simulated Nodes/Jobs
--------------------------------------------------------------------------------
Hostname/IP: 192.168.1.68 | Job: rerocc-lc-linux-coupleddma-bertmini-pipeline-runtime-batch8-fileonly-sync-pairdummy-gdbserver0 | Sim running: [33mTrue [0m
--------------------------------------------------------------------------------
Summary
--------------------------------------------------------------------------------
1/1 instances are still running.
1/1 simulations are still running.
--------------------------------------------------------------------------------
[2J
FireSim Simulation Status @ 2026-05-07 06:12:04.683520
--------------------------------------------------------------------------------
This workload's output is located in:
/home/ubuntu/chipyard/sims/firesim/deploy/results-workload/2026-05-07--06-06-43-rerocc-lc-linux-coupleddma-bertmini-pipeline-runtime-batch8-fileonly-sync-pairdummy-gdbserver-f2-gemmini-rerocc-pairmanager-dummy8x8-4c12p12-sbus64-linux-bertmini-batch8-fileonly-sync-gdbserver-cfg32-nic-notrace/
This run's log is located in:
/home/ubuntu/chipyard/sims/firesim/deploy/logs/2026-05-07--06-06-43-runworkload-64PKSLYK439BGTYJ.log
This status will update every 10s.
--------------------------------------------------------------------------------
Instances
--------------------------------------------------------------------------------
Hostname/IP: 192.168.1.68 | Terminated: [33mFalse[0m
--------------------------------------------------------------------------------
Simulated Switches
--------------------------------------------------------------------------------
Hostname/IP: 192.168.1.68 | Switch name: switch0 | Switch running: [32mTrue [0m
--------------------------------------------------------------------------------
Simulated Pipes
--------------------------------------------------------------------------------
--------------------------------------------------------------------------------
Simulated Nodes/Jobs
--------------------------------------------------------------------------------
Hostname/IP: 192.168.1.68 | Job: rerocc-lc-linux-coupleddma-bertmini-pipeline-runtime-batch8-fileonly-sync-pairdummy-gdbserver0 | Sim running: [33mTrue [0m
--------------------------------------------------------------------------------
Summary
--------------------------------------------------------------------------------
1/1 instances are still running.
1/1 simulations are still running.
--------------------------------------------------------------------------------
[2J
FireSim Simulation Status @ 2026-05-07 06:12:14.982117
--------------------------------------------------------------------------------
This workload's output is located in:
/home/ubuntu/chipyard/sims/firesim/deploy/results-workload/2026-05-07--06-06-43-rerocc-lc-linux-coupleddma-bertmini-pipeline-runtime-batch8-fileonly-sync-pairdummy-gdbserver-f2-gemmini-rerocc-pairmanager-dummy8x8-4c12p12-sbus64-linux-bertmini-batch8-fileonly-sync-gdbserver-cfg32-nic-notrace/
This run's log is located in:
/home/ubuntu/chipyard/sims/firesim/deploy/logs/2026-05-07--06-06-43-runworkload-64PKSLYK439BGTYJ.log
This status will update every 10s.
--------------------------------------------------------------------------------
Instances
--------------------------------------------------------------------------------
Hostname/IP: 192.168.1.68 | Terminated: [33mFalse[0m
--------------------------------------------------------------------------------
Simulated Switches
--------------------------------------------------------------------------------
Hostname/IP: 192.168.1.68 | Switch name: switch0 | Switch running: [32mTrue [0m
--------------------------------------------------------------------------------
Simulated Pipes
--------------------------------------------------------------------------------
--------------------------------------------------------------------------------
Simulated Nodes/Jobs
--------------------------------------------------------------------------------
Hostname/IP: 192.168.1.68 | Job: rerocc-lc-linux-coupleddma-bertmini-pipeline-runtime-batch8-fileonly-sync-pairdummy-gdbserver0 | Sim running: [33mTrue [0m
--------------------------------------------------------------------------------
Summary
--------------------------------------------------------------------------------
1/1 instances are still running.
1/1 simulations are still running.
--------------------------------------------------------------------------------
[2J
FireSim Simulation Status @ 2026-05-07 06:12:25.290220
--------------------------------------------------------------------------------
This workload's output is located in:
/home/ubuntu/chipyard/sims/firesim/deploy/results-workload/2026-05-07--06-06-43-rerocc-lc-linux-coupleddma-bertmini-pipeline-runtime-batch8-fileonly-sync-pairdummy-gdbserver-f2-gemmini-rerocc-pairmanager-dummy8x8-4c12p12-sbus64-linux-bertmini-batch8-fileonly-sync-gdbserver-cfg32-nic-notrace/
This run's log is located in:
/home/ubuntu/chipyard/sims/firesim/deploy/logs/2026-05-07--06-06-43-runworkload-64PKSLYK439BGTYJ.log
This status will update every 10s.
--------------------------------------------------------------------------------
Instances
--------------------------------------------------------------------------------
Hostname/IP: 192.168.1.68 | Terminated: [33mFalse[0m
--------------------------------------------------------------------------------
Simulated Switches
--------------------------------------------------------------------------------
Hostname/IP: 192.168.1.68 | Switch name: switch0 | Switch running: [32mTrue [0m
--------------------------------------------------------------------------------
Simulated Pipes
--------------------------------------------------------------------------------
--------------------------------------------------------------------------------
Simulated Nodes/Jobs
--------------------------------------------------------------------------------
Hostname/IP: 192.168.1.68 | Job: rerocc-lc-linux-coupleddma-bertmini-pipeline-runtime-batch8-fileonly-sync-pairdummy-gdbserver0 | Sim running: [33mTrue [0m
--------------------------------------------------------------------------------
Summary
--------------------------------------------------------------------------------
1/1 instances are still running.
1/1 simulations are still running.
--------------------------------------------------------------------------------
[2J
FireSim Simulation Status @ 2026-05-07 06:12:35.607364
--------------------------------------------------------------------------------
This workload's output is located in:
/home/ubuntu/chipyard/sims/firesim/deploy/results-workload/2026-05-07--06-06-43-rerocc-lc-linux-coupleddma-bertmini-pipeline-runtime-batch8-fileonly-sync-pairdummy-gdbserver-f2-gemmini-rerocc-pairmanager-dummy8x8-4c12p12-sbus64-linux-bertmini-batch8-fileonly-sync-gdbserver-cfg32-nic-notrace/
This run's log is located in:
/home/ubuntu/chipyard/sims/firesim/deploy/logs/2026-05-07--06-06-43-runworkload-64PKSLYK439BGTYJ.log
This status will update every 10s.
--------------------------------------------------------------------------------
Instances
--------------------------------------------------------------------------------
Hostname/IP: 192.168.1.68 | Terminated: [33mFalse[0m
--------------------------------------------------------------------------------
Simulated Switches
--------------------------------------------------------------------------------
Hostname/IP: 192.168.1.68 | Switch name: switch0 | Switch running: [32mTrue [0m
--------------------------------------------------------------------------------
Simulated Pipes
--------------------------------------------------------------------------------
--------------------------------------------------------------------------------
Simulated Nodes/Jobs
--------------------------------------------------------------------------------
Hostname/IP: 192.168.1.68 | Job: rerocc-lc-linux-coupleddma-bertmini-pipeline-runtime-batch8-fileonly-sync-pairdummy-gdbserver0 | Sim running: [33mTrue [0m
--------------------------------------------------------------------------------
Summary
--------------------------------------------------------------------------------
1/1 instances are still running.
1/1 simulations are still running.
--------------------------------------------------------------------------------
[2J
FireSim Simulation Status @ 2026-05-07 06:12:45.913134
--------------------------------------------------------------------------------
This workload's output is located in:
/home/ubuntu/chipyard/sims/firesim/deploy/results-workload/2026-05-07--06-06-43-rerocc-lc-linux-coupleddma-bertmini-pipeline-runtime-batch8-fileonly-sync-pairdummy-gdbserver-f2-gemmini-rerocc-pairmanager-dummy8x8-4c12p12-sbus64-linux-bertmini-batch8-fileonly-sync-gdbserver-cfg32-nic-notrace/
This run's log is located in:
/home/ubuntu/chipyard/sims/firesim/deploy/logs/2026-05-07--06-06-43-runworkload-64PKSLYK439BGTYJ.log
This status will update every 10s.
--------------------------------------------------------------------------------
Instances
--------------------------------------------------------------------------------
Hostname/IP: 192.168.1.68 | Terminated: [33mFalse[0m
--------------------------------------------------------------------------------
Simulated Switches
--------------------------------------------------------------------------------
Hostname/IP: 192.168.1.68 | Switch name: switch0 | Switch running: [32mTrue [0m
--------------------------------------------------------------------------------
Simulated Pipes
--------------------------------------------------------------------------------
--------------------------------------------------------------------------------
Simulated Nodes/Jobs
--------------------------------------------------------------------------------
Hostname/IP: 192.168.1.68 | Job: rerocc-lc-linux-coupleddma-bertmini-pipeline-runtime-batch8-fileonly-sync-pairdummy-gdbserver0 | Sim running: [33mTrue [0m
--------------------------------------------------------------------------------
Summary
--------------------------------------------------------------------------------
1/1 instances are still running.
1/1 simulations are still running.
--------------------------------------------------------------------------------
[2J
FireSim Simulation Status @ 2026-05-07 06:12:56.216521
--------------------------------------------------------------------------------
This workload's output is located in:
/home/ubuntu/chipyard/sims/firesim/deploy/results-workload/2026-05-07--06-06-43-rerocc-lc-linux-coupleddma-bertmini-pipeline-runtime-batch8-fileonly-sync-pairdummy-gdbserver-f2-gemmini-rerocc-pairmanager-dummy8x8-4c12p12-sbus64-linux-bertmini-batch8-fileonly-sync-gdbserver-cfg32-nic-notrace/
This run's log is located in:
/home/ubuntu/chipyard/sims/firesim/deploy/logs/2026-05-07--06-06-43-runworkload-64PKSLYK439BGTYJ.log
This status will update every 10s.
--------------------------------------------------------------------------------
Instances
--------------------------------------------------------------------------------
Hostname/IP: 192.168.1.68 | Terminated: [33mFalse[0m
--------------------------------------------------------------------------------
Simulated Switches
--------------------------------------------------------------------------------
Hostname/IP: 192.168.1.68 | Switch name: switch0 | Switch running: [32mTrue [0m
--------------------------------------------------------------------------------
Simulated Pipes
--------------------------------------------------------------------------------
--------------------------------------------------------------------------------
Simulated Nodes/Jobs
--------------------------------------------------------------------------------
Hostname/IP: 192.168.1.68 | Job: rerocc-lc-linux-coupleddma-bertmini-pipeline-runtime-batch8-fileonly-sync-pairdummy-gdbserver0 | Sim running: [33mTrue [0m
--------------------------------------------------------------------------------
Summary
--------------------------------------------------------------------------------
1/1 instances are still running.
1/1 simulations are still running.
--------------------------------------------------------------------------------
[2J
FireSim Simulation Status @ 2026-05-07 06:13:06.524521
--------------------------------------------------------------------------------
This workload's output is located in:
/home/ubuntu/chipyard/sims/firesim/deploy/results-workload/2026-05-07--06-06-43-rerocc-lc-linux-coupleddma-bertmini-pipeline-runtime-batch8-fileonly-sync-pairdummy-gdbserver-f2-gemmini-rerocc-pairmanager-dummy8x8-4c12p12-sbus64-linux-bertmini-batch8-fileonly-sync-gdbserver-cfg32-nic-notrace/
This run's log is located in:
/home/ubuntu/chipyard/sims/firesim/deploy/logs/2026-05-07--06-06-43-runworkload-64PKSLYK439BGTYJ.log
This status will update every 10s.
--------------------------------------------------------------------------------
Instances
--------------------------------------------------------------------------------
Hostname/IP: 192.168.1.68 | Terminated: [33mFalse[0m
--------------------------------------------------------------------------------
Simulated Switches
--------------------------------------------------------------------------------
Hostname/IP: 192.168.1.68 | Switch name: switch0 | Switch running: [32mTrue [0m
--------------------------------------------------------------------------------
Simulated Pipes
--------------------------------------------------------------------------------
--------------------------------------------------------------------------------
Simulated Nodes/Jobs
--------------------------------------------------------------------------------
Hostname/IP: 192.168.1.68 | Job: rerocc-lc-linux-coupleddma-bertmini-pipeline-runtime-batch8-fileonly-sync-pairdummy-gdbserver0 | Sim running: [33mTrue [0m
--------------------------------------------------------------------------------
Summary
--------------------------------------------------------------------------------
1/1 instances are still running.
1/1 simulations are still running.
--------------------------------------------------------------------------------
[2J
FireSim Simulation Status @ 2026-05-07 06:13:16.843221
--------------------------------------------------------------------------------
This workload's output is located in:
/home/ubuntu/chipyard/sims/firesim/deploy/results-workload/2026-05-07--06-06-43-rerocc-lc-linux-coupleddma-bertmini-pipeline-runtime-batch8-fileonly-sync-pairdummy-gdbserver-f2-gemmini-rerocc-pairmanager-dummy8x8-4c12p12-sbus64-linux-bertmini-batch8-fileonly-sync-gdbserver-cfg32-nic-notrace/
This run's log is located in:
/home/ubuntu/chipyard/sims/firesim/deploy/logs/2026-05-07--06-06-43-runworkload-64PKSLYK439BGTYJ.log
This status will update every 10s.
--------------------------------------------------------------------------------
Instances
--------------------------------------------------------------------------------
Hostname/IP: 192.168.1.68 | Terminated: [33mFalse[0m
--------------------------------------------------------------------------------
Simulated Switches
--------------------------------------------------------------------------------
Hostname/IP: 192.168.1.68 | Switch name: switch0 | Switch running: [32mTrue [0m
--------------------------------------------------------------------------------
Simulated Pipes
--------------------------------------------------------------------------------
--------------------------------------------------------------------------------
Simulated Nodes/Jobs
--------------------------------------------------------------------------------
Hostname/IP: 192.168.1.68 | Job: rerocc-lc-linux-coupleddma-bertmini-pipeline-runtime-batch8-fileonly-sync-pairdummy-gdbserver0 | Sim running: [33mTrue [0m
--------------------------------------------------------------------------------
Summary
--------------------------------------------------------------------------------
1/1 instances are still running.
1/1 simulations are still running.
--------------------------------------------------------------------------------
[2J
FireSim Simulation Status @ 2026-05-07 06:13:27.151535
--------------------------------------------------------------------------------
This workload's output is located in:
/home/ubuntu/chipyard/sims/firesim/deploy/results-workload/2026-05-07--06-06-43-rerocc-lc-linux-coupleddma-bertmini-pipeline-runtime-batch8-fileonly-sync-pairdummy-gdbserver-f2-gemmini-rerocc-pairmanager-dummy8x8-4c12p12-sbus64-linux-bertmini-batch8-fileonly-sync-gdbserver-cfg32-nic-notrace/
This run's log is located in:
/home/ubuntu/chipyard/sims/firesim/deploy/logs/2026-05-07--06-06-43-runworkload-64PKSLYK439BGTYJ.log
This status will update every 10s.
--------------------------------------------------------------------------------
Instances
--------------------------------------------------------------------------------
Hostname/IP: 192.168.1.68 | Terminated: [33mFalse[0m
--------------------------------------------------------------------------------
Simulated Switches
--------------------------------------------------------------------------------
Hostname/IP: 192.168.1.68 | Switch name: switch0 | Switch running: [32mTrue [0m
--------------------------------------------------------------------------------
Simulated Pipes
--------------------------------------------------------------------------------
--------------------------------------------------------------------------------
Simulated Nodes/Jobs
--------------------------------------------------------------------------------
Hostname/IP: 192.168.1.68 | Job: rerocc-lc-linux-coupleddma-bertmini-pipeline-runtime-batch8-fileonly-sync-pairdummy-gdbserver0 | Sim running: [33mTrue [0m
--------------------------------------------------------------------------------
Summary
--------------------------------------------------------------------------------
1/1 instances are still running.
1/1 simulations are still running.
--------------------------------------------------------------------------------
[2J
FireSim Simulation Status @ 2026-05-07 06:13:37.451202
--------------------------------------------------------------------------------
This workload's output is located in:
/home/ubuntu/chipyard/sims/firesim/deploy/results-workload/2026-05-07--06-06-43-rerocc-lc-linux-coupleddma-bertmini-pipeline-runtime-batch8-fileonly-sync-pairdummy-gdbserver-f2-gemmini-rerocc-pairmanager-dummy8x8-4c12p12-sbus64-linux-bertmini-batch8-fileonly-sync-gdbserver-cfg32-nic-notrace/
This run's log is located in:
/home/ubuntu/chipyard/sims/firesim/deploy/logs/2026-05-07--06-06-43-runworkload-64PKSLYK439BGTYJ.log
This status will update every 10s.
--------------------------------------------------------------------------------
Instances
--------------------------------------------------------------------------------
Hostname/IP: 192.168.1.68 | Terminated: [33mFalse[0m
--------------------------------------------------------------------------------
Simulated Switches
--------------------------------------------------------------------------------
Hostname/IP: 192.168.1.68 | Switch name: switch0 | Switch running: [32mTrue [0m
--------------------------------------------------------------------------------
Simulated Pipes
--------------------------------------------------------------------------------
--------------------------------------------------------------------------------
Simulated Nodes/Jobs
--------------------------------------------------------------------------------
Hostname/IP: 192.168.1.68 | Job: rerocc-lc-linux-coupleddma-bertmini-pipeline-runtime-batch8-fileonly-sync-pairdummy-gdbserver0 | Sim running: [33mTrue [0m
--------------------------------------------------------------------------------
Summary
--------------------------------------------------------------------------------
1/1 instances are still running.
1/1 simulations are still running.
--------------------------------------------------------------------------------
[2J
FireSim Simulation Status @ 2026-05-07 06:13:47.759689
--------------------------------------------------------------------------------
This workload's output is located in:
/home/ubuntu/chipyard/sims/firesim/deploy/results-workload/2026-05-07--06-06-43-rerocc-lc-linux-coupleddma-bertmini-pipeline-runtime-batch8-fileonly-sync-pairdummy-gdbserver-f2-gemmini-rerocc-pairmanager-dummy8x8-4c12p12-sbus64-linux-bertmini-batch8-fileonly-sync-gdbserver-cfg32-nic-notrace/
This run's log is located in:
/home/ubuntu/chipyard/sims/firesim/deploy/logs/2026-05-07--06-06-43-runworkload-64PKSLYK439BGTYJ.log
This status will update every 10s.
--------------------------------------------------------------------------------
Instances
--------------------------------------------------------------------------------
Hostname/IP: 192.168.1.68 | Terminated: [33mFalse[0m
--------------------------------------------------------------------------------
Simulated Switches
--------------------------------------------------------------------------------
Hostname/IP: 192.168.1.68 | Switch name: switch0 | Switch running: [32mTrue [0m
--------------------------------------------------------------------------------
Simulated Pipes
--------------------------------------------------------------------------------
--------------------------------------------------------------------------------
Simulated Nodes/Jobs
--------------------------------------------------------------------------------
Hostname/IP: 192.168.1.68 | Job: rerocc-lc-linux-coupleddma-bertmini-pipeline-runtime-batch8-fileonly-sync-pairdummy-gdbserver0 | Sim running: [33mTrue [0m
--------------------------------------------------------------------------------
Summary
--------------------------------------------------------------------------------
1/1 instances are still running.
1/1 simulations are still running.
--------------------------------------------------------------------------------
[2J
FireSim Simulation Status @ 2026-05-07 06:13:58.072201
--------------------------------------------------------------------------------
This workload's output is located in:
/home/ubuntu/chipyard/sims/firesim/deploy/results-workload/2026-05-07--06-06-43-rerocc-lc-linux-coupleddma-bertmini-pipeline-runtime-batch8-fileonly-sync-pairdummy-gdbserver-f2-gemmini-rerocc-pairmanager-dummy8x8-4c12p12-sbus64-linux-bertmini-batch8-fileonly-sync-gdbserver-cfg32-nic-notrace/
This run's log is located in:
/home/ubuntu/chipyard/sims/firesim/deploy/logs/2026-05-07--06-06-43-runworkload-64PKSLYK439BGTYJ.log
This status will update every 10s.
--------------------------------------------------------------------------------
Instances
--------------------------------------------------------------------------------
Hostname/IP: 192.168.1.68 | Terminated: [33mFalse[0m
--------------------------------------------------------------------------------
Simulated Switches
--------------------------------------------------------------------------------
Hostname/IP: 192.168.1.68 | Switch name: switch0 | Switch running: [32mTrue [0m
--------------------------------------------------------------------------------
Simulated Pipes
--------------------------------------------------------------------------------
--------------------------------------------------------------------------------
Simulated Nodes/Jobs
--------------------------------------------------------------------------------
Hostname/IP: 192.168.1.68 | Job: rerocc-lc-linux-coupleddma-bertmini-pipeline-runtime-batch8-fileonly-sync-pairdummy-gdbserver0 | Sim running: [33mTrue [0m
--------------------------------------------------------------------------------
Summary
--------------------------------------------------------------------------------
1/1 instances are still running.
1/1 simulations are still running.
--------------------------------------------------------------------------------
[prt-host-watchdog] guest-status arm observed at 2026-05-07T06:14:02Z hb='Target Cycle (fastest), Seconds Since Start' guest_status=1637
[2J
FireSim Simulation Status @ 2026-05-07 06:14:08.380515
--------------------------------------------------------------------------------
This workload's output is located in:
/home/ubuntu/chipyard/sims/firesim/deploy/results-workload/2026-05-07--06-06-43-rerocc-lc-linux-coupleddma-bertmini-pipeline-runtime-batch8-fileonly-sync-pairdummy-gdbserver-f2-gemmini-rerocc-pairmanager-dummy8x8-4c12p12-sbus64-linux-bertmini-batch8-fileonly-sync-gdbserver-cfg32-nic-notrace/
This run's log is located in:
/home/ubuntu/chipyard/sims/firesim/deploy/logs/2026-05-07--06-06-43-runworkload-64PKSLYK439BGTYJ.log
This status will update every 10s.
--------------------------------------------------------------------------------
Instances
--------------------------------------------------------------------------------
Hostname/IP: 192.168.1.68 | Terminated: [33mFalse[0m
--------------------------------------------------------------------------------
Simulated Switches
--------------------------------------------------------------------------------
Hostname/IP: 192.168.1.68 | Switch name: switch0 | Switch running: [32mTrue [0m
--------------------------------------------------------------------------------
Simulated Pipes
--------------------------------------------------------------------------------
--------------------------------------------------------------------------------
Simulated Nodes/Jobs
--------------------------------------------------------------------------------
Hostname/IP: 192.168.1.68 | Job: rerocc-lc-linux-coupleddma-bertmini-pipeline-runtime-batch8-fileonly-sync-pairdummy-gdbserver0 | Sim running: [33mTrue [0m
--------------------------------------------------------------------------------
Summary
--------------------------------------------------------------------------------
1/1 instances are still running.
1/1 simulations are still running.
--------------------------------------------------------------------------------
[2J
FireSim Simulation Status @ 2026-05-07 06:14:18.699043
--------------------------------------------------------------------------------
This workload's output is located in:
/home/ubuntu/chipyard/sims/firesim/deploy/results-workload/2026-05-07--06-06-43-rerocc-lc-linux-coupleddma-bertmini-pipeline-runtime-batch8-fileonly-sync-pairdummy-gdbserver-f2-gemmini-rerocc-pairmanager-dummy8x8-4c12p12-sbus64-linux-bertmini-batch8-fileonly-sync-gdbserver-cfg32-nic-notrace/
This run's log is located in:
/home/ubuntu/chipyard/sims/firesim/deploy/logs/2026-05-07--06-06-43-runworkload-64PKSLYK439BGTYJ.log
This status will update every 10s.
--------------------------------------------------------------------------------
Instances
--------------------------------------------------------------------------------
Hostname/IP: 192.168.1.68 | Terminated: [33mFalse[0m
--------------------------------------------------------------------------------
Simulated Switches
--------------------------------------------------------------------------------
Hostname/IP: 192.168.1.68 | Switch name: switch0 | Switch running: [32mTrue [0m
--------------------------------------------------------------------------------
Simulated Pipes
--------------------------------------------------------------------------------
--------------------------------------------------------------------------------
Simulated Nodes/Jobs
--------------------------------------------------------------------------------
Hostname/IP: 192.168.1.68 | Job: rerocc-lc-linux-coupleddma-bertmini-pipeline-runtime-batch8-fileonly-sync-pairdummy-gdbserver0 | Sim running: [33mTrue [0m
--------------------------------------------------------------------------------
Summary
--------------------------------------------------------------------------------
1/1 instances are still running.
1/1 simulations are still running.
--------------------------------------------------------------------------------
[2J
FireSim Simulation Status @ 2026-05-07 06:14:29.017303
--------------------------------------------------------------------------------
This workload's output is located in:
/home/ubuntu/chipyard/sims/firesim/deploy/results-workload/2026-05-07--06-06-43-rerocc-lc-linux-coupleddma-bertmini-pipeline-runtime-batch8-fileonly-sync-pairdummy-gdbserver-f2-gemmini-rerocc-pairmanager-dummy8x8-4c12p12-sbus64-linux-bertmini-batch8-fileonly-sync-gdbserver-cfg32-nic-notrace/
This run's log is located in:
/home/ubuntu/chipyard/sims/firesim/deploy/logs/2026-05-07--06-06-43-runworkload-64PKSLYK439BGTYJ.log
This status will update every 10s.
--------------------------------------------------------------------------------
Instances
--------------------------------------------------------------------------------
Hostname/IP: 192.168.1.68 | Terminated: [33mFalse[0m
--------------------------------------------------------------------------------
Simulated Switches
--------------------------------------------------------------------------------
Hostname/IP: 192.168.1.68 | Switch name: switch0 | Switch running: [32mTrue [0m
--------------------------------------------------------------------------------
Simulated Pipes
--------------------------------------------------------------------------------
--------------------------------------------------------------------------------
Simulated Nodes/Jobs
--------------------------------------------------------------------------------
Hostname/IP: 192.168.1.68 | Job: rerocc-lc-linux-coupleddma-bertmini-pipeline-runtime-batch8-fileonly-sync-pairdummy-gdbserver0 | Sim running: [33mTrue [0m
--------------------------------------------------------------------------------
Summary
--------------------------------------------------------------------------------
1/1 instances are still running.
1/1 simulations are still running.
--------------------------------------------------------------------------------
[prt-host-watchdog] progress hb='Target Cycle (fastest), Seconds Since Start' uart=16723 guest_log=0 guest_sparse=1286 guest_checkpoint=0 guest_trigger=0 guest_status=1637 guest_proc=1284 guest_runner=0 guest_runner_post=363 guest_runner_early=0 guest_binary=0 guest_runner_proc=0
[prt-host-watchdog] hb='Target Cycle (fastest), Seconds Since Start' idle=0s hb_idle=32s uart=16723 guest_log=0 guest_sparse=1286 guest_checkpoint=0 guest_trigger=0 guest_status=1637 guest_proc=1284 guest_runner=0 guest_runner_post=363 guest_runner_early=0 guest_binary=0 guest_runner_proc=0
[2J
FireSim Simulation Status @ 2026-05-07 06:14:39.321317
--------------------------------------------------------------------------------
This workload's output is located in:
/home/ubuntu/chipyard/sims/firesim/deploy/results-workload/2026-05-07--06-06-43-rerocc-lc-linux-coupleddma-bertmini-pipeline-runtime-batch8-fileonly-sync-pairdummy-gdbserver-f2-gemmini-rerocc-pairmanager-dummy8x8-4c12p12-sbus64-linux-bertmini-batch8-fileonly-sync-gdbserver-cfg32-nic-notrace/
This run's log is located in:
/home/ubuntu/chipyard/sims/firesim/deploy/logs/2026-05-07--06-06-43-runworkload-64PKSLYK439BGTYJ.log
This status will update every 10s.
--------------------------------------------------------------------------------
Instances
--------------------------------------------------------------------------------
Hostname/IP: 192.168.1.68 | Terminated: [33mFalse[0m
--------------------------------------------------------------------------------
Simulated Switches
--------------------------------------------------------------------------------
Hostname/IP: 192.168.1.68 | Switch name: switch0 | Switch running: [32mTrue [0m
--------------------------------------------------------------------------------
Simulated Pipes
--------------------------------------------------------------------------------
--------------------------------------------------------------------------------
Simulated Nodes/Jobs
--------------------------------------------------------------------------------
Hostname/IP: 192.168.1.68 | Job: rerocc-lc-linux-coupleddma-bertmini-pipeline-runtime-batch8-fileonly-sync-pairdummy-gdbserver0 | Sim running: [33mTrue [0m
--------------------------------------------------------------------------------
Summary
--------------------------------------------------------------------------------
1/1 instances are still running.
1/1 simulations are still running.
--------------------------------------------------------------------------------
[2J
FireSim Simulation Status @ 2026-05-07 06:14:49.639615
--------------------------------------------------------------------------------
This workload's output is located in:
/home/ubuntu/chipyard/sims/firesim/deploy/results-workload/2026-05-07--06-06-43-rerocc-lc-linux-coupleddma-bertmini-pipeline-runtime-batch8-fileonly-sync-pairdummy-gdbserver-f2-gemmini-rerocc-pairmanager-dummy8x8-4c12p12-sbus64-linux-bertmini-batch8-fileonly-sync-gdbserver-cfg32-nic-notrace/
This run's log is located in:
/home/ubuntu/chipyard/sims/firesim/deploy/logs/2026-05-07--06-06-43-runworkload-64PKSLYK439BGTYJ.log
This status will update every 10s.
--------------------------------------------------------------------------------
Instances
--------------------------------------------------------------------------------
Hostname/IP: 192.168.1.68 | Terminated: [33mFalse[0m
--------------------------------------------------------------------------------
Simulated Switches
--------------------------------------------------------------------------------
Hostname/IP: 192.168.1.68 | Switch name: switch0 | Switch running: [32mTrue [0m
--------------------------------------------------------------------------------
Simulated Pipes
--------------------------------------------------------------------------------
--------------------------------------------------------------------------------
Simulated Nodes/Jobs
--------------------------------------------------------------------------------
Hostname/IP: 192.168.1.68 | Job: rerocc-lc-linux-coupleddma-bertmini-pipeline-runtime-batch8-fileonly-sync-pairdummy-gdbserver0 | Sim running: [33mTrue [0m
--------------------------------------------------------------------------------
Summary
--------------------------------------------------------------------------------
1/1 instances are still running.
1/1 simulations are still running.
--------------------------------------------------------------------------------
[2J
FireSim Simulation Status @ 2026-05-07 06:14:59.946639
--------------------------------------------------------------------------------
This workload's output is located in:
/home/ubuntu/chipyard/sims/firesim/deploy/results-workload/2026-05-07--06-06-43-rerocc-lc-linux-coupleddma-bertmini-pipeline-runtime-batch8-fileonly-sync-pairdummy-gdbserver-f2-gemmini-rerocc-pairmanager-dummy8x8-4c12p12-sbus64-linux-bertmini-batch8-fileonly-sync-gdbserver-cfg32-nic-notrace/
This run's log is located in:
/home/ubuntu/chipyard/sims/firesim/deploy/logs/2026-05-07--06-06-43-runworkload-64PKSLYK439BGTYJ.log
This status will update every 10s.
--------------------------------------------------------------------------------
Instances
--------------------------------------------------------------------------------
Hostname/IP: 192.168.1.68 | Terminated: [33mFalse[0m
--------------------------------------------------------------------------------
Simulated Switches
--------------------------------------------------------------------------------
Hostname/IP: 192.168.1.68 | Switch name: switch0 | Switch running: [32mTrue [0m
--------------------------------------------------------------------------------
Simulated Pipes
--------------------------------------------------------------------------------
--------------------------------------------------------------------------------
Simulated Nodes/Jobs
--------------------------------------------------------------------------------
Hostname/IP: 192.168.1.68 | Job: rerocc-lc-linux-coupleddma-bertmini-pipeline-runtime-batch8-fileonly-sync-pairdummy-gdbserver0 | Sim running: [33mTrue [0m
--------------------------------------------------------------------------------
Summary
--------------------------------------------------------------------------------
1/1 instances are still running.
1/1 simulations are still running.
--------------------------------------------------------------------------------
[prt-host-watchdog] progress hb='Target Cycle (fastest), Seconds Since Start' uart=16821 guest_log=0 guest_sparse=3380 guest_checkpoint=0 guest_trigger=0 guest_status=1637 guest_proc=2574 guest_runner=395 guest_runner_post=433 guest_runner_early=487 guest_binary=0 guest_runner_proc=5200
[prt-host-watchdog] hb='Target Cycle (fastest), Seconds Since Start' idle=0s hb_idle=63s uart=16821 guest_log=0 guest_sparse=3380 guest_checkpoint=0 guest_trigger=0 guest_status=1637 guest_proc=2574 guest_runner=395 guest_runner_post=433 guest_runner_early=487 guest_binary=0 guest_runner_proc=5200
[2J
FireSim Simulation Status @ 2026-05-07 06:15:10.253632
--------------------------------------------------------------------------------
This workload's output is located in:
/home/ubuntu/chipyard/sims/firesim/deploy/results-workload/2026-05-07--06-06-43-rerocc-lc-linux-coupleddma-bertmini-pipeline-runtime-batch8-fileonly-sync-pairdummy-gdbserver-f2-gemmini-rerocc-pairmanager-dummy8x8-4c12p12-sbus64-linux-bertmini-batch8-fileonly-sync-gdbserver-cfg32-nic-notrace/
This run's log is located in:
/home/ubuntu/chipyard/sims/firesim/deploy/logs/2026-05-07--06-06-43-runworkload-64PKSLYK439BGTYJ.log
This status will update every 10s.
--------------------------------------------------------------------------------
Instances
--------------------------------------------------------------------------------
Hostname/IP: 192.168.1.68 | Terminated: [33mFalse[0m
--------------------------------------------------------------------------------
Simulated Switches
--------------------------------------------------------------------------------
Hostname/IP: 192.168.1.68 | Switch name: switch0 | Switch running: [32mTrue [0m
--------------------------------------------------------------------------------
Simulated Pipes
--------------------------------------------------------------------------------
--------------------------------------------------------------------------------
Simulated Nodes/Jobs
--------------------------------------------------------------------------------
Hostname/IP: 192.168.1.68 | Job: rerocc-lc-linux-coupleddma-bertmini-pipeline-runtime-batch8-fileonly-sync-pairdummy-gdbserver0 | Sim running: [33mTrue [0m
--------------------------------------------------------------------------------
Summary
--------------------------------------------------------------------------------
1/1 instances are still running.
1/1 simulations are still running.
--------------------------------------------------------------------------------
[2J
FireSim Simulation Status @ 2026-05-07 06:15:20.561691
--------------------------------------------------------------------------------
This workload's output is located in:
/home/ubuntu/chipyard/sims/firesim/deploy/results-workload/2026-05-07--06-06-43-rerocc-lc-linux-coupleddma-bertmini-pipeline-runtime-batch8-fileonly-sync-pairdummy-gdbserver-f2-gemmini-rerocc-pairmanager-dummy8x8-4c12p12-sbus64-linux-bertmini-batch8-fileonly-sync-gdbserver-cfg32-nic-notrace/
This run's log is located in:
/home/ubuntu/chipyard/sims/firesim/deploy/logs/2026-05-07--06-06-43-runworkload-64PKSLYK439BGTYJ.log
This status will update every 10s.
--------------------------------------------------------------------------------
Instances
--------------------------------------------------------------------------------
Hostname/IP: 192.168.1.68 | Terminated: [33mFalse[0m
--------------------------------------------------------------------------------
Simulated Switches
--------------------------------------------------------------------------------
Hostname/IP: 192.168.1.68 | Switch name: switch0 | Switch running: [32mTrue [0m
--------------------------------------------------------------------------------
Simulated Pipes
--------------------------------------------------------------------------------
--------------------------------------------------------------------------------
Simulated Nodes/Jobs
--------------------------------------------------------------------------------
Hostname/IP: 192.168.1.68 | Job: rerocc-lc-linux-coupleddma-bertmini-pipeline-runtime-batch8-fileonly-sync-pairdummy-gdbserver0 | Sim running: [33mTrue [0m
--------------------------------------------------------------------------------
Summary
--------------------------------------------------------------------------------
1/1 instances are still running.
1/1 simulations are still running.
--------------------------------------------------------------------------------
[2J
FireSim Simulation Status @ 2026-05-07 06:15:30.874928
--------------------------------------------------------------------------------
This workload's output is located in:
/home/ubuntu/chipyard/sims/firesim/deploy/results-workload/2026-05-07--06-06-43-rerocc-lc-linux-coupleddma-bertmini-pipeline-runtime-batch8-fileonly-sync-pairdummy-gdbserver-f2-gemmini-rerocc-pairmanager-dummy8x8-4c12p12-sbus64-linux-bertmini-batch8-fileonly-sync-gdbserver-cfg32-nic-notrace/
This run's log is located in:
/home/ubuntu/chipyard/sims/firesim/deploy/logs/2026-05-07--06-06-43-runworkload-64PKSLYK439BGTYJ.log
This status will update every 10s.
--------------------------------------------------------------------------------
Instances
--------------------------------------------------------------------------------
Hostname/IP: 192.168.1.68 | Terminated: [33mFalse[0m
--------------------------------------------------------------------------------
Simulated Switches
--------------------------------------------------------------------------------
Hostname/IP: 192.168.1.68 | Switch name: switch0 | Switch running: [32mTrue [0m
--------------------------------------------------------------------------------
Simulated Pipes
--------------------------------------------------------------------------------
--------------------------------------------------------------------------------
Simulated Nodes/Jobs
--------------------------------------------------------------------------------
Hostname/IP: 192.168.1.68 | Job: rerocc-lc-linux-coupleddma-bertmini-pipeline-runtime-batch8-fileonly-sync-pairdummy-gdbserver0 | Sim running: [33mTrue [0m
--------------------------------------------------------------------------------
Summary
--------------------------------------------------------------------------------
1/1 instances are still running.
1/1 simulations are still running.
--------------------------------------------------------------------------------
[prt-host-watchdog] progress hb='Target Cycle (fastest), Seconds Since Start' uart=16918 guest_log=0 guest_sparse=3380 guest_checkpoint=0 guest_trigger=0 guest_status=1637 guest_proc=2574 guest_runner=596 guest_runner_post=433 guest_runner_early=487 guest_binary=0 guest_runner_proc=11474
[prt-host-watchdog] hb='Target Cycle (fastest), Seconds Since Start' idle=0s hb_idle=94s uart=16918 guest_log=0 guest_sparse=3380 guest_checkpoint=0 guest_trigger=0 guest_status=1637 guest_proc=2574 guest_runner=596 guest_runner_post=433 guest_runner_early=487 guest_binary=0 guest_runner_proc=11474
[2J
FireSim Simulation Status @ 2026-05-07 06:15:41.180487
--------------------------------------------------------------------------------
This workload's output is located in:
/home/ubuntu/chipyard/sims/firesim/deploy/results-workload/2026-05-07--06-06-43-rerocc-lc-linux-coupleddma-bertmini-pipeline-runtime-batch8-fileonly-sync-pairdummy-gdbserver-f2-gemmini-rerocc-pairmanager-dummy8x8-4c12p12-sbus64-linux-bertmini-batch8-fileonly-sync-gdbserver-cfg32-nic-notrace/
This run's log is located in:
/home/ubuntu/chipyard/sims/firesim/deploy/logs/2026-05-07--06-06-43-runworkload-64PKSLYK439BGTYJ.log
This status will update every 10s.
--------------------------------------------------------------------------------
Instances
--------------------------------------------------------------------------------
Hostname/IP: 192.168.1.68 | Terminated: [33mFalse[0m
--------------------------------------------------------------------------------
Simulated Switches
--------------------------------------------------------------------------------
Hostname/IP: 192.168.1.68 | Switch name: switch0 | Switch running: [32mTrue [0m
--------------------------------------------------------------------------------
Simulated Pipes
--------------------------------------------------------------------------------
--------------------------------------------------------------------------------
Simulated Nodes/Jobs
--------------------------------------------------------------------------------
Hostname/IP: 192.168.1.68 | Job: rerocc-lc-linux-coupleddma-bertmini-pipeline-runtime-batch8-fileonly-sync-pairdummy-gdbserver0 | Sim running: [33mTrue [0m
--------------------------------------------------------------------------------
Summary
--------------------------------------------------------------------------------
1/1 instances are still running.
1/1 simulations are still running.
--------------------------------------------------------------------------------
[2J
FireSim Simulation Status @ 2026-05-07 06:15:51.485752
--------------------------------------------------------------------------------
This workload's output is located in:
/home/ubuntu/chipyard/sims/firesim/deploy/results-workload/2026-05-07--06-06-43-rerocc-lc-linux-coupleddma-bertmini-pipeline-runtime-batch8-fileonly-sync-pairdummy-gdbserver-f2-gemmini-rerocc-pairmanager-dummy8x8-4c12p12-sbus64-linux-bertmini-batch8-fileonly-sync-gdbserver-cfg32-nic-notrace/
This run's log is located in:
/home/ubuntu/chipyard/sims/firesim/deploy/logs/2026-05-07--06-06-43-runworkload-64PKSLYK439BGTYJ.log
This status will update every 10s.
--------------------------------------------------------------------------------
Instances
--------------------------------------------------------------------------------
Hostname/IP: 192.168.1.68 | Terminated: [33mFalse[0m
--------------------------------------------------------------------------------
Simulated Switches
--------------------------------------------------------------------------------
Hostname/IP: 192.168.1.68 | Switch name: switch0 | Switch running: [32mTrue [0m
--------------------------------------------------------------------------------
Simulated Pipes
--------------------------------------------------------------------------------
--------------------------------------------------------------------------------
Simulated Nodes/Jobs
--------------------------------------------------------------------------------
Hostname/IP: 192.168.1.68 | Job: rerocc-lc-linux-coupleddma-bertmini-pipeline-runtime-batch8-fileonly-sync-pairdummy-gdbserver0 | Sim running: [33mTrue [0m
--------------------------------------------------------------------------------
Summary
--------------------------------------------------------------------------------
1/1 instances are still running.
1/1 simulations are still running.
--------------------------------------------------------------------------------
[2J
FireSim Simulation Status @ 2026-05-07 06:16:01.790596
--------------------------------------------------------------------------------
This workload's output is located in:
/home/ubuntu/chipyard/sims/firesim/deploy/results-workload/2026-05-07--06-06-43-rerocc-lc-linux-coupleddma-bertmini-pipeline-runtime-batch8-fileonly-sync-pairdummy-gdbserver-f2-gemmini-rerocc-pairmanager-dummy8x8-4c12p12-sbus64-linux-bertmini-batch8-fileonly-sync-gdbserver-cfg32-nic-notrace/
This run's log is located in:
/home/ubuntu/chipyard/sims/firesim/deploy/logs/2026-05-07--06-06-43-runworkload-64PKSLYK439BGTYJ.log
This status will update every 10s.
--------------------------------------------------------------------------------
Instances
--------------------------------------------------------------------------------
Hostname/IP: 192.168.1.68 | Terminated: [33mFalse[0m
--------------------------------------------------------------------------------
Simulated Switches
--------------------------------------------------------------------------------
Hostname/IP: 192.168.1.68 | Switch name: switch0 | Switch running: [32mTrue [0m
--------------------------------------------------------------------------------
Simulated Pipes
--------------------------------------------------------------------------------
--------------------------------------------------------------------------------
Simulated Nodes/Jobs
--------------------------------------------------------------------------------
Hostname/IP: 192.168.1.68 | Job: rerocc-lc-linux-coupleddma-bertmini-pipeline-runtime-batch8-fileonly-sync-pairdummy-gdbserver0 | Sim running: [33mTrue [0m
--------------------------------------------------------------------------------
Summary
--------------------------------------------------------------------------------
1/1 instances are still running.
1/1 simulations are still running.
--------------------------------------------------------------------------------
[prt-host-watchdog] hb='Target Cycle (fastest), Seconds Since Start' idle=31s hb_idle=125s uart=16918 guest_log=0 guest_sparse=3380 guest_checkpoint=0 guest_trigger=0 guest_status=1637 guest_proc=2574 guest_runner=596 guest_runner_post=433 guest_runner_early=487 guest_binary=0 guest_runner_proc=11474
[2J
FireSim Simulation Status @ 2026-05-07 06:16:12.096689
--------------------------------------------------------------------------------
This workload's output is located in:
/home/ubuntu/chipyard/sims/firesim/deploy/results-workload/2026-05-07--06-06-43-rerocc-lc-linux-coupleddma-bertmini-pipeline-runtime-batch8-fileonly-sync-pairdummy-gdbserver-f2-gemmini-rerocc-pairmanager-dummy8x8-4c12p12-sbus64-linux-bertmini-batch8-fileonly-sync-gdbserver-cfg32-nic-notrace/
This run's log is located in:
/home/ubuntu/chipyard/sims/firesim/deploy/logs/2026-05-07--06-06-43-runworkload-64PKSLYK439BGTYJ.log
This status will update every 10s.
--------------------------------------------------------------------------------
Instances
--------------------------------------------------------------------------------
Hostname/IP: 192.168.1.68 | Terminated: [33mFalse[0m
--------------------------------------------------------------------------------
Simulated Switches
--------------------------------------------------------------------------------
Hostname/IP: 192.168.1.68 | Switch name: switch0 | Switch running: [32mTrue [0m
--------------------------------------------------------------------------------
Simulated Pipes
--------------------------------------------------------------------------------
--------------------------------------------------------------------------------
Simulated Nodes/Jobs
--------------------------------------------------------------------------------
Hostname/IP: 192.168.1.68 | Job: rerocc-lc-linux-coupleddma-bertmini-pipeline-runtime-batch8-fileonly-sync-pairdummy-gdbserver0 | Sim running: [33mTrue [0m
--------------------------------------------------------------------------------
Summary
--------------------------------------------------------------------------------
1/1 instances are still running.
1/1 simulations are still running.
--------------------------------------------------------------------------------
[2J
FireSim Simulation Status @ 2026-05-07 06:16:22.399314
--------------------------------------------------------------------------------
This workload's output is located in:
/home/ubuntu/chipyard/sims/firesim/deploy/results-workload/2026-05-07--06-06-43-rerocc-lc-linux-coupleddma-bertmini-pipeline-runtime-batch8-fileonly-sync-pairdummy-gdbserver-f2-gemmini-rerocc-pairmanager-dummy8x8-4c12p12-sbus64-linux-bertmini-batch8-fileonly-sync-gdbserver-cfg32-nic-notrace/
This run's log is located in:
/home/ubuntu/chipyard/sims/firesim/deploy/logs/2026-05-07--06-06-43-runworkload-64PKSLYK439BGTYJ.log
This status will update every 10s.
--------------------------------------------------------------------------------
Instances
--------------------------------------------------------------------------------
Hostname/IP: 192.168.1.68 | Terminated: [33mFalse[0m
--------------------------------------------------------------------------------
Simulated Switches
--------------------------------------------------------------------------------
Hostname/IP: 192.168.1.68 | Switch name: switch0 | Switch running: [32mTrue [0m
--------------------------------------------------------------------------------
Simulated Pipes
--------------------------------------------------------------------------------
--------------------------------------------------------------------------------
Simulated Nodes/Jobs
--------------------------------------------------------------------------------
Hostname/IP: 192.168.1.68 | Job: rerocc-lc-linux-coupleddma-bertmini-pipeline-runtime-batch8-fileonly-sync-pairdummy-gdbserver0 | Sim running: [33mTrue [0m
--------------------------------------------------------------------------------
Summary
--------------------------------------------------------------------------------
1/1 instances are still running.
1/1 simulations are still running.
--------------------------------------------------------------------------------
[2J
FireSim Simulation Status @ 2026-05-07 06:16:32.708063
--------------------------------------------------------------------------------
This workload's output is located in:
/home/ubuntu/chipyard/sims/firesim/deploy/results-workload/2026-05-07--06-06-43-rerocc-lc-linux-coupleddma-bertmini-pipeline-runtime-batch8-fileonly-sync-pairdummy-gdbserver-f2-gemmini-rerocc-pairmanager-dummy8x8-4c12p12-sbus64-linux-bertmini-batch8-fileonly-sync-gdbserver-cfg32-nic-notrace/
This run's log is located in:
/home/ubuntu/chipyard/sims/firesim/deploy/logs/2026-05-07--06-06-43-runworkload-64PKSLYK439BGTYJ.log
This status will update every 10s.
--------------------------------------------------------------------------------
Instances
--------------------------------------------------------------------------------
Hostname/IP: 192.168.1.68 | Terminated: [33mFalse[0m
--------------------------------------------------------------------------------
Simulated Switches
--------------------------------------------------------------------------------
Hostname/IP: 192.168.1.68 | Switch name: switch0 | Switch running: [32mTrue [0m
--------------------------------------------------------------------------------
Simulated Pipes
--------------------------------------------------------------------------------
--------------------------------------------------------------------------------
Simulated Nodes/Jobs
--------------------------------------------------------------------------------
Hostname/IP: 192.168.1.68 | Job: rerocc-lc-linux-coupleddma-bertmini-pipeline-runtime-batch8-fileonly-sync-pairdummy-gdbserver0 | Sim running: [33mTrue [0m
--------------------------------------------------------------------------------
Summary
--------------------------------------------------------------------------------
1/1 instances are still running.
1/1 simulations are still running.
--------------------------------------------------------------------------------
[prt-host-watchdog] hb='Target Cycle (fastest), Seconds Since Start' idle=63s hb_idle=157s uart=16918 guest_log=0 guest_sparse=3380 guest_checkpoint=0 guest_trigger=0 guest_status=1637 guest_proc=2574 guest_runner=596 guest_runner_post=433 guest_runner_early=487 guest_binary=0 guest_runner_proc=11474
[2J
FireSim Simulation Status @ 2026-05-07 06:16:43.016344
--------------------------------------------------------------------------------
This workload's output is located in:
/home/ubuntu/chipyard/sims/firesim/deploy/results-workload/2026-05-07--06-06-43-rerocc-lc-linux-coupleddma-bertmini-pipeline-runtime-batch8-fileonly-sync-pairdummy-gdbserver-f2-gemmini-rerocc-pairmanager-dummy8x8-4c12p12-sbus64-linux-bertmini-batch8-fileonly-sync-gdbserver-cfg32-nic-notrace/
This run's log is located in:
/home/ubuntu/chipyard/sims/firesim/deploy/logs/2026-05-07--06-06-43-runworkload-64PKSLYK439BGTYJ.log
This status will update every 10s.
--------------------------------------------------------------------------------
Instances
--------------------------------------------------------------------------------
Hostname/IP: 192.168.1.68 | Terminated: [33mFalse[0m
--------------------------------------------------------------------------------
Simulated Switches
--------------------------------------------------------------------------------
Hostname/IP: 192.168.1.68 | Switch name: switch0 | Switch running: [32mTrue [0m
--------------------------------------------------------------------------------
Simulated Pipes
--------------------------------------------------------------------------------
--------------------------------------------------------------------------------
Simulated Nodes/Jobs
--------------------------------------------------------------------------------
Hostname/IP: 192.168.1.68 | Job: rerocc-lc-linux-coupleddma-bertmini-pipeline-runtime-batch8-fileonly-sync-pairdummy-gdbserver0 | Sim running: [33mTrue [0m
--------------------------------------------------------------------------------
Summary
--------------------------------------------------------------------------------
1/1 instances are still running.
1/1 simulations are still running.
--------------------------------------------------------------------------------
[2J
FireSim Simulation Status @ 2026-05-07 06:16:53.334725
--------------------------------------------------------------------------------
This workload's output is located in:
/home/ubuntu/chipyard/sims/firesim/deploy/results-workload/2026-05-07--06-06-43-rerocc-lc-linux-coupleddma-bertmini-pipeline-runtime-batch8-fileonly-sync-pairdummy-gdbserver-f2-gemmini-rerocc-pairmanager-dummy8x8-4c12p12-sbus64-linux-bertmini-batch8-fileonly-sync-gdbserver-cfg32-nic-notrace/
This run's log is located in:
/home/ubuntu/chipyard/sims/firesim/deploy/logs/2026-05-07--06-06-43-runworkload-64PKSLYK439BGTYJ.log
This status will update every 10s.
--------------------------------------------------------------------------------
Instances
--------------------------------------------------------------------------------
Hostname/IP: 192.168.1.68 | Terminated: [33mFalse[0m
--------------------------------------------------------------------------------
Simulated Switches
--------------------------------------------------------------------------------
Hostname/IP: 192.168.1.68 | Switch name: switch0 | Switch running: [32mTrue [0m
--------------------------------------------------------------------------------
Simulated Pipes
--------------------------------------------------------------------------------
--------------------------------------------------------------------------------
Simulated Nodes/Jobs
--------------------------------------------------------------------------------
Hostname/IP: 192.168.1.68 | Job: rerocc-lc-linux-coupleddma-bertmini-pipeline-runtime-batch8-fileonly-sync-pairdummy-gdbserver0 | Sim running: [33mTrue [0m
--------------------------------------------------------------------------------
Summary
--------------------------------------------------------------------------------
1/1 instances are still running.
1/1 simulations are still running.
--------------------------------------------------------------------------------
[2J
FireSim Simulation Status @ 2026-05-07 06:17:03.885048
--------------------------------------------------------------------------------
This workload's output is located in:
/home/ubuntu/chipyard/sims/firesim/deploy/results-workload/2026-05-07--06-06-43-rerocc-lc-linux-coupleddma-bertmini-pipeline-runtime-batch8-fileonly-sync-pairdummy-gdbserver-f2-gemmini-rerocc-pairmanager-dummy8x8-4c12p12-sbus64-linux-bertmini-batch8-fileonly-sync-gdbserver-cfg32-nic-notrace/
This run's log is located in:
/home/ubuntu/chipyard/sims/firesim/deploy/logs/2026-05-07--06-06-43-runworkload-64PKSLYK439BGTYJ.log
This status will update every 10s.
--------------------------------------------------------------------------------
Instances
--------------------------------------------------------------------------------
Hostname/IP: 192.168.1.68 | Terminated: [33mFalse[0m
--------------------------------------------------------------------------------
Simulated Switches
--------------------------------------------------------------------------------
Hostname/IP: 192.168.1.68 | Switch name: switch0 | Switch running: [32mTrue [0m
--------------------------------------------------------------------------------
Simulated Pipes
--------------------------------------------------------------------------------
--------------------------------------------------------------------------------
Simulated Nodes/Jobs
--------------------------------------------------------------------------------
Hostname/IP: 192.168.1.68 | Job: rerocc-lc-linux-coupleddma-bertmini-pipeline-runtime-batch8-fileonly-sync-pairdummy-gdbserver0 | Sim running: [33mTrue [0m
--------------------------------------------------------------------------------
Summary
--------------------------------------------------------------------------------
1/1 instances are still running.
1/1 simulations are still running.
--------------------------------------------------------------------------------
[prt-host-watchdog] hb='Target Cycle (fastest), Seconds Since Start' idle=94s hb_idle=188s uart=16918 guest_log=0 guest_sparse=3380 guest_checkpoint=0 guest_trigger=0 guest_status=1637 guest_proc=2574 guest_runner=596 guest_runner_post=433 guest_runner_early=487 guest_binary=0 guest_runner_proc=11474
[2J
FireSim Simulation Status @ 2026-05-07 06:17:14.174458
--------------------------------------------------------------------------------
This workload's output is located in:
/home/ubuntu/chipyard/sims/firesim/deploy/results-workload/2026-05-07--06-06-43-rerocc-lc-linux-coupleddma-bertmini-pipeline-runtime-batch8-fileonly-sync-pairdummy-gdbserver-f2-gemmini-rerocc-pairmanager-dummy8x8-4c12p12-sbus64-linux-bertmini-batch8-fileonly-sync-gdbserver-cfg32-nic-notrace/
This run's log is located in:
/home/ubuntu/chipyard/sims/firesim/deploy/logs/2026-05-07--06-06-43-runworkload-64PKSLYK439BGTYJ.log
This status will update every 10s.
--------------------------------------------------------------------------------
Instances
--------------------------------------------------------------------------------
Hostname/IP: 192.168.1.68 | Terminated: [33mFalse[0m
--------------------------------------------------------------------------------
Simulated Switches
--------------------------------------------------------------------------------
Hostname/IP: 192.168.1.68 | Switch name: switch0 | Switch running: [32mTrue [0m
--------------------------------------------------------------------------------
Simulated Pipes
--------------------------------------------------------------------------------
--------------------------------------------------------------------------------
Simulated Nodes/Jobs
--------------------------------------------------------------------------------
Hostname/IP: 192.168.1.68 | Job: rerocc-lc-linux-coupleddma-bertmini-pipeline-runtime-batch8-fileonly-sync-pairdummy-gdbserver0 | Sim running: [33mTrue [0m
--------------------------------------------------------------------------------
Summary
--------------------------------------------------------------------------------
1/1 instances are still running.
1/1 simulations are still running.
--------------------------------------------------------------------------------
[2J
FireSim Simulation Status @ 2026-05-07 06:17:24.480983
--------------------------------------------------------------------------------
This workload's output is located in:
/home/ubuntu/chipyard/sims/firesim/deploy/results-workload/2026-05-07--06-06-43-rerocc-lc-linux-coupleddma-bertmini-pipeline-runtime-batch8-fileonly-sync-pairdummy-gdbserver-f2-gemmini-rerocc-pairmanager-dummy8x8-4c12p12-sbus64-linux-bertmini-batch8-fileonly-sync-gdbserver-cfg32-nic-notrace/
This run's log is located in:
/home/ubuntu/chipyard/sims/firesim/deploy/logs/2026-05-07--06-06-43-runworkload-64PKSLYK439BGTYJ.log
This status will update every 10s.
--------------------------------------------------------------------------------
Instances
--------------------------------------------------------------------------------
Hostname/IP: 192.168.1.68 | Terminated: [33mFalse[0m
--------------------------------------------------------------------------------
Simulated Switches
--------------------------------------------------------------------------------
Hostname/IP: 192.168.1.68 | Switch name: switch0 | Switch running: [32mTrue [0m
--------------------------------------------------------------------------------
Simulated Pipes
--------------------------------------------------------------------------------
--------------------------------------------------------------------------------
Simulated Nodes/Jobs
--------------------------------------------------------------------------------
Hostname/IP: 192.168.1.68 | Job: rerocc-lc-linux-coupleddma-bertmini-pipeline-runtime-batch8-fileonly-sync-pairdummy-gdbserver0 | Sim running: [33mTrue [0m
--------------------------------------------------------------------------------
Summary
--------------------------------------------------------------------------------
1/1 instances are still running.
1/1 simulations are still running.
--------------------------------------------------------------------------------
[2J
FireSim Simulation Status @ 2026-05-07 06:17:34.786341
--------------------------------------------------------------------------------
This workload's output is located in:
/home/ubuntu/chipyard/sims/firesim/deploy/results-workload/2026-05-07--06-06-43-rerocc-lc-linux-coupleddma-bertmini-pipeline-runtime-batch8-fileonly-sync-pairdummy-gdbserver-f2-gemmini-rerocc-pairmanager-dummy8x8-4c12p12-sbus64-linux-bertmini-batch8-fileonly-sync-gdbserver-cfg32-nic-notrace/
This run's log is located in:
/home/ubuntu/chipyard/sims/firesim/deploy/logs/2026-05-07--06-06-43-runworkload-64PKSLYK439BGTYJ.log
This status will update every 10s.
--------------------------------------------------------------------------------
Instances
--------------------------------------------------------------------------------
Hostname/IP: 192.168.1.68 | Terminated: [33mFalse[0m
--------------------------------------------------------------------------------
Simulated Switches
--------------------------------------------------------------------------------
Hostname/IP: 192.168.1.68 | Switch name: switch0 | Switch running: [32mTrue [0m
--------------------------------------------------------------------------------
Simulated Pipes
--------------------------------------------------------------------------------
--------------------------------------------------------------------------------
Simulated Nodes/Jobs
--------------------------------------------------------------------------------
Hostname/IP: 192.168.1.68 | Job: rerocc-lc-linux-coupleddma-bertmini-pipeline-runtime-batch8-fileonly-sync-pairdummy-gdbserver0 | Sim running: [33mTrue [0m
--------------------------------------------------------------------------------
Summary
--------------------------------------------------------------------------------
1/1 instances are still running.
1/1 simulations are still running.
--------------------------------------------------------------------------------
[prt-host-watchdog] progress hb='Target Cycle (fastest), Seconds Since Start' uart=16918 guest_log=0 guest_sparse=208337 guest_checkpoint=0 guest_trigger=0 guest_status=1637 guest_proc=2574 guest_runner=596 guest_runner_post=433 guest_runner_early=487 guest_binary=0 guest_runner_proc=11474
[prt-host-watchdog] hb='Target Cycle (fastest), Seconds Since Start' idle=0s hb_idle=219s uart=16918 guest_log=0 guest_sparse=208337 guest_checkpoint=0 guest_trigger=0 guest_status=1637 guest_proc=2574 guest_runner=596 guest_runner_post=433 guest_runner_early=487 guest_binary=0 guest_runner_proc=11474
[2J
FireSim Simulation Status @ 2026-05-07 06:17:45.106100
--------------------------------------------------------------------------------
This workload's output is located in:
/home/ubuntu/chipyard/sims/firesim/deploy/results-workload/2026-05-07--06-06-43-rerocc-lc-linux-coupleddma-bertmini-pipeline-runtime-batch8-fileonly-sync-pairdummy-gdbserver-f2-gemmini-rerocc-pairmanager-dummy8x8-4c12p12-sbus64-linux-bertmini-batch8-fileonly-sync-gdbserver-cfg32-nic-notrace/
This run's log is located in:
/home/ubuntu/chipyard/sims/firesim/deploy/logs/2026-05-07--06-06-43-runworkload-64PKSLYK439BGTYJ.log
This status will update every 10s.
--------------------------------------------------------------------------------
Instances
--------------------------------------------------------------------------------
Hostname/IP: 192.168.1.68 | Terminated: [33mFalse[0m
--------------------------------------------------------------------------------
Simulated Switches
--------------------------------------------------------------------------------
Hostname/IP: 192.168.1.68 | Switch name: switch0 | Switch running: [32mTrue [0m
--------------------------------------------------------------------------------
Simulated Pipes
--------------------------------------------------------------------------------
--------------------------------------------------------------------------------
Simulated Nodes/Jobs
--------------------------------------------------------------------------------
Hostname/IP: 192.168.1.68 | Job: rerocc-lc-linux-coupleddma-bertmini-pipeline-runtime-batch8-fileonly-sync-pairdummy-gdbserver0 | Sim running: [33mTrue [0m
--------------------------------------------------------------------------------
Summary
--------------------------------------------------------------------------------
1/1 instances are still running.
1/1 simulations are still running.
--------------------------------------------------------------------------------
