[firesim-tmux] started at 2026-05-04T18:48:19Z
[firesim-tmux] working directory: /home/ubuntu/chipyard/sims/firesim/deploy
[firesim-tmux] command: firesim runworkload -c config_runtime_f2_rocket_singlecore_nic_gdbserver_smoke_notrace_clean1bp_preserve_30mhz.yaml -a config_hwdb_f2_rocket_singlecore_nic_notrace_30mhz_agfi0079_emptydriver_01e763.yaml -r config_build_recipes_f2_rocket_singlecore_nic_notrace_30mhz.yaml
[firesim-tmux] propagated FIRESIM env vars:  
[firesim-watchdog] armed timeout=10800s log=/home/ubuntu/chipyard/tmp/firesim-aws-f2/tmux/oldagfi0079-taprepair-runworkload-20260504-184818.watchdog.log
/home/ubuntu/chipyard/.conda-env/lib/python3.10/site-packages/paramiko/transport.py:178: CryptographyDeprecationWarning: Blowfish has been deprecated
  'class': algorithms.Blowfish,
FireSim Manager. Docs: https://docs.fires.im
Running: runworkload

run_farm_hosts_dict defaultdict(<class 'list'>, {'f2.6xlarge': [(<runtools.run_farm.Inst object at 0x73d1f438f850>, None)], 'f2.12xlarge': [], 'f2.48xlarge': [], 'm4.16xlarge': [], 'z1d.3xlarge': [], 'z1d.6xlarge': [], 'z1d.12xlarge': []})
set_server_hardware_config 0 None
Creating the directory: /home/ubuntu/chipyard/sims/firesim/deploy/results-workload/2026-05-04--18-48-19-rocket-singlecore-nic-gdbserver-smoke-f2-rocket-singlecore-nic-gdbserver-smoke-notrace-clean1bp-preserve/
[192.168.1.182] Checking if host instance is up...
[192.168.1.182] Starting switch simulation for switch slot: 0.
start_simulations_instance 1
[192.168.1.182] Starting FPGA simulation for slot: 0.
[192.168.1.182] Preflighting FireSim driver readiness for slot 0 (attempt 1/3).
Warning: run() received nonzero return code 1 while executing 'sudo pkill -SIGKILL FireSim-f2'!
[192.168.1.182] FireSim driver readiness preflight passed for slot 0.
start_sim_slot slotno: 0 server_id 0 remote_sim_dir /home/ubuntu/sim_slot_0/ /home/ubuntu
ul <runtools.firesim_topology_elements.FireSimLink object at 0x73d1f438ffa0>, ul.uplink_size <runtools.firesim_topology_elements.FireSimSwitchNode object at 0x73d200b7cb20>
self <runtools.firesim_topology_elements.FireSimServerNode object at 0x73d1f438fbe0> id_internal 0  [] slotno 0
[2J
FireSim Simulation Status @ 2026-05-04 18:48:31.108482
--------------------------------------------------------------------------------
This workload's output is located in:
/home/ubuntu/chipyard/sims/firesim/deploy/results-workload/2026-05-04--18-48-19-rocket-singlecore-nic-gdbserver-smoke-f2-rocket-singlecore-nic-gdbserver-smoke-notrace-clean1bp-preserve/
This run's log is located in:
/home/ubuntu/chipyard/sims/firesim/deploy/logs/2026-05-04--18-48-19-runworkload-W1Y8X74YBCBL7K1N.log
This status will update every 10s.
--------------------------------------------------------------------------------
Instances
--------------------------------------------------------------------------------
Hostname/IP: 192.168.1.182 | Terminated: [33mFalse[0m
--------------------------------------------------------------------------------
Simulated Switches
--------------------------------------------------------------------------------
Hostname/IP: 192.168.1.182 | Switch name: switch0 | Switch running: [32mTrue [0m
--------------------------------------------------------------------------------
Simulated Pipes
--------------------------------------------------------------------------------
--------------------------------------------------------------------------------
Simulated Nodes/Jobs
--------------------------------------------------------------------------------
Hostname/IP: 192.168.1.182 | Job: rocket-singlecore-nic-gdbserver-smoke0 | Sim running: [33mTrue [0m
--------------------------------------------------------------------------------
Summary
--------------------------------------------------------------------------------
1/1 instances are still running.
1/1 simulations are still running.
--------------------------------------------------------------------------------
[2J
FireSim Simulation Status @ 2026-05-04 18:48:41.415825
--------------------------------------------------------------------------------
This workload's output is located in:
/home/ubuntu/chipyard/sims/firesim/deploy/results-workload/2026-05-04--18-48-19-rocket-singlecore-nic-gdbserver-smoke-f2-rocket-singlecore-nic-gdbserver-smoke-notrace-clean1bp-preserve/
This run's log is located in:
/home/ubuntu/chipyard/sims/firesim/deploy/logs/2026-05-04--18-48-19-runworkload-W1Y8X74YBCBL7K1N.log
This status will update every 10s.
--------------------------------------------------------------------------------
Instances
--------------------------------------------------------------------------------
Hostname/IP: 192.168.1.182 | Terminated: [33mFalse[0m
--------------------------------------------------------------------------------
Simulated Switches
--------------------------------------------------------------------------------
Hostname/IP: 192.168.1.182 | Switch name: switch0 | Switch running: [32mTrue [0m
--------------------------------------------------------------------------------
Simulated Pipes
--------------------------------------------------------------------------------
--------------------------------------------------------------------------------
Simulated Nodes/Jobs
--------------------------------------------------------------------------------
Hostname/IP: 192.168.1.182 | Job: rocket-singlecore-nic-gdbserver-smoke0 | Sim running: [33mTrue [0m
--------------------------------------------------------------------------------
Summary
--------------------------------------------------------------------------------
1/1 instances are still running.
1/1 simulations are still running.
--------------------------------------------------------------------------------
[2J
FireSim Simulation Status @ 2026-05-04 18:48:51.730321
--------------------------------------------------------------------------------
This workload's output is located in:
/home/ubuntu/chipyard/sims/firesim/deploy/results-workload/2026-05-04--18-48-19-rocket-singlecore-nic-gdbserver-smoke-f2-rocket-singlecore-nic-gdbserver-smoke-notrace-clean1bp-preserve/
This run's log is located in:
/home/ubuntu/chipyard/sims/firesim/deploy/logs/2026-05-04--18-48-19-runworkload-W1Y8X74YBCBL7K1N.log
This status will update every 10s.
--------------------------------------------------------------------------------
Instances
--------------------------------------------------------------------------------
Hostname/IP: 192.168.1.182 | Terminated: [33mFalse[0m
--------------------------------------------------------------------------------
Simulated Switches
--------------------------------------------------------------------------------
Hostname/IP: 192.168.1.182 | Switch name: switch0 | Switch running: [32mTrue [0m
--------------------------------------------------------------------------------
Simulated Pipes
--------------------------------------------------------------------------------
--------------------------------------------------------------------------------
Simulated Nodes/Jobs
--------------------------------------------------------------------------------
Hostname/IP: 192.168.1.182 | Job: rocket-singlecore-nic-gdbserver-smoke0 | Sim running: [33mTrue [0m
--------------------------------------------------------------------------------
Summary
--------------------------------------------------------------------------------
1/1 instances are still running.
1/1 simulations are still running.
--------------------------------------------------------------------------------
[2J
FireSim Simulation Status @ 2026-05-04 18:49:02.047290
--------------------------------------------------------------------------------
This workload's output is located in:
/home/ubuntu/chipyard/sims/firesim/deploy/results-workload/2026-05-04--18-48-19-rocket-singlecore-nic-gdbserver-smoke-f2-rocket-singlecore-nic-gdbserver-smoke-notrace-clean1bp-preserve/
This run's log is located in:
/home/ubuntu/chipyard/sims/firesim/deploy/logs/2026-05-04--18-48-19-runworkload-W1Y8X74YBCBL7K1N.log
This status will update every 10s.
--------------------------------------------------------------------------------
Instances
--------------------------------------------------------------------------------
Hostname/IP: 192.168.1.182 | Terminated: [33mFalse[0m
--------------------------------------------------------------------------------
Simulated Switches
--------------------------------------------------------------------------------
Hostname/IP: 192.168.1.182 | Switch name: switch0 | Switch running: [32mTrue [0m
--------------------------------------------------------------------------------
Simulated Pipes
--------------------------------------------------------------------------------
--------------------------------------------------------------------------------
Simulated Nodes/Jobs
--------------------------------------------------------------------------------
Hostname/IP: 192.168.1.182 | Job: rocket-singlecore-nic-gdbserver-smoke0 | Sim running: [33mTrue [0m
--------------------------------------------------------------------------------
Summary
--------------------------------------------------------------------------------
1/1 instances are still running.
1/1 simulations are still running.
--------------------------------------------------------------------------------
[2J
FireSim Simulation Status @ 2026-05-04 18:49:12.347650
--------------------------------------------------------------------------------
This workload's output is located in:
/home/ubuntu/chipyard/sims/firesim/deploy/results-workload/2026-05-04--18-48-19-rocket-singlecore-nic-gdbserver-smoke-f2-rocket-singlecore-nic-gdbserver-smoke-notrace-clean1bp-preserve/
This run's log is located in:
/home/ubuntu/chipyard/sims/firesim/deploy/logs/2026-05-04--18-48-19-runworkload-W1Y8X74YBCBL7K1N.log
This status will update every 10s.
--------------------------------------------------------------------------------
Instances
--------------------------------------------------------------------------------
Hostname/IP: 192.168.1.182 | Terminated: [33mFalse[0m
--------------------------------------------------------------------------------
Simulated Switches
--------------------------------------------------------------------------------
Hostname/IP: 192.168.1.182 | Switch name: switch0 | Switch running: [32mTrue [0m
--------------------------------------------------------------------------------
Simulated Pipes
--------------------------------------------------------------------------------
--------------------------------------------------------------------------------
Simulated Nodes/Jobs
--------------------------------------------------------------------------------
Hostname/IP: 192.168.1.182 | Job: rocket-singlecore-nic-gdbserver-smoke0 | Sim running: [33mTrue [0m
--------------------------------------------------------------------------------
Summary
--------------------------------------------------------------------------------
1/1 instances are still running.
1/1 simulations are still running.
--------------------------------------------------------------------------------
[2J
FireSim Simulation Status @ 2026-05-04 18:49:22.898313
--------------------------------------------------------------------------------
This workload's output is located in:
/home/ubuntu/chipyard/sims/firesim/deploy/results-workload/2026-05-04--18-48-19-rocket-singlecore-nic-gdbserver-smoke-f2-rocket-singlecore-nic-gdbserver-smoke-notrace-clean1bp-preserve/
This run's log is located in:
/home/ubuntu/chipyard/sims/firesim/deploy/logs/2026-05-04--18-48-19-runworkload-W1Y8X74YBCBL7K1N.log
This status will update every 10s.
--------------------------------------------------------------------------------
Instances
--------------------------------------------------------------------------------
Hostname/IP: 192.168.1.182 | Terminated: [33mFalse[0m
--------------------------------------------------------------------------------
Simulated Switches
--------------------------------------------------------------------------------
Hostname/IP: 192.168.1.182 | Switch name: switch0 | Switch running: [32mTrue [0m
--------------------------------------------------------------------------------
Simulated Pipes
--------------------------------------------------------------------------------
--------------------------------------------------------------------------------
Simulated Nodes/Jobs
--------------------------------------------------------------------------------
Hostname/IP: 192.168.1.182 | Job: rocket-singlecore-nic-gdbserver-smoke0 | Sim running: [33mTrue [0m
--------------------------------------------------------------------------------
Summary
--------------------------------------------------------------------------------
1/1 instances are still running.
1/1 simulations are still running.
--------------------------------------------------------------------------------
[2J
FireSim Simulation Status @ 2026-05-04 18:49:33.206987
--------------------------------------------------------------------------------
This workload's output is located in:
/home/ubuntu/chipyard/sims/firesim/deploy/results-workload/2026-05-04--18-48-19-rocket-singlecore-nic-gdbserver-smoke-f2-rocket-singlecore-nic-gdbserver-smoke-notrace-clean1bp-preserve/
This run's log is located in:
/home/ubuntu/chipyard/sims/firesim/deploy/logs/2026-05-04--18-48-19-runworkload-W1Y8X74YBCBL7K1N.log
This status will update every 10s.
--------------------------------------------------------------------------------
Instances
--------------------------------------------------------------------------------
Hostname/IP: 192.168.1.182 | Terminated: [33mFalse[0m
--------------------------------------------------------------------------------
Simulated Switches
--------------------------------------------------------------------------------
Hostname/IP: 192.168.1.182 | Switch name: switch0 | Switch running: [32mTrue [0m
--------------------------------------------------------------------------------
Simulated Pipes
--------------------------------------------------------------------------------
--------------------------------------------------------------------------------
Simulated Nodes/Jobs
--------------------------------------------------------------------------------
Hostname/IP: 192.168.1.182 | Job: rocket-singlecore-nic-gdbserver-smoke0 | Sim running: [33mTrue [0m
--------------------------------------------------------------------------------
Summary
--------------------------------------------------------------------------------
1/1 instances are still running.
1/1 simulations are still running.
--------------------------------------------------------------------------------
[2J
FireSim Simulation Status @ 2026-05-04 18:49:43.522232
--------------------------------------------------------------------------------
This workload's output is located in:
/home/ubuntu/chipyard/sims/firesim/deploy/results-workload/2026-05-04--18-48-19-rocket-singlecore-nic-gdbserver-smoke-f2-rocket-singlecore-nic-gdbserver-smoke-notrace-clean1bp-preserve/
This run's log is located in:
/home/ubuntu/chipyard/sims/firesim/deploy/logs/2026-05-04--18-48-19-runworkload-W1Y8X74YBCBL7K1N.log
This status will update every 10s.
--------------------------------------------------------------------------------
Instances
--------------------------------------------------------------------------------
Hostname/IP: 192.168.1.182 | Terminated: [33mFalse[0m
--------------------------------------------------------------------------------
Simulated Switches
--------------------------------------------------------------------------------
Hostname/IP: 192.168.1.182 | Switch name: switch0 | Switch running: [32mTrue [0m
--------------------------------------------------------------------------------
Simulated Pipes
--------------------------------------------------------------------------------
--------------------------------------------------------------------------------
Simulated Nodes/Jobs
--------------------------------------------------------------------------------
Hostname/IP: 192.168.1.182 | Job: rocket-singlecore-nic-gdbserver-smoke0 | Sim running: [33mTrue [0m
--------------------------------------------------------------------------------
Summary
--------------------------------------------------------------------------------
1/1 instances are still running.
1/1 simulations are still running.
--------------------------------------------------------------------------------
[2J
FireSim Simulation Status @ 2026-05-04 18:49:53.827886
--------------------------------------------------------------------------------
This workload's output is located in:
/home/ubuntu/chipyard/sims/firesim/deploy/results-workload/2026-05-04--18-48-19-rocket-singlecore-nic-gdbserver-smoke-f2-rocket-singlecore-nic-gdbserver-smoke-notrace-clean1bp-preserve/
This run's log is located in:
/home/ubuntu/chipyard/sims/firesim/deploy/logs/2026-05-04--18-48-19-runworkload-W1Y8X74YBCBL7K1N.log
This status will update every 10s.
--------------------------------------------------------------------------------
Instances
--------------------------------------------------------------------------------
Hostname/IP: 192.168.1.182 | Terminated: [33mFalse[0m
--------------------------------------------------------------------------------
Simulated Switches
--------------------------------------------------------------------------------
Hostname/IP: 192.168.1.182 | Switch name: switch0 | Switch running: [32mTrue [0m
--------------------------------------------------------------------------------
Simulated Pipes
--------------------------------------------------------------------------------
--------------------------------------------------------------------------------
Simulated Nodes/Jobs
--------------------------------------------------------------------------------
Hostname/IP: 192.168.1.182 | Job: rocket-singlecore-nic-gdbserver-smoke0 | Sim running: [33mTrue [0m
--------------------------------------------------------------------------------
Summary
--------------------------------------------------------------------------------
1/1 instances are still running.
1/1 simulations are still running.
--------------------------------------------------------------------------------
[2J
FireSim Simulation Status @ 2026-05-04 18:50:04.136674
--------------------------------------------------------------------------------
This workload's output is located in:
/home/ubuntu/chipyard/sims/firesim/deploy/results-workload/2026-05-04--18-48-19-rocket-singlecore-nic-gdbserver-smoke-f2-rocket-singlecore-nic-gdbserver-smoke-notrace-clean1bp-preserve/
This run's log is located in:
/home/ubuntu/chipyard/sims/firesim/deploy/logs/2026-05-04--18-48-19-runworkload-W1Y8X74YBCBL7K1N.log
This status will update every 10s.
--------------------------------------------------------------------------------
Instances
--------------------------------------------------------------------------------
Hostname/IP: 192.168.1.182 | Terminated: [33mFalse[0m
--------------------------------------------------------------------------------
Simulated Switches
--------------------------------------------------------------------------------
Hostname/IP: 192.168.1.182 | Switch name: switch0 | Switch running: [32mTrue [0m
--------------------------------------------------------------------------------
Simulated Pipes
--------------------------------------------------------------------------------
--------------------------------------------------------------------------------
Simulated Nodes/Jobs
--------------------------------------------------------------------------------
Hostname/IP: 192.168.1.182 | Job: rocket-singlecore-nic-gdbserver-smoke0 | Sim running: [33mTrue [0m
--------------------------------------------------------------------------------
Summary
--------------------------------------------------------------------------------
1/1 instances are still running.
1/1 simulations are still running.
--------------------------------------------------------------------------------
[2J
FireSim Simulation Status @ 2026-05-04 18:50:14.445064
--------------------------------------------------------------------------------
This workload's output is located in:
/home/ubuntu/chipyard/sims/firesim/deploy/results-workload/2026-05-04--18-48-19-rocket-singlecore-nic-gdbserver-smoke-f2-rocket-singlecore-nic-gdbserver-smoke-notrace-clean1bp-preserve/
This run's log is located in:
/home/ubuntu/chipyard/sims/firesim/deploy/logs/2026-05-04--18-48-19-runworkload-W1Y8X74YBCBL7K1N.log
This status will update every 10s.
--------------------------------------------------------------------------------
Instances
--------------------------------------------------------------------------------
Hostname/IP: 192.168.1.182 | Terminated: [33mFalse[0m
--------------------------------------------------------------------------------
Simulated Switches
--------------------------------------------------------------------------------
Hostname/IP: 192.168.1.182 | Switch name: switch0 | Switch running: [32mTrue [0m
--------------------------------------------------------------------------------
Simulated Pipes
--------------------------------------------------------------------------------
--------------------------------------------------------------------------------
Simulated Nodes/Jobs
--------------------------------------------------------------------------------
Hostname/IP: 192.168.1.182 | Job: rocket-singlecore-nic-gdbserver-smoke0 | Sim running: [33mTrue [0m
--------------------------------------------------------------------------------
Summary
--------------------------------------------------------------------------------
1/1 instances are still running.
1/1 simulations are still running.
--------------------------------------------------------------------------------
[2J
FireSim Simulation Status @ 2026-05-04 18:50:24.995601
--------------------------------------------------------------------------------
This workload's output is located in:
/home/ubuntu/chipyard/sims/firesim/deploy/results-workload/2026-05-04--18-48-19-rocket-singlecore-nic-gdbserver-smoke-f2-rocket-singlecore-nic-gdbserver-smoke-notrace-clean1bp-preserve/
This run's log is located in:
/home/ubuntu/chipyard/sims/firesim/deploy/logs/2026-05-04--18-48-19-runworkload-W1Y8X74YBCBL7K1N.log
This status will update every 10s.
--------------------------------------------------------------------------------
Instances
--------------------------------------------------------------------------------
Hostname/IP: 192.168.1.182 | Terminated: [33mFalse[0m
--------------------------------------------------------------------------------
Simulated Switches
--------------------------------------------------------------------------------
Hostname/IP: 192.168.1.182 | Switch name: switch0 | Switch running: [32mTrue [0m
--------------------------------------------------------------------------------
Simulated Pipes
--------------------------------------------------------------------------------
--------------------------------------------------------------------------------
Simulated Nodes/Jobs
--------------------------------------------------------------------------------
Hostname/IP: 192.168.1.182 | Job: rocket-singlecore-nic-gdbserver-smoke0 | Sim running: [33mTrue [0m
--------------------------------------------------------------------------------
Summary
--------------------------------------------------------------------------------
1/1 instances are still running.
1/1 simulations are still running.
--------------------------------------------------------------------------------
[2J
FireSim Simulation Status @ 2026-05-04 18:50:35.303603
--------------------------------------------------------------------------------
This workload's output is located in:
/home/ubuntu/chipyard/sims/firesim/deploy/results-workload/2026-05-04--18-48-19-rocket-singlecore-nic-gdbserver-smoke-f2-rocket-singlecore-nic-gdbserver-smoke-notrace-clean1bp-preserve/
This run's log is located in:
/home/ubuntu/chipyard/sims/firesim/deploy/logs/2026-05-04--18-48-19-runworkload-W1Y8X74YBCBL7K1N.log
This status will update every 10s.
--------------------------------------------------------------------------------
Instances
--------------------------------------------------------------------------------
Hostname/IP: 192.168.1.182 | Terminated: [33mFalse[0m
--------------------------------------------------------------------------------
Simulated Switches
--------------------------------------------------------------------------------
Hostname/IP: 192.168.1.182 | Switch name: switch0 | Switch running: [32mTrue [0m
--------------------------------------------------------------------------------
Simulated Pipes
--------------------------------------------------------------------------------
--------------------------------------------------------------------------------
Simulated Nodes/Jobs
--------------------------------------------------------------------------------
Hostname/IP: 192.168.1.182 | Job: rocket-singlecore-nic-gdbserver-smoke0 | Sim running: [33mTrue [0m
--------------------------------------------------------------------------------
Summary
--------------------------------------------------------------------------------
1/1 instances are still running.
1/1 simulations are still running.
--------------------------------------------------------------------------------
[2J
FireSim Simulation Status @ 2026-05-04 18:50:45.621745
--------------------------------------------------------------------------------
This workload's output is located in:
/home/ubuntu/chipyard/sims/firesim/deploy/results-workload/2026-05-04--18-48-19-rocket-singlecore-nic-gdbserver-smoke-f2-rocket-singlecore-nic-gdbserver-smoke-notrace-clean1bp-preserve/
This run's log is located in:
/home/ubuntu/chipyard/sims/firesim/deploy/logs/2026-05-04--18-48-19-runworkload-W1Y8X74YBCBL7K1N.log
This status will update every 10s.
--------------------------------------------------------------------------------
Instances
--------------------------------------------------------------------------------
Hostname/IP: 192.168.1.182 | Terminated: [33mFalse[0m
--------------------------------------------------------------------------------
Simulated Switches
--------------------------------------------------------------------------------
Hostname/IP: 192.168.1.182 | Switch name: switch0 | Switch running: [32mTrue [0m
--------------------------------------------------------------------------------
Simulated Pipes
--------------------------------------------------------------------------------
--------------------------------------------------------------------------------
Simulated Nodes/Jobs
--------------------------------------------------------------------------------
Hostname/IP: 192.168.1.182 | Job: rocket-singlecore-nic-gdbserver-smoke0 | Sim running: [33mTrue [0m
--------------------------------------------------------------------------------
Summary
--------------------------------------------------------------------------------
1/1 instances are still running.
1/1 simulations are still running.
--------------------------------------------------------------------------------
[2J
FireSim Simulation Status @ 2026-05-04 18:50:55.950329
--------------------------------------------------------------------------------
This workload's output is located in:
/home/ubuntu/chipyard/sims/firesim/deploy/results-workload/2026-05-04--18-48-19-rocket-singlecore-nic-gdbserver-smoke-f2-rocket-singlecore-nic-gdbserver-smoke-notrace-clean1bp-preserve/
This run's log is located in:
/home/ubuntu/chipyard/sims/firesim/deploy/logs/2026-05-04--18-48-19-runworkload-W1Y8X74YBCBL7K1N.log
This status will update every 10s.
--------------------------------------------------------------------------------
Instances
--------------------------------------------------------------------------------
Hostname/IP: 192.168.1.182 | Terminated: [33mFalse[0m
--------------------------------------------------------------------------------
Simulated Switches
--------------------------------------------------------------------------------
Hostname/IP: 192.168.1.182 | Switch name: switch0 | Switch running: [32mTrue [0m
--------------------------------------------------------------------------------
Simulated Pipes
--------------------------------------------------------------------------------
--------------------------------------------------------------------------------
Simulated Nodes/Jobs
--------------------------------------------------------------------------------
Hostname/IP: 192.168.1.182 | Job: rocket-singlecore-nic-gdbserver-smoke0 | Sim running: [33mTrue [0m
--------------------------------------------------------------------------------
Summary
--------------------------------------------------------------------------------
1/1 instances are still running.
1/1 simulations are still running.
--------------------------------------------------------------------------------
[2J
FireSim Simulation Status @ 2026-05-04 18:51:06.258837
--------------------------------------------------------------------------------
This workload's output is located in:
/home/ubuntu/chipyard/sims/firesim/deploy/results-workload/2026-05-04--18-48-19-rocket-singlecore-nic-gdbserver-smoke-f2-rocket-singlecore-nic-gdbserver-smoke-notrace-clean1bp-preserve/
This run's log is located in:
/home/ubuntu/chipyard/sims/firesim/deploy/logs/2026-05-04--18-48-19-runworkload-W1Y8X74YBCBL7K1N.log
This status will update every 10s.
--------------------------------------------------------------------------------
Instances
--------------------------------------------------------------------------------
Hostname/IP: 192.168.1.182 | Terminated: [33mFalse[0m
--------------------------------------------------------------------------------
Simulated Switches
--------------------------------------------------------------------------------
Hostname/IP: 192.168.1.182 | Switch name: switch0 | Switch running: [32mTrue [0m
--------------------------------------------------------------------------------
Simulated Pipes
--------------------------------------------------------------------------------
--------------------------------------------------------------------------------
Simulated Nodes/Jobs
--------------------------------------------------------------------------------
Hostname/IP: 192.168.1.182 | Job: rocket-singlecore-nic-gdbserver-smoke0 | Sim running: [33mTrue [0m
--------------------------------------------------------------------------------
Summary
--------------------------------------------------------------------------------
1/1 instances are still running.
1/1 simulations are still running.
--------------------------------------------------------------------------------
[2J
FireSim Simulation Status @ 2026-05-04 18:51:16.577312
--------------------------------------------------------------------------------
This workload's output is located in:
/home/ubuntu/chipyard/sims/firesim/deploy/results-workload/2026-05-04--18-48-19-rocket-singlecore-nic-gdbserver-smoke-f2-rocket-singlecore-nic-gdbserver-smoke-notrace-clean1bp-preserve/
This run's log is located in:
/home/ubuntu/chipyard/sims/firesim/deploy/logs/2026-05-04--18-48-19-runworkload-W1Y8X74YBCBL7K1N.log
This status will update every 10s.
--------------------------------------------------------------------------------
Instances
--------------------------------------------------------------------------------
Hostname/IP: 192.168.1.182 | Terminated: [33mFalse[0m
--------------------------------------------------------------------------------
Simulated Switches
--------------------------------------------------------------------------------
Hostname/IP: 192.168.1.182 | Switch name: switch0 | Switch running: [32mTrue [0m
--------------------------------------------------------------------------------
Simulated Pipes
--------------------------------------------------------------------------------
--------------------------------------------------------------------------------
Simulated Nodes/Jobs
--------------------------------------------------------------------------------
Hostname/IP: 192.168.1.182 | Job: rocket-singlecore-nic-gdbserver-smoke0 | Sim running: [33mTrue [0m
--------------------------------------------------------------------------------
Summary
--------------------------------------------------------------------------------
1/1 instances are still running.
1/1 simulations are still running.
--------------------------------------------------------------------------------
[2J
FireSim Simulation Status @ 2026-05-04 18:51:27.128016
--------------------------------------------------------------------------------
This workload's output is located in:
/home/ubuntu/chipyard/sims/firesim/deploy/results-workload/2026-05-04--18-48-19-rocket-singlecore-nic-gdbserver-smoke-f2-rocket-singlecore-nic-gdbserver-smoke-notrace-clean1bp-preserve/
This run's log is located in:
/home/ubuntu/chipyard/sims/firesim/deploy/logs/2026-05-04--18-48-19-runworkload-W1Y8X74YBCBL7K1N.log
This status will update every 10s.
--------------------------------------------------------------------------------
Instances
--------------------------------------------------------------------------------
Hostname/IP: 192.168.1.182 | Terminated: [33mFalse[0m
--------------------------------------------------------------------------------
Simulated Switches
--------------------------------------------------------------------------------
Hostname/IP: 192.168.1.182 | Switch name: switch0 | Switch running: [32mTrue [0m
--------------------------------------------------------------------------------
Simulated Pipes
--------------------------------------------------------------------------------
--------------------------------------------------------------------------------
Simulated Nodes/Jobs
--------------------------------------------------------------------------------
Hostname/IP: 192.168.1.182 | Job: rocket-singlecore-nic-gdbserver-smoke0 | Sim running: [33mTrue [0m
--------------------------------------------------------------------------------
Summary
--------------------------------------------------------------------------------
1/1 instances are still running.
1/1 simulations are still running.
--------------------------------------------------------------------------------
[2J
FireSim Simulation Status @ 2026-05-04 18:51:37.450830
--------------------------------------------------------------------------------
This workload's output is located in:
/home/ubuntu/chipyard/sims/firesim/deploy/results-workload/2026-05-04--18-48-19-rocket-singlecore-nic-gdbserver-smoke-f2-rocket-singlecore-nic-gdbserver-smoke-notrace-clean1bp-preserve/
This run's log is located in:
/home/ubuntu/chipyard/sims/firesim/deploy/logs/2026-05-04--18-48-19-runworkload-W1Y8X74YBCBL7K1N.log
This status will update every 10s.
--------------------------------------------------------------------------------
Instances
--------------------------------------------------------------------------------
Hostname/IP: 192.168.1.182 | Terminated: [33mFalse[0m
--------------------------------------------------------------------------------
Simulated Switches
--------------------------------------------------------------------------------
Hostname/IP: 192.168.1.182 | Switch name: switch0 | Switch running: [32mTrue [0m
--------------------------------------------------------------------------------
Simulated Pipes
--------------------------------------------------------------------------------
--------------------------------------------------------------------------------
Simulated Nodes/Jobs
--------------------------------------------------------------------------------
Hostname/IP: 192.168.1.182 | Job: rocket-singlecore-nic-gdbserver-smoke0 | Sim running: [33mTrue [0m
--------------------------------------------------------------------------------
Summary
--------------------------------------------------------------------------------
1/1 instances are still running.
1/1 simulations are still running.
--------------------------------------------------------------------------------
[2J
FireSim Simulation Status @ 2026-05-04 18:51:47.754142
--------------------------------------------------------------------------------
This workload's output is located in:
/home/ubuntu/chipyard/sims/firesim/deploy/results-workload/2026-05-04--18-48-19-rocket-singlecore-nic-gdbserver-smoke-f2-rocket-singlecore-nic-gdbserver-smoke-notrace-clean1bp-preserve/
This run's log is located in:
/home/ubuntu/chipyard/sims/firesim/deploy/logs/2026-05-04--18-48-19-runworkload-W1Y8X74YBCBL7K1N.log
This status will update every 10s.
--------------------------------------------------------------------------------
Instances
--------------------------------------------------------------------------------
Hostname/IP: 192.168.1.182 | Terminated: [33mFalse[0m
--------------------------------------------------------------------------------
Simulated Switches
--------------------------------------------------------------------------------
Hostname/IP: 192.168.1.182 | Switch name: switch0 | Switch running: [32mTrue [0m
--------------------------------------------------------------------------------
Simulated Pipes
--------------------------------------------------------------------------------
--------------------------------------------------------------------------------
Simulated Nodes/Jobs
--------------------------------------------------------------------------------
Hostname/IP: 192.168.1.182 | Job: rocket-singlecore-nic-gdbserver-smoke0 | Sim running: [33mTrue [0m
--------------------------------------------------------------------------------
Summary
--------------------------------------------------------------------------------
1/1 instances are still running.
1/1 simulations are still running.
--------------------------------------------------------------------------------
[2J
FireSim Simulation Status @ 2026-05-04 18:51:58.072486
--------------------------------------------------------------------------------
This workload's output is located in:
/home/ubuntu/chipyard/sims/firesim/deploy/results-workload/2026-05-04--18-48-19-rocket-singlecore-nic-gdbserver-smoke-f2-rocket-singlecore-nic-gdbserver-smoke-notrace-clean1bp-preserve/
This run's log is located in:
/home/ubuntu/chipyard/sims/firesim/deploy/logs/2026-05-04--18-48-19-runworkload-W1Y8X74YBCBL7K1N.log
This status will update every 10s.
--------------------------------------------------------------------------------
Instances
--------------------------------------------------------------------------------
Hostname/IP: 192.168.1.182 | Terminated: [33mFalse[0m
--------------------------------------------------------------------------------
Simulated Switches
--------------------------------------------------------------------------------
Hostname/IP: 192.168.1.182 | Switch name: switch0 | Switch running: [32mTrue [0m
--------------------------------------------------------------------------------
Simulated Pipes
--------------------------------------------------------------------------------
--------------------------------------------------------------------------------
Simulated Nodes/Jobs
--------------------------------------------------------------------------------
Hostname/IP: 192.168.1.182 | Job: rocket-singlecore-nic-gdbserver-smoke0 | Sim running: [33mTrue [0m
--------------------------------------------------------------------------------
Summary
--------------------------------------------------------------------------------
1/1 instances are still running.
1/1 simulations are still running.
--------------------------------------------------------------------------------
[2J
FireSim Simulation Status @ 2026-05-04 18:52:08.388409
--------------------------------------------------------------------------------
This workload's output is located in:
/home/ubuntu/chipyard/sims/firesim/deploy/results-workload/2026-05-04--18-48-19-rocket-singlecore-nic-gdbserver-smoke-f2-rocket-singlecore-nic-gdbserver-smoke-notrace-clean1bp-preserve/
This run's log is located in:
/home/ubuntu/chipyard/sims/firesim/deploy/logs/2026-05-04--18-48-19-runworkload-W1Y8X74YBCBL7K1N.log
This status will update every 10s.
--------------------------------------------------------------------------------
Instances
--------------------------------------------------------------------------------
Hostname/IP: 192.168.1.182 | Terminated: [33mFalse[0m
--------------------------------------------------------------------------------
Simulated Switches
--------------------------------------------------------------------------------
Hostname/IP: 192.168.1.182 | Switch name: switch0 | Switch running: [32mTrue [0m
--------------------------------------------------------------------------------
Simulated Pipes
--------------------------------------------------------------------------------
--------------------------------------------------------------------------------
Simulated Nodes/Jobs
--------------------------------------------------------------------------------
Hostname/IP: 192.168.1.182 | Job: rocket-singlecore-nic-gdbserver-smoke0 | Sim running: [33mTrue [0m
--------------------------------------------------------------------------------
Summary
--------------------------------------------------------------------------------
1/1 instances are still running.
1/1 simulations are still running.
--------------------------------------------------------------------------------
[2J
FireSim Simulation Status @ 2026-05-04 18:52:18.706987
--------------------------------------------------------------------------------
This workload's output is located in:
/home/ubuntu/chipyard/sims/firesim/deploy/results-workload/2026-05-04--18-48-19-rocket-singlecore-nic-gdbserver-smoke-f2-rocket-singlecore-nic-gdbserver-smoke-notrace-clean1bp-preserve/
This run's log is located in:
/home/ubuntu/chipyard/sims/firesim/deploy/logs/2026-05-04--18-48-19-runworkload-W1Y8X74YBCBL7K1N.log
This status will update every 10s.
--------------------------------------------------------------------------------
Instances
--------------------------------------------------------------------------------
Hostname/IP: 192.168.1.182 | Terminated: [33mFalse[0m
--------------------------------------------------------------------------------
Simulated Switches
--------------------------------------------------------------------------------
Hostname/IP: 192.168.1.182 | Switch name: switch0 | Switch running: [32mTrue [0m
--------------------------------------------------------------------------------
Simulated Pipes
--------------------------------------------------------------------------------
--------------------------------------------------------------------------------
Simulated Nodes/Jobs
--------------------------------------------------------------------------------
Hostname/IP: 192.168.1.182 | Job: rocket-singlecore-nic-gdbserver-smoke0 | Sim running: [33mTrue [0m
--------------------------------------------------------------------------------
Summary
--------------------------------------------------------------------------------
1/1 instances are still running.
1/1 simulations are still running.
--------------------------------------------------------------------------------
[2J
FireSim Simulation Status @ 2026-05-04 18:52:29.247261
--------------------------------------------------------------------------------
This workload's output is located in:
/home/ubuntu/chipyard/sims/firesim/deploy/results-workload/2026-05-04--18-48-19-rocket-singlecore-nic-gdbserver-smoke-f2-rocket-singlecore-nic-gdbserver-smoke-notrace-clean1bp-preserve/
This run's log is located in:
/home/ubuntu/chipyard/sims/firesim/deploy/logs/2026-05-04--18-48-19-runworkload-W1Y8X74YBCBL7K1N.log
This status will update every 10s.
--------------------------------------------------------------------------------
Instances
--------------------------------------------------------------------------------
Hostname/IP: 192.168.1.182 | Terminated: [33mFalse[0m
--------------------------------------------------------------------------------
Simulated Switches
--------------------------------------------------------------------------------
Hostname/IP: 192.168.1.182 | Switch name: switch0 | Switch running: [32mTrue [0m
--------------------------------------------------------------------------------
Simulated Pipes
--------------------------------------------------------------------------------
--------------------------------------------------------------------------------
Simulated Nodes/Jobs
--------------------------------------------------------------------------------
Hostname/IP: 192.168.1.182 | Job: rocket-singlecore-nic-gdbserver-smoke0 | Sim running: [33mTrue [0m
--------------------------------------------------------------------------------
Summary
--------------------------------------------------------------------------------
1/1 instances are still running.
1/1 simulations are still running.
--------------------------------------------------------------------------------
[2J
FireSim Simulation Status @ 2026-05-04 18:52:39.564327
--------------------------------------------------------------------------------
This workload's output is located in:
/home/ubuntu/chipyard/sims/firesim/deploy/results-workload/2026-05-04--18-48-19-rocket-singlecore-nic-gdbserver-smoke-f2-rocket-singlecore-nic-gdbserver-smoke-notrace-clean1bp-preserve/
This run's log is located in:
/home/ubuntu/chipyard/sims/firesim/deploy/logs/2026-05-04--18-48-19-runworkload-W1Y8X74YBCBL7K1N.log
This status will update every 10s.
--------------------------------------------------------------------------------
Instances
--------------------------------------------------------------------------------
Hostname/IP: 192.168.1.182 | Terminated: [33mFalse[0m
--------------------------------------------------------------------------------
Simulated Switches
--------------------------------------------------------------------------------
Hostname/IP: 192.168.1.182 | Switch name: switch0 | Switch running: [32mTrue [0m
--------------------------------------------------------------------------------
Simulated Pipes
--------------------------------------------------------------------------------
--------------------------------------------------------------------------------
Simulated Nodes/Jobs
--------------------------------------------------------------------------------
Hostname/IP: 192.168.1.182 | Job: rocket-singlecore-nic-gdbserver-smoke0 | Sim running: [33mTrue [0m
--------------------------------------------------------------------------------
Summary
--------------------------------------------------------------------------------
1/1 instances are still running.
1/1 simulations are still running.
--------------------------------------------------------------------------------
[2J
FireSim Simulation Status @ 2026-05-04 18:52:49.883776
--------------------------------------------------------------------------------
This workload's output is located in:
/home/ubuntu/chipyard/sims/firesim/deploy/results-workload/2026-05-04--18-48-19-rocket-singlecore-nic-gdbserver-smoke-f2-rocket-singlecore-nic-gdbserver-smoke-notrace-clean1bp-preserve/
This run's log is located in:
/home/ubuntu/chipyard/sims/firesim/deploy/logs/2026-05-04--18-48-19-runworkload-W1Y8X74YBCBL7K1N.log
This status will update every 10s.
--------------------------------------------------------------------------------
Instances
--------------------------------------------------------------------------------
Hostname/IP: 192.168.1.182 | Terminated: [33mFalse[0m
--------------------------------------------------------------------------------
Simulated Switches
--------------------------------------------------------------------------------
Hostname/IP: 192.168.1.182 | Switch name: switch0 | Switch running: [32mTrue [0m
--------------------------------------------------------------------------------
Simulated Pipes
--------------------------------------------------------------------------------
--------------------------------------------------------------------------------
Simulated Nodes/Jobs
--------------------------------------------------------------------------------
Hostname/IP: 192.168.1.182 | Job: rocket-singlecore-nic-gdbserver-smoke0 | Sim running: [33mTrue [0m
--------------------------------------------------------------------------------
Summary
--------------------------------------------------------------------------------
1/1 instances are still running.
1/1 simulations are still running.
--------------------------------------------------------------------------------
[2J
FireSim Simulation Status @ 2026-05-04 18:53:00.199914
--------------------------------------------------------------------------------
This workload's output is located in:
/home/ubuntu/chipyard/sims/firesim/deploy/results-workload/2026-05-04--18-48-19-rocket-singlecore-nic-gdbserver-smoke-f2-rocket-singlecore-nic-gdbserver-smoke-notrace-clean1bp-preserve/
This run's log is located in:
/home/ubuntu/chipyard/sims/firesim/deploy/logs/2026-05-04--18-48-19-runworkload-W1Y8X74YBCBL7K1N.log
This status will update every 10s.
--------------------------------------------------------------------------------
Instances
--------------------------------------------------------------------------------
Hostname/IP: 192.168.1.182 | Terminated: [33mFalse[0m
--------------------------------------------------------------------------------
Simulated Switches
--------------------------------------------------------------------------------
Hostname/IP: 192.168.1.182 | Switch name: switch0 | Switch running: [32mTrue [0m
--------------------------------------------------------------------------------
Simulated Pipes
--------------------------------------------------------------------------------
--------------------------------------------------------------------------------
Simulated Nodes/Jobs
--------------------------------------------------------------------------------
Hostname/IP: 192.168.1.182 | Job: rocket-singlecore-nic-gdbserver-smoke0 | Sim running: [33mTrue [0m
--------------------------------------------------------------------------------
Summary
--------------------------------------------------------------------------------
1/1 instances are still running.
1/1 simulations are still running.
--------------------------------------------------------------------------------
[2J
FireSim Simulation Status @ 2026-05-04 18:53:10.508092
--------------------------------------------------------------------------------
This workload's output is located in:
/home/ubuntu/chipyard/sims/firesim/deploy/results-workload/2026-05-04--18-48-19-rocket-singlecore-nic-gdbserver-smoke-f2-rocket-singlecore-nic-gdbserver-smoke-notrace-clean1bp-preserve/
This run's log is located in:
/home/ubuntu/chipyard/sims/firesim/deploy/logs/2026-05-04--18-48-19-runworkload-W1Y8X74YBCBL7K1N.log
This status will update every 10s.
--------------------------------------------------------------------------------
Instances
--------------------------------------------------------------------------------
Hostname/IP: 192.168.1.182 | Terminated: [33mFalse[0m
--------------------------------------------------------------------------------
Simulated Switches
--------------------------------------------------------------------------------
Hostname/IP: 192.168.1.182 | Switch name: switch0 | Switch running: [32mTrue [0m
--------------------------------------------------------------------------------
Simulated Pipes
--------------------------------------------------------------------------------
--------------------------------------------------------------------------------
Simulated Nodes/Jobs
--------------------------------------------------------------------------------
Hostname/IP: 192.168.1.182 | Job: rocket-singlecore-nic-gdbserver-smoke0 | Sim running: [33mTrue [0m
--------------------------------------------------------------------------------
Summary
--------------------------------------------------------------------------------
1/1 instances are still running.
1/1 simulations are still running.
--------------------------------------------------------------------------------
[2J
FireSim Simulation Status @ 2026-05-04 18:53:20.826619
--------------------------------------------------------------------------------
This workload's output is located in:
/home/ubuntu/chipyard/sims/firesim/deploy/results-workload/2026-05-04--18-48-19-rocket-singlecore-nic-gdbserver-smoke-f2-rocket-singlecore-nic-gdbserver-smoke-notrace-clean1bp-preserve/
This run's log is located in:
/home/ubuntu/chipyard/sims/firesim/deploy/logs/2026-05-04--18-48-19-runworkload-W1Y8X74YBCBL7K1N.log
This status will update every 10s.
--------------------------------------------------------------------------------
Instances
--------------------------------------------------------------------------------
Hostname/IP: 192.168.1.182 | Terminated: [33mFalse[0m
--------------------------------------------------------------------------------
Simulated Switches
--------------------------------------------------------------------------------
Hostname/IP: 192.168.1.182 | Switch name: switch0 | Switch running: [32mTrue [0m
--------------------------------------------------------------------------------
Simulated Pipes
--------------------------------------------------------------------------------
--------------------------------------------------------------------------------
Simulated Nodes/Jobs
--------------------------------------------------------------------------------
Hostname/IP: 192.168.1.182 | Job: rocket-singlecore-nic-gdbserver-smoke0 | Sim running: [33mTrue [0m
--------------------------------------------------------------------------------
Summary
--------------------------------------------------------------------------------
1/1 instances are still running.
1/1 simulations are still running.
--------------------------------------------------------------------------------
[2J
FireSim Simulation Status @ 2026-05-04 18:53:31.367007
--------------------------------------------------------------------------------
This workload's output is located in:
/home/ubuntu/chipyard/sims/firesim/deploy/results-workload/2026-05-04--18-48-19-rocket-singlecore-nic-gdbserver-smoke-f2-rocket-singlecore-nic-gdbserver-smoke-notrace-clean1bp-preserve/
This run's log is located in:
/home/ubuntu/chipyard/sims/firesim/deploy/logs/2026-05-04--18-48-19-runworkload-W1Y8X74YBCBL7K1N.log
This status will update every 10s.
--------------------------------------------------------------------------------
Instances
--------------------------------------------------------------------------------
Hostname/IP: 192.168.1.182 | Terminated: [33mFalse[0m
--------------------------------------------------------------------------------
Simulated Switches
--------------------------------------------------------------------------------
Hostname/IP: 192.168.1.182 | Switch name: switch0 | Switch running: [32mTrue [0m
--------------------------------------------------------------------------------
Simulated Pipes
--------------------------------------------------------------------------------
--------------------------------------------------------------------------------
Simulated Nodes/Jobs
--------------------------------------------------------------------------------
Hostname/IP: 192.168.1.182 | Job: rocket-singlecore-nic-gdbserver-smoke0 | Sim running: [33mTrue [0m
--------------------------------------------------------------------------------
Summary
--------------------------------------------------------------------------------
1/1 instances are still running.
1/1 simulations are still running.
--------------------------------------------------------------------------------
[2J
FireSim Simulation Status @ 2026-05-04 18:53:41.685683
--------------------------------------------------------------------------------
This workload's output is located in:
/home/ubuntu/chipyard/sims/firesim/deploy/results-workload/2026-05-04--18-48-19-rocket-singlecore-nic-gdbserver-smoke-f2-rocket-singlecore-nic-gdbserver-smoke-notrace-clean1bp-preserve/
This run's log is located in:
/home/ubuntu/chipyard/sims/firesim/deploy/logs/2026-05-04--18-48-19-runworkload-W1Y8X74YBCBL7K1N.log
This status will update every 10s.
--------------------------------------------------------------------------------
Instances
--------------------------------------------------------------------------------
Hostname/IP: 192.168.1.182 | Terminated: [33mFalse[0m
--------------------------------------------------------------------------------
Simulated Switches
--------------------------------------------------------------------------------
Hostname/IP: 192.168.1.182 | Switch name: switch0 | Switch running: [32mTrue [0m
--------------------------------------------------------------------------------
Simulated Pipes
--------------------------------------------------------------------------------
--------------------------------------------------------------------------------
Simulated Nodes/Jobs
--------------------------------------------------------------------------------
Hostname/IP: 192.168.1.182 | Job: rocket-singlecore-nic-gdbserver-smoke0 | Sim running: [33mTrue [0m
--------------------------------------------------------------------------------
Summary
--------------------------------------------------------------------------------
1/1 instances are still running.
1/1 simulations are still running.
--------------------------------------------------------------------------------
[2J
FireSim Simulation Status @ 2026-05-04 18:53:51.994237
--------------------------------------------------------------------------------
This workload's output is located in:
/home/ubuntu/chipyard/sims/firesim/deploy/results-workload/2026-05-04--18-48-19-rocket-singlecore-nic-gdbserver-smoke-f2-rocket-singlecore-nic-gdbserver-smoke-notrace-clean1bp-preserve/
This run's log is located in:
/home/ubuntu/chipyard/sims/firesim/deploy/logs/2026-05-04--18-48-19-runworkload-W1Y8X74YBCBL7K1N.log
This status will update every 10s.
--------------------------------------------------------------------------------
Instances
--------------------------------------------------------------------------------
Hostname/IP: 192.168.1.182 | Terminated: [33mFalse[0m
--------------------------------------------------------------------------------
Simulated Switches
--------------------------------------------------------------------------------
Hostname/IP: 192.168.1.182 | Switch name: switch0 | Switch running: [32mTrue [0m
--------------------------------------------------------------------------------
Simulated Pipes
--------------------------------------------------------------------------------
--------------------------------------------------------------------------------
Simulated Nodes/Jobs
--------------------------------------------------------------------------------
Hostname/IP: 192.168.1.182 | Job: rocket-singlecore-nic-gdbserver-smoke0 | Sim running: [33mTrue [0m
--------------------------------------------------------------------------------
Summary
--------------------------------------------------------------------------------
1/1 instances are still running.
1/1 simulations are still running.
--------------------------------------------------------------------------------
[2J
FireSim Simulation Status @ 2026-05-04 18:54:02.313003
--------------------------------------------------------------------------------
This workload's output is located in:
/home/ubuntu/chipyard/sims/firesim/deploy/results-workload/2026-05-04--18-48-19-rocket-singlecore-nic-gdbserver-smoke-f2-rocket-singlecore-nic-gdbserver-smoke-notrace-clean1bp-preserve/
This run's log is located in:
/home/ubuntu/chipyard/sims/firesim/deploy/logs/2026-05-04--18-48-19-runworkload-W1Y8X74YBCBL7K1N.log
This status will update every 10s.
--------------------------------------------------------------------------------
Instances
--------------------------------------------------------------------------------
Hostname/IP: 192.168.1.182 | Terminated: [33mFalse[0m
--------------------------------------------------------------------------------
Simulated Switches
--------------------------------------------------------------------------------
Hostname/IP: 192.168.1.182 | Switch name: switch0 | Switch running: [32mTrue [0m
--------------------------------------------------------------------------------
Simulated Pipes
--------------------------------------------------------------------------------
--------------------------------------------------------------------------------
Simulated Nodes/Jobs
--------------------------------------------------------------------------------
Hostname/IP: 192.168.1.182 | Job: rocket-singlecore-nic-gdbserver-smoke0 | Sim running: [33mTrue [0m
--------------------------------------------------------------------------------
Summary
--------------------------------------------------------------------------------
1/1 instances are still running.
1/1 simulations are still running.
--------------------------------------------------------------------------------
[2J
FireSim Simulation Status @ 2026-05-04 18:54:12.631676
--------------------------------------------------------------------------------
This workload's output is located in:
/home/ubuntu/chipyard/sims/firesim/deploy/results-workload/2026-05-04--18-48-19-rocket-singlecore-nic-gdbserver-smoke-f2-rocket-singlecore-nic-gdbserver-smoke-notrace-clean1bp-preserve/
This run's log is located in:
/home/ubuntu/chipyard/sims/firesim/deploy/logs/2026-05-04--18-48-19-runworkload-W1Y8X74YBCBL7K1N.log
This status will update every 10s.
--------------------------------------------------------------------------------
Instances
--------------------------------------------------------------------------------
Hostname/IP: 192.168.1.182 | Terminated: [33mFalse[0m
--------------------------------------------------------------------------------
Simulated Switches
--------------------------------------------------------------------------------
Hostname/IP: 192.168.1.182 | Switch name: switch0 | Switch running: [32mTrue [0m
--------------------------------------------------------------------------------
Simulated Pipes
--------------------------------------------------------------------------------
--------------------------------------------------------------------------------
Simulated Nodes/Jobs
--------------------------------------------------------------------------------
Hostname/IP: 192.168.1.182 | Job: rocket-singlecore-nic-gdbserver-smoke0 | Sim running: [33mTrue [0m
--------------------------------------------------------------------------------
Summary
--------------------------------------------------------------------------------
1/1 instances are still running.
1/1 simulations are still running.
--------------------------------------------------------------------------------
[2J
FireSim Simulation Status @ 2026-05-04 18:54:22.940077
--------------------------------------------------------------------------------
This workload's output is located in:
/home/ubuntu/chipyard/sims/firesim/deploy/results-workload/2026-05-04--18-48-19-rocket-singlecore-nic-gdbserver-smoke-f2-rocket-singlecore-nic-gdbserver-smoke-notrace-clean1bp-preserve/
This run's log is located in:
/home/ubuntu/chipyard/sims/firesim/deploy/logs/2026-05-04--18-48-19-runworkload-W1Y8X74YBCBL7K1N.log
This status will update every 10s.
--------------------------------------------------------------------------------
Instances
--------------------------------------------------------------------------------
Hostname/IP: 192.168.1.182 | Terminated: [33mFalse[0m
--------------------------------------------------------------------------------
Simulated Switches
--------------------------------------------------------------------------------
Hostname/IP: 192.168.1.182 | Switch name: switch0 | Switch running: [32mTrue [0m
--------------------------------------------------------------------------------
Simulated Pipes
--------------------------------------------------------------------------------
--------------------------------------------------------------------------------
Simulated Nodes/Jobs
--------------------------------------------------------------------------------
Hostname/IP: 192.168.1.182 | Job: rocket-singlecore-nic-gdbserver-smoke0 | Sim running: [33mTrue [0m
--------------------------------------------------------------------------------
Summary
--------------------------------------------------------------------------------
1/1 instances are still running.
1/1 simulations are still running.
--------------------------------------------------------------------------------
[2J
FireSim Simulation Status @ 2026-05-04 18:54:33.480159
--------------------------------------------------------------------------------
This workload's output is located in:
/home/ubuntu/chipyard/sims/firesim/deploy/results-workload/2026-05-04--18-48-19-rocket-singlecore-nic-gdbserver-smoke-f2-rocket-singlecore-nic-gdbserver-smoke-notrace-clean1bp-preserve/
This run's log is located in:
/home/ubuntu/chipyard/sims/firesim/deploy/logs/2026-05-04--18-48-19-runworkload-W1Y8X74YBCBL7K1N.log
This status will update every 10s.
--------------------------------------------------------------------------------
Instances
--------------------------------------------------------------------------------
Hostname/IP: 192.168.1.182 | Terminated: [33mFalse[0m
--------------------------------------------------------------------------------
Simulated Switches
--------------------------------------------------------------------------------
Hostname/IP: 192.168.1.182 | Switch name: switch0 | Switch running: [32mTrue [0m
--------------------------------------------------------------------------------
Simulated Pipes
--------------------------------------------------------------------------------
--------------------------------------------------------------------------------
Simulated Nodes/Jobs
--------------------------------------------------------------------------------
Hostname/IP: 192.168.1.182 | Job: rocket-singlecore-nic-gdbserver-smoke0 | Sim running: [33mTrue [0m
--------------------------------------------------------------------------------
Summary
--------------------------------------------------------------------------------
1/1 instances are still running.
1/1 simulations are still running.
--------------------------------------------------------------------------------
[2J
FireSim Simulation Status @ 2026-05-04 18:54:43.797947
--------------------------------------------------------------------------------
This workload's output is located in:
/home/ubuntu/chipyard/sims/firesim/deploy/results-workload/2026-05-04--18-48-19-rocket-singlecore-nic-gdbserver-smoke-f2-rocket-singlecore-nic-gdbserver-smoke-notrace-clean1bp-preserve/
This run's log is located in:
/home/ubuntu/chipyard/sims/firesim/deploy/logs/2026-05-04--18-48-19-runworkload-W1Y8X74YBCBL7K1N.log
This status will update every 10s.
--------------------------------------------------------------------------------
Instances
--------------------------------------------------------------------------------
Hostname/IP: 192.168.1.182 | Terminated: [33mFalse[0m
--------------------------------------------------------------------------------
Simulated Switches
--------------------------------------------------------------------------------
Hostname/IP: 192.168.1.182 | Switch name: switch0 | Switch running: [32mTrue [0m
--------------------------------------------------------------------------------
Simulated Pipes
--------------------------------------------------------------------------------
--------------------------------------------------------------------------------
Simulated Nodes/Jobs
--------------------------------------------------------------------------------
Hostname/IP: 192.168.1.182 | Job: rocket-singlecore-nic-gdbserver-smoke0 | Sim running: [33mTrue [0m
--------------------------------------------------------------------------------
Summary
--------------------------------------------------------------------------------
1/1 instances are still running.
1/1 simulations are still running.
--------------------------------------------------------------------------------
[2J
FireSim Simulation Status @ 2026-05-04 18:54:54.112165
--------------------------------------------------------------------------------
This workload's output is located in:
/home/ubuntu/chipyard/sims/firesim/deploy/results-workload/2026-05-04--18-48-19-rocket-singlecore-nic-gdbserver-smoke-f2-rocket-singlecore-nic-gdbserver-smoke-notrace-clean1bp-preserve/
This run's log is located in:
/home/ubuntu/chipyard/sims/firesim/deploy/logs/2026-05-04--18-48-19-runworkload-W1Y8X74YBCBL7K1N.log
This status will update every 10s.
--------------------------------------------------------------------------------
Instances
--------------------------------------------------------------------------------
Hostname/IP: 192.168.1.182 | Terminated: [33mFalse[0m
--------------------------------------------------------------------------------
Simulated Switches
--------------------------------------------------------------------------------
Hostname/IP: 192.168.1.182 | Switch name: switch0 | Switch running: [32mTrue [0m
--------------------------------------------------------------------------------
Simulated Pipes
--------------------------------------------------------------------------------
--------------------------------------------------------------------------------
Simulated Nodes/Jobs
--------------------------------------------------------------------------------
Hostname/IP: 192.168.1.182 | Job: rocket-singlecore-nic-gdbserver-smoke0 | Sim running: [33mTrue [0m
--------------------------------------------------------------------------------
Summary
--------------------------------------------------------------------------------
1/1 instances are still running.
1/1 simulations are still running.
--------------------------------------------------------------------------------
[2J
FireSim Simulation Status @ 2026-05-04 18:55:04.416679
--------------------------------------------------------------------------------
This workload's output is located in:
/home/ubuntu/chipyard/sims/firesim/deploy/results-workload/2026-05-04--18-48-19-rocket-singlecore-nic-gdbserver-smoke-f2-rocket-singlecore-nic-gdbserver-smoke-notrace-clean1bp-preserve/
This run's log is located in:
/home/ubuntu/chipyard/sims/firesim/deploy/logs/2026-05-04--18-48-19-runworkload-W1Y8X74YBCBL7K1N.log
This status will update every 10s.
--------------------------------------------------------------------------------
Instances
--------------------------------------------------------------------------------
Hostname/IP: 192.168.1.182 | Terminated: [33mFalse[0m
--------------------------------------------------------------------------------
Simulated Switches
--------------------------------------------------------------------------------
Hostname/IP: 192.168.1.182 | Switch name: switch0 | Switch running: [32mTrue [0m
--------------------------------------------------------------------------------
Simulated Pipes
--------------------------------------------------------------------------------
--------------------------------------------------------------------------------
Simulated Nodes/Jobs
--------------------------------------------------------------------------------
Hostname/IP: 192.168.1.182 | Job: rocket-singlecore-nic-gdbserver-smoke0 | Sim running: [33mTrue [0m
--------------------------------------------------------------------------------
Summary
--------------------------------------------------------------------------------
1/1 instances are still running.
1/1 simulations are still running.
--------------------------------------------------------------------------------
[2J
FireSim Simulation Status @ 2026-05-04 18:55:14.735195
--------------------------------------------------------------------------------
This workload's output is located in:
/home/ubuntu/chipyard/sims/firesim/deploy/results-workload/2026-05-04--18-48-19-rocket-singlecore-nic-gdbserver-smoke-f2-rocket-singlecore-nic-gdbserver-smoke-notrace-clean1bp-preserve/
This run's log is located in:
/home/ubuntu/chipyard/sims/firesim/deploy/logs/2026-05-04--18-48-19-runworkload-W1Y8X74YBCBL7K1N.log
This status will update every 10s.
--------------------------------------------------------------------------------
Instances
--------------------------------------------------------------------------------
Hostname/IP: 192.168.1.182 | Terminated: [33mFalse[0m
--------------------------------------------------------------------------------
Simulated Switches
--------------------------------------------------------------------------------
Hostname/IP: 192.168.1.182 | Switch name: switch0 | Switch running: [32mTrue [0m
--------------------------------------------------------------------------------
Simulated Pipes
--------------------------------------------------------------------------------
--------------------------------------------------------------------------------
Simulated Nodes/Jobs
--------------------------------------------------------------------------------
Hostname/IP: 192.168.1.182 | Job: rocket-singlecore-nic-gdbserver-smoke0 | Sim running: [33mTrue [0m
--------------------------------------------------------------------------------
Summary
--------------------------------------------------------------------------------
1/1 instances are still running.
1/1 simulations are still running.
--------------------------------------------------------------------------------
[2J
FireSim Simulation Status @ 2026-05-04 18:55:25.034143
--------------------------------------------------------------------------------
This workload's output is located in:
/home/ubuntu/chipyard/sims/firesim/deploy/results-workload/2026-05-04--18-48-19-rocket-singlecore-nic-gdbserver-smoke-f2-rocket-singlecore-nic-gdbserver-smoke-notrace-clean1bp-preserve/
This run's log is located in:
/home/ubuntu/chipyard/sims/firesim/deploy/logs/2026-05-04--18-48-19-runworkload-W1Y8X74YBCBL7K1N.log
This status will update every 10s.
--------------------------------------------------------------------------------
Instances
--------------------------------------------------------------------------------
Hostname/IP: 192.168.1.182 | Terminated: [33mFalse[0m
--------------------------------------------------------------------------------
Simulated Switches
--------------------------------------------------------------------------------
Hostname/IP: 192.168.1.182 | Switch name: switch0 | Switch running: [32mTrue [0m
--------------------------------------------------------------------------------
Simulated Pipes
--------------------------------------------------------------------------------
--------------------------------------------------------------------------------
Simulated Nodes/Jobs
--------------------------------------------------------------------------------
Hostname/IP: 192.168.1.182 | Job: rocket-singlecore-nic-gdbserver-smoke0 | Sim running: [33mTrue [0m
--------------------------------------------------------------------------------
Summary
--------------------------------------------------------------------------------
1/1 instances are still running.
1/1 simulations are still running.
--------------------------------------------------------------------------------
[2J
FireSim Simulation Status @ 2026-05-04 18:55:35.573242
--------------------------------------------------------------------------------
This workload's output is located in:
/home/ubuntu/chipyard/sims/firesim/deploy/results-workload/2026-05-04--18-48-19-rocket-singlecore-nic-gdbserver-smoke-f2-rocket-singlecore-nic-gdbserver-smoke-notrace-clean1bp-preserve/
This run's log is located in:
/home/ubuntu/chipyard/sims/firesim/deploy/logs/2026-05-04--18-48-19-runworkload-W1Y8X74YBCBL7K1N.log
This status will update every 10s.
--------------------------------------------------------------------------------
Instances
--------------------------------------------------------------------------------
Hostname/IP: 192.168.1.182 | Terminated: [33mFalse[0m
--------------------------------------------------------------------------------
Simulated Switches
--------------------------------------------------------------------------------
Hostname/IP: 192.168.1.182 | Switch name: switch0 | Switch running: [32mTrue [0m
--------------------------------------------------------------------------------
Simulated Pipes
--------------------------------------------------------------------------------
--------------------------------------------------------------------------------
Simulated Nodes/Jobs
--------------------------------------------------------------------------------
Hostname/IP: 192.168.1.182 | Job: rocket-singlecore-nic-gdbserver-smoke0 | Sim running: [33mTrue [0m
--------------------------------------------------------------------------------
Summary
--------------------------------------------------------------------------------
1/1 instances are still running.
1/1 simulations are still running.
--------------------------------------------------------------------------------
[2J
FireSim Simulation Status @ 2026-05-04 18:55:45.891879
--------------------------------------------------------------------------------
This workload's output is located in:
/home/ubuntu/chipyard/sims/firesim/deploy/results-workload/2026-05-04--18-48-19-rocket-singlecore-nic-gdbserver-smoke-f2-rocket-singlecore-nic-gdbserver-smoke-notrace-clean1bp-preserve/
This run's log is located in:
/home/ubuntu/chipyard/sims/firesim/deploy/logs/2026-05-04--18-48-19-runworkload-W1Y8X74YBCBL7K1N.log
This status will update every 10s.
--------------------------------------------------------------------------------
Instances
--------------------------------------------------------------------------------
Hostname/IP: 192.168.1.182 | Terminated: [33mFalse[0m
--------------------------------------------------------------------------------
Simulated Switches
--------------------------------------------------------------------------------
Hostname/IP: 192.168.1.182 | Switch name: switch0 | Switch running: [32mTrue [0m
--------------------------------------------------------------------------------
Simulated Pipes
--------------------------------------------------------------------------------
--------------------------------------------------------------------------------
Simulated Nodes/Jobs
--------------------------------------------------------------------------------
Hostname/IP: 192.168.1.182 | Job: rocket-singlecore-nic-gdbserver-smoke0 | Sim running: [33mTrue [0m
--------------------------------------------------------------------------------
Summary
--------------------------------------------------------------------------------
1/1 instances are still running.
1/1 simulations are still running.
--------------------------------------------------------------------------------
[2J
FireSim Simulation Status @ 2026-05-04 18:55:56.208336
--------------------------------------------------------------------------------
This workload's output is located in:
/home/ubuntu/chipyard/sims/firesim/deploy/results-workload/2026-05-04--18-48-19-rocket-singlecore-nic-gdbserver-smoke-f2-rocket-singlecore-nic-gdbserver-smoke-notrace-clean1bp-preserve/
This run's log is located in:
/home/ubuntu/chipyard/sims/firesim/deploy/logs/2026-05-04--18-48-19-runworkload-W1Y8X74YBCBL7K1N.log
This status will update every 10s.
--------------------------------------------------------------------------------
Instances
--------------------------------------------------------------------------------
Hostname/IP: 192.168.1.182 | Terminated: [33mFalse[0m
--------------------------------------------------------------------------------
Simulated Switches
--------------------------------------------------------------------------------
Hostname/IP: 192.168.1.182 | Switch name: switch0 | Switch running: [32mTrue [0m
--------------------------------------------------------------------------------
Simulated Pipes
--------------------------------------------------------------------------------
--------------------------------------------------------------------------------
Simulated Nodes/Jobs
--------------------------------------------------------------------------------
Hostname/IP: 192.168.1.182 | Job: rocket-singlecore-nic-gdbserver-smoke0 | Sim running: [33mTrue [0m
--------------------------------------------------------------------------------
Summary
--------------------------------------------------------------------------------
1/1 instances are still running.
1/1 simulations are still running.
--------------------------------------------------------------------------------
[2J
FireSim Simulation Status @ 2026-05-04 18:56:06.530145
--------------------------------------------------------------------------------
This workload's output is located in:
/home/ubuntu/chipyard/sims/firesim/deploy/results-workload/2026-05-04--18-48-19-rocket-singlecore-nic-gdbserver-smoke-f2-rocket-singlecore-nic-gdbserver-smoke-notrace-clean1bp-preserve/
This run's log is located in:
/home/ubuntu/chipyard/sims/firesim/deploy/logs/2026-05-04--18-48-19-runworkload-W1Y8X74YBCBL7K1N.log
This status will update every 10s.
--------------------------------------------------------------------------------
Instances
--------------------------------------------------------------------------------
Hostname/IP: 192.168.1.182 | Terminated: [33mFalse[0m
--------------------------------------------------------------------------------
Simulated Switches
--------------------------------------------------------------------------------
Hostname/IP: 192.168.1.182 | Switch name: switch0 | Switch running: [32mTrue [0m
--------------------------------------------------------------------------------
Simulated Pipes
--------------------------------------------------------------------------------
--------------------------------------------------------------------------------
Simulated Nodes/Jobs
--------------------------------------------------------------------------------
Hostname/IP: 192.168.1.182 | Job: rocket-singlecore-nic-gdbserver-smoke0 | Sim running: [33mTrue [0m
--------------------------------------------------------------------------------
Summary
--------------------------------------------------------------------------------
1/1 instances are still running.
1/1 simulations are still running.
--------------------------------------------------------------------------------
[2J
FireSim Simulation Status @ 2026-05-04 18:56:16.838827
--------------------------------------------------------------------------------
This workload's output is located in:
/home/ubuntu/chipyard/sims/firesim/deploy/results-workload/2026-05-04--18-48-19-rocket-singlecore-nic-gdbserver-smoke-f2-rocket-singlecore-nic-gdbserver-smoke-notrace-clean1bp-preserve/
This run's log is located in:
/home/ubuntu/chipyard/sims/firesim/deploy/logs/2026-05-04--18-48-19-runworkload-W1Y8X74YBCBL7K1N.log
This status will update every 10s.
--------------------------------------------------------------------------------
Instances
--------------------------------------------------------------------------------
Hostname/IP: 192.168.1.182 | Terminated: [33mFalse[0m
--------------------------------------------------------------------------------
Simulated Switches
--------------------------------------------------------------------------------
Hostname/IP: 192.168.1.182 | Switch name: switch0 | Switch running: [32mTrue [0m
--------------------------------------------------------------------------------
Simulated Pipes
--------------------------------------------------------------------------------
--------------------------------------------------------------------------------
Simulated Nodes/Jobs
--------------------------------------------------------------------------------
Hostname/IP: 192.168.1.182 | Job: rocket-singlecore-nic-gdbserver-smoke0 | Sim running: [33mTrue [0m
--------------------------------------------------------------------------------
Summary
--------------------------------------------------------------------------------
1/1 instances are still running.
1/1 simulations are still running.
--------------------------------------------------------------------------------
[2J
FireSim Simulation Status @ 2026-05-04 18:56:27.153067
--------------------------------------------------------------------------------
This workload's output is located in:
/home/ubuntu/chipyard/sims/firesim/deploy/results-workload/2026-05-04--18-48-19-rocket-singlecore-nic-gdbserver-smoke-f2-rocket-singlecore-nic-gdbserver-smoke-notrace-clean1bp-preserve/
This run's log is located in:
/home/ubuntu/chipyard/sims/firesim/deploy/logs/2026-05-04--18-48-19-runworkload-W1Y8X74YBCBL7K1N.log
This status will update every 10s.
--------------------------------------------------------------------------------
Instances
--------------------------------------------------------------------------------
Hostname/IP: 192.168.1.182 | Terminated: [33mFalse[0m
--------------------------------------------------------------------------------
Simulated Switches
--------------------------------------------------------------------------------
Hostname/IP: 192.168.1.182 | Switch name: switch0 | Switch running: [32mTrue [0m
--------------------------------------------------------------------------------
Simulated Pipes
--------------------------------------------------------------------------------
--------------------------------------------------------------------------------
Simulated Nodes/Jobs
--------------------------------------------------------------------------------
Hostname/IP: 192.168.1.182 | Job: rocket-singlecore-nic-gdbserver-smoke0 | Sim running: [33mTrue [0m
--------------------------------------------------------------------------------
Summary
--------------------------------------------------------------------------------
1/1 instances are still running.
1/1 simulations are still running.
--------------------------------------------------------------------------------
[2J
FireSim Simulation Status @ 2026-05-04 18:56:37.703595
--------------------------------------------------------------------------------
This workload's output is located in:
/home/ubuntu/chipyard/sims/firesim/deploy/results-workload/2026-05-04--18-48-19-rocket-singlecore-nic-gdbserver-smoke-f2-rocket-singlecore-nic-gdbserver-smoke-notrace-clean1bp-preserve/
This run's log is located in:
/home/ubuntu/chipyard/sims/firesim/deploy/logs/2026-05-04--18-48-19-runworkload-W1Y8X74YBCBL7K1N.log
This status will update every 10s.
--------------------------------------------------------------------------------
Instances
--------------------------------------------------------------------------------
Hostname/IP: 192.168.1.182 | Terminated: [33mFalse[0m
--------------------------------------------------------------------------------
Simulated Switches
--------------------------------------------------------------------------------
Hostname/IP: 192.168.1.182 | Switch name: switch0 | Switch running: [32mTrue [0m
--------------------------------------------------------------------------------
Simulated Pipes
--------------------------------------------------------------------------------
--------------------------------------------------------------------------------
Simulated Nodes/Jobs
--------------------------------------------------------------------------------
Hostname/IP: 192.168.1.182 | Job: rocket-singlecore-nic-gdbserver-smoke0 | Sim running: [33mTrue [0m
--------------------------------------------------------------------------------
Summary
--------------------------------------------------------------------------------
1/1 instances are still running.
1/1 simulations are still running.
--------------------------------------------------------------------------------
[2J
FireSim Simulation Status @ 2026-05-04 18:56:48.020196
--------------------------------------------------------------------------------
This workload's output is located in:
/home/ubuntu/chipyard/sims/firesim/deploy/results-workload/2026-05-04--18-48-19-rocket-singlecore-nic-gdbserver-smoke-f2-rocket-singlecore-nic-gdbserver-smoke-notrace-clean1bp-preserve/
This run's log is located in:
/home/ubuntu/chipyard/sims/firesim/deploy/logs/2026-05-04--18-48-19-runworkload-W1Y8X74YBCBL7K1N.log
This status will update every 10s.
--------------------------------------------------------------------------------
Instances
--------------------------------------------------------------------------------
Hostname/IP: 192.168.1.182 | Terminated: [33mFalse[0m
--------------------------------------------------------------------------------
Simulated Switches
--------------------------------------------------------------------------------
Hostname/IP: 192.168.1.182 | Switch name: switch0 | Switch running: [32mTrue [0m
--------------------------------------------------------------------------------
Simulated Pipes
--------------------------------------------------------------------------------
--------------------------------------------------------------------------------
Simulated Nodes/Jobs
--------------------------------------------------------------------------------
Hostname/IP: 192.168.1.182 | Job: rocket-singlecore-nic-gdbserver-smoke0 | Sim running: [33mTrue [0m
--------------------------------------------------------------------------------
Summary
--------------------------------------------------------------------------------
1/1 instances are still running.
1/1 simulations are still running.
--------------------------------------------------------------------------------
[2J
FireSim Simulation Status @ 2026-05-04 18:56:58.330374
--------------------------------------------------------------------------------
This workload's output is located in:
/home/ubuntu/chipyard/sims/firesim/deploy/results-workload/2026-05-04--18-48-19-rocket-singlecore-nic-gdbserver-smoke-f2-rocket-singlecore-nic-gdbserver-smoke-notrace-clean1bp-preserve/
This run's log is located in:
/home/ubuntu/chipyard/sims/firesim/deploy/logs/2026-05-04--18-48-19-runworkload-W1Y8X74YBCBL7K1N.log
This status will update every 10s.
--------------------------------------------------------------------------------
Instances
--------------------------------------------------------------------------------
Hostname/IP: 192.168.1.182 | Terminated: [33mFalse[0m
--------------------------------------------------------------------------------
Simulated Switches
--------------------------------------------------------------------------------
Hostname/IP: 192.168.1.182 | Switch name: switch0 | Switch running: [32mTrue [0m
--------------------------------------------------------------------------------
Simulated Pipes
--------------------------------------------------------------------------------
--------------------------------------------------------------------------------
Simulated Nodes/Jobs
--------------------------------------------------------------------------------
Hostname/IP: 192.168.1.182 | Job: rocket-singlecore-nic-gdbserver-smoke0 | Sim running: [33mTrue [0m
--------------------------------------------------------------------------------
Summary
--------------------------------------------------------------------------------
1/1 instances are still running.
1/1 simulations are still running.
--------------------------------------------------------------------------------
[2J
FireSim Simulation Status @ 2026-05-04 18:57:08.647002
--------------------------------------------------------------------------------
This workload's output is located in:
/home/ubuntu/chipyard/sims/firesim/deploy/results-workload/2026-05-04--18-48-19-rocket-singlecore-nic-gdbserver-smoke-f2-rocket-singlecore-nic-gdbserver-smoke-notrace-clean1bp-preserve/
This run's log is located in:
/home/ubuntu/chipyard/sims/firesim/deploy/logs/2026-05-04--18-48-19-runworkload-W1Y8X74YBCBL7K1N.log
This status will update every 10s.
--------------------------------------------------------------------------------
Instances
--------------------------------------------------------------------------------
Hostname/IP: 192.168.1.182 | Terminated: [33mFalse[0m
--------------------------------------------------------------------------------
Simulated Switches
--------------------------------------------------------------------------------
Hostname/IP: 192.168.1.182 | Switch name: switch0 | Switch running: [32mTrue [0m
--------------------------------------------------------------------------------
Simulated Pipes
--------------------------------------------------------------------------------
--------------------------------------------------------------------------------
Simulated Nodes/Jobs
--------------------------------------------------------------------------------
Hostname/IP: 192.168.1.182 | Job: rocket-singlecore-nic-gdbserver-smoke0 | Sim running: [33mTrue [0m
--------------------------------------------------------------------------------
Summary
--------------------------------------------------------------------------------
1/1 instances are still running.
1/1 simulations are still running.
--------------------------------------------------------------------------------
[2J
FireSim Simulation Status @ 2026-05-04 18:57:18.955432
--------------------------------------------------------------------------------
This workload's output is located in:
/home/ubuntu/chipyard/sims/firesim/deploy/results-workload/2026-05-04--18-48-19-rocket-singlecore-nic-gdbserver-smoke-f2-rocket-singlecore-nic-gdbserver-smoke-notrace-clean1bp-preserve/
This run's log is located in:
/home/ubuntu/chipyard/sims/firesim/deploy/logs/2026-05-04--18-48-19-runworkload-W1Y8X74YBCBL7K1N.log
This status will update every 10s.
--------------------------------------------------------------------------------
Instances
--------------------------------------------------------------------------------
Hostname/IP: 192.168.1.182 | Terminated: [33mFalse[0m
--------------------------------------------------------------------------------
Simulated Switches
--------------------------------------------------------------------------------
Hostname/IP: 192.168.1.182 | Switch name: switch0 | Switch running: [32mTrue [0m
--------------------------------------------------------------------------------
Simulated Pipes
--------------------------------------------------------------------------------
--------------------------------------------------------------------------------
Simulated Nodes/Jobs
--------------------------------------------------------------------------------
Hostname/IP: 192.168.1.182 | Job: rocket-singlecore-nic-gdbserver-smoke0 | Sim running: [33mTrue [0m
--------------------------------------------------------------------------------
Summary
--------------------------------------------------------------------------------
1/1 instances are still running.
1/1 simulations are still running.
--------------------------------------------------------------------------------
[2J
FireSim Simulation Status @ 2026-05-04 18:57:29.272116
--------------------------------------------------------------------------------
This workload's output is located in:
/home/ubuntu/chipyard/sims/firesim/deploy/results-workload/2026-05-04--18-48-19-rocket-singlecore-nic-gdbserver-smoke-f2-rocket-singlecore-nic-gdbserver-smoke-notrace-clean1bp-preserve/
This run's log is located in:
/home/ubuntu/chipyard/sims/firesim/deploy/logs/2026-05-04--18-48-19-runworkload-W1Y8X74YBCBL7K1N.log
This status will update every 10s.
--------------------------------------------------------------------------------
Instances
--------------------------------------------------------------------------------
Hostname/IP: 192.168.1.182 | Terminated: [33mFalse[0m
--------------------------------------------------------------------------------
Simulated Switches
--------------------------------------------------------------------------------
Hostname/IP: 192.168.1.182 | Switch name: switch0 | Switch running: [32mTrue [0m
--------------------------------------------------------------------------------
Simulated Pipes
--------------------------------------------------------------------------------
--------------------------------------------------------------------------------
Simulated Nodes/Jobs
--------------------------------------------------------------------------------
Hostname/IP: 192.168.1.182 | Job: rocket-singlecore-nic-gdbserver-smoke0 | Sim running: [33mTrue [0m
--------------------------------------------------------------------------------
Summary
--------------------------------------------------------------------------------
1/1 instances are still running.
1/1 simulations are still running.
--------------------------------------------------------------------------------
[2J
FireSim Simulation Status @ 2026-05-04 18:57:39.817127
--------------------------------------------------------------------------------
This workload's output is located in:
/home/ubuntu/chipyard/sims/firesim/deploy/results-workload/2026-05-04--18-48-19-rocket-singlecore-nic-gdbserver-smoke-f2-rocket-singlecore-nic-gdbserver-smoke-notrace-clean1bp-preserve/
This run's log is located in:
/home/ubuntu/chipyard/sims/firesim/deploy/logs/2026-05-04--18-48-19-runworkload-W1Y8X74YBCBL7K1N.log
This status will update every 10s.
--------------------------------------------------------------------------------
Instances
--------------------------------------------------------------------------------
Hostname/IP: 192.168.1.182 | Terminated: [33mFalse[0m
--------------------------------------------------------------------------------
Simulated Switches
--------------------------------------------------------------------------------
Hostname/IP: 192.168.1.182 | Switch name: switch0 | Switch running: [32mTrue [0m
--------------------------------------------------------------------------------
Simulated Pipes
--------------------------------------------------------------------------------
--------------------------------------------------------------------------------
Simulated Nodes/Jobs
--------------------------------------------------------------------------------
Hostname/IP: 192.168.1.182 | Job: rocket-singlecore-nic-gdbserver-smoke0 | Sim running: [33mTrue [0m
--------------------------------------------------------------------------------
Summary
--------------------------------------------------------------------------------
1/1 instances are still running.
1/1 simulations are still running.
--------------------------------------------------------------------------------
[2J
FireSim Simulation Status @ 2026-05-04 18:57:50.123172
--------------------------------------------------------------------------------
This workload's output is located in:
/home/ubuntu/chipyard/sims/firesim/deploy/results-workload/2026-05-04--18-48-19-rocket-singlecore-nic-gdbserver-smoke-f2-rocket-singlecore-nic-gdbserver-smoke-notrace-clean1bp-preserve/
This run's log is located in:
/home/ubuntu/chipyard/sims/firesim/deploy/logs/2026-05-04--18-48-19-runworkload-W1Y8X74YBCBL7K1N.log
This status will update every 10s.
--------------------------------------------------------------------------------
Instances
--------------------------------------------------------------------------------
Hostname/IP: 192.168.1.182 | Terminated: [33mFalse[0m
--------------------------------------------------------------------------------
Simulated Switches
--------------------------------------------------------------------------------
Hostname/IP: 192.168.1.182 | Switch name: switch0 | Switch running: [32mTrue [0m
--------------------------------------------------------------------------------
Simulated Pipes
--------------------------------------------------------------------------------
--------------------------------------------------------------------------------
Simulated Nodes/Jobs
--------------------------------------------------------------------------------
Hostname/IP: 192.168.1.182 | Job: rocket-singlecore-nic-gdbserver-smoke0 | Sim running: [33mTrue [0m
--------------------------------------------------------------------------------
Summary
--------------------------------------------------------------------------------
1/1 instances are still running.
1/1 simulations are still running.
--------------------------------------------------------------------------------
[2J
FireSim Simulation Status @ 2026-05-04 18:58:00.441576
--------------------------------------------------------------------------------
This workload's output is located in:
/home/ubuntu/chipyard/sims/firesim/deploy/results-workload/2026-05-04--18-48-19-rocket-singlecore-nic-gdbserver-smoke-f2-rocket-singlecore-nic-gdbserver-smoke-notrace-clean1bp-preserve/
This run's log is located in:
/home/ubuntu/chipyard/sims/firesim/deploy/logs/2026-05-04--18-48-19-runworkload-W1Y8X74YBCBL7K1N.log
This status will update every 10s.
--------------------------------------------------------------------------------
Instances
--------------------------------------------------------------------------------
Hostname/IP: 192.168.1.182 | Terminated: [33mFalse[0m
--------------------------------------------------------------------------------
Simulated Switches
--------------------------------------------------------------------------------
Hostname/IP: 192.168.1.182 | Switch name: switch0 | Switch running: [32mTrue [0m
--------------------------------------------------------------------------------
Simulated Pipes
--------------------------------------------------------------------------------
--------------------------------------------------------------------------------
Simulated Nodes/Jobs
--------------------------------------------------------------------------------
Hostname/IP: 192.168.1.182 | Job: rocket-singlecore-nic-gdbserver-smoke0 | Sim running: [33mTrue [0m
--------------------------------------------------------------------------------
Summary
--------------------------------------------------------------------------------
1/1 instances are still running.
1/1 simulations are still running.
--------------------------------------------------------------------------------
[2J
FireSim Simulation Status @ 2026-05-04 18:58:10.761513
--------------------------------------------------------------------------------
This workload's output is located in:
/home/ubuntu/chipyard/sims/firesim/deploy/results-workload/2026-05-04--18-48-19-rocket-singlecore-nic-gdbserver-smoke-f2-rocket-singlecore-nic-gdbserver-smoke-notrace-clean1bp-preserve/
This run's log is located in:
/home/ubuntu/chipyard/sims/firesim/deploy/logs/2026-05-04--18-48-19-runworkload-W1Y8X74YBCBL7K1N.log
This status will update every 10s.
--------------------------------------------------------------------------------
Instances
--------------------------------------------------------------------------------
Hostname/IP: 192.168.1.182 | Terminated: [33mFalse[0m
--------------------------------------------------------------------------------
Simulated Switches
--------------------------------------------------------------------------------
Hostname/IP: 192.168.1.182 | Switch name: switch0 | Switch running: [32mTrue [0m
--------------------------------------------------------------------------------
Simulated Pipes
--------------------------------------------------------------------------------
--------------------------------------------------------------------------------
Simulated Nodes/Jobs
--------------------------------------------------------------------------------
Hostname/IP: 192.168.1.182 | Job: rocket-singlecore-nic-gdbserver-smoke0 | Sim running: [33mTrue [0m
--------------------------------------------------------------------------------
Summary
--------------------------------------------------------------------------------
1/1 instances are still running.
1/1 simulations are still running.
--------------------------------------------------------------------------------
[2J
FireSim Simulation Status @ 2026-05-04 18:58:21.060547
--------------------------------------------------------------------------------
This workload's output is located in:
/home/ubuntu/chipyard/sims/firesim/deploy/results-workload/2026-05-04--18-48-19-rocket-singlecore-nic-gdbserver-smoke-f2-rocket-singlecore-nic-gdbserver-smoke-notrace-clean1bp-preserve/
This run's log is located in:
/home/ubuntu/chipyard/sims/firesim/deploy/logs/2026-05-04--18-48-19-runworkload-W1Y8X74YBCBL7K1N.log
This status will update every 10s.
--------------------------------------------------------------------------------
Instances
--------------------------------------------------------------------------------
Hostname/IP: 192.168.1.182 | Terminated: [33mFalse[0m
--------------------------------------------------------------------------------
Simulated Switches
--------------------------------------------------------------------------------
Hostname/IP: 192.168.1.182 | Switch name: switch0 | Switch running: [32mTrue [0m
--------------------------------------------------------------------------------
Simulated Pipes
--------------------------------------------------------------------------------
--------------------------------------------------------------------------------
Simulated Nodes/Jobs
--------------------------------------------------------------------------------
Hostname/IP: 192.168.1.182 | Job: rocket-singlecore-nic-gdbserver-smoke0 | Sim running: [33mTrue [0m
--------------------------------------------------------------------------------
Summary
--------------------------------------------------------------------------------
1/1 instances are still running.
1/1 simulations are still running.
--------------------------------------------------------------------------------
[2J
FireSim Simulation Status @ 2026-05-04 18:58:31.363159
--------------------------------------------------------------------------------
This workload's output is located in:
/home/ubuntu/chipyard/sims/firesim/deploy/results-workload/2026-05-04--18-48-19-rocket-singlecore-nic-gdbserver-smoke-f2-rocket-singlecore-nic-gdbserver-smoke-notrace-clean1bp-preserve/
This run's log is located in:
/home/ubuntu/chipyard/sims/firesim/deploy/logs/2026-05-04--18-48-19-runworkload-W1Y8X74YBCBL7K1N.log
This status will update every 10s.
--------------------------------------------------------------------------------
Instances
--------------------------------------------------------------------------------
Hostname/IP: 192.168.1.182 | Terminated: [33mFalse[0m
--------------------------------------------------------------------------------
Simulated Switches
--------------------------------------------------------------------------------
Hostname/IP: 192.168.1.182 | Switch name: switch0 | Switch running: [32mTrue [0m
--------------------------------------------------------------------------------
Simulated Pipes
--------------------------------------------------------------------------------
--------------------------------------------------------------------------------
Simulated Nodes/Jobs
--------------------------------------------------------------------------------
Hostname/IP: 192.168.1.182 | Job: rocket-singlecore-nic-gdbserver-smoke0 | Sim running: [33mTrue [0m
--------------------------------------------------------------------------------
Summary
--------------------------------------------------------------------------------
1/1 instances are still running.
1/1 simulations are still running.
--------------------------------------------------------------------------------
[2J
FireSim Simulation Status @ 2026-05-04 18:58:41.913447
--------------------------------------------------------------------------------
This workload's output is located in:
/home/ubuntu/chipyard/sims/firesim/deploy/results-workload/2026-05-04--18-48-19-rocket-singlecore-nic-gdbserver-smoke-f2-rocket-singlecore-nic-gdbserver-smoke-notrace-clean1bp-preserve/
This run's log is located in:
/home/ubuntu/chipyard/sims/firesim/deploy/logs/2026-05-04--18-48-19-runworkload-W1Y8X74YBCBL7K1N.log
This status will update every 10s.
--------------------------------------------------------------------------------
Instances
--------------------------------------------------------------------------------
Hostname/IP: 192.168.1.182 | Terminated: [33mFalse[0m
--------------------------------------------------------------------------------
Simulated Switches
--------------------------------------------------------------------------------
Hostname/IP: 192.168.1.182 | Switch name: switch0 | Switch running: [32mTrue [0m
--------------------------------------------------------------------------------
Simulated Pipes
--------------------------------------------------------------------------------
--------------------------------------------------------------------------------
Simulated Nodes/Jobs
--------------------------------------------------------------------------------
Hostname/IP: 192.168.1.182 | Job: rocket-singlecore-nic-gdbserver-smoke0 | Sim running: [33mTrue [0m
--------------------------------------------------------------------------------
Summary
--------------------------------------------------------------------------------
1/1 instances are still running.
1/1 simulations are still running.
--------------------------------------------------------------------------------
[2J
FireSim Simulation Status @ 2026-05-04 18:58:52.231511
--------------------------------------------------------------------------------
This workload's output is located in:
/home/ubuntu/chipyard/sims/firesim/deploy/results-workload/2026-05-04--18-48-19-rocket-singlecore-nic-gdbserver-smoke-f2-rocket-singlecore-nic-gdbserver-smoke-notrace-clean1bp-preserve/
This run's log is located in:
/home/ubuntu/chipyard/sims/firesim/deploy/logs/2026-05-04--18-48-19-runworkload-W1Y8X74YBCBL7K1N.log
This status will update every 10s.
--------------------------------------------------------------------------------
Instances
--------------------------------------------------------------------------------
Hostname/IP: 192.168.1.182 | Terminated: [33mFalse[0m
--------------------------------------------------------------------------------
Simulated Switches
--------------------------------------------------------------------------------
Hostname/IP: 192.168.1.182 | Switch name: switch0 | Switch running: [32mTrue [0m
--------------------------------------------------------------------------------
Simulated Pipes
--------------------------------------------------------------------------------
--------------------------------------------------------------------------------
Simulated Nodes/Jobs
--------------------------------------------------------------------------------
Hostname/IP: 192.168.1.182 | Job: rocket-singlecore-nic-gdbserver-smoke0 | Sim running: [33mTrue [0m
--------------------------------------------------------------------------------
Summary
--------------------------------------------------------------------------------
1/1 instances are still running.
1/1 simulations are still running.
--------------------------------------------------------------------------------
[2J
FireSim Simulation Status @ 2026-05-04 18:59:02.547257
--------------------------------------------------------------------------------
This workload's output is located in:
/home/ubuntu/chipyard/sims/firesim/deploy/results-workload/2026-05-04--18-48-19-rocket-singlecore-nic-gdbserver-smoke-f2-rocket-singlecore-nic-gdbserver-smoke-notrace-clean1bp-preserve/
This run's log is located in:
/home/ubuntu/chipyard/sims/firesim/deploy/logs/2026-05-04--18-48-19-runworkload-W1Y8X74YBCBL7K1N.log
This status will update every 10s.
--------------------------------------------------------------------------------
Instances
--------------------------------------------------------------------------------
Hostname/IP: 192.168.1.182 | Terminated: [33mFalse[0m
--------------------------------------------------------------------------------
Simulated Switches
--------------------------------------------------------------------------------
Hostname/IP: 192.168.1.182 | Switch name: switch0 | Switch running: [32mTrue [0m
--------------------------------------------------------------------------------
Simulated Pipes
--------------------------------------------------------------------------------
--------------------------------------------------------------------------------
Simulated Nodes/Jobs
--------------------------------------------------------------------------------
Hostname/IP: 192.168.1.182 | Job: rocket-singlecore-nic-gdbserver-smoke0 | Sim running: [33mTrue [0m
--------------------------------------------------------------------------------
Summary
--------------------------------------------------------------------------------
1/1 instances are still running.
1/1 simulations are still running.
--------------------------------------------------------------------------------
[2J
FireSim Simulation Status @ 2026-05-04 18:59:12.851039
--------------------------------------------------------------------------------
This workload's output is located in:
/home/ubuntu/chipyard/sims/firesim/deploy/results-workload/2026-05-04--18-48-19-rocket-singlecore-nic-gdbserver-smoke-f2-rocket-singlecore-nic-gdbserver-smoke-notrace-clean1bp-preserve/
This run's log is located in:
/home/ubuntu/chipyard/sims/firesim/deploy/logs/2026-05-04--18-48-19-runworkload-W1Y8X74YBCBL7K1N.log
This status will update every 10s.
--------------------------------------------------------------------------------
Instances
--------------------------------------------------------------------------------
Hostname/IP: 192.168.1.182 | Terminated: [33mFalse[0m
--------------------------------------------------------------------------------
Simulated Switches
--------------------------------------------------------------------------------
Hostname/IP: 192.168.1.182 | Switch name: switch0 | Switch running: [32mTrue [0m
--------------------------------------------------------------------------------
Simulated Pipes
--------------------------------------------------------------------------------
--------------------------------------------------------------------------------
Simulated Nodes/Jobs
--------------------------------------------------------------------------------
Hostname/IP: 192.168.1.182 | Job: rocket-singlecore-nic-gdbserver-smoke0 | Sim running: [33mTrue [0m
--------------------------------------------------------------------------------
Summary
--------------------------------------------------------------------------------
1/1 instances are still running.
1/1 simulations are still running.
--------------------------------------------------------------------------------
[2J
FireSim Simulation Status @ 2026-05-04 18:59:23.157077
--------------------------------------------------------------------------------
This workload's output is located in:
/home/ubuntu/chipyard/sims/firesim/deploy/results-workload/2026-05-04--18-48-19-rocket-singlecore-nic-gdbserver-smoke-f2-rocket-singlecore-nic-gdbserver-smoke-notrace-clean1bp-preserve/
This run's log is located in:
/home/ubuntu/chipyard/sims/firesim/deploy/logs/2026-05-04--18-48-19-runworkload-W1Y8X74YBCBL7K1N.log
This status will update every 10s.
--------------------------------------------------------------------------------
Instances
--------------------------------------------------------------------------------
Hostname/IP: 192.168.1.182 | Terminated: [33mFalse[0m
--------------------------------------------------------------------------------
Simulated Switches
--------------------------------------------------------------------------------
Hostname/IP: 192.168.1.182 | Switch name: switch0 | Switch running: [32mTrue [0m
--------------------------------------------------------------------------------
Simulated Pipes
--------------------------------------------------------------------------------
--------------------------------------------------------------------------------
Simulated Nodes/Jobs
--------------------------------------------------------------------------------
Hostname/IP: 192.168.1.182 | Job: rocket-singlecore-nic-gdbserver-smoke0 | Sim running: [33mTrue [0m
--------------------------------------------------------------------------------
Summary
--------------------------------------------------------------------------------
1/1 instances are still running.
1/1 simulations are still running.
--------------------------------------------------------------------------------
[2J
FireSim Simulation Status @ 2026-05-04 18:59:33.474087
--------------------------------------------------------------------------------
This workload's output is located in:
/home/ubuntu/chipyard/sims/firesim/deploy/results-workload/2026-05-04--18-48-19-rocket-singlecore-nic-gdbserver-smoke-f2-rocket-singlecore-nic-gdbserver-smoke-notrace-clean1bp-preserve/
This run's log is located in:
/home/ubuntu/chipyard/sims/firesim/deploy/logs/2026-05-04--18-48-19-runworkload-W1Y8X74YBCBL7K1N.log
This status will update every 10s.
--------------------------------------------------------------------------------
Instances
--------------------------------------------------------------------------------
Hostname/IP: 192.168.1.182 | Terminated: [33mFalse[0m
--------------------------------------------------------------------------------
Simulated Switches
--------------------------------------------------------------------------------
Hostname/IP: 192.168.1.182 | Switch name: switch0 | Switch running: [32mTrue [0m
--------------------------------------------------------------------------------
Simulated Pipes
--------------------------------------------------------------------------------
--------------------------------------------------------------------------------
Simulated Nodes/Jobs
--------------------------------------------------------------------------------
Hostname/IP: 192.168.1.182 | Job: rocket-singlecore-nic-gdbserver-smoke0 | Sim running: [33mTrue [0m
--------------------------------------------------------------------------------
Summary
--------------------------------------------------------------------------------
1/1 instances are still running.
1/1 simulations are still running.
--------------------------------------------------------------------------------
[2J
FireSim Simulation Status @ 2026-05-04 18:59:44.025757
--------------------------------------------------------------------------------
This workload's output is located in:
/home/ubuntu/chipyard/sims/firesim/deploy/results-workload/2026-05-04--18-48-19-rocket-singlecore-nic-gdbserver-smoke-f2-rocket-singlecore-nic-gdbserver-smoke-notrace-clean1bp-preserve/
This run's log is located in:
/home/ubuntu/chipyard/sims/firesim/deploy/logs/2026-05-04--18-48-19-runworkload-W1Y8X74YBCBL7K1N.log
This status will update every 10s.
--------------------------------------------------------------------------------
Instances
--------------------------------------------------------------------------------
Hostname/IP: 192.168.1.182 | Terminated: [33mFalse[0m
--------------------------------------------------------------------------------
Simulated Switches
--------------------------------------------------------------------------------
Hostname/IP: 192.168.1.182 | Switch name: switch0 | Switch running: [32mTrue [0m
--------------------------------------------------------------------------------
Simulated Pipes
--------------------------------------------------------------------------------
--------------------------------------------------------------------------------
Simulated Nodes/Jobs
--------------------------------------------------------------------------------
Hostname/IP: 192.168.1.182 | Job: rocket-singlecore-nic-gdbserver-smoke0 | Sim running: [33mTrue [0m
--------------------------------------------------------------------------------
Summary
--------------------------------------------------------------------------------
1/1 instances are still running.
1/1 simulations are still running.
--------------------------------------------------------------------------------
[2J
FireSim Simulation Status @ 2026-05-04 18:59:54.340218
--------------------------------------------------------------------------------
This workload's output is located in:
/home/ubuntu/chipyard/sims/firesim/deploy/results-workload/2026-05-04--18-48-19-rocket-singlecore-nic-gdbserver-smoke-f2-rocket-singlecore-nic-gdbserver-smoke-notrace-clean1bp-preserve/
This run's log is located in:
/home/ubuntu/chipyard/sims/firesim/deploy/logs/2026-05-04--18-48-19-runworkload-W1Y8X74YBCBL7K1N.log
This status will update every 10s.
--------------------------------------------------------------------------------
Instances
--------------------------------------------------------------------------------
Hostname/IP: 192.168.1.182 | Terminated: [33mFalse[0m
--------------------------------------------------------------------------------
Simulated Switches
--------------------------------------------------------------------------------
Hostname/IP: 192.168.1.182 | Switch name: switch0 | Switch running: [32mTrue [0m
--------------------------------------------------------------------------------
Simulated Pipes
--------------------------------------------------------------------------------
--------------------------------------------------------------------------------
Simulated Nodes/Jobs
--------------------------------------------------------------------------------
Hostname/IP: 192.168.1.182 | Job: rocket-singlecore-nic-gdbserver-smoke0 | Sim running: [33mTrue [0m
--------------------------------------------------------------------------------
Summary
--------------------------------------------------------------------------------
1/1 instances are still running.
1/1 simulations are still running.
--------------------------------------------------------------------------------
[2J
FireSim Simulation Status @ 2026-05-04 19:00:04.669003
--------------------------------------------------------------------------------
This workload's output is located in:
/home/ubuntu/chipyard/sims/firesim/deploy/results-workload/2026-05-04--18-48-19-rocket-singlecore-nic-gdbserver-smoke-f2-rocket-singlecore-nic-gdbserver-smoke-notrace-clean1bp-preserve/
This run's log is located in:
/home/ubuntu/chipyard/sims/firesim/deploy/logs/2026-05-04--18-48-19-runworkload-W1Y8X74YBCBL7K1N.log
This status will update every 10s.
--------------------------------------------------------------------------------
Instances
--------------------------------------------------------------------------------
Hostname/IP: 192.168.1.182 | Terminated: [33mFalse[0m
--------------------------------------------------------------------------------
Simulated Switches
--------------------------------------------------------------------------------
Hostname/IP: 192.168.1.182 | Switch name: switch0 | Switch running: [32mTrue [0m
--------------------------------------------------------------------------------
Simulated Pipes
--------------------------------------------------------------------------------
--------------------------------------------------------------------------------
Simulated Nodes/Jobs
--------------------------------------------------------------------------------
Hostname/IP: 192.168.1.182 | Job: rocket-singlecore-nic-gdbserver-smoke0 | Sim running: [33mTrue [0m
--------------------------------------------------------------------------------
Summary
--------------------------------------------------------------------------------
1/1 instances are still running.
1/1 simulations are still running.
--------------------------------------------------------------------------------
[2J
FireSim Simulation Status @ 2026-05-04 19:00:14.977228
--------------------------------------------------------------------------------
This workload's output is located in:
/home/ubuntu/chipyard/sims/firesim/deploy/results-workload/2026-05-04--18-48-19-rocket-singlecore-nic-gdbserver-smoke-f2-rocket-singlecore-nic-gdbserver-smoke-notrace-clean1bp-preserve/
This run's log is located in:
/home/ubuntu/chipyard/sims/firesim/deploy/logs/2026-05-04--18-48-19-runworkload-W1Y8X74YBCBL7K1N.log
This status will update every 10s.
--------------------------------------------------------------------------------
Instances
--------------------------------------------------------------------------------
Hostname/IP: 192.168.1.182 | Terminated: [33mFalse[0m
--------------------------------------------------------------------------------
Simulated Switches
--------------------------------------------------------------------------------
Hostname/IP: 192.168.1.182 | Switch name: switch0 | Switch running: [32mTrue [0m
--------------------------------------------------------------------------------
Simulated Pipes
--------------------------------------------------------------------------------
--------------------------------------------------------------------------------
Simulated Nodes/Jobs
--------------------------------------------------------------------------------
Hostname/IP: 192.168.1.182 | Job: rocket-singlecore-nic-gdbserver-smoke0 | Sim running: [33mTrue [0m
--------------------------------------------------------------------------------
Summary
--------------------------------------------------------------------------------
1/1 instances are still running.
1/1 simulations are still running.
--------------------------------------------------------------------------------
[2J
FireSim Simulation Status @ 2026-05-04 19:00:25.278822
--------------------------------------------------------------------------------
This workload's output is located in:
/home/ubuntu/chipyard/sims/firesim/deploy/results-workload/2026-05-04--18-48-19-rocket-singlecore-nic-gdbserver-smoke-f2-rocket-singlecore-nic-gdbserver-smoke-notrace-clean1bp-preserve/
This run's log is located in:
/home/ubuntu/chipyard/sims/firesim/deploy/logs/2026-05-04--18-48-19-runworkload-W1Y8X74YBCBL7K1N.log
This status will update every 10s.
--------------------------------------------------------------------------------
Instances
--------------------------------------------------------------------------------
Hostname/IP: 192.168.1.182 | Terminated: [33mFalse[0m
--------------------------------------------------------------------------------
Simulated Switches
--------------------------------------------------------------------------------
Hostname/IP: 192.168.1.182 | Switch name: switch0 | Switch running: [32mTrue [0m
--------------------------------------------------------------------------------
Simulated Pipes
--------------------------------------------------------------------------------
--------------------------------------------------------------------------------
Simulated Nodes/Jobs
--------------------------------------------------------------------------------
Hostname/IP: 192.168.1.182 | Job: rocket-singlecore-nic-gdbserver-smoke0 | Sim running: [33mTrue [0m
--------------------------------------------------------------------------------
Summary
--------------------------------------------------------------------------------
1/1 instances are still running.
1/1 simulations are still running.
--------------------------------------------------------------------------------
[2J
FireSim Simulation Status @ 2026-05-04 19:00:35.587168
--------------------------------------------------------------------------------
This workload's output is located in:
/home/ubuntu/chipyard/sims/firesim/deploy/results-workload/2026-05-04--18-48-19-rocket-singlecore-nic-gdbserver-smoke-f2-rocket-singlecore-nic-gdbserver-smoke-notrace-clean1bp-preserve/
This run's log is located in:
/home/ubuntu/chipyard/sims/firesim/deploy/logs/2026-05-04--18-48-19-runworkload-W1Y8X74YBCBL7K1N.log
This status will update every 10s.
--------------------------------------------------------------------------------
Instances
--------------------------------------------------------------------------------
Hostname/IP: 192.168.1.182 | Terminated: [33mFalse[0m
--------------------------------------------------------------------------------
Simulated Switches
--------------------------------------------------------------------------------
Hostname/IP: 192.168.1.182 | Switch name: switch0 | Switch running: [32mTrue [0m
--------------------------------------------------------------------------------
Simulated Pipes
--------------------------------------------------------------------------------
--------------------------------------------------------------------------------
Simulated Nodes/Jobs
--------------------------------------------------------------------------------
Hostname/IP: 192.168.1.182 | Job: rocket-singlecore-nic-gdbserver-smoke0 | Sim running: [33mTrue [0m
--------------------------------------------------------------------------------
Summary
--------------------------------------------------------------------------------
1/1 instances are still running.
1/1 simulations are still running.
--------------------------------------------------------------------------------
[2J
FireSim Simulation Status @ 2026-05-04 19:00:46.125051
--------------------------------------------------------------------------------
This workload's output is located in:
/home/ubuntu/chipyard/sims/firesim/deploy/results-workload/2026-05-04--18-48-19-rocket-singlecore-nic-gdbserver-smoke-f2-rocket-singlecore-nic-gdbserver-smoke-notrace-clean1bp-preserve/
This run's log is located in:
/home/ubuntu/chipyard/sims/firesim/deploy/logs/2026-05-04--18-48-19-runworkload-W1Y8X74YBCBL7K1N.log
This status will update every 10s.
--------------------------------------------------------------------------------
Instances
--------------------------------------------------------------------------------
Hostname/IP: 192.168.1.182 | Terminated: [33mFalse[0m
--------------------------------------------------------------------------------
Simulated Switches
--------------------------------------------------------------------------------
Hostname/IP: 192.168.1.182 | Switch name: switch0 | Switch running: [32mTrue [0m
--------------------------------------------------------------------------------
Simulated Pipes
--------------------------------------------------------------------------------
--------------------------------------------------------------------------------
Simulated Nodes/Jobs
--------------------------------------------------------------------------------
Hostname/IP: 192.168.1.182 | Job: rocket-singlecore-nic-gdbserver-smoke0 | Sim running: [33mTrue [0m
--------------------------------------------------------------------------------
Summary
--------------------------------------------------------------------------------
1/1 instances are still running.
1/1 simulations are still running.
--------------------------------------------------------------------------------
[2J
FireSim Simulation Status @ 2026-05-04 19:00:56.444258
--------------------------------------------------------------------------------
This workload's output is located in:
/home/ubuntu/chipyard/sims/firesim/deploy/results-workload/2026-05-04--18-48-19-rocket-singlecore-nic-gdbserver-smoke-f2-rocket-singlecore-nic-gdbserver-smoke-notrace-clean1bp-preserve/
This run's log is located in:
/home/ubuntu/chipyard/sims/firesim/deploy/logs/2026-05-04--18-48-19-runworkload-W1Y8X74YBCBL7K1N.log
This status will update every 10s.
--------------------------------------------------------------------------------
Instances
--------------------------------------------------------------------------------
Hostname/IP: 192.168.1.182 | Terminated: [33mFalse[0m
--------------------------------------------------------------------------------
Simulated Switches
--------------------------------------------------------------------------------
Hostname/IP: 192.168.1.182 | Switch name: switch0 | Switch running: [32mTrue [0m
--------------------------------------------------------------------------------
Simulated Pipes
--------------------------------------------------------------------------------
--------------------------------------------------------------------------------
Simulated Nodes/Jobs
--------------------------------------------------------------------------------
Hostname/IP: 192.168.1.182 | Job: rocket-singlecore-nic-gdbserver-smoke0 | Sim running: [33mTrue [0m
--------------------------------------------------------------------------------
Summary
--------------------------------------------------------------------------------
1/1 instances are still running.
1/1 simulations are still running.
--------------------------------------------------------------------------------
[2J
FireSim Simulation Status @ 2026-05-04 19:01:06.761069
--------------------------------------------------------------------------------
This workload's output is located in:
/home/ubuntu/chipyard/sims/firesim/deploy/results-workload/2026-05-04--18-48-19-rocket-singlecore-nic-gdbserver-smoke-f2-rocket-singlecore-nic-gdbserver-smoke-notrace-clean1bp-preserve/
This run's log is located in:
/home/ubuntu/chipyard/sims/firesim/deploy/logs/2026-05-04--18-48-19-runworkload-W1Y8X74YBCBL7K1N.log
This status will update every 10s.
--------------------------------------------------------------------------------
Instances
--------------------------------------------------------------------------------
Hostname/IP: 192.168.1.182 | Terminated: [33mFalse[0m
--------------------------------------------------------------------------------
Simulated Switches
--------------------------------------------------------------------------------
Hostname/IP: 192.168.1.182 | Switch name: switch0 | Switch running: [32mTrue [0m
--------------------------------------------------------------------------------
Simulated Pipes
--------------------------------------------------------------------------------
--------------------------------------------------------------------------------
Simulated Nodes/Jobs
--------------------------------------------------------------------------------
Hostname/IP: 192.168.1.182 | Job: rocket-singlecore-nic-gdbserver-smoke0 | Sim running: [33mTrue [0m
--------------------------------------------------------------------------------
Summary
--------------------------------------------------------------------------------
1/1 instances are still running.
1/1 simulations are still running.
--------------------------------------------------------------------------------
[2J
FireSim Simulation Status @ 2026-05-04 19:01:17.073144
--------------------------------------------------------------------------------
This workload's output is located in:
/home/ubuntu/chipyard/sims/firesim/deploy/results-workload/2026-05-04--18-48-19-rocket-singlecore-nic-gdbserver-smoke-f2-rocket-singlecore-nic-gdbserver-smoke-notrace-clean1bp-preserve/
This run's log is located in:
/home/ubuntu/chipyard/sims/firesim/deploy/logs/2026-05-04--18-48-19-runworkload-W1Y8X74YBCBL7K1N.log
This status will update every 10s.
--------------------------------------------------------------------------------
Instances
--------------------------------------------------------------------------------
Hostname/IP: 192.168.1.182 | Terminated: [33mFalse[0m
--------------------------------------------------------------------------------
Simulated Switches
--------------------------------------------------------------------------------
Hostname/IP: 192.168.1.182 | Switch name: switch0 | Switch running: [32mTrue [0m
--------------------------------------------------------------------------------
Simulated Pipes
--------------------------------------------------------------------------------
--------------------------------------------------------------------------------
Simulated Nodes/Jobs
--------------------------------------------------------------------------------
Hostname/IP: 192.168.1.182 | Job: rocket-singlecore-nic-gdbserver-smoke0 | Sim running: [33mTrue [0m
--------------------------------------------------------------------------------
Summary
--------------------------------------------------------------------------------
1/1 instances are still running.
1/1 simulations are still running.
--------------------------------------------------------------------------------
[2J
FireSim Simulation Status @ 2026-05-04 19:01:27.381599
--------------------------------------------------------------------------------
This workload's output is located in:
/home/ubuntu/chipyard/sims/firesim/deploy/results-workload/2026-05-04--18-48-19-rocket-singlecore-nic-gdbserver-smoke-f2-rocket-singlecore-nic-gdbserver-smoke-notrace-clean1bp-preserve/
This run's log is located in:
/home/ubuntu/chipyard/sims/firesim/deploy/logs/2026-05-04--18-48-19-runworkload-W1Y8X74YBCBL7K1N.log
This status will update every 10s.
--------------------------------------------------------------------------------
Instances
--------------------------------------------------------------------------------
Hostname/IP: 192.168.1.182 | Terminated: [33mFalse[0m
--------------------------------------------------------------------------------
Simulated Switches
--------------------------------------------------------------------------------
Hostname/IP: 192.168.1.182 | Switch name: switch0 | Switch running: [32mTrue [0m
--------------------------------------------------------------------------------
Simulated Pipes
--------------------------------------------------------------------------------
--------------------------------------------------------------------------------
Simulated Nodes/Jobs
--------------------------------------------------------------------------------
Hostname/IP: 192.168.1.182 | Job: rocket-singlecore-nic-gdbserver-smoke0 | Sim running: [33mTrue [0m
--------------------------------------------------------------------------------
Summary
--------------------------------------------------------------------------------
1/1 instances are still running.
1/1 simulations are still running.
--------------------------------------------------------------------------------
[2J
FireSim Simulation Status @ 2026-05-04 19:01:37.700218
--------------------------------------------------------------------------------
This workload's output is located in:
/home/ubuntu/chipyard/sims/firesim/deploy/results-workload/2026-05-04--18-48-19-rocket-singlecore-nic-gdbserver-smoke-f2-rocket-singlecore-nic-gdbserver-smoke-notrace-clean1bp-preserve/
This run's log is located in:
/home/ubuntu/chipyard/sims/firesim/deploy/logs/2026-05-04--18-48-19-runworkload-W1Y8X74YBCBL7K1N.log
This status will update every 10s.
--------------------------------------------------------------------------------
Instances
--------------------------------------------------------------------------------
Hostname/IP: 192.168.1.182 | Terminated: [33mFalse[0m
--------------------------------------------------------------------------------
Simulated Switches
--------------------------------------------------------------------------------
Hostname/IP: 192.168.1.182 | Switch name: switch0 | Switch running: [32mTrue [0m
--------------------------------------------------------------------------------
Simulated Pipes
--------------------------------------------------------------------------------
--------------------------------------------------------------------------------
Simulated Nodes/Jobs
--------------------------------------------------------------------------------
Hostname/IP: 192.168.1.182 | Job: rocket-singlecore-nic-gdbserver-smoke0 | Sim running: [33mTrue [0m
--------------------------------------------------------------------------------
Summary
--------------------------------------------------------------------------------
1/1 instances are still running.
1/1 simulations are still running.
--------------------------------------------------------------------------------
[2J
FireSim Simulation Status @ 2026-05-04 19:01:48.249731
--------------------------------------------------------------------------------
This workload's output is located in:
/home/ubuntu/chipyard/sims/firesim/deploy/results-workload/2026-05-04--18-48-19-rocket-singlecore-nic-gdbserver-smoke-f2-rocket-singlecore-nic-gdbserver-smoke-notrace-clean1bp-preserve/
This run's log is located in:
/home/ubuntu/chipyard/sims/firesim/deploy/logs/2026-05-04--18-48-19-runworkload-W1Y8X74YBCBL7K1N.log
This status will update every 10s.
--------------------------------------------------------------------------------
Instances
--------------------------------------------------------------------------------
Hostname/IP: 192.168.1.182 | Terminated: [33mFalse[0m
--------------------------------------------------------------------------------
Simulated Switches
--------------------------------------------------------------------------------
Hostname/IP: 192.168.1.182 | Switch name: switch0 | Switch running: [32mTrue [0m
--------------------------------------------------------------------------------
Simulated Pipes
--------------------------------------------------------------------------------
--------------------------------------------------------------------------------
Simulated Nodes/Jobs
--------------------------------------------------------------------------------
Hostname/IP: 192.168.1.182 | Job: rocket-singlecore-nic-gdbserver-smoke0 | Sim running: [33mTrue [0m
--------------------------------------------------------------------------------
Summary
--------------------------------------------------------------------------------
1/1 instances are still running.
1/1 simulations are still running.
--------------------------------------------------------------------------------
[2J
FireSim Simulation Status @ 2026-05-04 19:01:58.558344
--------------------------------------------------------------------------------
This workload's output is located in:
/home/ubuntu/chipyard/sims/firesim/deploy/results-workload/2026-05-04--18-48-19-rocket-singlecore-nic-gdbserver-smoke-f2-rocket-singlecore-nic-gdbserver-smoke-notrace-clean1bp-preserve/
This run's log is located in:
/home/ubuntu/chipyard/sims/firesim/deploy/logs/2026-05-04--18-48-19-runworkload-W1Y8X74YBCBL7K1N.log
This status will update every 10s.
--------------------------------------------------------------------------------
Instances
--------------------------------------------------------------------------------
Hostname/IP: 192.168.1.182 | Terminated: [33mFalse[0m
--------------------------------------------------------------------------------
Simulated Switches
--------------------------------------------------------------------------------
Hostname/IP: 192.168.1.182 | Switch name: switch0 | Switch running: [32mTrue [0m
--------------------------------------------------------------------------------
Simulated Pipes
--------------------------------------------------------------------------------
--------------------------------------------------------------------------------
Simulated Nodes/Jobs
--------------------------------------------------------------------------------
Hostname/IP: 192.168.1.182 | Job: rocket-singlecore-nic-gdbserver-smoke0 | Sim running: [33mTrue [0m
--------------------------------------------------------------------------------
Summary
--------------------------------------------------------------------------------
1/1 instances are still running.
1/1 simulations are still running.
--------------------------------------------------------------------------------
[2J
FireSim Simulation Status @ 2026-05-04 19:02:08.866831
--------------------------------------------------------------------------------
This workload's output is located in:
/home/ubuntu/chipyard/sims/firesim/deploy/results-workload/2026-05-04--18-48-19-rocket-singlecore-nic-gdbserver-smoke-f2-rocket-singlecore-nic-gdbserver-smoke-notrace-clean1bp-preserve/
This run's log is located in:
/home/ubuntu/chipyard/sims/firesim/deploy/logs/2026-05-04--18-48-19-runworkload-W1Y8X74YBCBL7K1N.log
This status will update every 10s.
--------------------------------------------------------------------------------
Instances
--------------------------------------------------------------------------------
Hostname/IP: 192.168.1.182 | Terminated: [33mFalse[0m
--------------------------------------------------------------------------------
Simulated Switches
--------------------------------------------------------------------------------
Hostname/IP: 192.168.1.182 | Switch name: switch0 | Switch running: [32mTrue [0m
--------------------------------------------------------------------------------
Simulated Pipes
--------------------------------------------------------------------------------
--------------------------------------------------------------------------------
Simulated Nodes/Jobs
--------------------------------------------------------------------------------
Hostname/IP: 192.168.1.182 | Job: rocket-singlecore-nic-gdbserver-smoke0 | Sim running: [33mTrue [0m
--------------------------------------------------------------------------------
Summary
--------------------------------------------------------------------------------
1/1 instances are still running.
1/1 simulations are still running.
--------------------------------------------------------------------------------
[2J
FireSim Simulation Status @ 2026-05-04 19:02:19.185145
--------------------------------------------------------------------------------
This workload's output is located in:
/home/ubuntu/chipyard/sims/firesim/deploy/results-workload/2026-05-04--18-48-19-rocket-singlecore-nic-gdbserver-smoke-f2-rocket-singlecore-nic-gdbserver-smoke-notrace-clean1bp-preserve/
This run's log is located in:
/home/ubuntu/chipyard/sims/firesim/deploy/logs/2026-05-04--18-48-19-runworkload-W1Y8X74YBCBL7K1N.log
This status will update every 10s.
--------------------------------------------------------------------------------
Instances
--------------------------------------------------------------------------------
Hostname/IP: 192.168.1.182 | Terminated: [33mFalse[0m
--------------------------------------------------------------------------------
Simulated Switches
--------------------------------------------------------------------------------
Hostname/IP: 192.168.1.182 | Switch name: switch0 | Switch running: [32mTrue [0m
--------------------------------------------------------------------------------
Simulated Pipes
--------------------------------------------------------------------------------
--------------------------------------------------------------------------------
Simulated Nodes/Jobs
--------------------------------------------------------------------------------
Hostname/IP: 192.168.1.182 | Job: rocket-singlecore-nic-gdbserver-smoke0 | Sim running: [33mTrue [0m
--------------------------------------------------------------------------------
Summary
--------------------------------------------------------------------------------
1/1 instances are still running.
1/1 simulations are still running.
--------------------------------------------------------------------------------
[2J
FireSim Simulation Status @ 2026-05-04 19:02:29.485010
--------------------------------------------------------------------------------
This workload's output is located in:
/home/ubuntu/chipyard/sims/firesim/deploy/results-workload/2026-05-04--18-48-19-rocket-singlecore-nic-gdbserver-smoke-f2-rocket-singlecore-nic-gdbserver-smoke-notrace-clean1bp-preserve/
This run's log is located in:
/home/ubuntu/chipyard/sims/firesim/deploy/logs/2026-05-04--18-48-19-runworkload-W1Y8X74YBCBL7K1N.log
This status will update every 10s.
--------------------------------------------------------------------------------
Instances
--------------------------------------------------------------------------------
Hostname/IP: 192.168.1.182 | Terminated: [33mFalse[0m
--------------------------------------------------------------------------------
Simulated Switches
--------------------------------------------------------------------------------
Hostname/IP: 192.168.1.182 | Switch name: switch0 | Switch running: [32mTrue [0m
--------------------------------------------------------------------------------
Simulated Pipes
--------------------------------------------------------------------------------
--------------------------------------------------------------------------------
Simulated Nodes/Jobs
--------------------------------------------------------------------------------
Hostname/IP: 192.168.1.182 | Job: rocket-singlecore-nic-gdbserver-smoke0 | Sim running: [33mTrue [0m
--------------------------------------------------------------------------------
Summary
--------------------------------------------------------------------------------
1/1 instances are still running.
1/1 simulations are still running.
--------------------------------------------------------------------------------
[2J
FireSim Simulation Status @ 2026-05-04 19:02:39.793581
--------------------------------------------------------------------------------
This workload's output is located in:
/home/ubuntu/chipyard/sims/firesim/deploy/results-workload/2026-05-04--18-48-19-rocket-singlecore-nic-gdbserver-smoke-f2-rocket-singlecore-nic-gdbserver-smoke-notrace-clean1bp-preserve/
This run's log is located in:
/home/ubuntu/chipyard/sims/firesim/deploy/logs/2026-05-04--18-48-19-runworkload-W1Y8X74YBCBL7K1N.log
This status will update every 10s.
--------------------------------------------------------------------------------
Instances
--------------------------------------------------------------------------------
Hostname/IP: 192.168.1.182 | Terminated: [33mFalse[0m
--------------------------------------------------------------------------------
Simulated Switches
--------------------------------------------------------------------------------
Hostname/IP: 192.168.1.182 | Switch name: switch0 | Switch running: [32mTrue [0m
--------------------------------------------------------------------------------
Simulated Pipes
--------------------------------------------------------------------------------
--------------------------------------------------------------------------------
Simulated Nodes/Jobs
--------------------------------------------------------------------------------
Hostname/IP: 192.168.1.182 | Job: rocket-singlecore-nic-gdbserver-smoke0 | Sim running: [33mTrue [0m
--------------------------------------------------------------------------------
Summary
--------------------------------------------------------------------------------
1/1 instances are still running.
1/1 simulations are still running.
--------------------------------------------------------------------------------
[2J
FireSim Simulation Status @ 2026-05-04 19:02:50.331445
--------------------------------------------------------------------------------
This workload's output is located in:
/home/ubuntu/chipyard/sims/firesim/deploy/results-workload/2026-05-04--18-48-19-rocket-singlecore-nic-gdbserver-smoke-f2-rocket-singlecore-nic-gdbserver-smoke-notrace-clean1bp-preserve/
This run's log is located in:
/home/ubuntu/chipyard/sims/firesim/deploy/logs/2026-05-04--18-48-19-runworkload-W1Y8X74YBCBL7K1N.log
This status will update every 10s.
--------------------------------------------------------------------------------
Instances
--------------------------------------------------------------------------------
Hostname/IP: 192.168.1.182 | Terminated: [33mFalse[0m
--------------------------------------------------------------------------------
Simulated Switches
--------------------------------------------------------------------------------
Hostname/IP: 192.168.1.182 | Switch name: switch0 | Switch running: [32mTrue [0m
--------------------------------------------------------------------------------
Simulated Pipes
--------------------------------------------------------------------------------
--------------------------------------------------------------------------------
Simulated Nodes/Jobs
--------------------------------------------------------------------------------
Hostname/IP: 192.168.1.182 | Job: rocket-singlecore-nic-gdbserver-smoke0 | Sim running: [33mTrue [0m
--------------------------------------------------------------------------------
Summary
--------------------------------------------------------------------------------
1/1 instances are still running.
1/1 simulations are still running.
--------------------------------------------------------------------------------
[2J
FireSim Simulation Status @ 2026-05-04 19:03:00.649519
--------------------------------------------------------------------------------
This workload's output is located in:
/home/ubuntu/chipyard/sims/firesim/deploy/results-workload/2026-05-04--18-48-19-rocket-singlecore-nic-gdbserver-smoke-f2-rocket-singlecore-nic-gdbserver-smoke-notrace-clean1bp-preserve/
This run's log is located in:
/home/ubuntu/chipyard/sims/firesim/deploy/logs/2026-05-04--18-48-19-runworkload-W1Y8X74YBCBL7K1N.log
This status will update every 10s.
--------------------------------------------------------------------------------
Instances
--------------------------------------------------------------------------------
Hostname/IP: 192.168.1.182 | Terminated: [33mFalse[0m
--------------------------------------------------------------------------------
Simulated Switches
--------------------------------------------------------------------------------
Hostname/IP: 192.168.1.182 | Switch name: switch0 | Switch running: [32mTrue [0m
--------------------------------------------------------------------------------
Simulated Pipes
--------------------------------------------------------------------------------
--------------------------------------------------------------------------------
Simulated Nodes/Jobs
--------------------------------------------------------------------------------
Hostname/IP: 192.168.1.182 | Job: rocket-singlecore-nic-gdbserver-smoke0 | Sim running: [33mTrue [0m
--------------------------------------------------------------------------------
Summary
--------------------------------------------------------------------------------
1/1 instances are still running.
1/1 simulations are still running.
--------------------------------------------------------------------------------
[2J
FireSim Simulation Status @ 2026-05-04 19:03:10.962792
--------------------------------------------------------------------------------
This workload's output is located in:
/home/ubuntu/chipyard/sims/firesim/deploy/results-workload/2026-05-04--18-48-19-rocket-singlecore-nic-gdbserver-smoke-f2-rocket-singlecore-nic-gdbserver-smoke-notrace-clean1bp-preserve/
This run's log is located in:
/home/ubuntu/chipyard/sims/firesim/deploy/logs/2026-05-04--18-48-19-runworkload-W1Y8X74YBCBL7K1N.log
This status will update every 10s.
--------------------------------------------------------------------------------
Instances
--------------------------------------------------------------------------------
Hostname/IP: 192.168.1.182 | Terminated: [33mFalse[0m
--------------------------------------------------------------------------------
Simulated Switches
--------------------------------------------------------------------------------
Hostname/IP: 192.168.1.182 | Switch name: switch0 | Switch running: [32mTrue [0m
--------------------------------------------------------------------------------
Simulated Pipes
--------------------------------------------------------------------------------
--------------------------------------------------------------------------------
Simulated Nodes/Jobs
--------------------------------------------------------------------------------
Hostname/IP: 192.168.1.182 | Job: rocket-singlecore-nic-gdbserver-smoke0 | Sim running: [33mTrue [0m
--------------------------------------------------------------------------------
Summary
--------------------------------------------------------------------------------
1/1 instances are still running.
1/1 simulations are still running.
--------------------------------------------------------------------------------
[2J
FireSim Simulation Status @ 2026-05-04 19:03:21.271745
--------------------------------------------------------------------------------
This workload's output is located in:
/home/ubuntu/chipyard/sims/firesim/deploy/results-workload/2026-05-04--18-48-19-rocket-singlecore-nic-gdbserver-smoke-f2-rocket-singlecore-nic-gdbserver-smoke-notrace-clean1bp-preserve/
This run's log is located in:
/home/ubuntu/chipyard/sims/firesim/deploy/logs/2026-05-04--18-48-19-runworkload-W1Y8X74YBCBL7K1N.log
This status will update every 10s.
--------------------------------------------------------------------------------
Instances
--------------------------------------------------------------------------------
Hostname/IP: 192.168.1.182 | Terminated: [33mFalse[0m
--------------------------------------------------------------------------------
Simulated Switches
--------------------------------------------------------------------------------
Hostname/IP: 192.168.1.182 | Switch name: switch0 | Switch running: [32mTrue [0m
--------------------------------------------------------------------------------
Simulated Pipes
--------------------------------------------------------------------------------
--------------------------------------------------------------------------------
Simulated Nodes/Jobs
--------------------------------------------------------------------------------
Hostname/IP: 192.168.1.182 | Job: rocket-singlecore-nic-gdbserver-smoke0 | Sim running: [33mTrue [0m
--------------------------------------------------------------------------------
Summary
--------------------------------------------------------------------------------
1/1 instances are still running.
1/1 simulations are still running.
--------------------------------------------------------------------------------
[2J
FireSim Simulation Status @ 2026-05-04 19:03:31.583576
--------------------------------------------------------------------------------
This workload's output is located in:
/home/ubuntu/chipyard/sims/firesim/deploy/results-workload/2026-05-04--18-48-19-rocket-singlecore-nic-gdbserver-smoke-f2-rocket-singlecore-nic-gdbserver-smoke-notrace-clean1bp-preserve/
This run's log is located in:
/home/ubuntu/chipyard/sims/firesim/deploy/logs/2026-05-04--18-48-19-runworkload-W1Y8X74YBCBL7K1N.log
This status will update every 10s.
--------------------------------------------------------------------------------
Instances
--------------------------------------------------------------------------------
Hostname/IP: 192.168.1.182 | Terminated: [33mFalse[0m
--------------------------------------------------------------------------------
Simulated Switches
--------------------------------------------------------------------------------
Hostname/IP: 192.168.1.182 | Switch name: switch0 | Switch running: [32mTrue [0m
--------------------------------------------------------------------------------
Simulated Pipes
--------------------------------------------------------------------------------
--------------------------------------------------------------------------------
Simulated Nodes/Jobs
--------------------------------------------------------------------------------
Hostname/IP: 192.168.1.182 | Job: rocket-singlecore-nic-gdbserver-smoke0 | Sim running: [33mTrue [0m
--------------------------------------------------------------------------------
Summary
--------------------------------------------------------------------------------
1/1 instances are still running.
1/1 simulations are still running.
--------------------------------------------------------------------------------
[2J
FireSim Simulation Status @ 2026-05-04 19:03:41.892217
--------------------------------------------------------------------------------
This workload's output is located in:
/home/ubuntu/chipyard/sims/firesim/deploy/results-workload/2026-05-04--18-48-19-rocket-singlecore-nic-gdbserver-smoke-f2-rocket-singlecore-nic-gdbserver-smoke-notrace-clean1bp-preserve/
This run's log is located in:
/home/ubuntu/chipyard/sims/firesim/deploy/logs/2026-05-04--18-48-19-runworkload-W1Y8X74YBCBL7K1N.log
This status will update every 10s.
--------------------------------------------------------------------------------
Instances
--------------------------------------------------------------------------------
Hostname/IP: 192.168.1.182 | Terminated: [33mFalse[0m
--------------------------------------------------------------------------------
Simulated Switches
--------------------------------------------------------------------------------
Hostname/IP: 192.168.1.182 | Switch name: switch0 | Switch running: [32mTrue [0m
--------------------------------------------------------------------------------
Simulated Pipes
--------------------------------------------------------------------------------
--------------------------------------------------------------------------------
Simulated Nodes/Jobs
--------------------------------------------------------------------------------
Hostname/IP: 192.168.1.182 | Job: rocket-singlecore-nic-gdbserver-smoke0 | Sim running: [33mTrue [0m
--------------------------------------------------------------------------------
Summary
--------------------------------------------------------------------------------
1/1 instances are still running.
1/1 simulations are still running.
--------------------------------------------------------------------------------
[2J
FireSim Simulation Status @ 2026-05-04 19:03:52.430971
--------------------------------------------------------------------------------
This workload's output is located in:
/home/ubuntu/chipyard/sims/firesim/deploy/results-workload/2026-05-04--18-48-19-rocket-singlecore-nic-gdbserver-smoke-f2-rocket-singlecore-nic-gdbserver-smoke-notrace-clean1bp-preserve/
This run's log is located in:
/home/ubuntu/chipyard/sims/firesim/deploy/logs/2026-05-04--18-48-19-runworkload-W1Y8X74YBCBL7K1N.log
This status will update every 10s.
--------------------------------------------------------------------------------
Instances
--------------------------------------------------------------------------------
Hostname/IP: 192.168.1.182 | Terminated: [33mFalse[0m
--------------------------------------------------------------------------------
Simulated Switches
--------------------------------------------------------------------------------
Hostname/IP: 192.168.1.182 | Switch name: switch0 | Switch running: [32mTrue [0m
--------------------------------------------------------------------------------
Simulated Pipes
--------------------------------------------------------------------------------
--------------------------------------------------------------------------------
Simulated Nodes/Jobs
--------------------------------------------------------------------------------
Hostname/IP: 192.168.1.182 | Job: rocket-singlecore-nic-gdbserver-smoke0 | Sim running: [33mTrue [0m
--------------------------------------------------------------------------------
Summary
--------------------------------------------------------------------------------
1/1 instances are still running.
1/1 simulations are still running.
--------------------------------------------------------------------------------
[2J
FireSim Simulation Status @ 2026-05-04 19:04:02.742554
--------------------------------------------------------------------------------
This workload's output is located in:
/home/ubuntu/chipyard/sims/firesim/deploy/results-workload/2026-05-04--18-48-19-rocket-singlecore-nic-gdbserver-smoke-f2-rocket-singlecore-nic-gdbserver-smoke-notrace-clean1bp-preserve/
This run's log is located in:
/home/ubuntu/chipyard/sims/firesim/deploy/logs/2026-05-04--18-48-19-runworkload-W1Y8X74YBCBL7K1N.log
This status will update every 10s.
--------------------------------------------------------------------------------
Instances
--------------------------------------------------------------------------------
Hostname/IP: 192.168.1.182 | Terminated: [33mFalse[0m
--------------------------------------------------------------------------------
Simulated Switches
--------------------------------------------------------------------------------
Hostname/IP: 192.168.1.182 | Switch name: switch0 | Switch running: [32mTrue [0m
--------------------------------------------------------------------------------
Simulated Pipes
--------------------------------------------------------------------------------
--------------------------------------------------------------------------------
Simulated Nodes/Jobs
--------------------------------------------------------------------------------
Hostname/IP: 192.168.1.182 | Job: rocket-singlecore-nic-gdbserver-smoke0 | Sim running: [33mTrue [0m
--------------------------------------------------------------------------------
Summary
--------------------------------------------------------------------------------
1/1 instances are still running.
1/1 simulations are still running.
--------------------------------------------------------------------------------
[2J
FireSim Simulation Status @ 2026-05-04 19:04:13.054610
--------------------------------------------------------------------------------
This workload's output is located in:
/home/ubuntu/chipyard/sims/firesim/deploy/results-workload/2026-05-04--18-48-19-rocket-singlecore-nic-gdbserver-smoke-f2-rocket-singlecore-nic-gdbserver-smoke-notrace-clean1bp-preserve/
This run's log is located in:
/home/ubuntu/chipyard/sims/firesim/deploy/logs/2026-05-04--18-48-19-runworkload-W1Y8X74YBCBL7K1N.log
This status will update every 10s.
--------------------------------------------------------------------------------
Instances
--------------------------------------------------------------------------------
Hostname/IP: 192.168.1.182 | Terminated: [33mFalse[0m
--------------------------------------------------------------------------------
Simulated Switches
--------------------------------------------------------------------------------
Hostname/IP: 192.168.1.182 | Switch name: switch0 | Switch running: [32mTrue [0m
--------------------------------------------------------------------------------
Simulated Pipes
--------------------------------------------------------------------------------
--------------------------------------------------------------------------------
Simulated Nodes/Jobs
--------------------------------------------------------------------------------
Hostname/IP: 192.168.1.182 | Job: rocket-singlecore-nic-gdbserver-smoke0 | Sim running: [33mTrue [0m
--------------------------------------------------------------------------------
Summary
--------------------------------------------------------------------------------
1/1 instances are still running.
1/1 simulations are still running.
--------------------------------------------------------------------------------
[2J
FireSim Simulation Status @ 2026-05-04 19:04:23.362522
--------------------------------------------------------------------------------
This workload's output is located in:
/home/ubuntu/chipyard/sims/firesim/deploy/results-workload/2026-05-04--18-48-19-rocket-singlecore-nic-gdbserver-smoke-f2-rocket-singlecore-nic-gdbserver-smoke-notrace-clean1bp-preserve/
This run's log is located in:
/home/ubuntu/chipyard/sims/firesim/deploy/logs/2026-05-04--18-48-19-runworkload-W1Y8X74YBCBL7K1N.log
This status will update every 10s.
--------------------------------------------------------------------------------
Instances
--------------------------------------------------------------------------------
Hostname/IP: 192.168.1.182 | Terminated: [33mFalse[0m
--------------------------------------------------------------------------------
Simulated Switches
--------------------------------------------------------------------------------
Hostname/IP: 192.168.1.182 | Switch name: switch0 | Switch running: [32mTrue [0m
--------------------------------------------------------------------------------
Simulated Pipes
--------------------------------------------------------------------------------
--------------------------------------------------------------------------------
Simulated Nodes/Jobs
--------------------------------------------------------------------------------
Hostname/IP: 192.168.1.182 | Job: rocket-singlecore-nic-gdbserver-smoke0 | Sim running: [33mTrue [0m
--------------------------------------------------------------------------------
Summary
--------------------------------------------------------------------------------
1/1 instances are still running.
1/1 simulations are still running.
--------------------------------------------------------------------------------
[2J
FireSim Simulation Status @ 2026-05-04 19:04:33.680460
--------------------------------------------------------------------------------
This workload's output is located in:
/home/ubuntu/chipyard/sims/firesim/deploy/results-workload/2026-05-04--18-48-19-rocket-singlecore-nic-gdbserver-smoke-f2-rocket-singlecore-nic-gdbserver-smoke-notrace-clean1bp-preserve/
This run's log is located in:
/home/ubuntu/chipyard/sims/firesim/deploy/logs/2026-05-04--18-48-19-runworkload-W1Y8X74YBCBL7K1N.log
This status will update every 10s.
--------------------------------------------------------------------------------
Instances
--------------------------------------------------------------------------------
Hostname/IP: 192.168.1.182 | Terminated: [33mFalse[0m
--------------------------------------------------------------------------------
Simulated Switches
--------------------------------------------------------------------------------
Hostname/IP: 192.168.1.182 | Switch name: switch0 | Switch running: [32mTrue [0m
--------------------------------------------------------------------------------
Simulated Pipes
--------------------------------------------------------------------------------
--------------------------------------------------------------------------------
Simulated Nodes/Jobs
--------------------------------------------------------------------------------
Hostname/IP: 192.168.1.182 | Job: rocket-singlecore-nic-gdbserver-smoke0 | Sim running: [33mTrue [0m
--------------------------------------------------------------------------------
Summary
--------------------------------------------------------------------------------
1/1 instances are still running.
1/1 simulations are still running.
--------------------------------------------------------------------------------
[2J
FireSim Simulation Status @ 2026-05-04 19:04:44.008877
--------------------------------------------------------------------------------
This workload's output is located in:
/home/ubuntu/chipyard/sims/firesim/deploy/results-workload/2026-05-04--18-48-19-rocket-singlecore-nic-gdbserver-smoke-f2-rocket-singlecore-nic-gdbserver-smoke-notrace-clean1bp-preserve/
This run's log is located in:
/home/ubuntu/chipyard/sims/firesim/deploy/logs/2026-05-04--18-48-19-runworkload-W1Y8X74YBCBL7K1N.log
This status will update every 10s.
--------------------------------------------------------------------------------
Instances
--------------------------------------------------------------------------------
Hostname/IP: 192.168.1.182 | Terminated: [33mFalse[0m
--------------------------------------------------------------------------------
Simulated Switches
--------------------------------------------------------------------------------
Hostname/IP: 192.168.1.182 | Switch name: switch0 | Switch running: [32mTrue [0m
--------------------------------------------------------------------------------
Simulated Pipes
--------------------------------------------------------------------------------
--------------------------------------------------------------------------------
Simulated Nodes/Jobs
--------------------------------------------------------------------------------
Hostname/IP: 192.168.1.182 | Job: rocket-singlecore-nic-gdbserver-smoke0 | Sim running: [33mTrue [0m
--------------------------------------------------------------------------------
Summary
--------------------------------------------------------------------------------
1/1 instances are still running.
1/1 simulations are still running.
--------------------------------------------------------------------------------
[2J
FireSim Simulation Status @ 2026-05-04 19:04:54.549462
--------------------------------------------------------------------------------
This workload's output is located in:
/home/ubuntu/chipyard/sims/firesim/deploy/results-workload/2026-05-04--18-48-19-rocket-singlecore-nic-gdbserver-smoke-f2-rocket-singlecore-nic-gdbserver-smoke-notrace-clean1bp-preserve/
This run's log is located in:
/home/ubuntu/chipyard/sims/firesim/deploy/logs/2026-05-04--18-48-19-runworkload-W1Y8X74YBCBL7K1N.log
This status will update every 10s.
--------------------------------------------------------------------------------
Instances
--------------------------------------------------------------------------------
Hostname/IP: 192.168.1.182 | Terminated: [33mFalse[0m
--------------------------------------------------------------------------------
Simulated Switches
--------------------------------------------------------------------------------
Hostname/IP: 192.168.1.182 | Switch name: switch0 | Switch running: [32mTrue [0m
--------------------------------------------------------------------------------
Simulated Pipes
--------------------------------------------------------------------------------
--------------------------------------------------------------------------------
Simulated Nodes/Jobs
--------------------------------------------------------------------------------
Hostname/IP: 192.168.1.182 | Job: rocket-singlecore-nic-gdbserver-smoke0 | Sim running: [33mTrue [0m
--------------------------------------------------------------------------------
Summary
--------------------------------------------------------------------------------
1/1 instances are still running.
1/1 simulations are still running.
--------------------------------------------------------------------------------
[2J
FireSim Simulation Status @ 2026-05-04 19:05:04.858271
--------------------------------------------------------------------------------
This workload's output is located in:
/home/ubuntu/chipyard/sims/firesim/deploy/results-workload/2026-05-04--18-48-19-rocket-singlecore-nic-gdbserver-smoke-f2-rocket-singlecore-nic-gdbserver-smoke-notrace-clean1bp-preserve/
This run's log is located in:
/home/ubuntu/chipyard/sims/firesim/deploy/logs/2026-05-04--18-48-19-runworkload-W1Y8X74YBCBL7K1N.log
This status will update every 10s.
--------------------------------------------------------------------------------
Instances
--------------------------------------------------------------------------------
Hostname/IP: 192.168.1.182 | Terminated: [33mFalse[0m
--------------------------------------------------------------------------------
Simulated Switches
--------------------------------------------------------------------------------
Hostname/IP: 192.168.1.182 | Switch name: switch0 | Switch running: [32mTrue [0m
--------------------------------------------------------------------------------
Simulated Pipes
--------------------------------------------------------------------------------
--------------------------------------------------------------------------------
Simulated Nodes/Jobs
--------------------------------------------------------------------------------
Hostname/IP: 192.168.1.182 | Job: rocket-singlecore-nic-gdbserver-smoke0 | Sim running: [33mTrue [0m
--------------------------------------------------------------------------------
Summary
--------------------------------------------------------------------------------
1/1 instances are still running.
1/1 simulations are still running.
--------------------------------------------------------------------------------
[2J
FireSim Simulation Status @ 2026-05-04 19:05:15.172766
--------------------------------------------------------------------------------
This workload's output is located in:
/home/ubuntu/chipyard/sims/firesim/deploy/results-workload/2026-05-04--18-48-19-rocket-singlecore-nic-gdbserver-smoke-f2-rocket-singlecore-nic-gdbserver-smoke-notrace-clean1bp-preserve/
This run's log is located in:
/home/ubuntu/chipyard/sims/firesim/deploy/logs/2026-05-04--18-48-19-runworkload-W1Y8X74YBCBL7K1N.log
This status will update every 10s.
--------------------------------------------------------------------------------
Instances
--------------------------------------------------------------------------------
Hostname/IP: 192.168.1.182 | Terminated: [33mFalse[0m
--------------------------------------------------------------------------------
Simulated Switches
--------------------------------------------------------------------------------
Hostname/IP: 192.168.1.182 | Switch name: switch0 | Switch running: [32mTrue [0m
--------------------------------------------------------------------------------
Simulated Pipes
--------------------------------------------------------------------------------
--------------------------------------------------------------------------------
Simulated Nodes/Jobs
--------------------------------------------------------------------------------
Hostname/IP: 192.168.1.182 | Job: rocket-singlecore-nic-gdbserver-smoke0 | Sim running: [33mTrue [0m
--------------------------------------------------------------------------------
Summary
--------------------------------------------------------------------------------
1/1 instances are still running.
1/1 simulations are still running.
--------------------------------------------------------------------------------
[2J
FireSim Simulation Status @ 2026-05-04 19:05:25.491018
--------------------------------------------------------------------------------
This workload's output is located in:
/home/ubuntu/chipyard/sims/firesim/deploy/results-workload/2026-05-04--18-48-19-rocket-singlecore-nic-gdbserver-smoke-f2-rocket-singlecore-nic-gdbserver-smoke-notrace-clean1bp-preserve/
This run's log is located in:
/home/ubuntu/chipyard/sims/firesim/deploy/logs/2026-05-04--18-48-19-runworkload-W1Y8X74YBCBL7K1N.log
This status will update every 10s.
--------------------------------------------------------------------------------
Instances
--------------------------------------------------------------------------------
Hostname/IP: 192.168.1.182 | Terminated: [33mFalse[0m
--------------------------------------------------------------------------------
Simulated Switches
--------------------------------------------------------------------------------
Hostname/IP: 192.168.1.182 | Switch name: switch0 | Switch running: [32mTrue [0m
--------------------------------------------------------------------------------
Simulated Pipes
--------------------------------------------------------------------------------
--------------------------------------------------------------------------------
Simulated Nodes/Jobs
--------------------------------------------------------------------------------
Hostname/IP: 192.168.1.182 | Job: rocket-singlecore-nic-gdbserver-smoke0 | Sim running: [33mTrue [0m
--------------------------------------------------------------------------------
Summary
--------------------------------------------------------------------------------
1/1 instances are still running.
1/1 simulations are still running.
--------------------------------------------------------------------------------
[2J
FireSim Simulation Status @ 2026-05-04 19:05:35.808211
--------------------------------------------------------------------------------
This workload's output is located in:
/home/ubuntu/chipyard/sims/firesim/deploy/results-workload/2026-05-04--18-48-19-rocket-singlecore-nic-gdbserver-smoke-f2-rocket-singlecore-nic-gdbserver-smoke-notrace-clean1bp-preserve/
This run's log is located in:
/home/ubuntu/chipyard/sims/firesim/deploy/logs/2026-05-04--18-48-19-runworkload-W1Y8X74YBCBL7K1N.log
This status will update every 10s.
--------------------------------------------------------------------------------
Instances
--------------------------------------------------------------------------------
Hostname/IP: 192.168.1.182 | Terminated: [33mFalse[0m
--------------------------------------------------------------------------------
Simulated Switches
--------------------------------------------------------------------------------
Hostname/IP: 192.168.1.182 | Switch name: switch0 | Switch running: [32mTrue [0m
--------------------------------------------------------------------------------
Simulated Pipes
--------------------------------------------------------------------------------
--------------------------------------------------------------------------------
Simulated Nodes/Jobs
--------------------------------------------------------------------------------
Hostname/IP: 192.168.1.182 | Job: rocket-singlecore-nic-gdbserver-smoke0 | Sim running: [33mTrue [0m
--------------------------------------------------------------------------------
Summary
--------------------------------------------------------------------------------
1/1 instances are still running.
1/1 simulations are still running.
--------------------------------------------------------------------------------
[2J
FireSim Simulation Status @ 2026-05-04 19:05:46.140201
--------------------------------------------------------------------------------
This workload's output is located in:
/home/ubuntu/chipyard/sims/firesim/deploy/results-workload/2026-05-04--18-48-19-rocket-singlecore-nic-gdbserver-smoke-f2-rocket-singlecore-nic-gdbserver-smoke-notrace-clean1bp-preserve/
This run's log is located in:
/home/ubuntu/chipyard/sims/firesim/deploy/logs/2026-05-04--18-48-19-runworkload-W1Y8X74YBCBL7K1N.log
This status will update every 10s.
--------------------------------------------------------------------------------
Instances
--------------------------------------------------------------------------------
Hostname/IP: 192.168.1.182 | Terminated: [33mFalse[0m
--------------------------------------------------------------------------------
Simulated Switches
--------------------------------------------------------------------------------
Hostname/IP: 192.168.1.182 | Switch name: switch0 | Switch running: [32mTrue [0m
--------------------------------------------------------------------------------
Simulated Pipes
--------------------------------------------------------------------------------
--------------------------------------------------------------------------------
Simulated Nodes/Jobs
--------------------------------------------------------------------------------
Hostname/IP: 192.168.1.182 | Job: rocket-singlecore-nic-gdbserver-smoke0 | Sim running: [33mTrue [0m
--------------------------------------------------------------------------------
Summary
--------------------------------------------------------------------------------
1/1 instances are still running.
1/1 simulations are still running.
--------------------------------------------------------------------------------
[2J
FireSim Simulation Status @ 2026-05-04 19:05:56.688921
--------------------------------------------------------------------------------
This workload's output is located in:
/home/ubuntu/chipyard/sims/firesim/deploy/results-workload/2026-05-04--18-48-19-rocket-singlecore-nic-gdbserver-smoke-f2-rocket-singlecore-nic-gdbserver-smoke-notrace-clean1bp-preserve/
This run's log is located in:
/home/ubuntu/chipyard/sims/firesim/deploy/logs/2026-05-04--18-48-19-runworkload-W1Y8X74YBCBL7K1N.log
This status will update every 10s.
--------------------------------------------------------------------------------
Instances
--------------------------------------------------------------------------------
Hostname/IP: 192.168.1.182 | Terminated: [33mFalse[0m
--------------------------------------------------------------------------------
Simulated Switches
--------------------------------------------------------------------------------
Hostname/IP: 192.168.1.182 | Switch name: switch0 | Switch running: [32mTrue [0m
--------------------------------------------------------------------------------
Simulated Pipes
--------------------------------------------------------------------------------
--------------------------------------------------------------------------------
Simulated Nodes/Jobs
--------------------------------------------------------------------------------
Hostname/IP: 192.168.1.182 | Job: rocket-singlecore-nic-gdbserver-smoke0 | Sim running: [33mTrue [0m
--------------------------------------------------------------------------------
Summary
--------------------------------------------------------------------------------
1/1 instances are still running.
1/1 simulations are still running.
--------------------------------------------------------------------------------
[2J
FireSim Simulation Status @ 2026-05-04 19:06:07.014639
--------------------------------------------------------------------------------
This workload's output is located in:
/home/ubuntu/chipyard/sims/firesim/deploy/results-workload/2026-05-04--18-48-19-rocket-singlecore-nic-gdbserver-smoke-f2-rocket-singlecore-nic-gdbserver-smoke-notrace-clean1bp-preserve/
This run's log is located in:
/home/ubuntu/chipyard/sims/firesim/deploy/logs/2026-05-04--18-48-19-runworkload-W1Y8X74YBCBL7K1N.log
This status will update every 10s.
--------------------------------------------------------------------------------
Instances
--------------------------------------------------------------------------------
Hostname/IP: 192.168.1.182 | Terminated: [33mFalse[0m
--------------------------------------------------------------------------------
Simulated Switches
--------------------------------------------------------------------------------
Hostname/IP: 192.168.1.182 | Switch name: switch0 | Switch running: [32mTrue [0m
--------------------------------------------------------------------------------
Simulated Pipes
--------------------------------------------------------------------------------
--------------------------------------------------------------------------------
Simulated Nodes/Jobs
--------------------------------------------------------------------------------
Hostname/IP: 192.168.1.182 | Job: rocket-singlecore-nic-gdbserver-smoke0 | Sim running: [33mTrue [0m
--------------------------------------------------------------------------------
Summary
--------------------------------------------------------------------------------
1/1 instances are still running.
1/1 simulations are still running.
--------------------------------------------------------------------------------
[2J
FireSim Simulation Status @ 2026-05-04 19:06:17.327779
--------------------------------------------------------------------------------
This workload's output is located in:
/home/ubuntu/chipyard/sims/firesim/deploy/results-workload/2026-05-04--18-48-19-rocket-singlecore-nic-gdbserver-smoke-f2-rocket-singlecore-nic-gdbserver-smoke-notrace-clean1bp-preserve/
This run's log is located in:
/home/ubuntu/chipyard/sims/firesim/deploy/logs/2026-05-04--18-48-19-runworkload-W1Y8X74YBCBL7K1N.log
This status will update every 10s.
--------------------------------------------------------------------------------
Instances
--------------------------------------------------------------------------------
Hostname/IP: 192.168.1.182 | Terminated: [33mFalse[0m
--------------------------------------------------------------------------------
Simulated Switches
--------------------------------------------------------------------------------
Hostname/IP: 192.168.1.182 | Switch name: switch0 | Switch running: [32mTrue [0m
--------------------------------------------------------------------------------
Simulated Pipes
--------------------------------------------------------------------------------
--------------------------------------------------------------------------------
Simulated Nodes/Jobs
--------------------------------------------------------------------------------
Hostname/IP: 192.168.1.182 | Job: rocket-singlecore-nic-gdbserver-smoke0 | Sim running: [33mTrue [0m
--------------------------------------------------------------------------------
Summary
--------------------------------------------------------------------------------
1/1 instances are still running.
1/1 simulations are still running.
--------------------------------------------------------------------------------
[2J
FireSim Simulation Status @ 2026-05-04 19:06:27.641644
--------------------------------------------------------------------------------
This workload's output is located in:
/home/ubuntu/chipyard/sims/firesim/deploy/results-workload/2026-05-04--18-48-19-rocket-singlecore-nic-gdbserver-smoke-f2-rocket-singlecore-nic-gdbserver-smoke-notrace-clean1bp-preserve/
This run's log is located in:
/home/ubuntu/chipyard/sims/firesim/deploy/logs/2026-05-04--18-48-19-runworkload-W1Y8X74YBCBL7K1N.log
This status will update every 10s.
--------------------------------------------------------------------------------
Instances
--------------------------------------------------------------------------------
Hostname/IP: 192.168.1.182 | Terminated: [33mFalse[0m
--------------------------------------------------------------------------------
Simulated Switches
--------------------------------------------------------------------------------
Hostname/IP: 192.168.1.182 | Switch name: switch0 | Switch running: [32mTrue [0m
--------------------------------------------------------------------------------
Simulated Pipes
--------------------------------------------------------------------------------
--------------------------------------------------------------------------------
Simulated Nodes/Jobs
--------------------------------------------------------------------------------
Hostname/IP: 192.168.1.182 | Job: rocket-singlecore-nic-gdbserver-smoke0 | Sim running: [33mTrue [0m
--------------------------------------------------------------------------------
Summary
--------------------------------------------------------------------------------
1/1 instances are still running.
1/1 simulations are still running.
--------------------------------------------------------------------------------
[2J
FireSim Simulation Status @ 2026-05-04 19:06:37.954196
--------------------------------------------------------------------------------
This workload's output is located in:
/home/ubuntu/chipyard/sims/firesim/deploy/results-workload/2026-05-04--18-48-19-rocket-singlecore-nic-gdbserver-smoke-f2-rocket-singlecore-nic-gdbserver-smoke-notrace-clean1bp-preserve/
This run's log is located in:
/home/ubuntu/chipyard/sims/firesim/deploy/logs/2026-05-04--18-48-19-runworkload-W1Y8X74YBCBL7K1N.log
This status will update every 10s.
--------------------------------------------------------------------------------
Instances
--------------------------------------------------------------------------------
Hostname/IP: 192.168.1.182 | Terminated: [33mFalse[0m
--------------------------------------------------------------------------------
Simulated Switches
--------------------------------------------------------------------------------
Hostname/IP: 192.168.1.182 | Switch name: switch0 | Switch running: [32mTrue [0m
--------------------------------------------------------------------------------
Simulated Pipes
--------------------------------------------------------------------------------
--------------------------------------------------------------------------------
Simulated Nodes/Jobs
--------------------------------------------------------------------------------
Hostname/IP: 192.168.1.182 | Job: rocket-singlecore-nic-gdbserver-smoke0 | Sim running: [33mTrue [0m
--------------------------------------------------------------------------------
Summary
--------------------------------------------------------------------------------
1/1 instances are still running.
1/1 simulations are still running.
--------------------------------------------------------------------------------
[2J
FireSim Simulation Status @ 2026-05-04 19:06:48.272491
--------------------------------------------------------------------------------
This workload's output is located in:
/home/ubuntu/chipyard/sims/firesim/deploy/results-workload/2026-05-04--18-48-19-rocket-singlecore-nic-gdbserver-smoke-f2-rocket-singlecore-nic-gdbserver-smoke-notrace-clean1bp-preserve/
This run's log is located in:
/home/ubuntu/chipyard/sims/firesim/deploy/logs/2026-05-04--18-48-19-runworkload-W1Y8X74YBCBL7K1N.log
This status will update every 10s.
--------------------------------------------------------------------------------
Instances
--------------------------------------------------------------------------------
Hostname/IP: 192.168.1.182 | Terminated: [33mFalse[0m
--------------------------------------------------------------------------------
Simulated Switches
--------------------------------------------------------------------------------
Hostname/IP: 192.168.1.182 | Switch name: switch0 | Switch running: [32mTrue [0m
--------------------------------------------------------------------------------
Simulated Pipes
--------------------------------------------------------------------------------
--------------------------------------------------------------------------------
Simulated Nodes/Jobs
--------------------------------------------------------------------------------
Hostname/IP: 192.168.1.182 | Job: rocket-singlecore-nic-gdbserver-smoke0 | Sim running: [33mTrue [0m
--------------------------------------------------------------------------------
Summary
--------------------------------------------------------------------------------
1/1 instances are still running.
1/1 simulations are still running.
--------------------------------------------------------------------------------
[2J
FireSim Simulation Status @ 2026-05-04 19:06:58.831936
--------------------------------------------------------------------------------
This workload's output is located in:
/home/ubuntu/chipyard/sims/firesim/deploy/results-workload/2026-05-04--18-48-19-rocket-singlecore-nic-gdbserver-smoke-f2-rocket-singlecore-nic-gdbserver-smoke-notrace-clean1bp-preserve/
This run's log is located in:
/home/ubuntu/chipyard/sims/firesim/deploy/logs/2026-05-04--18-48-19-runworkload-W1Y8X74YBCBL7K1N.log
This status will update every 10s.
--------------------------------------------------------------------------------
Instances
--------------------------------------------------------------------------------
Hostname/IP: 192.168.1.182 | Terminated: [33mFalse[0m
--------------------------------------------------------------------------------
Simulated Switches
--------------------------------------------------------------------------------
Hostname/IP: 192.168.1.182 | Switch name: switch0 | Switch running: [32mTrue [0m
--------------------------------------------------------------------------------
Simulated Pipes
--------------------------------------------------------------------------------
--------------------------------------------------------------------------------
Simulated Nodes/Jobs
--------------------------------------------------------------------------------
Hostname/IP: 192.168.1.182 | Job: rocket-singlecore-nic-gdbserver-smoke0 | Sim running: [33mTrue [0m
--------------------------------------------------------------------------------
Summary
--------------------------------------------------------------------------------
1/1 instances are still running.
1/1 simulations are still running.
--------------------------------------------------------------------------------
[2J
FireSim Simulation Status @ 2026-05-04 19:07:09.139828
--------------------------------------------------------------------------------
This workload's output is located in:
/home/ubuntu/chipyard/sims/firesim/deploy/results-workload/2026-05-04--18-48-19-rocket-singlecore-nic-gdbserver-smoke-f2-rocket-singlecore-nic-gdbserver-smoke-notrace-clean1bp-preserve/
This run's log is located in:
/home/ubuntu/chipyard/sims/firesim/deploy/logs/2026-05-04--18-48-19-runworkload-W1Y8X74YBCBL7K1N.log
This status will update every 10s.
--------------------------------------------------------------------------------
Instances
--------------------------------------------------------------------------------
Hostname/IP: 192.168.1.182 | Terminated: [33mFalse[0m
--------------------------------------------------------------------------------
Simulated Switches
--------------------------------------------------------------------------------
Hostname/IP: 192.168.1.182 | Switch name: switch0 | Switch running: [32mTrue [0m
--------------------------------------------------------------------------------
Simulated Pipes
--------------------------------------------------------------------------------
--------------------------------------------------------------------------------
Simulated Nodes/Jobs
--------------------------------------------------------------------------------
Hostname/IP: 192.168.1.182 | Job: rocket-singlecore-nic-gdbserver-smoke0 | Sim running: [33mTrue [0m
--------------------------------------------------------------------------------
Summary
--------------------------------------------------------------------------------
1/1 instances are still running.
1/1 simulations are still running.
--------------------------------------------------------------------------------
[2J
FireSim Simulation Status @ 2026-05-04 19:07:19.457418
--------------------------------------------------------------------------------
This workload's output is located in:
/home/ubuntu/chipyard/sims/firesim/deploy/results-workload/2026-05-04--18-48-19-rocket-singlecore-nic-gdbserver-smoke-f2-rocket-singlecore-nic-gdbserver-smoke-notrace-clean1bp-preserve/
This run's log is located in:
/home/ubuntu/chipyard/sims/firesim/deploy/logs/2026-05-04--18-48-19-runworkload-W1Y8X74YBCBL7K1N.log
This status will update every 10s.
--------------------------------------------------------------------------------
Instances
--------------------------------------------------------------------------------
Hostname/IP: 192.168.1.182 | Terminated: [33mFalse[0m
--------------------------------------------------------------------------------
Simulated Switches
--------------------------------------------------------------------------------
Hostname/IP: 192.168.1.182 | Switch name: switch0 | Switch running: [32mTrue [0m
--------------------------------------------------------------------------------
Simulated Pipes
--------------------------------------------------------------------------------
--------------------------------------------------------------------------------
Simulated Nodes/Jobs
--------------------------------------------------------------------------------
Hostname/IP: 192.168.1.182 | Job: rocket-singlecore-nic-gdbserver-smoke0 | Sim running: [33mTrue [0m
--------------------------------------------------------------------------------
Summary
--------------------------------------------------------------------------------
1/1 instances are still running.
1/1 simulations are still running.
--------------------------------------------------------------------------------
[2J
FireSim Simulation Status @ 2026-05-04 19:07:29.775865
--------------------------------------------------------------------------------
This workload's output is located in:
/home/ubuntu/chipyard/sims/firesim/deploy/results-workload/2026-05-04--18-48-19-rocket-singlecore-nic-gdbserver-smoke-f2-rocket-singlecore-nic-gdbserver-smoke-notrace-clean1bp-preserve/
This run's log is located in:
/home/ubuntu/chipyard/sims/firesim/deploy/logs/2026-05-04--18-48-19-runworkload-W1Y8X74YBCBL7K1N.log
This status will update every 10s.
--------------------------------------------------------------------------------
Instances
--------------------------------------------------------------------------------
Hostname/IP: 192.168.1.182 | Terminated: [33mFalse[0m
--------------------------------------------------------------------------------
Simulated Switches
--------------------------------------------------------------------------------
Hostname/IP: 192.168.1.182 | Switch name: switch0 | Switch running: [32mTrue [0m
--------------------------------------------------------------------------------
Simulated Pipes
--------------------------------------------------------------------------------
--------------------------------------------------------------------------------
Simulated Nodes/Jobs
--------------------------------------------------------------------------------
Hostname/IP: 192.168.1.182 | Job: rocket-singlecore-nic-gdbserver-smoke0 | Sim running: [33mTrue [0m
--------------------------------------------------------------------------------
Summary
--------------------------------------------------------------------------------
1/1 instances are still running.
1/1 simulations are still running.
--------------------------------------------------------------------------------
[2J
FireSim Simulation Status @ 2026-05-04 19:07:40.087017
--------------------------------------------------------------------------------
This workload's output is located in:
/home/ubuntu/chipyard/sims/firesim/deploy/results-workload/2026-05-04--18-48-19-rocket-singlecore-nic-gdbserver-smoke-f2-rocket-singlecore-nic-gdbserver-smoke-notrace-clean1bp-preserve/
This run's log is located in:
/home/ubuntu/chipyard/sims/firesim/deploy/logs/2026-05-04--18-48-19-runworkload-W1Y8X74YBCBL7K1N.log
This status will update every 10s.
--------------------------------------------------------------------------------
Instances
--------------------------------------------------------------------------------
Hostname/IP: 192.168.1.182 | Terminated: [33mFalse[0m
--------------------------------------------------------------------------------
Simulated Switches
--------------------------------------------------------------------------------
Hostname/IP: 192.168.1.182 | Switch name: switch0 | Switch running: [32mTrue [0m
--------------------------------------------------------------------------------
Simulated Pipes
--------------------------------------------------------------------------------
--------------------------------------------------------------------------------
Simulated Nodes/Jobs
--------------------------------------------------------------------------------
Hostname/IP: 192.168.1.182 | Job: rocket-singlecore-nic-gdbserver-smoke0 | Sim running: [33mTrue [0m
--------------------------------------------------------------------------------
Summary
--------------------------------------------------------------------------------
1/1 instances are still running.
1/1 simulations are still running.
--------------------------------------------------------------------------------
[2J
FireSim Simulation Status @ 2026-05-04 19:07:50.400796
--------------------------------------------------------------------------------
This workload's output is located in:
/home/ubuntu/chipyard/sims/firesim/deploy/results-workload/2026-05-04--18-48-19-rocket-singlecore-nic-gdbserver-smoke-f2-rocket-singlecore-nic-gdbserver-smoke-notrace-clean1bp-preserve/
This run's log is located in:
/home/ubuntu/chipyard/sims/firesim/deploy/logs/2026-05-04--18-48-19-runworkload-W1Y8X74YBCBL7K1N.log
This status will update every 10s.
--------------------------------------------------------------------------------
Instances
--------------------------------------------------------------------------------
Hostname/IP: 192.168.1.182 | Terminated: [33mFalse[0m
--------------------------------------------------------------------------------
Simulated Switches
--------------------------------------------------------------------------------
Hostname/IP: 192.168.1.182 | Switch name: switch0 | Switch running: [32mTrue [0m
--------------------------------------------------------------------------------
Simulated Pipes
--------------------------------------------------------------------------------
--------------------------------------------------------------------------------
Simulated Nodes/Jobs
--------------------------------------------------------------------------------
Hostname/IP: 192.168.1.182 | Job: rocket-singlecore-nic-gdbserver-smoke0 | Sim running: [33mTrue [0m
--------------------------------------------------------------------------------
Summary
--------------------------------------------------------------------------------
1/1 instances are still running.
1/1 simulations are still running.
--------------------------------------------------------------------------------
[2J
FireSim Simulation Status @ 2026-05-04 19:08:00.934277
--------------------------------------------------------------------------------
This workload's output is located in:
/home/ubuntu/chipyard/sims/firesim/deploy/results-workload/2026-05-04--18-48-19-rocket-singlecore-nic-gdbserver-smoke-f2-rocket-singlecore-nic-gdbserver-smoke-notrace-clean1bp-preserve/
This run's log is located in:
/home/ubuntu/chipyard/sims/firesim/deploy/logs/2026-05-04--18-48-19-runworkload-W1Y8X74YBCBL7K1N.log
This status will update every 10s.
--------------------------------------------------------------------------------
Instances
--------------------------------------------------------------------------------
Hostname/IP: 192.168.1.182 | Terminated: [33mFalse[0m
--------------------------------------------------------------------------------
Simulated Switches
--------------------------------------------------------------------------------
Hostname/IP: 192.168.1.182 | Switch name: switch0 | Switch running: [32mTrue [0m
--------------------------------------------------------------------------------
Simulated Pipes
--------------------------------------------------------------------------------
--------------------------------------------------------------------------------
Simulated Nodes/Jobs
--------------------------------------------------------------------------------
Hostname/IP: 192.168.1.182 | Job: rocket-singlecore-nic-gdbserver-smoke0 | Sim running: [33mTrue [0m
--------------------------------------------------------------------------------
Summary
--------------------------------------------------------------------------------
1/1 instances are still running.
1/1 simulations are still running.
--------------------------------------------------------------------------------
[2J
FireSim Simulation Status @ 2026-05-04 19:08:11.252550
--------------------------------------------------------------------------------
This workload's output is located in:
/home/ubuntu/chipyard/sims/firesim/deploy/results-workload/2026-05-04--18-48-19-rocket-singlecore-nic-gdbserver-smoke-f2-rocket-singlecore-nic-gdbserver-smoke-notrace-clean1bp-preserve/
This run's log is located in:
/home/ubuntu/chipyard/sims/firesim/deploy/logs/2026-05-04--18-48-19-runworkload-W1Y8X74YBCBL7K1N.log
This status will update every 10s.
--------------------------------------------------------------------------------
Instances
--------------------------------------------------------------------------------
Hostname/IP: 192.168.1.182 | Terminated: [33mFalse[0m
--------------------------------------------------------------------------------
Simulated Switches
--------------------------------------------------------------------------------
Hostname/IP: 192.168.1.182 | Switch name: switch0 | Switch running: [32mTrue [0m
--------------------------------------------------------------------------------
Simulated Pipes
--------------------------------------------------------------------------------
--------------------------------------------------------------------------------
Simulated Nodes/Jobs
--------------------------------------------------------------------------------
Hostname/IP: 192.168.1.182 | Job: rocket-singlecore-nic-gdbserver-smoke0 | Sim running: [33mTrue [0m
--------------------------------------------------------------------------------
Summary
--------------------------------------------------------------------------------
1/1 instances are still running.
1/1 simulations are still running.
--------------------------------------------------------------------------------
[2J
FireSim Simulation Status @ 2026-05-04 19:08:21.570447
--------------------------------------------------------------------------------
This workload's output is located in:
/home/ubuntu/chipyard/sims/firesim/deploy/results-workload/2026-05-04--18-48-19-rocket-singlecore-nic-gdbserver-smoke-f2-rocket-singlecore-nic-gdbserver-smoke-notrace-clean1bp-preserve/
This run's log is located in:
/home/ubuntu/chipyard/sims/firesim/deploy/logs/2026-05-04--18-48-19-runworkload-W1Y8X74YBCBL7K1N.log
This status will update every 10s.
--------------------------------------------------------------------------------
Instances
--------------------------------------------------------------------------------
Hostname/IP: 192.168.1.182 | Terminated: [33mFalse[0m
--------------------------------------------------------------------------------
Simulated Switches
--------------------------------------------------------------------------------
Hostname/IP: 192.168.1.182 | Switch name: switch0 | Switch running: [32mTrue [0m
--------------------------------------------------------------------------------
Simulated Pipes
--------------------------------------------------------------------------------
--------------------------------------------------------------------------------
Simulated Nodes/Jobs
--------------------------------------------------------------------------------
Hostname/IP: 192.168.1.182 | Job: rocket-singlecore-nic-gdbserver-smoke0 | Sim running: [33mTrue [0m
--------------------------------------------------------------------------------
Summary
--------------------------------------------------------------------------------
1/1 instances are still running.
1/1 simulations are still running.
--------------------------------------------------------------------------------
[2J
FireSim Simulation Status @ 2026-05-04 19:08:31.888795
--------------------------------------------------------------------------------
This workload's output is located in:
/home/ubuntu/chipyard/sims/firesim/deploy/results-workload/2026-05-04--18-48-19-rocket-singlecore-nic-gdbserver-smoke-f2-rocket-singlecore-nic-gdbserver-smoke-notrace-clean1bp-preserve/
This run's log is located in:
/home/ubuntu/chipyard/sims/firesim/deploy/logs/2026-05-04--18-48-19-runworkload-W1Y8X74YBCBL7K1N.log
This status will update every 10s.
--------------------------------------------------------------------------------
Instances
--------------------------------------------------------------------------------
Hostname/IP: 192.168.1.182 | Terminated: [33mFalse[0m
--------------------------------------------------------------------------------
Simulated Switches
--------------------------------------------------------------------------------
Hostname/IP: 192.168.1.182 | Switch name: switch0 | Switch running: [32mTrue [0m
--------------------------------------------------------------------------------
Simulated Pipes
--------------------------------------------------------------------------------
--------------------------------------------------------------------------------
Simulated Nodes/Jobs
--------------------------------------------------------------------------------
Hostname/IP: 192.168.1.182 | Job: rocket-singlecore-nic-gdbserver-smoke0 | Sim running: [33mTrue [0m
--------------------------------------------------------------------------------
Summary
--------------------------------------------------------------------------------
1/1 instances are still running.
1/1 simulations are still running.
--------------------------------------------------------------------------------
[2J
FireSim Simulation Status @ 2026-05-04 19:08:42.193907
--------------------------------------------------------------------------------
This workload's output is located in:
/home/ubuntu/chipyard/sims/firesim/deploy/results-workload/2026-05-04--18-48-19-rocket-singlecore-nic-gdbserver-smoke-f2-rocket-singlecore-nic-gdbserver-smoke-notrace-clean1bp-preserve/
This run's log is located in:
/home/ubuntu/chipyard/sims/firesim/deploy/logs/2026-05-04--18-48-19-runworkload-W1Y8X74YBCBL7K1N.log
This status will update every 10s.
--------------------------------------------------------------------------------
Instances
--------------------------------------------------------------------------------
Hostname/IP: 192.168.1.182 | Terminated: [33mFalse[0m
--------------------------------------------------------------------------------
Simulated Switches
--------------------------------------------------------------------------------
Hostname/IP: 192.168.1.182 | Switch name: switch0 | Switch running: [32mTrue [0m
--------------------------------------------------------------------------------
Simulated Pipes
--------------------------------------------------------------------------------
--------------------------------------------------------------------------------
Simulated Nodes/Jobs
--------------------------------------------------------------------------------
Hostname/IP: 192.168.1.182 | Job: rocket-singlecore-nic-gdbserver-smoke0 | Sim running: [33mTrue [0m
--------------------------------------------------------------------------------
Summary
--------------------------------------------------------------------------------
1/1 instances are still running.
1/1 simulations are still running.
--------------------------------------------------------------------------------
[2J
FireSim Simulation Status @ 2026-05-04 19:08:52.504068
--------------------------------------------------------------------------------
This workload's output is located in:
/home/ubuntu/chipyard/sims/firesim/deploy/results-workload/2026-05-04--18-48-19-rocket-singlecore-nic-gdbserver-smoke-f2-rocket-singlecore-nic-gdbserver-smoke-notrace-clean1bp-preserve/
This run's log is located in:
/home/ubuntu/chipyard/sims/firesim/deploy/logs/2026-05-04--18-48-19-runworkload-W1Y8X74YBCBL7K1N.log
This status will update every 10s.
--------------------------------------------------------------------------------
Instances
--------------------------------------------------------------------------------
Hostname/IP: 192.168.1.182 | Terminated: [33mFalse[0m
--------------------------------------------------------------------------------
Simulated Switches
--------------------------------------------------------------------------------
Hostname/IP: 192.168.1.182 | Switch name: switch0 | Switch running: [32mTrue [0m
--------------------------------------------------------------------------------
Simulated Pipes
--------------------------------------------------------------------------------
--------------------------------------------------------------------------------
Simulated Nodes/Jobs
--------------------------------------------------------------------------------
Hostname/IP: 192.168.1.182 | Job: rocket-singlecore-nic-gdbserver-smoke0 | Sim running: [33mTrue [0m
--------------------------------------------------------------------------------
Summary
--------------------------------------------------------------------------------
1/1 instances are still running.
1/1 simulations are still running.
--------------------------------------------------------------------------------
[2J
FireSim Simulation Status @ 2026-05-04 19:09:03.044776
--------------------------------------------------------------------------------
This workload's output is located in:
/home/ubuntu/chipyard/sims/firesim/deploy/results-workload/2026-05-04--18-48-19-rocket-singlecore-nic-gdbserver-smoke-f2-rocket-singlecore-nic-gdbserver-smoke-notrace-clean1bp-preserve/
This run's log is located in:
/home/ubuntu/chipyard/sims/firesim/deploy/logs/2026-05-04--18-48-19-runworkload-W1Y8X74YBCBL7K1N.log
This status will update every 10s.
--------------------------------------------------------------------------------
Instances
--------------------------------------------------------------------------------
Hostname/IP: 192.168.1.182 | Terminated: [33mFalse[0m
--------------------------------------------------------------------------------
Simulated Switches
--------------------------------------------------------------------------------
Hostname/IP: 192.168.1.182 | Switch name: switch0 | Switch running: [32mTrue [0m
--------------------------------------------------------------------------------
Simulated Pipes
--------------------------------------------------------------------------------
--------------------------------------------------------------------------------
Simulated Nodes/Jobs
--------------------------------------------------------------------------------
Hostname/IP: 192.168.1.182 | Job: rocket-singlecore-nic-gdbserver-smoke0 | Sim running: [33mTrue [0m
--------------------------------------------------------------------------------
Summary
--------------------------------------------------------------------------------
1/1 instances are still running.
1/1 simulations are still running.
--------------------------------------------------------------------------------
[2J
FireSim Simulation Status @ 2026-05-04 19:09:13.363079
--------------------------------------------------------------------------------
This workload's output is located in:
/home/ubuntu/chipyard/sims/firesim/deploy/results-workload/2026-05-04--18-48-19-rocket-singlecore-nic-gdbserver-smoke-f2-rocket-singlecore-nic-gdbserver-smoke-notrace-clean1bp-preserve/
This run's log is located in:
/home/ubuntu/chipyard/sims/firesim/deploy/logs/2026-05-04--18-48-19-runworkload-W1Y8X74YBCBL7K1N.log
This status will update every 10s.
--------------------------------------------------------------------------------
Instances
--------------------------------------------------------------------------------
Hostname/IP: 192.168.1.182 | Terminated: [33mFalse[0m
--------------------------------------------------------------------------------
Simulated Switches
--------------------------------------------------------------------------------
Hostname/IP: 192.168.1.182 | Switch name: switch0 | Switch running: [32mTrue [0m
--------------------------------------------------------------------------------
Simulated Pipes
--------------------------------------------------------------------------------
--------------------------------------------------------------------------------
Simulated Nodes/Jobs
--------------------------------------------------------------------------------
Hostname/IP: 192.168.1.182 | Job: rocket-singlecore-nic-gdbserver-smoke0 | Sim running: [33mTrue [0m
--------------------------------------------------------------------------------
Summary
--------------------------------------------------------------------------------
1/1 instances are still running.
1/1 simulations are still running.
--------------------------------------------------------------------------------
[2J
FireSim Simulation Status @ 2026-05-04 19:09:23.669540
--------------------------------------------------------------------------------
This workload's output is located in:
/home/ubuntu/chipyard/sims/firesim/deploy/results-workload/2026-05-04--18-48-19-rocket-singlecore-nic-gdbserver-smoke-f2-rocket-singlecore-nic-gdbserver-smoke-notrace-clean1bp-preserve/
This run's log is located in:
/home/ubuntu/chipyard/sims/firesim/deploy/logs/2026-05-04--18-48-19-runworkload-W1Y8X74YBCBL7K1N.log
This status will update every 10s.
--------------------------------------------------------------------------------
Instances
--------------------------------------------------------------------------------
Hostname/IP: 192.168.1.182 | Terminated: [33mFalse[0m
--------------------------------------------------------------------------------
Simulated Switches
--------------------------------------------------------------------------------
Hostname/IP: 192.168.1.182 | Switch name: switch0 | Switch running: [32mTrue [0m
--------------------------------------------------------------------------------
Simulated Pipes
--------------------------------------------------------------------------------
--------------------------------------------------------------------------------
Simulated Nodes/Jobs
--------------------------------------------------------------------------------
Hostname/IP: 192.168.1.182 | Job: rocket-singlecore-nic-gdbserver-smoke0 | Sim running: [33mTrue [0m
--------------------------------------------------------------------------------
Summary
--------------------------------------------------------------------------------
1/1 instances are still running.
1/1 simulations are still running.
--------------------------------------------------------------------------------
[2J
FireSim Simulation Status @ 2026-05-04 19:09:33.987736
--------------------------------------------------------------------------------
This workload's output is located in:
/home/ubuntu/chipyard/sims/firesim/deploy/results-workload/2026-05-04--18-48-19-rocket-singlecore-nic-gdbserver-smoke-f2-rocket-singlecore-nic-gdbserver-smoke-notrace-clean1bp-preserve/
This run's log is located in:
/home/ubuntu/chipyard/sims/firesim/deploy/logs/2026-05-04--18-48-19-runworkload-W1Y8X74YBCBL7K1N.log
This status will update every 10s.
--------------------------------------------------------------------------------
Instances
--------------------------------------------------------------------------------
Hostname/IP: 192.168.1.182 | Terminated: [33mFalse[0m
--------------------------------------------------------------------------------
Simulated Switches
--------------------------------------------------------------------------------
Hostname/IP: 192.168.1.182 | Switch name: switch0 | Switch running: [32mTrue [0m
--------------------------------------------------------------------------------
Simulated Pipes
--------------------------------------------------------------------------------
--------------------------------------------------------------------------------
Simulated Nodes/Jobs
--------------------------------------------------------------------------------
Hostname/IP: 192.168.1.182 | Job: rocket-singlecore-nic-gdbserver-smoke0 | Sim running: [33mTrue [0m
--------------------------------------------------------------------------------
Summary
--------------------------------------------------------------------------------
1/1 instances are still running.
1/1 simulations are still running.
--------------------------------------------------------------------------------
[2J
FireSim Simulation Status @ 2026-05-04 19:09:44.306164
--------------------------------------------------------------------------------
This workload's output is located in:
/home/ubuntu/chipyard/sims/firesim/deploy/results-workload/2026-05-04--18-48-19-rocket-singlecore-nic-gdbserver-smoke-f2-rocket-singlecore-nic-gdbserver-smoke-notrace-clean1bp-preserve/
This run's log is located in:
/home/ubuntu/chipyard/sims/firesim/deploy/logs/2026-05-04--18-48-19-runworkload-W1Y8X74YBCBL7K1N.log
This status will update every 10s.
--------------------------------------------------------------------------------
Instances
--------------------------------------------------------------------------------
Hostname/IP: 192.168.1.182 | Terminated: [33mFalse[0m
--------------------------------------------------------------------------------
Simulated Switches
--------------------------------------------------------------------------------
Hostname/IP: 192.168.1.182 | Switch name: switch0 | Switch running: [32mTrue [0m
--------------------------------------------------------------------------------
Simulated Pipes
--------------------------------------------------------------------------------
--------------------------------------------------------------------------------
Simulated Nodes/Jobs
--------------------------------------------------------------------------------
Hostname/IP: 192.168.1.182 | Job: rocket-singlecore-nic-gdbserver-smoke0 | Sim running: [33mTrue [0m
--------------------------------------------------------------------------------
Summary
--------------------------------------------------------------------------------
1/1 instances are still running.
1/1 simulations are still running.
--------------------------------------------------------------------------------
[2J
FireSim Simulation Status @ 2026-05-04 19:09:54.615183
--------------------------------------------------------------------------------
This workload's output is located in:
/home/ubuntu/chipyard/sims/firesim/deploy/results-workload/2026-05-04--18-48-19-rocket-singlecore-nic-gdbserver-smoke-f2-rocket-singlecore-nic-gdbserver-smoke-notrace-clean1bp-preserve/
This run's log is located in:
/home/ubuntu/chipyard/sims/firesim/deploy/logs/2026-05-04--18-48-19-runworkload-W1Y8X74YBCBL7K1N.log
This status will update every 10s.
--------------------------------------------------------------------------------
Instances
--------------------------------------------------------------------------------
Hostname/IP: 192.168.1.182 | Terminated: [33mFalse[0m
--------------------------------------------------------------------------------
Simulated Switches
--------------------------------------------------------------------------------
Hostname/IP: 192.168.1.182 | Switch name: switch0 | Switch running: [32mTrue [0m
--------------------------------------------------------------------------------
Simulated Pipes
--------------------------------------------------------------------------------
--------------------------------------------------------------------------------
Simulated Nodes/Jobs
--------------------------------------------------------------------------------
Hostname/IP: 192.168.1.182 | Job: rocket-singlecore-nic-gdbserver-smoke0 | Sim running: [33mTrue [0m
--------------------------------------------------------------------------------
Summary
--------------------------------------------------------------------------------
1/1 instances are still running.
1/1 simulations are still running.
--------------------------------------------------------------------------------
[2J
FireSim Simulation Status @ 2026-05-04 19:10:05.155113
--------------------------------------------------------------------------------
This workload's output is located in:
/home/ubuntu/chipyard/sims/firesim/deploy/results-workload/2026-05-04--18-48-19-rocket-singlecore-nic-gdbserver-smoke-f2-rocket-singlecore-nic-gdbserver-smoke-notrace-clean1bp-preserve/
This run's log is located in:
/home/ubuntu/chipyard/sims/firesim/deploy/logs/2026-05-04--18-48-19-runworkload-W1Y8X74YBCBL7K1N.log
This status will update every 10s.
--------------------------------------------------------------------------------
Instances
--------------------------------------------------------------------------------
Hostname/IP: 192.168.1.182 | Terminated: [33mFalse[0m
--------------------------------------------------------------------------------
Simulated Switches
--------------------------------------------------------------------------------
Hostname/IP: 192.168.1.182 | Switch name: switch0 | Switch running: [32mTrue [0m
--------------------------------------------------------------------------------
Simulated Pipes
--------------------------------------------------------------------------------
--------------------------------------------------------------------------------
Simulated Nodes/Jobs
--------------------------------------------------------------------------------
Hostname/IP: 192.168.1.182 | Job: rocket-singlecore-nic-gdbserver-smoke0 | Sim running: [33mTrue [0m
--------------------------------------------------------------------------------
Summary
--------------------------------------------------------------------------------
1/1 instances are still running.
1/1 simulations are still running.
--------------------------------------------------------------------------------
[2J
FireSim Simulation Status @ 2026-05-04 19:10:15.457253
--------------------------------------------------------------------------------
This workload's output is located in:
/home/ubuntu/chipyard/sims/firesim/deploy/results-workload/2026-05-04--18-48-19-rocket-singlecore-nic-gdbserver-smoke-f2-rocket-singlecore-nic-gdbserver-smoke-notrace-clean1bp-preserve/
This run's log is located in:
/home/ubuntu/chipyard/sims/firesim/deploy/logs/2026-05-04--18-48-19-runworkload-W1Y8X74YBCBL7K1N.log
This status will update every 10s.
--------------------------------------------------------------------------------
Instances
--------------------------------------------------------------------------------
Hostname/IP: 192.168.1.182 | Terminated: [33mFalse[0m
--------------------------------------------------------------------------------
Simulated Switches
--------------------------------------------------------------------------------
Hostname/IP: 192.168.1.182 | Switch name: switch0 | Switch running: [32mTrue [0m
--------------------------------------------------------------------------------
Simulated Pipes
--------------------------------------------------------------------------------
--------------------------------------------------------------------------------
Simulated Nodes/Jobs
--------------------------------------------------------------------------------
Hostname/IP: 192.168.1.182 | Job: rocket-singlecore-nic-gdbserver-smoke0 | Sim running: [33mTrue [0m
--------------------------------------------------------------------------------
Summary
--------------------------------------------------------------------------------
1/1 instances are still running.
1/1 simulations are still running.
--------------------------------------------------------------------------------
[2J
FireSim Simulation Status @ 2026-05-04 19:10:25.765980
--------------------------------------------------------------------------------
This workload's output is located in:
/home/ubuntu/chipyard/sims/firesim/deploy/results-workload/2026-05-04--18-48-19-rocket-singlecore-nic-gdbserver-smoke-f2-rocket-singlecore-nic-gdbserver-smoke-notrace-clean1bp-preserve/
This run's log is located in:
/home/ubuntu/chipyard/sims/firesim/deploy/logs/2026-05-04--18-48-19-runworkload-W1Y8X74YBCBL7K1N.log
This status will update every 10s.
--------------------------------------------------------------------------------
Instances
--------------------------------------------------------------------------------
Hostname/IP: 192.168.1.182 | Terminated: [33mFalse[0m
--------------------------------------------------------------------------------
Simulated Switches
--------------------------------------------------------------------------------
Hostname/IP: 192.168.1.182 | Switch name: switch0 | Switch running: [32mTrue [0m
--------------------------------------------------------------------------------
Simulated Pipes
--------------------------------------------------------------------------------
--------------------------------------------------------------------------------
Simulated Nodes/Jobs
--------------------------------------------------------------------------------
Hostname/IP: 192.168.1.182 | Job: rocket-singlecore-nic-gdbserver-smoke0 | Sim running: [33mTrue [0m
--------------------------------------------------------------------------------
Summary
--------------------------------------------------------------------------------
1/1 instances are still running.
1/1 simulations are still running.
--------------------------------------------------------------------------------
