[firesim-tmux] started at 2026-05-07T19:18:33Z
[firesim-tmux] working directory: /home/ubuntu/chipyard/sims/firesim/deploy
[firesim-tmux] command: firesim runworkload -c /home/ubuntu/chipyard/sims/firesim/deploy/config_runtime_f2_gemmini_rerocc_pairmanager_dummy8x8_4c12p12_sbus64_linux_bertmini_pipeline_runtime_batch8_fileonly_sync_gdbserver_cfg32_nic_notrace.yaml -a /home/ubuntu/chipyard/sims/firesim/deploy/config_hwdb_f2_gemmini_rerocc_pairmanager_dummy8x8_4c12p12_sbus64_bertmini_cfg32_nic_notrace.yaml -r /home/ubuntu/chipyard/sims/firesim-staging/sample_config_build_recipes.yaml
[firesim-tmux] propagated FIRESIM env vars: DMA_BASE_ID FIRESIM_RUNWORKLOAD_LIVE_IDLE_TIMEOUT_SECONDS FIRESIM_RUNWORKLOAD_MONITOR_SCRIPT GEMMINI_BASE_ID NUM_CORES NUM_DMA NUM_GEMMINI PAIR_MANAGER_MODE PIPELINE_RUNTIME_BREADCRUMB_ENABLE PIPELINE_RUNTIME_BREADCRUMB_GLOBAL_STAGE PIPELINE_RUNTIME_BREADCRUMB_LOCAL_STAGE PIPELINE_RUNTIME_BREADCRUMB_PATH PIPELINE_RUNTIME_BREADCRUMB_SEGMENT PIPELINE_RUNTIME_BREADCRUMB_STAGE_RADIUS PIPELINE_RUNTIME_BREADCRUMB_SUBBATCH PIPELINE_RUNTIME_BREADCRUMB_SUBBATCH_RADIUS PIPELINE_RUNTIME_DEBUG_TRIGGER_ENABLE PIPELINE_RUNTIME_DEBUG_TRIGGER_GLOBAL_STAGE PIPELINE_RUNTIME_DEBUG_TRIGGER_KIND PIPELINE_RUNTIME_DEBUG_TRIGGER_LOCAL_STAGE PIPELINE_RUNTIME_DEBUG_TRIGGER_LOG_PATH PIPELINE_RUNTIME_DEBUG_TRIGGER_MANAGER PIPELINE_RUNTIME_DEBUG_TRIGGER_MATCH_ONCE PIPELINE_RUNTIME_DEBUG_TRIGGER_PAGE PIPELINE_RUNTIME_DEBUG_TRIGGER_POST_BUDGET PIPELINE_RUNTIME_DEBUG_TRIGGER_PRE_RING PIPELINE_RUNTIME_DEBUG_TRIGGER_SEGMENT PIPELINE_RUNTIME_DEBUG_TRIGGER_SUBBATCH PIPELINE_RUNTIME_DEBUG_TRIGGER_TENSOR_ID PIPELINE_RUNTIME_DEBUG_TRIGGER_TOKEN PIPELINE_RUNTIME_DMA_BLOCKING_WAIT_POLL_TIMEOUT_ENABLE PIPELINE_RUNTIME_DMA_BOUNCE_BYPASS_ENABLE PIPELINE_RUNTIME_DMA_EXPORT_PAGE_END PIPELINE_RUNTIME_DMA_EXPORT_PAGE_START PIPELINE_RUNTIME_DMA_EXPORT_PROBE_ENABLE PIPELINE_RUNTIME_DMA_EXPORT_PROBE_TOKEN_END PIPELINE_RUNTIME_DMA_EXPORT_PROBE_TOKEN_START PIPELINE_RUNTIME_DMA_FIXED_LOAD_CHECKPOINT_ENABLE PIPELINE_RUNTIME_DMA_FIXED_LOAD_MONITOR_PROBE_ENABLE PIPELINE_RUNTIME_DMA_FIXED_LOAD_PAGE_END PIPELINE_RUNTIME_DMA_FIXED_LOAD_PAGE_START PIPELINE_RUNTIME_DMA_FIXED_LOAD_PRE_SRC_NOPS PIPELINE_RUNTIME_DMA_FIXED_LOAD_PROBE_ENABLE PIPELINE_RUNTIME_DMA_FIXED_LOAD_PROBE_STAGE_ID PIPELINE_RUNTIME_DMA_FIXED_LOAD_PROBE_TENSOR_ID PIPELINE_RUNTIME_DMA_FIXED_LOAD_PROBE_TOKEN_END PIPELINE_RUNTIME_DMA_FIXED_LOAD_PROBE_TOKEN_START PIPELINE_RUNTIME_DMA_FORCE_DIRECT_ENABLE PIPELINE_RUNTIME_DMA_SUBMIT_TRACE_ENABLE 
[firesim-watchdog] armed timeout=10800s log=/home/ubuntu/chipyard/tmp/firesim-aws-f2/tmux/pairdummy-sbus64-dummy8x8-gdbserver-cfg32-nic-notrace-runworkload-20260507-191832.watchdog.log
[firesim-monitor] starting /home/ubuntu/chipyard/scripts/firesim-prt-host-watchdog.sh
[prt-host-watchdog] started at 2026-05-07T19:18:33Z
[prt-host-watchdog] runtime_config=/home/ubuntu/chipyard/sims/firesim/deploy/config_runtime_f2_gemmini_rerocc_pairmanager_dummy8x8_4c12p12_sbus64_linux_bertmini_pipeline_runtime_batch8_fileonly_sync_gdbserver_cfg32_nic_notrace.yaml
[prt-host-watchdog] idle_timeout_seconds=600 live_idle_timeout_seconds=3600 poll_seconds=30
[prt-host-watchdog] ssh_connect_timeout_seconds=10 probe_timeout_seconds=20 capture_timeout_seconds=180
[prt-host-watchdog] heartbeat_liveness_enable=1
[prt-host-watchdog] arm_on_guest_status_nonzero=1
/home/ubuntu/chipyard/.conda-env/lib/python3.10/site-packages/paramiko/transport.py:178: CryptographyDeprecationWarning: Blowfish has been deprecated
  'class': algorithms.Blowfish,
FireSim Manager. Docs: https://docs.fires.im
Running: runworkload

run_farm_hosts_dict defaultdict(<class 'list'>, {'f2.6xlarge': [(<runtools.run_farm.Inst object at 0x788c8949baf0>, None)], 'f2.12xlarge': [], 'f2.48xlarge': [], 'm4.16xlarge': [], 'z1d.3xlarge': [], 'z1d.6xlarge': [], 'z1d.12xlarge': []})
set_server_hardware_config 0 None
[prt-host-watchdog] monitoring instance=i-047991d56243ab2f2 private_ip=192.168.1.32
Creating the directory: /home/ubuntu/chipyard/sims/firesim/deploy/results-workload/2026-05-07--19-18-33-rerocc-lc-linux-coupleddma-bertmini-pipeline-runtime-batch8-fileonly-sync-pairdummy-gdbserver-f2-gemmini-rerocc-pairmanager-dummy8x8-4c12p12-sbus64-linux-bertmini-batch8-fileonly-sync-gdbserver-cfg32-nic-notrace/
[192.168.1.32] Checking if host instance is up...
[192.168.1.32] Starting switch simulation for switch slot: 0.
start_simulations_instance 1
[192.168.1.32] Starting FPGA simulation for slot: 0.
[192.168.1.32] Preflighting FireSim driver readiness for slot 0 (attempt 1/3).
Warning: run() received nonzero return code 1 while executing 'sudo pkill -SIGKILL FireSim-f2'!
[192.168.1.32] FireSim driver readiness preflight passed for slot 0.
start_sim_slot slotno: 0 server_id 0 remote_sim_dir /home/ubuntu/sim_slot_0/ /home/ubuntu
ul <runtools.firesim_topology_elements.FireSimLink object at 0x788c89378940>, ul.uplink_size <runtools.firesim_topology_elements.FireSimSwitchNode object at 0x788c893785b0>
self <runtools.firesim_topology_elements.FireSimServerNode object at 0x788c893787c0> id_internal 0  [] slotno 0
[2J
FireSim Simulation Status @ 2026-05-07 19:18:45.595492
--------------------------------------------------------------------------------
This workload's output is located in:
/home/ubuntu/chipyard/sims/firesim/deploy/results-workload/2026-05-07--19-18-33-rerocc-lc-linux-coupleddma-bertmini-pipeline-runtime-batch8-fileonly-sync-pairdummy-gdbserver-f2-gemmini-rerocc-pairmanager-dummy8x8-4c12p12-sbus64-linux-bertmini-batch8-fileonly-sync-gdbserver-cfg32-nic-notrace/
This run's log is located in:
/home/ubuntu/chipyard/sims/firesim/deploy/logs/2026-05-07--19-18-33-runworkload-OZ49C911RG8KQVU9.log
This status will update every 10s.
--------------------------------------------------------------------------------
Instances
--------------------------------------------------------------------------------
Hostname/IP: 192.168.1.32 | Terminated: [33mFalse[0m
--------------------------------------------------------------------------------
Simulated Switches
--------------------------------------------------------------------------------
Hostname/IP: 192.168.1.32 | Switch name: switch0 | Switch running: [32mTrue [0m
--------------------------------------------------------------------------------
Simulated Pipes
--------------------------------------------------------------------------------
--------------------------------------------------------------------------------
Simulated Nodes/Jobs
--------------------------------------------------------------------------------
Hostname/IP: 192.168.1.32 | Job: rerocc-lc-linux-coupleddma-bertmini-pipeline-runtime-batch8-fileonly-sync-pairdummy-gdbserver0 | Sim running: [33mTrue [0m
--------------------------------------------------------------------------------
Summary
--------------------------------------------------------------------------------
1/1 instances are still running.
1/1 simulations are still running.
--------------------------------------------------------------------------------
[2J
FireSim Simulation Status @ 2026-05-07 19:18:55.913964
--------------------------------------------------------------------------------
This workload's output is located in:
/home/ubuntu/chipyard/sims/firesim/deploy/results-workload/2026-05-07--19-18-33-rerocc-lc-linux-coupleddma-bertmini-pipeline-runtime-batch8-fileonly-sync-pairdummy-gdbserver-f2-gemmini-rerocc-pairmanager-dummy8x8-4c12p12-sbus64-linux-bertmini-batch8-fileonly-sync-gdbserver-cfg32-nic-notrace/
This run's log is located in:
/home/ubuntu/chipyard/sims/firesim/deploy/logs/2026-05-07--19-18-33-runworkload-OZ49C911RG8KQVU9.log
This status will update every 10s.
--------------------------------------------------------------------------------
Instances
--------------------------------------------------------------------------------
Hostname/IP: 192.168.1.32 | Terminated: [33mFalse[0m
--------------------------------------------------------------------------------
Simulated Switches
--------------------------------------------------------------------------------
Hostname/IP: 192.168.1.32 | Switch name: switch0 | Switch running: [32mTrue [0m
--------------------------------------------------------------------------------
Simulated Pipes
--------------------------------------------------------------------------------
--------------------------------------------------------------------------------
Simulated Nodes/Jobs
--------------------------------------------------------------------------------
Hostname/IP: 192.168.1.32 | Job: rerocc-lc-linux-coupleddma-bertmini-pipeline-runtime-batch8-fileonly-sync-pairdummy-gdbserver0 | Sim running: [33mTrue [0m
--------------------------------------------------------------------------------
Summary
--------------------------------------------------------------------------------
1/1 instances are still running.
1/1 simulations are still running.
--------------------------------------------------------------------------------
[2J
FireSim Simulation Status @ 2026-05-07 19:19:06.222273
--------------------------------------------------------------------------------
This workload's output is located in:
/home/ubuntu/chipyard/sims/firesim/deploy/results-workload/2026-05-07--19-18-33-rerocc-lc-linux-coupleddma-bertmini-pipeline-runtime-batch8-fileonly-sync-pairdummy-gdbserver-f2-gemmini-rerocc-pairmanager-dummy8x8-4c12p12-sbus64-linux-bertmini-batch8-fileonly-sync-gdbserver-cfg32-nic-notrace/
This run's log is located in:
/home/ubuntu/chipyard/sims/firesim/deploy/logs/2026-05-07--19-18-33-runworkload-OZ49C911RG8KQVU9.log
This status will update every 10s.
--------------------------------------------------------------------------------
Instances
--------------------------------------------------------------------------------
Hostname/IP: 192.168.1.32 | Terminated: [33mFalse[0m
--------------------------------------------------------------------------------
Simulated Switches
--------------------------------------------------------------------------------
Hostname/IP: 192.168.1.32 | Switch name: switch0 | Switch running: [32mTrue [0m
--------------------------------------------------------------------------------
Simulated Pipes
--------------------------------------------------------------------------------
--------------------------------------------------------------------------------
Simulated Nodes/Jobs
--------------------------------------------------------------------------------
Hostname/IP: 192.168.1.32 | Job: rerocc-lc-linux-coupleddma-bertmini-pipeline-runtime-batch8-fileonly-sync-pairdummy-gdbserver0 | Sim running: [33mTrue [0m
--------------------------------------------------------------------------------
Summary
--------------------------------------------------------------------------------
1/1 instances are still running.
1/1 simulations are still running.
--------------------------------------------------------------------------------
[2J
FireSim Simulation Status @ 2026-05-07 19:19:16.526288
--------------------------------------------------------------------------------
This workload's output is located in:
/home/ubuntu/chipyard/sims/firesim/deploy/results-workload/2026-05-07--19-18-33-rerocc-lc-linux-coupleddma-bertmini-pipeline-runtime-batch8-fileonly-sync-pairdummy-gdbserver-f2-gemmini-rerocc-pairmanager-dummy8x8-4c12p12-sbus64-linux-bertmini-batch8-fileonly-sync-gdbserver-cfg32-nic-notrace/
This run's log is located in:
/home/ubuntu/chipyard/sims/firesim/deploy/logs/2026-05-07--19-18-33-runworkload-OZ49C911RG8KQVU9.log
This status will update every 10s.
--------------------------------------------------------------------------------
Instances
--------------------------------------------------------------------------------
Hostname/IP: 192.168.1.32 | Terminated: [33mFalse[0m
--------------------------------------------------------------------------------
Simulated Switches
--------------------------------------------------------------------------------
Hostname/IP: 192.168.1.32 | Switch name: switch0 | Switch running: [32mTrue [0m
--------------------------------------------------------------------------------
Simulated Pipes
--------------------------------------------------------------------------------
--------------------------------------------------------------------------------
Simulated Nodes/Jobs
--------------------------------------------------------------------------------
Hostname/IP: 192.168.1.32 | Job: rerocc-lc-linux-coupleddma-bertmini-pipeline-runtime-batch8-fileonly-sync-pairdummy-gdbserver0 | Sim running: [33mTrue [0m
--------------------------------------------------------------------------------
Summary
--------------------------------------------------------------------------------
1/1 instances are still running.
1/1 simulations are still running.
--------------------------------------------------------------------------------
[2J
FireSim Simulation Status @ 2026-05-07 19:19:26.855851
--------------------------------------------------------------------------------
This workload's output is located in:
/home/ubuntu/chipyard/sims/firesim/deploy/results-workload/2026-05-07--19-18-33-rerocc-lc-linux-coupleddma-bertmini-pipeline-runtime-batch8-fileonly-sync-pairdummy-gdbserver-f2-gemmini-rerocc-pairmanager-dummy8x8-4c12p12-sbus64-linux-bertmini-batch8-fileonly-sync-gdbserver-cfg32-nic-notrace/
This run's log is located in:
/home/ubuntu/chipyard/sims/firesim/deploy/logs/2026-05-07--19-18-33-runworkload-OZ49C911RG8KQVU9.log
This status will update every 10s.
--------------------------------------------------------------------------------
Instances
--------------------------------------------------------------------------------
Hostname/IP: 192.168.1.32 | Terminated: [33mFalse[0m
--------------------------------------------------------------------------------
Simulated Switches
--------------------------------------------------------------------------------
Hostname/IP: 192.168.1.32 | Switch name: switch0 | Switch running: [32mTrue [0m
--------------------------------------------------------------------------------
Simulated Pipes
--------------------------------------------------------------------------------
--------------------------------------------------------------------------------
Simulated Nodes/Jobs
--------------------------------------------------------------------------------
Hostname/IP: 192.168.1.32 | Job: rerocc-lc-linux-coupleddma-bertmini-pipeline-runtime-batch8-fileonly-sync-pairdummy-gdbserver0 | Sim running: [33mTrue [0m
--------------------------------------------------------------------------------
Summary
--------------------------------------------------------------------------------
1/1 instances are still running.
1/1 simulations are still running.
--------------------------------------------------------------------------------
[2J
FireSim Simulation Status @ 2026-05-07 19:19:37.431717
--------------------------------------------------------------------------------
This workload's output is located in:
/home/ubuntu/chipyard/sims/firesim/deploy/results-workload/2026-05-07--19-18-33-rerocc-lc-linux-coupleddma-bertmini-pipeline-runtime-batch8-fileonly-sync-pairdummy-gdbserver-f2-gemmini-rerocc-pairmanager-dummy8x8-4c12p12-sbus64-linux-bertmini-batch8-fileonly-sync-gdbserver-cfg32-nic-notrace/
This run's log is located in:
/home/ubuntu/chipyard/sims/firesim/deploy/logs/2026-05-07--19-18-33-runworkload-OZ49C911RG8KQVU9.log
This status will update every 10s.
--------------------------------------------------------------------------------
Instances
--------------------------------------------------------------------------------
Hostname/IP: 192.168.1.32 | Terminated: [33mFalse[0m
--------------------------------------------------------------------------------
Simulated Switches
--------------------------------------------------------------------------------
Hostname/IP: 192.168.1.32 | Switch name: switch0 | Switch running: [32mTrue [0m
--------------------------------------------------------------------------------
Simulated Pipes
--------------------------------------------------------------------------------
--------------------------------------------------------------------------------
Simulated Nodes/Jobs
--------------------------------------------------------------------------------
Hostname/IP: 192.168.1.32 | Job: rerocc-lc-linux-coupleddma-bertmini-pipeline-runtime-batch8-fileonly-sync-pairdummy-gdbserver0 | Sim running: [33mTrue [0m
--------------------------------------------------------------------------------
Summary
--------------------------------------------------------------------------------
1/1 instances are still running.
1/1 simulations are still running.
--------------------------------------------------------------------------------
[2J
FireSim Simulation Status @ 2026-05-07 19:19:47.760429
--------------------------------------------------------------------------------
This workload's output is located in:
/home/ubuntu/chipyard/sims/firesim/deploy/results-workload/2026-05-07--19-18-33-rerocc-lc-linux-coupleddma-bertmini-pipeline-runtime-batch8-fileonly-sync-pairdummy-gdbserver-f2-gemmini-rerocc-pairmanager-dummy8x8-4c12p12-sbus64-linux-bertmini-batch8-fileonly-sync-gdbserver-cfg32-nic-notrace/
This run's log is located in:
/home/ubuntu/chipyard/sims/firesim/deploy/logs/2026-05-07--19-18-33-runworkload-OZ49C911RG8KQVU9.log
This status will update every 10s.
--------------------------------------------------------------------------------
Instances
--------------------------------------------------------------------------------
Hostname/IP: 192.168.1.32 | Terminated: [33mFalse[0m
--------------------------------------------------------------------------------
Simulated Switches
--------------------------------------------------------------------------------
Hostname/IP: 192.168.1.32 | Switch name: switch0 | Switch running: [32mTrue [0m
--------------------------------------------------------------------------------
Simulated Pipes
--------------------------------------------------------------------------------
--------------------------------------------------------------------------------
Simulated Nodes/Jobs
--------------------------------------------------------------------------------
Hostname/IP: 192.168.1.32 | Job: rerocc-lc-linux-coupleddma-bertmini-pipeline-runtime-batch8-fileonly-sync-pairdummy-gdbserver0 | Sim running: [33mTrue [0m
--------------------------------------------------------------------------------
Summary
--------------------------------------------------------------------------------
1/1 instances are still running.
1/1 simulations are still running.
--------------------------------------------------------------------------------
[2J
FireSim Simulation Status @ 2026-05-07 19:19:58.068967
--------------------------------------------------------------------------------
This workload's output is located in:
/home/ubuntu/chipyard/sims/firesim/deploy/results-workload/2026-05-07--19-18-33-rerocc-lc-linux-coupleddma-bertmini-pipeline-runtime-batch8-fileonly-sync-pairdummy-gdbserver-f2-gemmini-rerocc-pairmanager-dummy8x8-4c12p12-sbus64-linux-bertmini-batch8-fileonly-sync-gdbserver-cfg32-nic-notrace/
This run's log is located in:
/home/ubuntu/chipyard/sims/firesim/deploy/logs/2026-05-07--19-18-33-runworkload-OZ49C911RG8KQVU9.log
This status will update every 10s.
--------------------------------------------------------------------------------
Instances
--------------------------------------------------------------------------------
Hostname/IP: 192.168.1.32 | Terminated: [33mFalse[0m
--------------------------------------------------------------------------------
Simulated Switches
--------------------------------------------------------------------------------
Hostname/IP: 192.168.1.32 | Switch name: switch0 | Switch running: [32mTrue [0m
--------------------------------------------------------------------------------
Simulated Pipes
--------------------------------------------------------------------------------
--------------------------------------------------------------------------------
Simulated Nodes/Jobs
--------------------------------------------------------------------------------
Hostname/IP: 192.168.1.32 | Job: rerocc-lc-linux-coupleddma-bertmini-pipeline-runtime-batch8-fileonly-sync-pairdummy-gdbserver0 | Sim running: [33mTrue [0m
--------------------------------------------------------------------------------
Summary
--------------------------------------------------------------------------------
1/1 instances are still running.
1/1 simulations are still running.
--------------------------------------------------------------------------------
[2J
FireSim Simulation Status @ 2026-05-07 19:20:08.377127
--------------------------------------------------------------------------------
This workload's output is located in:
/home/ubuntu/chipyard/sims/firesim/deploy/results-workload/2026-05-07--19-18-33-rerocc-lc-linux-coupleddma-bertmini-pipeline-runtime-batch8-fileonly-sync-pairdummy-gdbserver-f2-gemmini-rerocc-pairmanager-dummy8x8-4c12p12-sbus64-linux-bertmini-batch8-fileonly-sync-gdbserver-cfg32-nic-notrace/
This run's log is located in:
/home/ubuntu/chipyard/sims/firesim/deploy/logs/2026-05-07--19-18-33-runworkload-OZ49C911RG8KQVU9.log
This status will update every 10s.
--------------------------------------------------------------------------------
Instances
--------------------------------------------------------------------------------
Hostname/IP: 192.168.1.32 | Terminated: [33mFalse[0m
--------------------------------------------------------------------------------
Simulated Switches
--------------------------------------------------------------------------------
Hostname/IP: 192.168.1.32 | Switch name: switch0 | Switch running: [32mTrue [0m
--------------------------------------------------------------------------------
Simulated Pipes
--------------------------------------------------------------------------------
--------------------------------------------------------------------------------
Simulated Nodes/Jobs
--------------------------------------------------------------------------------
Hostname/IP: 192.168.1.32 | Job: rerocc-lc-linux-coupleddma-bertmini-pipeline-runtime-batch8-fileonly-sync-pairdummy-gdbserver0 | Sim running: [33mTrue [0m
--------------------------------------------------------------------------------
Summary
--------------------------------------------------------------------------------
1/1 instances are still running.
1/1 simulations are still running.
--------------------------------------------------------------------------------
[2J
FireSim Simulation Status @ 2026-05-07 19:20:18.695334
--------------------------------------------------------------------------------
This workload's output is located in:
/home/ubuntu/chipyard/sims/firesim/deploy/results-workload/2026-05-07--19-18-33-rerocc-lc-linux-coupleddma-bertmini-pipeline-runtime-batch8-fileonly-sync-pairdummy-gdbserver-f2-gemmini-rerocc-pairmanager-dummy8x8-4c12p12-sbus64-linux-bertmini-batch8-fileonly-sync-gdbserver-cfg32-nic-notrace/
This run's log is located in:
/home/ubuntu/chipyard/sims/firesim/deploy/logs/2026-05-07--19-18-33-runworkload-OZ49C911RG8KQVU9.log
This status will update every 10s.
--------------------------------------------------------------------------------
Instances
--------------------------------------------------------------------------------
Hostname/IP: 192.168.1.32 | Terminated: [33mFalse[0m
--------------------------------------------------------------------------------
Simulated Switches
--------------------------------------------------------------------------------
Hostname/IP: 192.168.1.32 | Switch name: switch0 | Switch running: [32mTrue [0m
--------------------------------------------------------------------------------
Simulated Pipes
--------------------------------------------------------------------------------
--------------------------------------------------------------------------------
Simulated Nodes/Jobs
--------------------------------------------------------------------------------
Hostname/IP: 192.168.1.32 | Job: rerocc-lc-linux-coupleddma-bertmini-pipeline-runtime-batch8-fileonly-sync-pairdummy-gdbserver0 | Sim running: [33mTrue [0m
--------------------------------------------------------------------------------
Summary
--------------------------------------------------------------------------------
1/1 instances are still running.
1/1 simulations are still running.
--------------------------------------------------------------------------------
[2J
FireSim Simulation Status @ 2026-05-07 19:20:29.013552
--------------------------------------------------------------------------------
This workload's output is located in:
/home/ubuntu/chipyard/sims/firesim/deploy/results-workload/2026-05-07--19-18-33-rerocc-lc-linux-coupleddma-bertmini-pipeline-runtime-batch8-fileonly-sync-pairdummy-gdbserver-f2-gemmini-rerocc-pairmanager-dummy8x8-4c12p12-sbus64-linux-bertmini-batch8-fileonly-sync-gdbserver-cfg32-nic-notrace/
This run's log is located in:
/home/ubuntu/chipyard/sims/firesim/deploy/logs/2026-05-07--19-18-33-runworkload-OZ49C911RG8KQVU9.log
This status will update every 10s.
--------------------------------------------------------------------------------
Instances
--------------------------------------------------------------------------------
Hostname/IP: 192.168.1.32 | Terminated: [33mFalse[0m
--------------------------------------------------------------------------------
Simulated Switches
--------------------------------------------------------------------------------
Hostname/IP: 192.168.1.32 | Switch name: switch0 | Switch running: [32mTrue [0m
--------------------------------------------------------------------------------
Simulated Pipes
--------------------------------------------------------------------------------
--------------------------------------------------------------------------------
Simulated Nodes/Jobs
--------------------------------------------------------------------------------
Hostname/IP: 192.168.1.32 | Job: rerocc-lc-linux-coupleddma-bertmini-pipeline-runtime-batch8-fileonly-sync-pairdummy-gdbserver0 | Sim running: [33mTrue [0m
--------------------------------------------------------------------------------
Summary
--------------------------------------------------------------------------------
1/1 instances are still running.
1/1 simulations are still running.
--------------------------------------------------------------------------------
[2J
FireSim Simulation Status @ 2026-05-07 19:20:39.567098
--------------------------------------------------------------------------------
This workload's output is located in:
/home/ubuntu/chipyard/sims/firesim/deploy/results-workload/2026-05-07--19-18-33-rerocc-lc-linux-coupleddma-bertmini-pipeline-runtime-batch8-fileonly-sync-pairdummy-gdbserver-f2-gemmini-rerocc-pairmanager-dummy8x8-4c12p12-sbus64-linux-bertmini-batch8-fileonly-sync-gdbserver-cfg32-nic-notrace/
This run's log is located in:
/home/ubuntu/chipyard/sims/firesim/deploy/logs/2026-05-07--19-18-33-runworkload-OZ49C911RG8KQVU9.log
This status will update every 10s.
--------------------------------------------------------------------------------
Instances
--------------------------------------------------------------------------------
Hostname/IP: 192.168.1.32 | Terminated: [33mFalse[0m
--------------------------------------------------------------------------------
Simulated Switches
--------------------------------------------------------------------------------
Hostname/IP: 192.168.1.32 | Switch name: switch0 | Switch running: [32mTrue [0m
--------------------------------------------------------------------------------
Simulated Pipes
--------------------------------------------------------------------------------
--------------------------------------------------------------------------------
Simulated Nodes/Jobs
--------------------------------------------------------------------------------
Hostname/IP: 192.168.1.32 | Job: rerocc-lc-linux-coupleddma-bertmini-pipeline-runtime-batch8-fileonly-sync-pairdummy-gdbserver0 | Sim running: [33mTrue [0m
--------------------------------------------------------------------------------
Summary
--------------------------------------------------------------------------------
1/1 instances are still running.
1/1 simulations are still running.
--------------------------------------------------------------------------------
[2J
FireSim Simulation Status @ 2026-05-07 19:20:49.886037
--------------------------------------------------------------------------------
This workload's output is located in:
/home/ubuntu/chipyard/sims/firesim/deploy/results-workload/2026-05-07--19-18-33-rerocc-lc-linux-coupleddma-bertmini-pipeline-runtime-batch8-fileonly-sync-pairdummy-gdbserver-f2-gemmini-rerocc-pairmanager-dummy8x8-4c12p12-sbus64-linux-bertmini-batch8-fileonly-sync-gdbserver-cfg32-nic-notrace/
This run's log is located in:
/home/ubuntu/chipyard/sims/firesim/deploy/logs/2026-05-07--19-18-33-runworkload-OZ49C911RG8KQVU9.log
This status will update every 10s.
--------------------------------------------------------------------------------
Instances
--------------------------------------------------------------------------------
Hostname/IP: 192.168.1.32 | Terminated: [33mFalse[0m
--------------------------------------------------------------------------------
Simulated Switches
--------------------------------------------------------------------------------
Hostname/IP: 192.168.1.32 | Switch name: switch0 | Switch running: [32mTrue [0m
--------------------------------------------------------------------------------
Simulated Pipes
--------------------------------------------------------------------------------
--------------------------------------------------------------------------------
Simulated Nodes/Jobs
--------------------------------------------------------------------------------
Hostname/IP: 192.168.1.32 | Job: rerocc-lc-linux-coupleddma-bertmini-pipeline-runtime-batch8-fileonly-sync-pairdummy-gdbserver0 | Sim running: [33mTrue [0m
--------------------------------------------------------------------------------
Summary
--------------------------------------------------------------------------------
1/1 instances are still running.
1/1 simulations are still running.
--------------------------------------------------------------------------------
[2J
FireSim Simulation Status @ 2026-05-07 19:21:00.204971
--------------------------------------------------------------------------------
This workload's output is located in:
/home/ubuntu/chipyard/sims/firesim/deploy/results-workload/2026-05-07--19-18-33-rerocc-lc-linux-coupleddma-bertmini-pipeline-runtime-batch8-fileonly-sync-pairdummy-gdbserver-f2-gemmini-rerocc-pairmanager-dummy8x8-4c12p12-sbus64-linux-bertmini-batch8-fileonly-sync-gdbserver-cfg32-nic-notrace/
This run's log is located in:
/home/ubuntu/chipyard/sims/firesim/deploy/logs/2026-05-07--19-18-33-runworkload-OZ49C911RG8KQVU9.log
This status will update every 10s.
--------------------------------------------------------------------------------
Instances
--------------------------------------------------------------------------------
Hostname/IP: 192.168.1.32 | Terminated: [33mFalse[0m
--------------------------------------------------------------------------------
Simulated Switches
--------------------------------------------------------------------------------
Hostname/IP: 192.168.1.32 | Switch name: switch0 | Switch running: [32mTrue [0m
--------------------------------------------------------------------------------
Simulated Pipes
--------------------------------------------------------------------------------
--------------------------------------------------------------------------------
Simulated Nodes/Jobs
--------------------------------------------------------------------------------
Hostname/IP: 192.168.1.32 | Job: rerocc-lc-linux-coupleddma-bertmini-pipeline-runtime-batch8-fileonly-sync-pairdummy-gdbserver0 | Sim running: [33mTrue [0m
--------------------------------------------------------------------------------
Summary
--------------------------------------------------------------------------------
1/1 instances are still running.
1/1 simulations are still running.
--------------------------------------------------------------------------------
[2J
FireSim Simulation Status @ 2026-05-07 19:21:10.523825
--------------------------------------------------------------------------------
This workload's output is located in:
/home/ubuntu/chipyard/sims/firesim/deploy/results-workload/2026-05-07--19-18-33-rerocc-lc-linux-coupleddma-bertmini-pipeline-runtime-batch8-fileonly-sync-pairdummy-gdbserver-f2-gemmini-rerocc-pairmanager-dummy8x8-4c12p12-sbus64-linux-bertmini-batch8-fileonly-sync-gdbserver-cfg32-nic-notrace/
This run's log is located in:
/home/ubuntu/chipyard/sims/firesim/deploy/logs/2026-05-07--19-18-33-runworkload-OZ49C911RG8KQVU9.log
This status will update every 10s.
--------------------------------------------------------------------------------
Instances
--------------------------------------------------------------------------------
Hostname/IP: 192.168.1.32 | Terminated: [33mFalse[0m
--------------------------------------------------------------------------------
Simulated Switches
--------------------------------------------------------------------------------
Hostname/IP: 192.168.1.32 | Switch name: switch0 | Switch running: [32mTrue [0m
--------------------------------------------------------------------------------
Simulated Pipes
--------------------------------------------------------------------------------
--------------------------------------------------------------------------------
Simulated Nodes/Jobs
--------------------------------------------------------------------------------
Hostname/IP: 192.168.1.32 | Job: rerocc-lc-linux-coupleddma-bertmini-pipeline-runtime-batch8-fileonly-sync-pairdummy-gdbserver0 | Sim running: [33mTrue [0m
--------------------------------------------------------------------------------
Summary
--------------------------------------------------------------------------------
1/1 instances are still running.
1/1 simulations are still running.
--------------------------------------------------------------------------------
[2J
FireSim Simulation Status @ 2026-05-07 19:21:20.832045
--------------------------------------------------------------------------------
This workload's output is located in:
/home/ubuntu/chipyard/sims/firesim/deploy/results-workload/2026-05-07--19-18-33-rerocc-lc-linux-coupleddma-bertmini-pipeline-runtime-batch8-fileonly-sync-pairdummy-gdbserver-f2-gemmini-rerocc-pairmanager-dummy8x8-4c12p12-sbus64-linux-bertmini-batch8-fileonly-sync-gdbserver-cfg32-nic-notrace/
This run's log is located in:
/home/ubuntu/chipyard/sims/firesim/deploy/logs/2026-05-07--19-18-33-runworkload-OZ49C911RG8KQVU9.log
This status will update every 10s.
--------------------------------------------------------------------------------
Instances
--------------------------------------------------------------------------------
Hostname/IP: 192.168.1.32 | Terminated: [33mFalse[0m
--------------------------------------------------------------------------------
Simulated Switches
--------------------------------------------------------------------------------
Hostname/IP: 192.168.1.32 | Switch name: switch0 | Switch running: [32mTrue [0m
--------------------------------------------------------------------------------
Simulated Pipes
--------------------------------------------------------------------------------
--------------------------------------------------------------------------------
Simulated Nodes/Jobs
--------------------------------------------------------------------------------
Hostname/IP: 192.168.1.32 | Job: rerocc-lc-linux-coupleddma-bertmini-pipeline-runtime-batch8-fileonly-sync-pairdummy-gdbserver0 | Sim running: [33mTrue [0m
--------------------------------------------------------------------------------
Summary
--------------------------------------------------------------------------------
1/1 instances are still running.
1/1 simulations are still running.
--------------------------------------------------------------------------------
[2J
FireSim Simulation Status @ 2026-05-07 19:21:31.150178
--------------------------------------------------------------------------------
This workload's output is located in:
/home/ubuntu/chipyard/sims/firesim/deploy/results-workload/2026-05-07--19-18-33-rerocc-lc-linux-coupleddma-bertmini-pipeline-runtime-batch8-fileonly-sync-pairdummy-gdbserver-f2-gemmini-rerocc-pairmanager-dummy8x8-4c12p12-sbus64-linux-bertmini-batch8-fileonly-sync-gdbserver-cfg32-nic-notrace/
This run's log is located in:
/home/ubuntu/chipyard/sims/firesim/deploy/logs/2026-05-07--19-18-33-runworkload-OZ49C911RG8KQVU9.log
This status will update every 10s.
--------------------------------------------------------------------------------
Instances
--------------------------------------------------------------------------------
Hostname/IP: 192.168.1.32 | Terminated: [33mFalse[0m
--------------------------------------------------------------------------------
Simulated Switches
--------------------------------------------------------------------------------
Hostname/IP: 192.168.1.32 | Switch name: switch0 | Switch running: [32mTrue [0m
--------------------------------------------------------------------------------
Simulated Pipes
--------------------------------------------------------------------------------
--------------------------------------------------------------------------------
Simulated Nodes/Jobs
--------------------------------------------------------------------------------
Hostname/IP: 192.168.1.32 | Job: rerocc-lc-linux-coupleddma-bertmini-pipeline-runtime-batch8-fileonly-sync-pairdummy-gdbserver0 | Sim running: [33mTrue [0m
--------------------------------------------------------------------------------
Summary
--------------------------------------------------------------------------------
1/1 instances are still running.
1/1 simulations are still running.
--------------------------------------------------------------------------------
[2J
FireSim Simulation Status @ 2026-05-07 19:21:41.690338
--------------------------------------------------------------------------------
This workload's output is located in:
/home/ubuntu/chipyard/sims/firesim/deploy/results-workload/2026-05-07--19-18-33-rerocc-lc-linux-coupleddma-bertmini-pipeline-runtime-batch8-fileonly-sync-pairdummy-gdbserver-f2-gemmini-rerocc-pairmanager-dummy8x8-4c12p12-sbus64-linux-bertmini-batch8-fileonly-sync-gdbserver-cfg32-nic-notrace/
This run's log is located in:
/home/ubuntu/chipyard/sims/firesim/deploy/logs/2026-05-07--19-18-33-runworkload-OZ49C911RG8KQVU9.log
This status will update every 10s.
--------------------------------------------------------------------------------
Instances
--------------------------------------------------------------------------------
Hostname/IP: 192.168.1.32 | Terminated: [33mFalse[0m
--------------------------------------------------------------------------------
Simulated Switches
--------------------------------------------------------------------------------
Hostname/IP: 192.168.1.32 | Switch name: switch0 | Switch running: [32mTrue [0m
--------------------------------------------------------------------------------
Simulated Pipes
--------------------------------------------------------------------------------
--------------------------------------------------------------------------------
Simulated Nodes/Jobs
--------------------------------------------------------------------------------
Hostname/IP: 192.168.1.32 | Job: rerocc-lc-linux-coupleddma-bertmini-pipeline-runtime-batch8-fileonly-sync-pairdummy-gdbserver0 | Sim running: [33mTrue [0m
--------------------------------------------------------------------------------
Summary
--------------------------------------------------------------------------------
1/1 instances are still running.
1/1 simulations are still running.
--------------------------------------------------------------------------------
[2J
FireSim Simulation Status @ 2026-05-07 19:21:52.018732
--------------------------------------------------------------------------------
This workload's output is located in:
/home/ubuntu/chipyard/sims/firesim/deploy/results-workload/2026-05-07--19-18-33-rerocc-lc-linux-coupleddma-bertmini-pipeline-runtime-batch8-fileonly-sync-pairdummy-gdbserver-f2-gemmini-rerocc-pairmanager-dummy8x8-4c12p12-sbus64-linux-bertmini-batch8-fileonly-sync-gdbserver-cfg32-nic-notrace/
This run's log is located in:
/home/ubuntu/chipyard/sims/firesim/deploy/logs/2026-05-07--19-18-33-runworkload-OZ49C911RG8KQVU9.log
This status will update every 10s.
--------------------------------------------------------------------------------
Instances
--------------------------------------------------------------------------------
Hostname/IP: 192.168.1.32 | Terminated: [33mFalse[0m
--------------------------------------------------------------------------------
Simulated Switches
--------------------------------------------------------------------------------
Hostname/IP: 192.168.1.32 | Switch name: switch0 | Switch running: [32mTrue [0m
--------------------------------------------------------------------------------
Simulated Pipes
--------------------------------------------------------------------------------
--------------------------------------------------------------------------------
Simulated Nodes/Jobs
--------------------------------------------------------------------------------
Hostname/IP: 192.168.1.32 | Job: rerocc-lc-linux-coupleddma-bertmini-pipeline-runtime-batch8-fileonly-sync-pairdummy-gdbserver0 | Sim running: [33mTrue [0m
--------------------------------------------------------------------------------
Summary
--------------------------------------------------------------------------------
1/1 instances are still running.
1/1 simulations are still running.
--------------------------------------------------------------------------------
[2J
FireSim Simulation Status @ 2026-05-07 19:22:02.337539
--------------------------------------------------------------------------------
This workload's output is located in:
/home/ubuntu/chipyard/sims/firesim/deploy/results-workload/2026-05-07--19-18-33-rerocc-lc-linux-coupleddma-bertmini-pipeline-runtime-batch8-fileonly-sync-pairdummy-gdbserver-f2-gemmini-rerocc-pairmanager-dummy8x8-4c12p12-sbus64-linux-bertmini-batch8-fileonly-sync-gdbserver-cfg32-nic-notrace/
This run's log is located in:
/home/ubuntu/chipyard/sims/firesim/deploy/logs/2026-05-07--19-18-33-runworkload-OZ49C911RG8KQVU9.log
This status will update every 10s.
--------------------------------------------------------------------------------
Instances
--------------------------------------------------------------------------------
Hostname/IP: 192.168.1.32 | Terminated: [33mFalse[0m
--------------------------------------------------------------------------------
Simulated Switches
--------------------------------------------------------------------------------
Hostname/IP: 192.168.1.32 | Switch name: switch0 | Switch running: [32mTrue [0m
--------------------------------------------------------------------------------
Simulated Pipes
--------------------------------------------------------------------------------
--------------------------------------------------------------------------------
Simulated Nodes/Jobs
--------------------------------------------------------------------------------
Hostname/IP: 192.168.1.32 | Job: rerocc-lc-linux-coupleddma-bertmini-pipeline-runtime-batch8-fileonly-sync-pairdummy-gdbserver0 | Sim running: [33mTrue [0m
--------------------------------------------------------------------------------
Summary
--------------------------------------------------------------------------------
1/1 instances are still running.
1/1 simulations are still running.
--------------------------------------------------------------------------------
[2J
FireSim Simulation Status @ 2026-05-07 19:22:12.655646
--------------------------------------------------------------------------------
This workload's output is located in:
/home/ubuntu/chipyard/sims/firesim/deploy/results-workload/2026-05-07--19-18-33-rerocc-lc-linux-coupleddma-bertmini-pipeline-runtime-batch8-fileonly-sync-pairdummy-gdbserver-f2-gemmini-rerocc-pairmanager-dummy8x8-4c12p12-sbus64-linux-bertmini-batch8-fileonly-sync-gdbserver-cfg32-nic-notrace/
This run's log is located in:
/home/ubuntu/chipyard/sims/firesim/deploy/logs/2026-05-07--19-18-33-runworkload-OZ49C911RG8KQVU9.log
This status will update every 10s.
--------------------------------------------------------------------------------
Instances
--------------------------------------------------------------------------------
Hostname/IP: 192.168.1.32 | Terminated: [33mFalse[0m
--------------------------------------------------------------------------------
Simulated Switches
--------------------------------------------------------------------------------
Hostname/IP: 192.168.1.32 | Switch name: switch0 | Switch running: [32mTrue [0m
--------------------------------------------------------------------------------
Simulated Pipes
--------------------------------------------------------------------------------
--------------------------------------------------------------------------------
Simulated Nodes/Jobs
--------------------------------------------------------------------------------
Hostname/IP: 192.168.1.32 | Job: rerocc-lc-linux-coupleddma-bertmini-pipeline-runtime-batch8-fileonly-sync-pairdummy-gdbserver0 | Sim running: [33mTrue [0m
--------------------------------------------------------------------------------
Summary
--------------------------------------------------------------------------------
1/1 instances are still running.
1/1 simulations are still running.
--------------------------------------------------------------------------------
[2J
FireSim Simulation Status @ 2026-05-07 19:22:22.967257
--------------------------------------------------------------------------------
This workload's output is located in:
/home/ubuntu/chipyard/sims/firesim/deploy/results-workload/2026-05-07--19-18-33-rerocc-lc-linux-coupleddma-bertmini-pipeline-runtime-batch8-fileonly-sync-pairdummy-gdbserver-f2-gemmini-rerocc-pairmanager-dummy8x8-4c12p12-sbus64-linux-bertmini-batch8-fileonly-sync-gdbserver-cfg32-nic-notrace/
This run's log is located in:
/home/ubuntu/chipyard/sims/firesim/deploy/logs/2026-05-07--19-18-33-runworkload-OZ49C911RG8KQVU9.log
This status will update every 10s.
--------------------------------------------------------------------------------
Instances
--------------------------------------------------------------------------------
Hostname/IP: 192.168.1.32 | Terminated: [33mFalse[0m
--------------------------------------------------------------------------------
Simulated Switches
--------------------------------------------------------------------------------
Hostname/IP: 192.168.1.32 | Switch name: switch0 | Switch running: [32mTrue [0m
--------------------------------------------------------------------------------
Simulated Pipes
--------------------------------------------------------------------------------
--------------------------------------------------------------------------------
Simulated Nodes/Jobs
--------------------------------------------------------------------------------
Hostname/IP: 192.168.1.32 | Job: rerocc-lc-linux-coupleddma-bertmini-pipeline-runtime-batch8-fileonly-sync-pairdummy-gdbserver0 | Sim running: [33mTrue [0m
--------------------------------------------------------------------------------
Summary
--------------------------------------------------------------------------------
1/1 instances are still running.
1/1 simulations are still running.
--------------------------------------------------------------------------------
[2J
FireSim Simulation Status @ 2026-05-07 19:22:33.275358
--------------------------------------------------------------------------------
This workload's output is located in:
/home/ubuntu/chipyard/sims/firesim/deploy/results-workload/2026-05-07--19-18-33-rerocc-lc-linux-coupleddma-bertmini-pipeline-runtime-batch8-fileonly-sync-pairdummy-gdbserver-f2-gemmini-rerocc-pairmanager-dummy8x8-4c12p12-sbus64-linux-bertmini-batch8-fileonly-sync-gdbserver-cfg32-nic-notrace/
This run's log is located in:
/home/ubuntu/chipyard/sims/firesim/deploy/logs/2026-05-07--19-18-33-runworkload-OZ49C911RG8KQVU9.log
This status will update every 10s.
--------------------------------------------------------------------------------
Instances
--------------------------------------------------------------------------------
Hostname/IP: 192.168.1.32 | Terminated: [33mFalse[0m
--------------------------------------------------------------------------------
Simulated Switches
--------------------------------------------------------------------------------
Hostname/IP: 192.168.1.32 | Switch name: switch0 | Switch running: [32mTrue [0m
--------------------------------------------------------------------------------
Simulated Pipes
--------------------------------------------------------------------------------
--------------------------------------------------------------------------------
Simulated Nodes/Jobs
--------------------------------------------------------------------------------
Hostname/IP: 192.168.1.32 | Job: rerocc-lc-linux-coupleddma-bertmini-pipeline-runtime-batch8-fileonly-sync-pairdummy-gdbserver0 | Sim running: [33mTrue [0m
--------------------------------------------------------------------------------
Summary
--------------------------------------------------------------------------------
1/1 instances are still running.
1/1 simulations are still running.
--------------------------------------------------------------------------------
[2J
FireSim Simulation Status @ 2026-05-07 19:22:43.815281
--------------------------------------------------------------------------------
This workload's output is located in:
/home/ubuntu/chipyard/sims/firesim/deploy/results-workload/2026-05-07--19-18-33-rerocc-lc-linux-coupleddma-bertmini-pipeline-runtime-batch8-fileonly-sync-pairdummy-gdbserver-f2-gemmini-rerocc-pairmanager-dummy8x8-4c12p12-sbus64-linux-bertmini-batch8-fileonly-sync-gdbserver-cfg32-nic-notrace/
This run's log is located in:
/home/ubuntu/chipyard/sims/firesim/deploy/logs/2026-05-07--19-18-33-runworkload-OZ49C911RG8KQVU9.log
This status will update every 10s.
--------------------------------------------------------------------------------
Instances
--------------------------------------------------------------------------------
Hostname/IP: 192.168.1.32 | Terminated: [33mFalse[0m
--------------------------------------------------------------------------------
Simulated Switches
--------------------------------------------------------------------------------
Hostname/IP: 192.168.1.32 | Switch name: switch0 | Switch running: [32mTrue [0m
--------------------------------------------------------------------------------
Simulated Pipes
--------------------------------------------------------------------------------
--------------------------------------------------------------------------------
Simulated Nodes/Jobs
--------------------------------------------------------------------------------
Hostname/IP: 192.168.1.32 | Job: rerocc-lc-linux-coupleddma-bertmini-pipeline-runtime-batch8-fileonly-sync-pairdummy-gdbserver0 | Sim running: [33mTrue [0m
--------------------------------------------------------------------------------
Summary
--------------------------------------------------------------------------------
1/1 instances are still running.
1/1 simulations are still running.
--------------------------------------------------------------------------------
[2J
FireSim Simulation Status @ 2026-05-07 19:22:54.133302
--------------------------------------------------------------------------------
This workload's output is located in:
/home/ubuntu/chipyard/sims/firesim/deploy/results-workload/2026-05-07--19-18-33-rerocc-lc-linux-coupleddma-bertmini-pipeline-runtime-batch8-fileonly-sync-pairdummy-gdbserver-f2-gemmini-rerocc-pairmanager-dummy8x8-4c12p12-sbus64-linux-bertmini-batch8-fileonly-sync-gdbserver-cfg32-nic-notrace/
This run's log is located in:
/home/ubuntu/chipyard/sims/firesim/deploy/logs/2026-05-07--19-18-33-runworkload-OZ49C911RG8KQVU9.log
This status will update every 10s.
--------------------------------------------------------------------------------
Instances
--------------------------------------------------------------------------------
Hostname/IP: 192.168.1.32 | Terminated: [33mFalse[0m
--------------------------------------------------------------------------------
Simulated Switches
--------------------------------------------------------------------------------
Hostname/IP: 192.168.1.32 | Switch name: switch0 | Switch running: [32mTrue [0m
--------------------------------------------------------------------------------
Simulated Pipes
--------------------------------------------------------------------------------
--------------------------------------------------------------------------------
Simulated Nodes/Jobs
--------------------------------------------------------------------------------
Hostname/IP: 192.168.1.32 | Job: rerocc-lc-linux-coupleddma-bertmini-pipeline-runtime-batch8-fileonly-sync-pairdummy-gdbserver0 | Sim running: [33mTrue [0m
--------------------------------------------------------------------------------
Summary
--------------------------------------------------------------------------------
1/1 instances are still running.
1/1 simulations are still running.
--------------------------------------------------------------------------------
[2J
FireSim Simulation Status @ 2026-05-07 19:23:04.461519
--------------------------------------------------------------------------------
This workload's output is located in:
/home/ubuntu/chipyard/sims/firesim/deploy/results-workload/2026-05-07--19-18-33-rerocc-lc-linux-coupleddma-bertmini-pipeline-runtime-batch8-fileonly-sync-pairdummy-gdbserver-f2-gemmini-rerocc-pairmanager-dummy8x8-4c12p12-sbus64-linux-bertmini-batch8-fileonly-sync-gdbserver-cfg32-nic-notrace/
This run's log is located in:
/home/ubuntu/chipyard/sims/firesim/deploy/logs/2026-05-07--19-18-33-runworkload-OZ49C911RG8KQVU9.log
This status will update every 10s.
--------------------------------------------------------------------------------
Instances
--------------------------------------------------------------------------------
Hostname/IP: 192.168.1.32 | Terminated: [33mFalse[0m
--------------------------------------------------------------------------------
Simulated Switches
--------------------------------------------------------------------------------
Hostname/IP: 192.168.1.32 | Switch name: switch0 | Switch running: [32mTrue [0m
--------------------------------------------------------------------------------
Simulated Pipes
--------------------------------------------------------------------------------
--------------------------------------------------------------------------------
Simulated Nodes/Jobs
--------------------------------------------------------------------------------
Hostname/IP: 192.168.1.32 | Job: rerocc-lc-linux-coupleddma-bertmini-pipeline-runtime-batch8-fileonly-sync-pairdummy-gdbserver0 | Sim running: [33mTrue [0m
--------------------------------------------------------------------------------
Summary
--------------------------------------------------------------------------------
1/1 instances are still running.
1/1 simulations are still running.
--------------------------------------------------------------------------------
[2J
FireSim Simulation Status @ 2026-05-07 19:23:14.780235
--------------------------------------------------------------------------------
This workload's output is located in:
/home/ubuntu/chipyard/sims/firesim/deploy/results-workload/2026-05-07--19-18-33-rerocc-lc-linux-coupleddma-bertmini-pipeline-runtime-batch8-fileonly-sync-pairdummy-gdbserver-f2-gemmini-rerocc-pairmanager-dummy8x8-4c12p12-sbus64-linux-bertmini-batch8-fileonly-sync-gdbserver-cfg32-nic-notrace/
This run's log is located in:
/home/ubuntu/chipyard/sims/firesim/deploy/logs/2026-05-07--19-18-33-runworkload-OZ49C911RG8KQVU9.log
This status will update every 10s.
--------------------------------------------------------------------------------
Instances
--------------------------------------------------------------------------------
Hostname/IP: 192.168.1.32 | Terminated: [33mFalse[0m
--------------------------------------------------------------------------------
Simulated Switches
--------------------------------------------------------------------------------
Hostname/IP: 192.168.1.32 | Switch name: switch0 | Switch running: [32mTrue [0m
--------------------------------------------------------------------------------
Simulated Pipes
--------------------------------------------------------------------------------
--------------------------------------------------------------------------------
Simulated Nodes/Jobs
--------------------------------------------------------------------------------
Hostname/IP: 192.168.1.32 | Job: rerocc-lc-linux-coupleddma-bertmini-pipeline-runtime-batch8-fileonly-sync-pairdummy-gdbserver0 | Sim running: [33mTrue [0m
--------------------------------------------------------------------------------
Summary
--------------------------------------------------------------------------------
1/1 instances are still running.
1/1 simulations are still running.
--------------------------------------------------------------------------------
[2J
FireSim Simulation Status @ 2026-05-07 19:23:25.098266
--------------------------------------------------------------------------------
This workload's output is located in:
/home/ubuntu/chipyard/sims/firesim/deploy/results-workload/2026-05-07--19-18-33-rerocc-lc-linux-coupleddma-bertmini-pipeline-runtime-batch8-fileonly-sync-pairdummy-gdbserver-f2-gemmini-rerocc-pairmanager-dummy8x8-4c12p12-sbus64-linux-bertmini-batch8-fileonly-sync-gdbserver-cfg32-nic-notrace/
This run's log is located in:
/home/ubuntu/chipyard/sims/firesim/deploy/logs/2026-05-07--19-18-33-runworkload-OZ49C911RG8KQVU9.log
This status will update every 10s.
--------------------------------------------------------------------------------
Instances
--------------------------------------------------------------------------------
Hostname/IP: 192.168.1.32 | Terminated: [33mFalse[0m
--------------------------------------------------------------------------------
Simulated Switches
--------------------------------------------------------------------------------
Hostname/IP: 192.168.1.32 | Switch name: switch0 | Switch running: [32mTrue [0m
--------------------------------------------------------------------------------
Simulated Pipes
--------------------------------------------------------------------------------
--------------------------------------------------------------------------------
Simulated Nodes/Jobs
--------------------------------------------------------------------------------
Hostname/IP: 192.168.1.32 | Job: rerocc-lc-linux-coupleddma-bertmini-pipeline-runtime-batch8-fileonly-sync-pairdummy-gdbserver0 | Sim running: [33mTrue [0m
--------------------------------------------------------------------------------
Summary
--------------------------------------------------------------------------------
1/1 instances are still running.
1/1 simulations are still running.
--------------------------------------------------------------------------------
[2J
FireSim Simulation Status @ 2026-05-07 19:23:35.405900
--------------------------------------------------------------------------------
This workload's output is located in:
/home/ubuntu/chipyard/sims/firesim/deploy/results-workload/2026-05-07--19-18-33-rerocc-lc-linux-coupleddma-bertmini-pipeline-runtime-batch8-fileonly-sync-pairdummy-gdbserver-f2-gemmini-rerocc-pairmanager-dummy8x8-4c12p12-sbus64-linux-bertmini-batch8-fileonly-sync-gdbserver-cfg32-nic-notrace/
This run's log is located in:
/home/ubuntu/chipyard/sims/firesim/deploy/logs/2026-05-07--19-18-33-runworkload-OZ49C911RG8KQVU9.log
This status will update every 10s.
--------------------------------------------------------------------------------
Instances
--------------------------------------------------------------------------------
Hostname/IP: 192.168.1.32 | Terminated: [33mFalse[0m
--------------------------------------------------------------------------------
Simulated Switches
--------------------------------------------------------------------------------
Hostname/IP: 192.168.1.32 | Switch name: switch0 | Switch running: [32mTrue [0m
--------------------------------------------------------------------------------
Simulated Pipes
--------------------------------------------------------------------------------
--------------------------------------------------------------------------------
Simulated Nodes/Jobs
--------------------------------------------------------------------------------
Hostname/IP: 192.168.1.32 | Job: rerocc-lc-linux-coupleddma-bertmini-pipeline-runtime-batch8-fileonly-sync-pairdummy-gdbserver0 | Sim running: [33mTrue [0m
--------------------------------------------------------------------------------
Summary
--------------------------------------------------------------------------------
1/1 instances are still running.
1/1 simulations are still running.
--------------------------------------------------------------------------------
[2J
FireSim Simulation Status @ 2026-05-07 19:23:45.947261
--------------------------------------------------------------------------------
This workload's output is located in:
/home/ubuntu/chipyard/sims/firesim/deploy/results-workload/2026-05-07--19-18-33-rerocc-lc-linux-coupleddma-bertmini-pipeline-runtime-batch8-fileonly-sync-pairdummy-gdbserver-f2-gemmini-rerocc-pairmanager-dummy8x8-4c12p12-sbus64-linux-bertmini-batch8-fileonly-sync-gdbserver-cfg32-nic-notrace/
This run's log is located in:
/home/ubuntu/chipyard/sims/firesim/deploy/logs/2026-05-07--19-18-33-runworkload-OZ49C911RG8KQVU9.log
This status will update every 10s.
--------------------------------------------------------------------------------
Instances
--------------------------------------------------------------------------------
Hostname/IP: 192.168.1.32 | Terminated: [33mFalse[0m
--------------------------------------------------------------------------------
Simulated Switches
--------------------------------------------------------------------------------
Hostname/IP: 192.168.1.32 | Switch name: switch0 | Switch running: [32mTrue [0m
--------------------------------------------------------------------------------
Simulated Pipes
--------------------------------------------------------------------------------
--------------------------------------------------------------------------------
Simulated Nodes/Jobs
--------------------------------------------------------------------------------
Hostname/IP: 192.168.1.32 | Job: rerocc-lc-linux-coupleddma-bertmini-pipeline-runtime-batch8-fileonly-sync-pairdummy-gdbserver0 | Sim running: [33mTrue [0m
--------------------------------------------------------------------------------
Summary
--------------------------------------------------------------------------------
1/1 instances are still running.
1/1 simulations are still running.
--------------------------------------------------------------------------------
[2J
FireSim Simulation Status @ 2026-05-07 19:23:56.265539
--------------------------------------------------------------------------------
This workload's output is located in:
/home/ubuntu/chipyard/sims/firesim/deploy/results-workload/2026-05-07--19-18-33-rerocc-lc-linux-coupleddma-bertmini-pipeline-runtime-batch8-fileonly-sync-pairdummy-gdbserver-f2-gemmini-rerocc-pairmanager-dummy8x8-4c12p12-sbus64-linux-bertmini-batch8-fileonly-sync-gdbserver-cfg32-nic-notrace/
This run's log is located in:
/home/ubuntu/chipyard/sims/firesim/deploy/logs/2026-05-07--19-18-33-runworkload-OZ49C911RG8KQVU9.log
This status will update every 10s.
--------------------------------------------------------------------------------
Instances
--------------------------------------------------------------------------------
Hostname/IP: 192.168.1.32 | Terminated: [33mFalse[0m
--------------------------------------------------------------------------------
Simulated Switches
--------------------------------------------------------------------------------
Hostname/IP: 192.168.1.32 | Switch name: switch0 | Switch running: [32mTrue [0m
--------------------------------------------------------------------------------
Simulated Pipes
--------------------------------------------------------------------------------
--------------------------------------------------------------------------------
Simulated Nodes/Jobs
--------------------------------------------------------------------------------
Hostname/IP: 192.168.1.32 | Job: rerocc-lc-linux-coupleddma-bertmini-pipeline-runtime-batch8-fileonly-sync-pairdummy-gdbserver0 | Sim running: [33mTrue [0m
--------------------------------------------------------------------------------
Summary
--------------------------------------------------------------------------------
1/1 instances are still running.
1/1 simulations are still running.
--------------------------------------------------------------------------------
[2J
FireSim Simulation Status @ 2026-05-07 19:24:06.573870
--------------------------------------------------------------------------------
This workload's output is located in:
/home/ubuntu/chipyard/sims/firesim/deploy/results-workload/2026-05-07--19-18-33-rerocc-lc-linux-coupleddma-bertmini-pipeline-runtime-batch8-fileonly-sync-pairdummy-gdbserver-f2-gemmini-rerocc-pairmanager-dummy8x8-4c12p12-sbus64-linux-bertmini-batch8-fileonly-sync-gdbserver-cfg32-nic-notrace/
This run's log is located in:
/home/ubuntu/chipyard/sims/firesim/deploy/logs/2026-05-07--19-18-33-runworkload-OZ49C911RG8KQVU9.log
This status will update every 10s.
--------------------------------------------------------------------------------
Instances
--------------------------------------------------------------------------------
Hostname/IP: 192.168.1.32 | Terminated: [33mFalse[0m
--------------------------------------------------------------------------------
Simulated Switches
--------------------------------------------------------------------------------
Hostname/IP: 192.168.1.32 | Switch name: switch0 | Switch running: [32mTrue [0m
--------------------------------------------------------------------------------
Simulated Pipes
--------------------------------------------------------------------------------
--------------------------------------------------------------------------------
Simulated Nodes/Jobs
--------------------------------------------------------------------------------
Hostname/IP: 192.168.1.32 | Job: rerocc-lc-linux-coupleddma-bertmini-pipeline-runtime-batch8-fileonly-sync-pairdummy-gdbserver0 | Sim running: [33mTrue [0m
--------------------------------------------------------------------------------
Summary
--------------------------------------------------------------------------------
1/1 instances are still running.
1/1 simulations are still running.
--------------------------------------------------------------------------------
[2J
FireSim Simulation Status @ 2026-05-07 19:24:16.890437
--------------------------------------------------------------------------------
This workload's output is located in:
/home/ubuntu/chipyard/sims/firesim/deploy/results-workload/2026-05-07--19-18-33-rerocc-lc-linux-coupleddma-bertmini-pipeline-runtime-batch8-fileonly-sync-pairdummy-gdbserver-f2-gemmini-rerocc-pairmanager-dummy8x8-4c12p12-sbus64-linux-bertmini-batch8-fileonly-sync-gdbserver-cfg32-nic-notrace/
This run's log is located in:
/home/ubuntu/chipyard/sims/firesim/deploy/logs/2026-05-07--19-18-33-runworkload-OZ49C911RG8KQVU9.log
This status will update every 10s.
--------------------------------------------------------------------------------
Instances
--------------------------------------------------------------------------------
Hostname/IP: 192.168.1.32 | Terminated: [33mFalse[0m
--------------------------------------------------------------------------------
Simulated Switches
--------------------------------------------------------------------------------
Hostname/IP: 192.168.1.32 | Switch name: switch0 | Switch running: [32mTrue [0m
--------------------------------------------------------------------------------
Simulated Pipes
--------------------------------------------------------------------------------
--------------------------------------------------------------------------------
Simulated Nodes/Jobs
--------------------------------------------------------------------------------
Hostname/IP: 192.168.1.32 | Job: rerocc-lc-linux-coupleddma-bertmini-pipeline-runtime-batch8-fileonly-sync-pairdummy-gdbserver0 | Sim running: [33mTrue [0m
--------------------------------------------------------------------------------
Summary
--------------------------------------------------------------------------------
1/1 instances are still running.
1/1 simulations are still running.
--------------------------------------------------------------------------------
[2J
FireSim Simulation Status @ 2026-05-07 19:24:27.207656
--------------------------------------------------------------------------------
This workload's output is located in:
/home/ubuntu/chipyard/sims/firesim/deploy/results-workload/2026-05-07--19-18-33-rerocc-lc-linux-coupleddma-bertmini-pipeline-runtime-batch8-fileonly-sync-pairdummy-gdbserver-f2-gemmini-rerocc-pairmanager-dummy8x8-4c12p12-sbus64-linux-bertmini-batch8-fileonly-sync-gdbserver-cfg32-nic-notrace/
This run's log is located in:
/home/ubuntu/chipyard/sims/firesim/deploy/logs/2026-05-07--19-18-33-runworkload-OZ49C911RG8KQVU9.log
This status will update every 10s.
--------------------------------------------------------------------------------
Instances
--------------------------------------------------------------------------------
Hostname/IP: 192.168.1.32 | Terminated: [33mFalse[0m
--------------------------------------------------------------------------------
Simulated Switches
--------------------------------------------------------------------------------
Hostname/IP: 192.168.1.32 | Switch name: switch0 | Switch running: [32mTrue [0m
--------------------------------------------------------------------------------
Simulated Pipes
--------------------------------------------------------------------------------
--------------------------------------------------------------------------------
Simulated Nodes/Jobs
--------------------------------------------------------------------------------
Hostname/IP: 192.168.1.32 | Job: rerocc-lc-linux-coupleddma-bertmini-pipeline-runtime-batch8-fileonly-sync-pairdummy-gdbserver0 | Sim running: [33mTrue [0m
--------------------------------------------------------------------------------
Summary
--------------------------------------------------------------------------------
1/1 instances are still running.
1/1 simulations are still running.
--------------------------------------------------------------------------------
[2J
FireSim Simulation Status @ 2026-05-07 19:24:37.526018
--------------------------------------------------------------------------------
This workload's output is located in:
/home/ubuntu/chipyard/sims/firesim/deploy/results-workload/2026-05-07--19-18-33-rerocc-lc-linux-coupleddma-bertmini-pipeline-runtime-batch8-fileonly-sync-pairdummy-gdbserver-f2-gemmini-rerocc-pairmanager-dummy8x8-4c12p12-sbus64-linux-bertmini-batch8-fileonly-sync-gdbserver-cfg32-nic-notrace/
This run's log is located in:
/home/ubuntu/chipyard/sims/firesim/deploy/logs/2026-05-07--19-18-33-runworkload-OZ49C911RG8KQVU9.log
This status will update every 10s.
--------------------------------------------------------------------------------
Instances
--------------------------------------------------------------------------------
Hostname/IP: 192.168.1.32 | Terminated: [33mFalse[0m
--------------------------------------------------------------------------------
Simulated Switches
--------------------------------------------------------------------------------
Hostname/IP: 192.168.1.32 | Switch name: switch0 | Switch running: [32mTrue [0m
--------------------------------------------------------------------------------
Simulated Pipes
--------------------------------------------------------------------------------
--------------------------------------------------------------------------------
Simulated Nodes/Jobs
--------------------------------------------------------------------------------
Hostname/IP: 192.168.1.32 | Job: rerocc-lc-linux-coupleddma-bertmini-pipeline-runtime-batch8-fileonly-sync-pairdummy-gdbserver0 | Sim running: [33mTrue [0m
--------------------------------------------------------------------------------
Summary
--------------------------------------------------------------------------------
1/1 instances are still running.
1/1 simulations are still running.
--------------------------------------------------------------------------------
[2J
FireSim Simulation Status @ 2026-05-07 19:24:48.065916
--------------------------------------------------------------------------------
This workload's output is located in:
/home/ubuntu/chipyard/sims/firesim/deploy/results-workload/2026-05-07--19-18-33-rerocc-lc-linux-coupleddma-bertmini-pipeline-runtime-batch8-fileonly-sync-pairdummy-gdbserver-f2-gemmini-rerocc-pairmanager-dummy8x8-4c12p12-sbus64-linux-bertmini-batch8-fileonly-sync-gdbserver-cfg32-nic-notrace/
This run's log is located in:
/home/ubuntu/chipyard/sims/firesim/deploy/logs/2026-05-07--19-18-33-runworkload-OZ49C911RG8KQVU9.log
This status will update every 10s.
--------------------------------------------------------------------------------
Instances
--------------------------------------------------------------------------------
Hostname/IP: 192.168.1.32 | Terminated: [33mFalse[0m
--------------------------------------------------------------------------------
Simulated Switches
--------------------------------------------------------------------------------
Hostname/IP: 192.168.1.32 | Switch name: switch0 | Switch running: [32mTrue [0m
--------------------------------------------------------------------------------
Simulated Pipes
--------------------------------------------------------------------------------
--------------------------------------------------------------------------------
Simulated Nodes/Jobs
--------------------------------------------------------------------------------
Hostname/IP: 192.168.1.32 | Job: rerocc-lc-linux-coupleddma-bertmini-pipeline-runtime-batch8-fileonly-sync-pairdummy-gdbserver0 | Sim running: [33mTrue [0m
--------------------------------------------------------------------------------
Summary
--------------------------------------------------------------------------------
1/1 instances are still running.
1/1 simulations are still running.
--------------------------------------------------------------------------------
[2J
FireSim Simulation Status @ 2026-05-07 19:24:58.394244
--------------------------------------------------------------------------------
This workload's output is located in:
/home/ubuntu/chipyard/sims/firesim/deploy/results-workload/2026-05-07--19-18-33-rerocc-lc-linux-coupleddma-bertmini-pipeline-runtime-batch8-fileonly-sync-pairdummy-gdbserver-f2-gemmini-rerocc-pairmanager-dummy8x8-4c12p12-sbus64-linux-bertmini-batch8-fileonly-sync-gdbserver-cfg32-nic-notrace/
This run's log is located in:
/home/ubuntu/chipyard/sims/firesim/deploy/logs/2026-05-07--19-18-33-runworkload-OZ49C911RG8KQVU9.log
This status will update every 10s.
--------------------------------------------------------------------------------
Instances
--------------------------------------------------------------------------------
Hostname/IP: 192.168.1.32 | Terminated: [33mFalse[0m
--------------------------------------------------------------------------------
Simulated Switches
--------------------------------------------------------------------------------
Hostname/IP: 192.168.1.32 | Switch name: switch0 | Switch running: [32mTrue [0m
--------------------------------------------------------------------------------
Simulated Pipes
--------------------------------------------------------------------------------
--------------------------------------------------------------------------------
Simulated Nodes/Jobs
--------------------------------------------------------------------------------
Hostname/IP: 192.168.1.32 | Job: rerocc-lc-linux-coupleddma-bertmini-pipeline-runtime-batch8-fileonly-sync-pairdummy-gdbserver0 | Sim running: [33mTrue [0m
--------------------------------------------------------------------------------
Summary
--------------------------------------------------------------------------------
1/1 instances are still running.
1/1 simulations are still running.
--------------------------------------------------------------------------------
[2J
FireSim Simulation Status @ 2026-05-07 19:25:08.703342
--------------------------------------------------------------------------------
This workload's output is located in:
/home/ubuntu/chipyard/sims/firesim/deploy/results-workload/2026-05-07--19-18-33-rerocc-lc-linux-coupleddma-bertmini-pipeline-runtime-batch8-fileonly-sync-pairdummy-gdbserver-f2-gemmini-rerocc-pairmanager-dummy8x8-4c12p12-sbus64-linux-bertmini-batch8-fileonly-sync-gdbserver-cfg32-nic-notrace/
This run's log is located in:
/home/ubuntu/chipyard/sims/firesim/deploy/logs/2026-05-07--19-18-33-runworkload-OZ49C911RG8KQVU9.log
This status will update every 10s.
--------------------------------------------------------------------------------
Instances
--------------------------------------------------------------------------------
Hostname/IP: 192.168.1.32 | Terminated: [33mFalse[0m
--------------------------------------------------------------------------------
Simulated Switches
--------------------------------------------------------------------------------
Hostname/IP: 192.168.1.32 | Switch name: switch0 | Switch running: [32mTrue [0m
--------------------------------------------------------------------------------
Simulated Pipes
--------------------------------------------------------------------------------
--------------------------------------------------------------------------------
Simulated Nodes/Jobs
--------------------------------------------------------------------------------
Hostname/IP: 192.168.1.32 | Job: rerocc-lc-linux-coupleddma-bertmini-pipeline-runtime-batch8-fileonly-sync-pairdummy-gdbserver0 | Sim running: [33mTrue [0m
--------------------------------------------------------------------------------
Summary
--------------------------------------------------------------------------------
1/1 instances are still running.
1/1 simulations are still running.
--------------------------------------------------------------------------------
[2J
FireSim Simulation Status @ 2026-05-07 19:25:19.011644
--------------------------------------------------------------------------------
This workload's output is located in:
/home/ubuntu/chipyard/sims/firesim/deploy/results-workload/2026-05-07--19-18-33-rerocc-lc-linux-coupleddma-bertmini-pipeline-runtime-batch8-fileonly-sync-pairdummy-gdbserver-f2-gemmini-rerocc-pairmanager-dummy8x8-4c12p12-sbus64-linux-bertmini-batch8-fileonly-sync-gdbserver-cfg32-nic-notrace/
This run's log is located in:
/home/ubuntu/chipyard/sims/firesim/deploy/logs/2026-05-07--19-18-33-runworkload-OZ49C911RG8KQVU9.log
This status will update every 10s.
--------------------------------------------------------------------------------
Instances
--------------------------------------------------------------------------------
Hostname/IP: 192.168.1.32 | Terminated: [33mFalse[0m
--------------------------------------------------------------------------------
Simulated Switches
--------------------------------------------------------------------------------
Hostname/IP: 192.168.1.32 | Switch name: switch0 | Switch running: [32mTrue [0m
--------------------------------------------------------------------------------
Simulated Pipes
--------------------------------------------------------------------------------
--------------------------------------------------------------------------------
Simulated Nodes/Jobs
--------------------------------------------------------------------------------
Hostname/IP: 192.168.1.32 | Job: rerocc-lc-linux-coupleddma-bertmini-pipeline-runtime-batch8-fileonly-sync-pairdummy-gdbserver0 | Sim running: [33mTrue [0m
--------------------------------------------------------------------------------
Summary
--------------------------------------------------------------------------------
1/1 instances are still running.
1/1 simulations are still running.
--------------------------------------------------------------------------------
[2J
FireSim Simulation Status @ 2026-05-07 19:25:29.330325
--------------------------------------------------------------------------------
This workload's output is located in:
/home/ubuntu/chipyard/sims/firesim/deploy/results-workload/2026-05-07--19-18-33-rerocc-lc-linux-coupleddma-bertmini-pipeline-runtime-batch8-fileonly-sync-pairdummy-gdbserver-f2-gemmini-rerocc-pairmanager-dummy8x8-4c12p12-sbus64-linux-bertmini-batch8-fileonly-sync-gdbserver-cfg32-nic-notrace/
This run's log is located in:
/home/ubuntu/chipyard/sims/firesim/deploy/logs/2026-05-07--19-18-33-runworkload-OZ49C911RG8KQVU9.log
This status will update every 10s.
--------------------------------------------------------------------------------
Instances
--------------------------------------------------------------------------------
Hostname/IP: 192.168.1.32 | Terminated: [33mFalse[0m
--------------------------------------------------------------------------------
Simulated Switches
--------------------------------------------------------------------------------
Hostname/IP: 192.168.1.32 | Switch name: switch0 | Switch running: [32mTrue [0m
--------------------------------------------------------------------------------
Simulated Pipes
--------------------------------------------------------------------------------
--------------------------------------------------------------------------------
Simulated Nodes/Jobs
--------------------------------------------------------------------------------
Hostname/IP: 192.168.1.32 | Job: rerocc-lc-linux-coupleddma-bertmini-pipeline-runtime-batch8-fileonly-sync-pairdummy-gdbserver0 | Sim running: [33mTrue [0m
--------------------------------------------------------------------------------
Summary
--------------------------------------------------------------------------------
1/1 instances are still running.
1/1 simulations are still running.
--------------------------------------------------------------------------------
[2J
FireSim Simulation Status @ 2026-05-07 19:25:39.638413
--------------------------------------------------------------------------------
This workload's output is located in:
/home/ubuntu/chipyard/sims/firesim/deploy/results-workload/2026-05-07--19-18-33-rerocc-lc-linux-coupleddma-bertmini-pipeline-runtime-batch8-fileonly-sync-pairdummy-gdbserver-f2-gemmini-rerocc-pairmanager-dummy8x8-4c12p12-sbus64-linux-bertmini-batch8-fileonly-sync-gdbserver-cfg32-nic-notrace/
This run's log is located in:
/home/ubuntu/chipyard/sims/firesim/deploy/logs/2026-05-07--19-18-33-runworkload-OZ49C911RG8KQVU9.log
This status will update every 10s.
--------------------------------------------------------------------------------
Instances
--------------------------------------------------------------------------------
Hostname/IP: 192.168.1.32 | Terminated: [33mFalse[0m
--------------------------------------------------------------------------------
Simulated Switches
--------------------------------------------------------------------------------
Hostname/IP: 192.168.1.32 | Switch name: switch0 | Switch running: [32mTrue [0m
--------------------------------------------------------------------------------
Simulated Pipes
--------------------------------------------------------------------------------
--------------------------------------------------------------------------------
Simulated Nodes/Jobs
--------------------------------------------------------------------------------
Hostname/IP: 192.168.1.32 | Job: rerocc-lc-linux-coupleddma-bertmini-pipeline-runtime-batch8-fileonly-sync-pairdummy-gdbserver0 | Sim running: [33mTrue [0m
--------------------------------------------------------------------------------
Summary
--------------------------------------------------------------------------------
1/1 instances are still running.
1/1 simulations are still running.
--------------------------------------------------------------------------------
[2J
FireSim Simulation Status @ 2026-05-07 19:25:50.218493
--------------------------------------------------------------------------------
This workload's output is located in:
/home/ubuntu/chipyard/sims/firesim/deploy/results-workload/2026-05-07--19-18-33-rerocc-lc-linux-coupleddma-bertmini-pipeline-runtime-batch8-fileonly-sync-pairdummy-gdbserver-f2-gemmini-rerocc-pairmanager-dummy8x8-4c12p12-sbus64-linux-bertmini-batch8-fileonly-sync-gdbserver-cfg32-nic-notrace/
This run's log is located in:
/home/ubuntu/chipyard/sims/firesim/deploy/logs/2026-05-07--19-18-33-runworkload-OZ49C911RG8KQVU9.log
This status will update every 10s.
--------------------------------------------------------------------------------
Instances
--------------------------------------------------------------------------------
Hostname/IP: 192.168.1.32 | Terminated: [33mFalse[0m
--------------------------------------------------------------------------------
Simulated Switches
--------------------------------------------------------------------------------
Hostname/IP: 192.168.1.32 | Switch name: switch0 | Switch running: [32mTrue [0m
--------------------------------------------------------------------------------
Simulated Pipes
--------------------------------------------------------------------------------
--------------------------------------------------------------------------------
Simulated Nodes/Jobs
--------------------------------------------------------------------------------
Hostname/IP: 192.168.1.32 | Job: rerocc-lc-linux-coupleddma-bertmini-pipeline-runtime-batch8-fileonly-sync-pairdummy-gdbserver0 | Sim running: [33mTrue [0m
--------------------------------------------------------------------------------
Summary
--------------------------------------------------------------------------------
1/1 instances are still running.
1/1 simulations are still running.
--------------------------------------------------------------------------------
[prt-host-watchdog] guest-status arm observed at 2026-05-07T19:25:53Z hb='Target Cycle (fastest), Seconds Since Start' guest_status=1644
[2J
FireSim Simulation Status @ 2026-05-07 19:26:00.537134
--------------------------------------------------------------------------------
This workload's output is located in:
/home/ubuntu/chipyard/sims/firesim/deploy/results-workload/2026-05-07--19-18-33-rerocc-lc-linux-coupleddma-bertmini-pipeline-runtime-batch8-fileonly-sync-pairdummy-gdbserver-f2-gemmini-rerocc-pairmanager-dummy8x8-4c12p12-sbus64-linux-bertmini-batch8-fileonly-sync-gdbserver-cfg32-nic-notrace/
This run's log is located in:
/home/ubuntu/chipyard/sims/firesim/deploy/logs/2026-05-07--19-18-33-runworkload-OZ49C911RG8KQVU9.log
This status will update every 10s.
--------------------------------------------------------------------------------
Instances
--------------------------------------------------------------------------------
Hostname/IP: 192.168.1.32 | Terminated: [33mFalse[0m
--------------------------------------------------------------------------------
Simulated Switches
--------------------------------------------------------------------------------
Hostname/IP: 192.168.1.32 | Switch name: switch0 | Switch running: [32mTrue [0m
--------------------------------------------------------------------------------
Simulated Pipes
--------------------------------------------------------------------------------
--------------------------------------------------------------------------------
Simulated Nodes/Jobs
--------------------------------------------------------------------------------
Hostname/IP: 192.168.1.32 | Job: rerocc-lc-linux-coupleddma-bertmini-pipeline-runtime-batch8-fileonly-sync-pairdummy-gdbserver0 | Sim running: [33mTrue [0m
--------------------------------------------------------------------------------
Summary
--------------------------------------------------------------------------------
1/1 instances are still running.
1/1 simulations are still running.
--------------------------------------------------------------------------------
[2J
FireSim Simulation Status @ 2026-05-07 19:26:10.845694
--------------------------------------------------------------------------------
This workload's output is located in:
/home/ubuntu/chipyard/sims/firesim/deploy/results-workload/2026-05-07--19-18-33-rerocc-lc-linux-coupleddma-bertmini-pipeline-runtime-batch8-fileonly-sync-pairdummy-gdbserver-f2-gemmini-rerocc-pairmanager-dummy8x8-4c12p12-sbus64-linux-bertmini-batch8-fileonly-sync-gdbserver-cfg32-nic-notrace/
This run's log is located in:
/home/ubuntu/chipyard/sims/firesim/deploy/logs/2026-05-07--19-18-33-runworkload-OZ49C911RG8KQVU9.log
This status will update every 10s.
--------------------------------------------------------------------------------
Instances
--------------------------------------------------------------------------------
Hostname/IP: 192.168.1.32 | Terminated: [33mFalse[0m
--------------------------------------------------------------------------------
Simulated Switches
--------------------------------------------------------------------------------
Hostname/IP: 192.168.1.32 | Switch name: switch0 | Switch running: [32mTrue [0m
--------------------------------------------------------------------------------
Simulated Pipes
--------------------------------------------------------------------------------
--------------------------------------------------------------------------------
Simulated Nodes/Jobs
--------------------------------------------------------------------------------
Hostname/IP: 192.168.1.32 | Job: rerocc-lc-linux-coupleddma-bertmini-pipeline-runtime-batch8-fileonly-sync-pairdummy-gdbserver0 | Sim running: [33mTrue [0m
--------------------------------------------------------------------------------
Summary
--------------------------------------------------------------------------------
1/1 instances are still running.
1/1 simulations are still running.
--------------------------------------------------------------------------------
[2J
FireSim Simulation Status @ 2026-05-07 19:26:21.164125
--------------------------------------------------------------------------------
This workload's output is located in:
/home/ubuntu/chipyard/sims/firesim/deploy/results-workload/2026-05-07--19-18-33-rerocc-lc-linux-coupleddma-bertmini-pipeline-runtime-batch8-fileonly-sync-pairdummy-gdbserver-f2-gemmini-rerocc-pairmanager-dummy8x8-4c12p12-sbus64-linux-bertmini-batch8-fileonly-sync-gdbserver-cfg32-nic-notrace/
This run's log is located in:
/home/ubuntu/chipyard/sims/firesim/deploy/logs/2026-05-07--19-18-33-runworkload-OZ49C911RG8KQVU9.log
This status will update every 10s.
--------------------------------------------------------------------------------
Instances
--------------------------------------------------------------------------------
Hostname/IP: 192.168.1.32 | Terminated: [33mFalse[0m
--------------------------------------------------------------------------------
Simulated Switches
--------------------------------------------------------------------------------
Hostname/IP: 192.168.1.32 | Switch name: switch0 | Switch running: [32mTrue [0m
--------------------------------------------------------------------------------
Simulated Pipes
--------------------------------------------------------------------------------
--------------------------------------------------------------------------------
Simulated Nodes/Jobs
--------------------------------------------------------------------------------
Hostname/IP: 192.168.1.32 | Job: rerocc-lc-linux-coupleddma-bertmini-pipeline-runtime-batch8-fileonly-sync-pairdummy-gdbserver0 | Sim running: [33mTrue [0m
--------------------------------------------------------------------------------
Summary
--------------------------------------------------------------------------------
1/1 instances are still running.
1/1 simulations are still running.
--------------------------------------------------------------------------------
[prt-host-watchdog] progress hb='Target Cycle (fastest), Seconds Since Start' uart=16724 guest_log=0 guest_sparse=1293 guest_checkpoint=0 guest_trigger=0 guest_status=1644 guest_proc=1294 guest_runner=0 guest_runner_post=363 guest_runner_early=0 guest_binary=0 guest_runner_proc=0
[prt-host-watchdog] hb='Target Cycle (fastest), Seconds Since Start' idle=0s hb_idle=31s uart=16724 guest_log=0 guest_sparse=1293 guest_checkpoint=0 guest_trigger=0 guest_status=1644 guest_proc=1294 guest_runner=0 guest_runner_post=363 guest_runner_early=0 guest_binary=0 guest_runner_proc=0
[2J
FireSim Simulation Status @ 2026-05-07 19:26:31.472463
--------------------------------------------------------------------------------
This workload's output is located in:
/home/ubuntu/chipyard/sims/firesim/deploy/results-workload/2026-05-07--19-18-33-rerocc-lc-linux-coupleddma-bertmini-pipeline-runtime-batch8-fileonly-sync-pairdummy-gdbserver-f2-gemmini-rerocc-pairmanager-dummy8x8-4c12p12-sbus64-linux-bertmini-batch8-fileonly-sync-gdbserver-cfg32-nic-notrace/
This run's log is located in:
/home/ubuntu/chipyard/sims/firesim/deploy/logs/2026-05-07--19-18-33-runworkload-OZ49C911RG8KQVU9.log
This status will update every 10s.
--------------------------------------------------------------------------------
Instances
--------------------------------------------------------------------------------
Hostname/IP: 192.168.1.32 | Terminated: [33mFalse[0m
--------------------------------------------------------------------------------
Simulated Switches
--------------------------------------------------------------------------------
Hostname/IP: 192.168.1.32 | Switch name: switch0 | Switch running: [32mTrue [0m
--------------------------------------------------------------------------------
Simulated Pipes
--------------------------------------------------------------------------------
--------------------------------------------------------------------------------
Simulated Nodes/Jobs
--------------------------------------------------------------------------------
Hostname/IP: 192.168.1.32 | Job: rerocc-lc-linux-coupleddma-bertmini-pipeline-runtime-batch8-fileonly-sync-pairdummy-gdbserver0 | Sim running: [33mTrue [0m
--------------------------------------------------------------------------------
Summary
--------------------------------------------------------------------------------
1/1 instances are still running.
1/1 simulations are still running.
--------------------------------------------------------------------------------
[2J
FireSim Simulation Status @ 2026-05-07 19:26:41.785480
--------------------------------------------------------------------------------
This workload's output is located in:
/home/ubuntu/chipyard/sims/firesim/deploy/results-workload/2026-05-07--19-18-33-rerocc-lc-linux-coupleddma-bertmini-pipeline-runtime-batch8-fileonly-sync-pairdummy-gdbserver-f2-gemmini-rerocc-pairmanager-dummy8x8-4c12p12-sbus64-linux-bertmini-batch8-fileonly-sync-gdbserver-cfg32-nic-notrace/
This run's log is located in:
/home/ubuntu/chipyard/sims/firesim/deploy/logs/2026-05-07--19-18-33-runworkload-OZ49C911RG8KQVU9.log
This status will update every 10s.
--------------------------------------------------------------------------------
Instances
--------------------------------------------------------------------------------
Hostname/IP: 192.168.1.32 | Terminated: [33mFalse[0m
--------------------------------------------------------------------------------
Simulated Switches
--------------------------------------------------------------------------------
Hostname/IP: 192.168.1.32 | Switch name: switch0 | Switch running: [32mTrue [0m
--------------------------------------------------------------------------------
Simulated Pipes
--------------------------------------------------------------------------------
--------------------------------------------------------------------------------
Simulated Nodes/Jobs
--------------------------------------------------------------------------------
Hostname/IP: 192.168.1.32 | Job: rerocc-lc-linux-coupleddma-bertmini-pipeline-runtime-batch8-fileonly-sync-pairdummy-gdbserver0 | Sim running: [33mTrue [0m
--------------------------------------------------------------------------------
Summary
--------------------------------------------------------------------------------
1/1 instances are still running.
1/1 simulations are still running.
--------------------------------------------------------------------------------
[2J
FireSim Simulation Status @ 2026-05-07 19:26:52.335252
--------------------------------------------------------------------------------
This workload's output is located in:
/home/ubuntu/chipyard/sims/firesim/deploy/results-workload/2026-05-07--19-18-33-rerocc-lc-linux-coupleddma-bertmini-pipeline-runtime-batch8-fileonly-sync-pairdummy-gdbserver-f2-gemmini-rerocc-pairmanager-dummy8x8-4c12p12-sbus64-linux-bertmini-batch8-fileonly-sync-gdbserver-cfg32-nic-notrace/
This run's log is located in:
/home/ubuntu/chipyard/sims/firesim/deploy/logs/2026-05-07--19-18-33-runworkload-OZ49C911RG8KQVU9.log
This status will update every 10s.
--------------------------------------------------------------------------------
Instances
--------------------------------------------------------------------------------
Hostname/IP: 192.168.1.32 | Terminated: [33mFalse[0m
--------------------------------------------------------------------------------
Simulated Switches
--------------------------------------------------------------------------------
Hostname/IP: 192.168.1.32 | Switch name: switch0 | Switch running: [32mTrue [0m
--------------------------------------------------------------------------------
Simulated Pipes
--------------------------------------------------------------------------------
--------------------------------------------------------------------------------
Simulated Nodes/Jobs
--------------------------------------------------------------------------------
Hostname/IP: 192.168.1.32 | Job: rerocc-lc-linux-coupleddma-bertmini-pipeline-runtime-batch8-fileonly-sync-pairdummy-gdbserver0 | Sim running: [33mTrue [0m
--------------------------------------------------------------------------------
Summary
--------------------------------------------------------------------------------
1/1 instances are still running.
1/1 simulations are still running.
--------------------------------------------------------------------------------
[prt-host-watchdog] progress hb='Target Cycle (fastest), Seconds Since Start' uart=16822 guest_log=0 guest_sparse=3466 guest_checkpoint=0 guest_trigger=0 guest_status=1644 guest_proc=2576 guest_runner=395 guest_runner_post=433 guest_runner_early=487 guest_binary=0 guest_runner_proc=3973
[prt-host-watchdog] hb='Target Cycle (fastest), Seconds Since Start' idle=0s hb_idle=62s uart=16822 guest_log=0 guest_sparse=3466 guest_checkpoint=0 guest_trigger=0 guest_status=1644 guest_proc=2576 guest_runner=395 guest_runner_post=433 guest_runner_early=487 guest_binary=0 guest_runner_proc=3973
[2J
FireSim Simulation Status @ 2026-05-07 19:27:02.643503
--------------------------------------------------------------------------------
This workload's output is located in:
/home/ubuntu/chipyard/sims/firesim/deploy/results-workload/2026-05-07--19-18-33-rerocc-lc-linux-coupleddma-bertmini-pipeline-runtime-batch8-fileonly-sync-pairdummy-gdbserver-f2-gemmini-rerocc-pairmanager-dummy8x8-4c12p12-sbus64-linux-bertmini-batch8-fileonly-sync-gdbserver-cfg32-nic-notrace/
This run's log is located in:
/home/ubuntu/chipyard/sims/firesim/deploy/logs/2026-05-07--19-18-33-runworkload-OZ49C911RG8KQVU9.log
This status will update every 10s.
--------------------------------------------------------------------------------
Instances
--------------------------------------------------------------------------------
Hostname/IP: 192.168.1.32 | Terminated: [33mFalse[0m
--------------------------------------------------------------------------------
Simulated Switches
--------------------------------------------------------------------------------
Hostname/IP: 192.168.1.32 | Switch name: switch0 | Switch running: [32mTrue [0m
--------------------------------------------------------------------------------
Simulated Pipes
--------------------------------------------------------------------------------
--------------------------------------------------------------------------------
Simulated Nodes/Jobs
--------------------------------------------------------------------------------
Hostname/IP: 192.168.1.32 | Job: rerocc-lc-linux-coupleddma-bertmini-pipeline-runtime-batch8-fileonly-sync-pairdummy-gdbserver0 | Sim running: [33mTrue [0m
--------------------------------------------------------------------------------
Summary
--------------------------------------------------------------------------------
1/1 instances are still running.
1/1 simulations are still running.
--------------------------------------------------------------------------------
[2J
FireSim Simulation Status @ 2026-05-07 19:27:12.961778
--------------------------------------------------------------------------------
This workload's output is located in:
/home/ubuntu/chipyard/sims/firesim/deploy/results-workload/2026-05-07--19-18-33-rerocc-lc-linux-coupleddma-bertmini-pipeline-runtime-batch8-fileonly-sync-pairdummy-gdbserver-f2-gemmini-rerocc-pairmanager-dummy8x8-4c12p12-sbus64-linux-bertmini-batch8-fileonly-sync-gdbserver-cfg32-nic-notrace/
This run's log is located in:
/home/ubuntu/chipyard/sims/firesim/deploy/logs/2026-05-07--19-18-33-runworkload-OZ49C911RG8KQVU9.log
This status will update every 10s.
--------------------------------------------------------------------------------
Instances
--------------------------------------------------------------------------------
Hostname/IP: 192.168.1.32 | Terminated: [33mFalse[0m
--------------------------------------------------------------------------------
Simulated Switches
--------------------------------------------------------------------------------
Hostname/IP: 192.168.1.32 | Switch name: switch0 | Switch running: [32mTrue [0m
--------------------------------------------------------------------------------
Simulated Pipes
--------------------------------------------------------------------------------
--------------------------------------------------------------------------------
Simulated Nodes/Jobs
--------------------------------------------------------------------------------
Hostname/IP: 192.168.1.32 | Job: rerocc-lc-linux-coupleddma-bertmini-pipeline-runtime-batch8-fileonly-sync-pairdummy-gdbserver0 | Sim running: [33mTrue [0m
--------------------------------------------------------------------------------
Summary
--------------------------------------------------------------------------------
1/1 instances are still running.
1/1 simulations are still running.
--------------------------------------------------------------------------------
[2J
FireSim Simulation Status @ 2026-05-07 19:27:23.270201
--------------------------------------------------------------------------------
This workload's output is located in:
/home/ubuntu/chipyard/sims/firesim/deploy/results-workload/2026-05-07--19-18-33-rerocc-lc-linux-coupleddma-bertmini-pipeline-runtime-batch8-fileonly-sync-pairdummy-gdbserver-f2-gemmini-rerocc-pairmanager-dummy8x8-4c12p12-sbus64-linux-bertmini-batch8-fileonly-sync-gdbserver-cfg32-nic-notrace/
This run's log is located in:
/home/ubuntu/chipyard/sims/firesim/deploy/logs/2026-05-07--19-18-33-runworkload-OZ49C911RG8KQVU9.log
This status will update every 10s.
--------------------------------------------------------------------------------
Instances
--------------------------------------------------------------------------------
Hostname/IP: 192.168.1.32 | Terminated: [33mFalse[0m
--------------------------------------------------------------------------------
Simulated Switches
--------------------------------------------------------------------------------
Hostname/IP: 192.168.1.32 | Switch name: switch0 | Switch running: [32mTrue [0m
--------------------------------------------------------------------------------
Simulated Pipes
--------------------------------------------------------------------------------
--------------------------------------------------------------------------------
Simulated Nodes/Jobs
--------------------------------------------------------------------------------
Hostname/IP: 192.168.1.32 | Job: rerocc-lc-linux-coupleddma-bertmini-pipeline-runtime-batch8-fileonly-sync-pairdummy-gdbserver0 | Sim running: [33mTrue [0m
--------------------------------------------------------------------------------
Summary
--------------------------------------------------------------------------------
1/1 instances are still running.
1/1 simulations are still running.
--------------------------------------------------------------------------------
[prt-host-watchdog] progress hb='Target Cycle (fastest), Seconds Since Start' uart=16919 guest_log=0 guest_sparse=3466 guest_checkpoint=0 guest_trigger=0 guest_status=1644 guest_proc=2576 guest_runner=596 guest_runner_post=433 guest_runner_early=487 guest_binary=0 guest_runner_proc=11459
[prt-host-watchdog] hb='Target Cycle (fastest), Seconds Since Start' idle=0s hb_idle=93s uart=16919 guest_log=0 guest_sparse=3466 guest_checkpoint=0 guest_trigger=0 guest_status=1644 guest_proc=2576 guest_runner=596 guest_runner_post=433 guest_runner_early=487 guest_binary=0 guest_runner_proc=11459
[2J
FireSim Simulation Status @ 2026-05-07 19:27:33.578746
--------------------------------------------------------------------------------
This workload's output is located in:
/home/ubuntu/chipyard/sims/firesim/deploy/results-workload/2026-05-07--19-18-33-rerocc-lc-linux-coupleddma-bertmini-pipeline-runtime-batch8-fileonly-sync-pairdummy-gdbserver-f2-gemmini-rerocc-pairmanager-dummy8x8-4c12p12-sbus64-linux-bertmini-batch8-fileonly-sync-gdbserver-cfg32-nic-notrace/
This run's log is located in:
/home/ubuntu/chipyard/sims/firesim/deploy/logs/2026-05-07--19-18-33-runworkload-OZ49C911RG8KQVU9.log
This status will update every 10s.
--------------------------------------------------------------------------------
Instances
--------------------------------------------------------------------------------
Hostname/IP: 192.168.1.32 | Terminated: [33mFalse[0m
--------------------------------------------------------------------------------
Simulated Switches
--------------------------------------------------------------------------------
Hostname/IP: 192.168.1.32 | Switch name: switch0 | Switch running: [32mTrue [0m
--------------------------------------------------------------------------------
Simulated Pipes
--------------------------------------------------------------------------------
--------------------------------------------------------------------------------
Simulated Nodes/Jobs
--------------------------------------------------------------------------------
Hostname/IP: 192.168.1.32 | Job: rerocc-lc-linux-coupleddma-bertmini-pipeline-runtime-batch8-fileonly-sync-pairdummy-gdbserver0 | Sim running: [33mTrue [0m
--------------------------------------------------------------------------------
Summary
--------------------------------------------------------------------------------
1/1 instances are still running.
1/1 simulations are still running.
--------------------------------------------------------------------------------
[2J
FireSim Simulation Status @ 2026-05-07 19:27:43.896941
--------------------------------------------------------------------------------
This workload's output is located in:
/home/ubuntu/chipyard/sims/firesim/deploy/results-workload/2026-05-07--19-18-33-rerocc-lc-linux-coupleddma-bertmini-pipeline-runtime-batch8-fileonly-sync-pairdummy-gdbserver-f2-gemmini-rerocc-pairmanager-dummy8x8-4c12p12-sbus64-linux-bertmini-batch8-fileonly-sync-gdbserver-cfg32-nic-notrace/
This run's log is located in:
/home/ubuntu/chipyard/sims/firesim/deploy/logs/2026-05-07--19-18-33-runworkload-OZ49C911RG8KQVU9.log
This status will update every 10s.
--------------------------------------------------------------------------------
Instances
--------------------------------------------------------------------------------
Hostname/IP: 192.168.1.32 | Terminated: [33mFalse[0m
--------------------------------------------------------------------------------
Simulated Switches
--------------------------------------------------------------------------------
Hostname/IP: 192.168.1.32 | Switch name: switch0 | Switch running: [32mTrue [0m
--------------------------------------------------------------------------------
Simulated Pipes
--------------------------------------------------------------------------------
--------------------------------------------------------------------------------
Simulated Nodes/Jobs
--------------------------------------------------------------------------------
Hostname/IP: 192.168.1.32 | Job: rerocc-lc-linux-coupleddma-bertmini-pipeline-runtime-batch8-fileonly-sync-pairdummy-gdbserver0 | Sim running: [33mTrue [0m
--------------------------------------------------------------------------------
Summary
--------------------------------------------------------------------------------
1/1 instances are still running.
1/1 simulations are still running.
--------------------------------------------------------------------------------
[2J
FireSim Simulation Status @ 2026-05-07 19:27:54.225736
--------------------------------------------------------------------------------
This workload's output is located in:
/home/ubuntu/chipyard/sims/firesim/deploy/results-workload/2026-05-07--19-18-33-rerocc-lc-linux-coupleddma-bertmini-pipeline-runtime-batch8-fileonly-sync-pairdummy-gdbserver-f2-gemmini-rerocc-pairmanager-dummy8x8-4c12p12-sbus64-linux-bertmini-batch8-fileonly-sync-gdbserver-cfg32-nic-notrace/
This run's log is located in:
/home/ubuntu/chipyard/sims/firesim/deploy/logs/2026-05-07--19-18-33-runworkload-OZ49C911RG8KQVU9.log
This status will update every 10s.
--------------------------------------------------------------------------------
Instances
--------------------------------------------------------------------------------
Hostname/IP: 192.168.1.32 | Terminated: [33mFalse[0m
--------------------------------------------------------------------------------
Simulated Switches
--------------------------------------------------------------------------------
Hostname/IP: 192.168.1.32 | Switch name: switch0 | Switch running: [32mTrue [0m
--------------------------------------------------------------------------------
Simulated Pipes
--------------------------------------------------------------------------------
--------------------------------------------------------------------------------
Simulated Nodes/Jobs
--------------------------------------------------------------------------------
Hostname/IP: 192.168.1.32 | Job: rerocc-lc-linux-coupleddma-bertmini-pipeline-runtime-batch8-fileonly-sync-pairdummy-gdbserver0 | Sim running: [33mTrue [0m
--------------------------------------------------------------------------------
Summary
--------------------------------------------------------------------------------
1/1 instances are still running.
1/1 simulations are still running.
--------------------------------------------------------------------------------
[prt-host-watchdog] hb='Target Cycle (fastest), Seconds Since Start' idle=32s hb_idle=125s uart=16919 guest_log=0 guest_sparse=3466 guest_checkpoint=0 guest_trigger=0 guest_status=1644 guest_proc=2576 guest_runner=596 guest_runner_post=433 guest_runner_early=487 guest_binary=0 guest_runner_proc=11459
[2J
FireSim Simulation Status @ 2026-05-07 19:28:04.545222
--------------------------------------------------------------------------------
This workload's output is located in:
/home/ubuntu/chipyard/sims/firesim/deploy/results-workload/2026-05-07--19-18-33-rerocc-lc-linux-coupleddma-bertmini-pipeline-runtime-batch8-fileonly-sync-pairdummy-gdbserver-f2-gemmini-rerocc-pairmanager-dummy8x8-4c12p12-sbus64-linux-bertmini-batch8-fileonly-sync-gdbserver-cfg32-nic-notrace/
This run's log is located in:
/home/ubuntu/chipyard/sims/firesim/deploy/logs/2026-05-07--19-18-33-runworkload-OZ49C911RG8KQVU9.log
This status will update every 10s.
--------------------------------------------------------------------------------
Instances
--------------------------------------------------------------------------------
Hostname/IP: 192.168.1.32 | Terminated: [33mFalse[0m
--------------------------------------------------------------------------------
Simulated Switches
--------------------------------------------------------------------------------
Hostname/IP: 192.168.1.32 | Switch name: switch0 | Switch running: [32mTrue [0m
--------------------------------------------------------------------------------
Simulated Pipes
--------------------------------------------------------------------------------
--------------------------------------------------------------------------------
Simulated Nodes/Jobs
--------------------------------------------------------------------------------
Hostname/IP: 192.168.1.32 | Job: rerocc-lc-linux-coupleddma-bertmini-pipeline-runtime-batch8-fileonly-sync-pairdummy-gdbserver0 | Sim running: [33mTrue [0m
--------------------------------------------------------------------------------
Summary
--------------------------------------------------------------------------------
1/1 instances are still running.
1/1 simulations are still running.
--------------------------------------------------------------------------------
[2J
FireSim Simulation Status @ 2026-05-07 19:28:14.863220
--------------------------------------------------------------------------------
This workload's output is located in:
/home/ubuntu/chipyard/sims/firesim/deploy/results-workload/2026-05-07--19-18-33-rerocc-lc-linux-coupleddma-bertmini-pipeline-runtime-batch8-fileonly-sync-pairdummy-gdbserver-f2-gemmini-rerocc-pairmanager-dummy8x8-4c12p12-sbus64-linux-bertmini-batch8-fileonly-sync-gdbserver-cfg32-nic-notrace/
This run's log is located in:
/home/ubuntu/chipyard/sims/firesim/deploy/logs/2026-05-07--19-18-33-runworkload-OZ49C911RG8KQVU9.log
This status will update every 10s.
--------------------------------------------------------------------------------
Instances
--------------------------------------------------------------------------------
Hostname/IP: 192.168.1.32 | Terminated: [33mFalse[0m
--------------------------------------------------------------------------------
Simulated Switches
--------------------------------------------------------------------------------
Hostname/IP: 192.168.1.32 | Switch name: switch0 | Switch running: [32mTrue [0m
--------------------------------------------------------------------------------
Simulated Pipes
--------------------------------------------------------------------------------
--------------------------------------------------------------------------------
Simulated Nodes/Jobs
--------------------------------------------------------------------------------
Hostname/IP: 192.168.1.32 | Job: rerocc-lc-linux-coupleddma-bertmini-pipeline-runtime-batch8-fileonly-sync-pairdummy-gdbserver0 | Sim running: [33mTrue [0m
--------------------------------------------------------------------------------
Summary
--------------------------------------------------------------------------------
1/1 instances are still running.
1/1 simulations are still running.
--------------------------------------------------------------------------------
[2J
FireSim Simulation Status @ 2026-05-07 19:28:25.191644
--------------------------------------------------------------------------------
This workload's output is located in:
/home/ubuntu/chipyard/sims/firesim/deploy/results-workload/2026-05-07--19-18-33-rerocc-lc-linux-coupleddma-bertmini-pipeline-runtime-batch8-fileonly-sync-pairdummy-gdbserver-f2-gemmini-rerocc-pairmanager-dummy8x8-4c12p12-sbus64-linux-bertmini-batch8-fileonly-sync-gdbserver-cfg32-nic-notrace/
This run's log is located in:
/home/ubuntu/chipyard/sims/firesim/deploy/logs/2026-05-07--19-18-33-runworkload-OZ49C911RG8KQVU9.log
This status will update every 10s.
--------------------------------------------------------------------------------
Instances
--------------------------------------------------------------------------------
Hostname/IP: 192.168.1.32 | Terminated: [33mFalse[0m
--------------------------------------------------------------------------------
Simulated Switches
--------------------------------------------------------------------------------
Hostname/IP: 192.168.1.32 | Switch name: switch0 | Switch running: [32mTrue [0m
--------------------------------------------------------------------------------
Simulated Pipes
--------------------------------------------------------------------------------
--------------------------------------------------------------------------------
Simulated Nodes/Jobs
--------------------------------------------------------------------------------
Hostname/IP: 192.168.1.32 | Job: rerocc-lc-linux-coupleddma-bertmini-pipeline-runtime-batch8-fileonly-sync-pairdummy-gdbserver0 | Sim running: [33mTrue [0m
--------------------------------------------------------------------------------
Summary
--------------------------------------------------------------------------------
1/1 instances are still running.
1/1 simulations are still running.
--------------------------------------------------------------------------------
[prt-host-watchdog] progress hb='Target Cycle (fastest), Seconds Since Start' uart=16919 guest_log=0 guest_sparse=211369 guest_checkpoint=0 guest_trigger=0 guest_status=1644 guest_proc=2576 guest_runner=596 guest_runner_post=433 guest_runner_early=487 guest_binary=0 guest_runner_proc=11459
[prt-host-watchdog] hb='Target Cycle (fastest), Seconds Since Start' idle=0s hb_idle=156s uart=16919 guest_log=0 guest_sparse=211369 guest_checkpoint=0 guest_trigger=0 guest_status=1644 guest_proc=2576 guest_runner=596 guest_runner_post=433 guest_runner_early=487 guest_binary=0 guest_runner_proc=11459
[2J
FireSim Simulation Status @ 2026-05-07 19:28:35.509693
--------------------------------------------------------------------------------
This workload's output is located in:
/home/ubuntu/chipyard/sims/firesim/deploy/results-workload/2026-05-07--19-18-33-rerocc-lc-linux-coupleddma-bertmini-pipeline-runtime-batch8-fileonly-sync-pairdummy-gdbserver-f2-gemmini-rerocc-pairmanager-dummy8x8-4c12p12-sbus64-linux-bertmini-batch8-fileonly-sync-gdbserver-cfg32-nic-notrace/
This run's log is located in:
/home/ubuntu/chipyard/sims/firesim/deploy/logs/2026-05-07--19-18-33-runworkload-OZ49C911RG8KQVU9.log
This status will update every 10s.
--------------------------------------------------------------------------------
Instances
--------------------------------------------------------------------------------
Hostname/IP: 192.168.1.32 | Terminated: [33mFalse[0m
--------------------------------------------------------------------------------
Simulated Switches
--------------------------------------------------------------------------------
Hostname/IP: 192.168.1.32 | Switch name: switch0 | Switch running: [32mTrue [0m
--------------------------------------------------------------------------------
Simulated Pipes
--------------------------------------------------------------------------------
--------------------------------------------------------------------------------
Simulated Nodes/Jobs
--------------------------------------------------------------------------------
Hostname/IP: 192.168.1.32 | Job: rerocc-lc-linux-coupleddma-bertmini-pipeline-runtime-batch8-fileonly-sync-pairdummy-gdbserver0 | Sim running: [33mTrue [0m
--------------------------------------------------------------------------------
Summary
--------------------------------------------------------------------------------
1/1 instances are still running.
1/1 simulations are still running.
--------------------------------------------------------------------------------
[2J
FireSim Simulation Status @ 2026-05-07 19:28:45.817918
--------------------------------------------------------------------------------
This workload's output is located in:
/home/ubuntu/chipyard/sims/firesim/deploy/results-workload/2026-05-07--19-18-33-rerocc-lc-linux-coupleddma-bertmini-pipeline-runtime-batch8-fileonly-sync-pairdummy-gdbserver-f2-gemmini-rerocc-pairmanager-dummy8x8-4c12p12-sbus64-linux-bertmini-batch8-fileonly-sync-gdbserver-cfg32-nic-notrace/
This run's log is located in:
/home/ubuntu/chipyard/sims/firesim/deploy/logs/2026-05-07--19-18-33-runworkload-OZ49C911RG8KQVU9.log
This status will update every 10s.
--------------------------------------------------------------------------------
Instances
--------------------------------------------------------------------------------
Hostname/IP: 192.168.1.32 | Terminated: [33mFalse[0m
--------------------------------------------------------------------------------
Simulated Switches
--------------------------------------------------------------------------------
Hostname/IP: 192.168.1.32 | Switch name: switch0 | Switch running: [32mTrue [0m
--------------------------------------------------------------------------------
Simulated Pipes
--------------------------------------------------------------------------------
--------------------------------------------------------------------------------
Simulated Nodes/Jobs
--------------------------------------------------------------------------------
Hostname/IP: 192.168.1.32 | Job: rerocc-lc-linux-coupleddma-bertmini-pipeline-runtime-batch8-fileonly-sync-pairdummy-gdbserver0 | Sim running: [33mTrue [0m
--------------------------------------------------------------------------------
Summary
--------------------------------------------------------------------------------
1/1 instances are still running.
1/1 simulations are still running.
--------------------------------------------------------------------------------
[2J
FireSim Simulation Status @ 2026-05-07 19:28:56.348815
--------------------------------------------------------------------------------
This workload's output is located in:
/home/ubuntu/chipyard/sims/firesim/deploy/results-workload/2026-05-07--19-18-33-rerocc-lc-linux-coupleddma-bertmini-pipeline-runtime-batch8-fileonly-sync-pairdummy-gdbserver-f2-gemmini-rerocc-pairmanager-dummy8x8-4c12p12-sbus64-linux-bertmini-batch8-fileonly-sync-gdbserver-cfg32-nic-notrace/
This run's log is located in:
/home/ubuntu/chipyard/sims/firesim/deploy/logs/2026-05-07--19-18-33-runworkload-OZ49C911RG8KQVU9.log
This status will update every 10s.
--------------------------------------------------------------------------------
Instances
--------------------------------------------------------------------------------
Hostname/IP: 192.168.1.32 | Terminated: [33mFalse[0m
--------------------------------------------------------------------------------
Simulated Switches
--------------------------------------------------------------------------------
Hostname/IP: 192.168.1.32 | Switch name: switch0 | Switch running: [32mTrue [0m
--------------------------------------------------------------------------------
Simulated Pipes
--------------------------------------------------------------------------------
--------------------------------------------------------------------------------
Simulated Nodes/Jobs
--------------------------------------------------------------------------------
Hostname/IP: 192.168.1.32 | Job: rerocc-lc-linux-coupleddma-bertmini-pipeline-runtime-batch8-fileonly-sync-pairdummy-gdbserver0 | Sim running: [33mTrue [0m
--------------------------------------------------------------------------------
Summary
--------------------------------------------------------------------------------
1/1 instances are still running.
1/1 simulations are still running.
--------------------------------------------------------------------------------
[prt-host-watchdog] hb='Target Cycle (fastest), Seconds Since Start' idle=31s hb_idle=187s uart=16919 guest_log=0 guest_sparse=211369 guest_checkpoint=0 guest_trigger=0 guest_status=1644 guest_proc=2576 guest_runner=596 guest_runner_post=433 guest_runner_early=487 guest_binary=0 guest_runner_proc=11459
[2J
FireSim Simulation Status @ 2026-05-07 19:29:06.673047
--------------------------------------------------------------------------------
This workload's output is located in:
/home/ubuntu/chipyard/sims/firesim/deploy/results-workload/2026-05-07--19-18-33-rerocc-lc-linux-coupleddma-bertmini-pipeline-runtime-batch8-fileonly-sync-pairdummy-gdbserver-f2-gemmini-rerocc-pairmanager-dummy8x8-4c12p12-sbus64-linux-bertmini-batch8-fileonly-sync-gdbserver-cfg32-nic-notrace/
This run's log is located in:
/home/ubuntu/chipyard/sims/firesim/deploy/logs/2026-05-07--19-18-33-runworkload-OZ49C911RG8KQVU9.log
This status will update every 10s.
--------------------------------------------------------------------------------
Instances
--------------------------------------------------------------------------------
Hostname/IP: 192.168.1.32 | Terminated: [33mFalse[0m
--------------------------------------------------------------------------------
Simulated Switches
--------------------------------------------------------------------------------
Hostname/IP: 192.168.1.32 | Switch name: switch0 | Switch running: [32mTrue [0m
--------------------------------------------------------------------------------
Simulated Pipes
--------------------------------------------------------------------------------
--------------------------------------------------------------------------------
Simulated Nodes/Jobs
--------------------------------------------------------------------------------
Hostname/IP: 192.168.1.32 | Job: rerocc-lc-linux-coupleddma-bertmini-pipeline-runtime-batch8-fileonly-sync-pairdummy-gdbserver0 | Sim running: [33mTrue [0m
--------------------------------------------------------------------------------
Summary
--------------------------------------------------------------------------------
1/1 instances are still running.
1/1 simulations are still running.
--------------------------------------------------------------------------------
[2J
FireSim Simulation Status @ 2026-05-07 19:29:16.981307
--------------------------------------------------------------------------------
This workload's output is located in:
/home/ubuntu/chipyard/sims/firesim/deploy/results-workload/2026-05-07--19-18-33-rerocc-lc-linux-coupleddma-bertmini-pipeline-runtime-batch8-fileonly-sync-pairdummy-gdbserver-f2-gemmini-rerocc-pairmanager-dummy8x8-4c12p12-sbus64-linux-bertmini-batch8-fileonly-sync-gdbserver-cfg32-nic-notrace/
This run's log is located in:
/home/ubuntu/chipyard/sims/firesim/deploy/logs/2026-05-07--19-18-33-runworkload-OZ49C911RG8KQVU9.log
This status will update every 10s.
--------------------------------------------------------------------------------
Instances
--------------------------------------------------------------------------------
Hostname/IP: 192.168.1.32 | Terminated: [33mFalse[0m
--------------------------------------------------------------------------------
Simulated Switches
--------------------------------------------------------------------------------
Hostname/IP: 192.168.1.32 | Switch name: switch0 | Switch running: [32mTrue [0m
--------------------------------------------------------------------------------
Simulated Pipes
--------------------------------------------------------------------------------
--------------------------------------------------------------------------------
Simulated Nodes/Jobs
--------------------------------------------------------------------------------
Hostname/IP: 192.168.1.32 | Job: rerocc-lc-linux-coupleddma-bertmini-pipeline-runtime-batch8-fileonly-sync-pairdummy-gdbserver0 | Sim running: [33mTrue [0m
--------------------------------------------------------------------------------
Summary
--------------------------------------------------------------------------------
1/1 instances are still running.
1/1 simulations are still running.
--------------------------------------------------------------------------------
[2J
FireSim Simulation Status @ 2026-05-07 19:29:27.279282
--------------------------------------------------------------------------------
This workload's output is located in:
/home/ubuntu/chipyard/sims/firesim/deploy/results-workload/2026-05-07--19-18-33-rerocc-lc-linux-coupleddma-bertmini-pipeline-runtime-batch8-fileonly-sync-pairdummy-gdbserver-f2-gemmini-rerocc-pairmanager-dummy8x8-4c12p12-sbus64-linux-bertmini-batch8-fileonly-sync-gdbserver-cfg32-nic-notrace/
This run's log is located in:
/home/ubuntu/chipyard/sims/firesim/deploy/logs/2026-05-07--19-18-33-runworkload-OZ49C911RG8KQVU9.log
This status will update every 10s.
--------------------------------------------------------------------------------
Instances
--------------------------------------------------------------------------------
Hostname/IP: 192.168.1.32 | Terminated: [33mFalse[0m
--------------------------------------------------------------------------------
Simulated Switches
--------------------------------------------------------------------------------
Hostname/IP: 192.168.1.32 | Switch name: switch0 | Switch running: [32mTrue [0m
--------------------------------------------------------------------------------
Simulated Pipes
--------------------------------------------------------------------------------
--------------------------------------------------------------------------------
Simulated Nodes/Jobs
--------------------------------------------------------------------------------
Hostname/IP: 192.168.1.32 | Job: rerocc-lc-linux-coupleddma-bertmini-pipeline-runtime-batch8-fileonly-sync-pairdummy-gdbserver0 | Sim running: [33mTrue [0m
--------------------------------------------------------------------------------
Summary
--------------------------------------------------------------------------------
1/1 instances are still running.
1/1 simulations are still running.
--------------------------------------------------------------------------------
[prt-host-watchdog] progress hb='Target Cycle (fastest), Seconds Since Start' uart=16919 guest_log=0 guest_sparse=219105 guest_checkpoint=0 guest_trigger=0 guest_status=1644 guest_proc=2576 guest_runner=596 guest_runner_post=433 guest_runner_early=487 guest_binary=0 guest_runner_proc=11459
[prt-host-watchdog] hb='Target Cycle (fastest), Seconds Since Start' idle=0s hb_idle=219s uart=16919 guest_log=0 guest_sparse=219105 guest_checkpoint=0 guest_trigger=0 guest_status=1644 guest_proc=2576 guest_runner=596 guest_runner_post=433 guest_runner_early=487 guest_binary=0 guest_runner_proc=11459
[2J
FireSim Simulation Status @ 2026-05-07 19:29:37.597616
--------------------------------------------------------------------------------
This workload's output is located in:
/home/ubuntu/chipyard/sims/firesim/deploy/results-workload/2026-05-07--19-18-33-rerocc-lc-linux-coupleddma-bertmini-pipeline-runtime-batch8-fileonly-sync-pairdummy-gdbserver-f2-gemmini-rerocc-pairmanager-dummy8x8-4c12p12-sbus64-linux-bertmini-batch8-fileonly-sync-gdbserver-cfg32-nic-notrace/
This run's log is located in:
/home/ubuntu/chipyard/sims/firesim/deploy/logs/2026-05-07--19-18-33-runworkload-OZ49C911RG8KQVU9.log
This status will update every 10s.
--------------------------------------------------------------------------------
Instances
--------------------------------------------------------------------------------
Hostname/IP: 192.168.1.32 | Terminated: [33mFalse[0m
--------------------------------------------------------------------------------
Simulated Switches
--------------------------------------------------------------------------------
Hostname/IP: 192.168.1.32 | Switch name: switch0 | Switch running: [32mTrue [0m
--------------------------------------------------------------------------------
Simulated Pipes
--------------------------------------------------------------------------------
--------------------------------------------------------------------------------
Simulated Nodes/Jobs
--------------------------------------------------------------------------------
Hostname/IP: 192.168.1.32 | Job: rerocc-lc-linux-coupleddma-bertmini-pipeline-runtime-batch8-fileonly-sync-pairdummy-gdbserver0 | Sim running: [33mTrue [0m
--------------------------------------------------------------------------------
Summary
--------------------------------------------------------------------------------
1/1 instances are still running.
1/1 simulations are still running.
--------------------------------------------------------------------------------
[2J
FireSim Simulation Status @ 2026-05-07 19:29:47.916423
--------------------------------------------------------------------------------
This workload's output is located in:
/home/ubuntu/chipyard/sims/firesim/deploy/results-workload/2026-05-07--19-18-33-rerocc-lc-linux-coupleddma-bertmini-pipeline-runtime-batch8-fileonly-sync-pairdummy-gdbserver-f2-gemmini-rerocc-pairmanager-dummy8x8-4c12p12-sbus64-linux-bertmini-batch8-fileonly-sync-gdbserver-cfg32-nic-notrace/
This run's log is located in:
/home/ubuntu/chipyard/sims/firesim/deploy/logs/2026-05-07--19-18-33-runworkload-OZ49C911RG8KQVU9.log
This status will update every 10s.
--------------------------------------------------------------------------------
Instances
--------------------------------------------------------------------------------
Hostname/IP: 192.168.1.32 | Terminated: [33mFalse[0m
--------------------------------------------------------------------------------
Simulated Switches
--------------------------------------------------------------------------------
Hostname/IP: 192.168.1.32 | Switch name: switch0 | Switch running: [32mTrue [0m
--------------------------------------------------------------------------------
Simulated Pipes
--------------------------------------------------------------------------------
--------------------------------------------------------------------------------
Simulated Nodes/Jobs
--------------------------------------------------------------------------------
Hostname/IP: 192.168.1.32 | Job: rerocc-lc-linux-coupleddma-bertmini-pipeline-runtime-batch8-fileonly-sync-pairdummy-gdbserver0 | Sim running: [33mTrue [0m
--------------------------------------------------------------------------------
Summary
--------------------------------------------------------------------------------
1/1 instances are still running.
1/1 simulations are still running.
--------------------------------------------------------------------------------
[2J
FireSim Simulation Status @ 2026-05-07 19:29:58.497218
--------------------------------------------------------------------------------
This workload's output is located in:
/home/ubuntu/chipyard/sims/firesim/deploy/results-workload/2026-05-07--19-18-33-rerocc-lc-linux-coupleddma-bertmini-pipeline-runtime-batch8-fileonly-sync-pairdummy-gdbserver-f2-gemmini-rerocc-pairmanager-dummy8x8-4c12p12-sbus64-linux-bertmini-batch8-fileonly-sync-gdbserver-cfg32-nic-notrace/
This run's log is located in:
/home/ubuntu/chipyard/sims/firesim/deploy/logs/2026-05-07--19-18-33-runworkload-OZ49C911RG8KQVU9.log
This status will update every 10s.
--------------------------------------------------------------------------------
Instances
--------------------------------------------------------------------------------
Hostname/IP: 192.168.1.32 | Terminated: [33mFalse[0m
--------------------------------------------------------------------------------
Simulated Switches
--------------------------------------------------------------------------------
Hostname/IP: 192.168.1.32 | Switch name: switch0 | Switch running: [32mTrue [0m
--------------------------------------------------------------------------------
Simulated Pipes
--------------------------------------------------------------------------------
--------------------------------------------------------------------------------
Simulated Nodes/Jobs
--------------------------------------------------------------------------------
Hostname/IP: 192.168.1.32 | Job: rerocc-lc-linux-coupleddma-bertmini-pipeline-runtime-batch8-fileonly-sync-pairdummy-gdbserver0 | Sim running: [33mTrue [0m
--------------------------------------------------------------------------------
Summary
--------------------------------------------------------------------------------
1/1 instances are still running.
1/1 simulations are still running.
--------------------------------------------------------------------------------
[prt-host-watchdog] hb='Target Cycle (fastest), Seconds Since Start' idle=31s hb_idle=250s uart=16919 guest_log=0 guest_sparse=219105 guest_checkpoint=0 guest_trigger=0 guest_status=1644 guest_proc=2576 guest_runner=596 guest_runner_post=433 guest_runner_early=487 guest_binary=0 guest_runner_proc=11459
[2J
FireSim Simulation Status @ 2026-05-07 19:30:08.825859
--------------------------------------------------------------------------------
This workload's output is located in:
/home/ubuntu/chipyard/sims/firesim/deploy/results-workload/2026-05-07--19-18-33-rerocc-lc-linux-coupleddma-bertmini-pipeline-runtime-batch8-fileonly-sync-pairdummy-gdbserver-f2-gemmini-rerocc-pairmanager-dummy8x8-4c12p12-sbus64-linux-bertmini-batch8-fileonly-sync-gdbserver-cfg32-nic-notrace/
This run's log is located in:
/home/ubuntu/chipyard/sims/firesim/deploy/logs/2026-05-07--19-18-33-runworkload-OZ49C911RG8KQVU9.log
This status will update every 10s.
--------------------------------------------------------------------------------
Instances
--------------------------------------------------------------------------------
Hostname/IP: 192.168.1.32 | Terminated: [33mFalse[0m
--------------------------------------------------------------------------------
Simulated Switches
--------------------------------------------------------------------------------
Hostname/IP: 192.168.1.32 | Switch name: switch0 | Switch running: [32mTrue [0m
--------------------------------------------------------------------------------
Simulated Pipes
--------------------------------------------------------------------------------
--------------------------------------------------------------------------------
Simulated Nodes/Jobs
--------------------------------------------------------------------------------
Hostname/IP: 192.168.1.32 | Job: rerocc-lc-linux-coupleddma-bertmini-pipeline-runtime-batch8-fileonly-sync-pairdummy-gdbserver0 | Sim running: [33mTrue [0m
--------------------------------------------------------------------------------
Summary
--------------------------------------------------------------------------------
1/1 instances are still running.
1/1 simulations are still running.
--------------------------------------------------------------------------------
[2J
FireSim Simulation Status @ 2026-05-07 19:30:19.144914
--------------------------------------------------------------------------------
This workload's output is located in:
/home/ubuntu/chipyard/sims/firesim/deploy/results-workload/2026-05-07--19-18-33-rerocc-lc-linux-coupleddma-bertmini-pipeline-runtime-batch8-fileonly-sync-pairdummy-gdbserver-f2-gemmini-rerocc-pairmanager-dummy8x8-4c12p12-sbus64-linux-bertmini-batch8-fileonly-sync-gdbserver-cfg32-nic-notrace/
This run's log is located in:
/home/ubuntu/chipyard/sims/firesim/deploy/logs/2026-05-07--19-18-33-runworkload-OZ49C911RG8KQVU9.log
This status will update every 10s.
--------------------------------------------------------------------------------
Instances
--------------------------------------------------------------------------------
Hostname/IP: 192.168.1.32 | Terminated: [33mFalse[0m
--------------------------------------------------------------------------------
Simulated Switches
--------------------------------------------------------------------------------
Hostname/IP: 192.168.1.32 | Switch name: switch0 | Switch running: [32mTrue [0m
--------------------------------------------------------------------------------
Simulated Pipes
--------------------------------------------------------------------------------
--------------------------------------------------------------------------------
Simulated Nodes/Jobs
--------------------------------------------------------------------------------
Hostname/IP: 192.168.1.32 | Job: rerocc-lc-linux-coupleddma-bertmini-pipeline-runtime-batch8-fileonly-sync-pairdummy-gdbserver0 | Sim running: [33mTrue [0m
--------------------------------------------------------------------------------
Summary
--------------------------------------------------------------------------------
1/1 instances are still running.
1/1 simulations are still running.
--------------------------------------------------------------------------------
[2J
FireSim Simulation Status @ 2026-05-07 19:30:29.473151
--------------------------------------------------------------------------------
This workload's output is located in:
/home/ubuntu/chipyard/sims/firesim/deploy/results-workload/2026-05-07--19-18-33-rerocc-lc-linux-coupleddma-bertmini-pipeline-runtime-batch8-fileonly-sync-pairdummy-gdbserver-f2-gemmini-rerocc-pairmanager-dummy8x8-4c12p12-sbus64-linux-bertmini-batch8-fileonly-sync-gdbserver-cfg32-nic-notrace/
This run's log is located in:
/home/ubuntu/chipyard/sims/firesim/deploy/logs/2026-05-07--19-18-33-runworkload-OZ49C911RG8KQVU9.log
This status will update every 10s.
--------------------------------------------------------------------------------
Instances
--------------------------------------------------------------------------------
Hostname/IP: 192.168.1.32 | Terminated: [33mFalse[0m
--------------------------------------------------------------------------------
Simulated Switches
--------------------------------------------------------------------------------
Hostname/IP: 192.168.1.32 | Switch name: switch0 | Switch running: [32mTrue [0m
--------------------------------------------------------------------------------
Simulated Pipes
--------------------------------------------------------------------------------
--------------------------------------------------------------------------------
Simulated Nodes/Jobs
--------------------------------------------------------------------------------
Hostname/IP: 192.168.1.32 | Job: rerocc-lc-linux-coupleddma-bertmini-pipeline-runtime-batch8-fileonly-sync-pairdummy-gdbserver0 | Sim running: [33mTrue [0m
--------------------------------------------------------------------------------
Summary
--------------------------------------------------------------------------------
1/1 instances are still running.
1/1 simulations are still running.
--------------------------------------------------------------------------------
[prt-host-watchdog] progress hb='Target Cycle (fastest), Seconds Since Start' uart=16919 guest_log=0 guest_sparse=241450 guest_checkpoint=0 guest_trigger=0 guest_status=1644 guest_proc=3865 guest_runner=596 guest_runner_post=433 guest_runner_early=487 guest_binary=0 guest_runner_proc=11459
[prt-host-watchdog] hb='Target Cycle (fastest), Seconds Since Start' idle=0s hb_idle=281s uart=16919 guest_log=0 guest_sparse=241450 guest_checkpoint=0 guest_trigger=0 guest_status=1644 guest_proc=3865 guest_runner=596 guest_runner_post=433 guest_runner_early=487 guest_binary=0 guest_runner_proc=11459
[2J
FireSim Simulation Status @ 2026-05-07 19:30:39.781213
--------------------------------------------------------------------------------
This workload's output is located in:
/home/ubuntu/chipyard/sims/firesim/deploy/results-workload/2026-05-07--19-18-33-rerocc-lc-linux-coupleddma-bertmini-pipeline-runtime-batch8-fileonly-sync-pairdummy-gdbserver-f2-gemmini-rerocc-pairmanager-dummy8x8-4c12p12-sbus64-linux-bertmini-batch8-fileonly-sync-gdbserver-cfg32-nic-notrace/
This run's log is located in:
/home/ubuntu/chipyard/sims/firesim/deploy/logs/2026-05-07--19-18-33-runworkload-OZ49C911RG8KQVU9.log
This status will update every 10s.
--------------------------------------------------------------------------------
Instances
--------------------------------------------------------------------------------
Hostname/IP: 192.168.1.32 | Terminated: [33mFalse[0m
--------------------------------------------------------------------------------
Simulated Switches
--------------------------------------------------------------------------------
Hostname/IP: 192.168.1.32 | Switch name: switch0 | Switch running: [32mTrue [0m
--------------------------------------------------------------------------------
Simulated Pipes
--------------------------------------------------------------------------------
--------------------------------------------------------------------------------
Simulated Nodes/Jobs
--------------------------------------------------------------------------------
Hostname/IP: 192.168.1.32 | Job: rerocc-lc-linux-coupleddma-bertmini-pipeline-runtime-batch8-fileonly-sync-pairdummy-gdbserver0 | Sim running: [33mTrue [0m
--------------------------------------------------------------------------------
Summary
--------------------------------------------------------------------------------
1/1 instances are still running.
1/1 simulations are still running.
--------------------------------------------------------------------------------
[2J
FireSim Simulation Status @ 2026-05-07 19:30:50.089439
--------------------------------------------------------------------------------
This workload's output is located in:
/home/ubuntu/chipyard/sims/firesim/deploy/results-workload/2026-05-07--19-18-33-rerocc-lc-linux-coupleddma-bertmini-pipeline-runtime-batch8-fileonly-sync-pairdummy-gdbserver-f2-gemmini-rerocc-pairmanager-dummy8x8-4c12p12-sbus64-linux-bertmini-batch8-fileonly-sync-gdbserver-cfg32-nic-notrace/
This run's log is located in:
/home/ubuntu/chipyard/sims/firesim/deploy/logs/2026-05-07--19-18-33-runworkload-OZ49C911RG8KQVU9.log
This status will update every 10s.
--------------------------------------------------------------------------------
Instances
--------------------------------------------------------------------------------
Hostname/IP: 192.168.1.32 | Terminated: [33mFalse[0m
--------------------------------------------------------------------------------
Simulated Switches
--------------------------------------------------------------------------------
Hostname/IP: 192.168.1.32 | Switch name: switch0 | Switch running: [32mTrue [0m
--------------------------------------------------------------------------------
Simulated Pipes
--------------------------------------------------------------------------------
--------------------------------------------------------------------------------
Simulated Nodes/Jobs
--------------------------------------------------------------------------------
Hostname/IP: 192.168.1.32 | Job: rerocc-lc-linux-coupleddma-bertmini-pipeline-runtime-batch8-fileonly-sync-pairdummy-gdbserver0 | Sim running: [33mTrue [0m
--------------------------------------------------------------------------------
Summary
--------------------------------------------------------------------------------
1/1 instances are still running.
1/1 simulations are still running.
--------------------------------------------------------------------------------
[2J
FireSim Simulation Status @ 2026-05-07 19:31:00.640101
--------------------------------------------------------------------------------
This workload's output is located in:
/home/ubuntu/chipyard/sims/firesim/deploy/results-workload/2026-05-07--19-18-33-rerocc-lc-linux-coupleddma-bertmini-pipeline-runtime-batch8-fileonly-sync-pairdummy-gdbserver-f2-gemmini-rerocc-pairmanager-dummy8x8-4c12p12-sbus64-linux-bertmini-batch8-fileonly-sync-gdbserver-cfg32-nic-notrace/
This run's log is located in:
/home/ubuntu/chipyard/sims/firesim/deploy/logs/2026-05-07--19-18-33-runworkload-OZ49C911RG8KQVU9.log
This status will update every 10s.
--------------------------------------------------------------------------------
Instances
--------------------------------------------------------------------------------
Hostname/IP: 192.168.1.32 | Terminated: [33mFalse[0m
--------------------------------------------------------------------------------
Simulated Switches
--------------------------------------------------------------------------------
Hostname/IP: 192.168.1.32 | Switch name: switch0 | Switch running: [32mTrue [0m
--------------------------------------------------------------------------------
Simulated Pipes
--------------------------------------------------------------------------------
--------------------------------------------------------------------------------
Simulated Nodes/Jobs
--------------------------------------------------------------------------------
Hostname/IP: 192.168.1.32 | Job: rerocc-lc-linux-coupleddma-bertmini-pipeline-runtime-batch8-fileonly-sync-pairdummy-gdbserver0 | Sim running: [33mTrue [0m
--------------------------------------------------------------------------------
Summary
--------------------------------------------------------------------------------
1/1 instances are still running.
1/1 simulations are still running.
--------------------------------------------------------------------------------
[prt-host-watchdog] progress hb='Target Cycle (fastest), Seconds Since Start' uart=16919 guest_log=0 guest_sparse=263346 guest_checkpoint=0 guest_trigger=0 guest_status=1644 guest_proc=3865 guest_runner=596 guest_runner_post=433 guest_runner_early=487 guest_binary=0 guest_runner_proc=11459
[prt-host-watchdog] hb='Target Cycle (fastest), Seconds Since Start' idle=0s hb_idle=312s uart=16919 guest_log=0 guest_sparse=263346 guest_checkpoint=0 guest_trigger=0 guest_status=1644 guest_proc=3865 guest_runner=596 guest_runner_post=433 guest_runner_early=487 guest_binary=0 guest_runner_proc=11459
[2J
FireSim Simulation Status @ 2026-05-07 19:31:10.958443
--------------------------------------------------------------------------------
This workload's output is located in:
/home/ubuntu/chipyard/sims/firesim/deploy/results-workload/2026-05-07--19-18-33-rerocc-lc-linux-coupleddma-bertmini-pipeline-runtime-batch8-fileonly-sync-pairdummy-gdbserver-f2-gemmini-rerocc-pairmanager-dummy8x8-4c12p12-sbus64-linux-bertmini-batch8-fileonly-sync-gdbserver-cfg32-nic-notrace/
This run's log is located in:
/home/ubuntu/chipyard/sims/firesim/deploy/logs/2026-05-07--19-18-33-runworkload-OZ49C911RG8KQVU9.log
This status will update every 10s.
--------------------------------------------------------------------------------
Instances
--------------------------------------------------------------------------------
Hostname/IP: 192.168.1.32 | Terminated: [33mFalse[0m
--------------------------------------------------------------------------------
Simulated Switches
--------------------------------------------------------------------------------
Hostname/IP: 192.168.1.32 | Switch name: switch0 | Switch running: [32mTrue [0m
--------------------------------------------------------------------------------
Simulated Pipes
--------------------------------------------------------------------------------
--------------------------------------------------------------------------------
Simulated Nodes/Jobs
--------------------------------------------------------------------------------
Hostname/IP: 192.168.1.32 | Job: rerocc-lc-linux-coupleddma-bertmini-pipeline-runtime-batch8-fileonly-sync-pairdummy-gdbserver0 | Sim running: [33mTrue [0m
--------------------------------------------------------------------------------
Summary
--------------------------------------------------------------------------------
1/1 instances are still running.
1/1 simulations are still running.
--------------------------------------------------------------------------------
[2J
FireSim Simulation Status @ 2026-05-07 19:31:21.276542
--------------------------------------------------------------------------------
This workload's output is located in:
/home/ubuntu/chipyard/sims/firesim/deploy/results-workload/2026-05-07--19-18-33-rerocc-lc-linux-coupleddma-bertmini-pipeline-runtime-batch8-fileonly-sync-pairdummy-gdbserver-f2-gemmini-rerocc-pairmanager-dummy8x8-4c12p12-sbus64-linux-bertmini-batch8-fileonly-sync-gdbserver-cfg32-nic-notrace/
This run's log is located in:
/home/ubuntu/chipyard/sims/firesim/deploy/logs/2026-05-07--19-18-33-runworkload-OZ49C911RG8KQVU9.log
This status will update every 10s.
--------------------------------------------------------------------------------
Instances
--------------------------------------------------------------------------------
Hostname/IP: 192.168.1.32 | Terminated: [33mFalse[0m
--------------------------------------------------------------------------------
Simulated Switches
--------------------------------------------------------------------------------
Hostname/IP: 192.168.1.32 | Switch name: switch0 | Switch running: [32mTrue [0m
--------------------------------------------------------------------------------
Simulated Pipes
--------------------------------------------------------------------------------
--------------------------------------------------------------------------------
Simulated Nodes/Jobs
--------------------------------------------------------------------------------
Hostname/IP: 192.168.1.32 | Job: rerocc-lc-linux-coupleddma-bertmini-pipeline-runtime-batch8-fileonly-sync-pairdummy-gdbserver0 | Sim running: [33mTrue [0m
--------------------------------------------------------------------------------
Summary
--------------------------------------------------------------------------------
1/1 instances are still running.
1/1 simulations are still running.
--------------------------------------------------------------------------------
[2J
FireSim Simulation Status @ 2026-05-07 19:31:31.595237
--------------------------------------------------------------------------------
This workload's output is located in:
/home/ubuntu/chipyard/sims/firesim/deploy/results-workload/2026-05-07--19-18-33-rerocc-lc-linux-coupleddma-bertmini-pipeline-runtime-batch8-fileonly-sync-pairdummy-gdbserver-f2-gemmini-rerocc-pairmanager-dummy8x8-4c12p12-sbus64-linux-bertmini-batch8-fileonly-sync-gdbserver-cfg32-nic-notrace/
This run's log is located in:
/home/ubuntu/chipyard/sims/firesim/deploy/logs/2026-05-07--19-18-33-runworkload-OZ49C911RG8KQVU9.log
This status will update every 10s.
--------------------------------------------------------------------------------
Instances
--------------------------------------------------------------------------------
Hostname/IP: 192.168.1.32 | Terminated: [33mFalse[0m
--------------------------------------------------------------------------------
Simulated Switches
--------------------------------------------------------------------------------
Hostname/IP: 192.168.1.32 | Switch name: switch0 | Switch running: [32mTrue [0m
--------------------------------------------------------------------------------
Simulated Pipes
--------------------------------------------------------------------------------
--------------------------------------------------------------------------------
Simulated Nodes/Jobs
--------------------------------------------------------------------------------
Hostname/IP: 192.168.1.32 | Job: rerocc-lc-linux-coupleddma-bertmini-pipeline-runtime-batch8-fileonly-sync-pairdummy-gdbserver0 | Sim running: [33mTrue [0m
--------------------------------------------------------------------------------
Summary
--------------------------------------------------------------------------------
1/1 instances are still running.
1/1 simulations are still running.
--------------------------------------------------------------------------------
[prt-host-watchdog] hb='Target Cycle (fastest), Seconds Since Start' idle=32s hb_idle=344s uart=16919 guest_log=0 guest_sparse=263346 guest_checkpoint=0 guest_trigger=0 guest_status=1644 guest_proc=3865 guest_runner=596 guest_runner_post=433 guest_runner_early=487 guest_binary=0 guest_runner_proc=11459
[2J
FireSim Simulation Status @ 2026-05-07 19:31:41.894226
--------------------------------------------------------------------------------
This workload's output is located in:
/home/ubuntu/chipyard/sims/firesim/deploy/results-workload/2026-05-07--19-18-33-rerocc-lc-linux-coupleddma-bertmini-pipeline-runtime-batch8-fileonly-sync-pairdummy-gdbserver-f2-gemmini-rerocc-pairmanager-dummy8x8-4c12p12-sbus64-linux-bertmini-batch8-fileonly-sync-gdbserver-cfg32-nic-notrace/
This run's log is located in:
/home/ubuntu/chipyard/sims/firesim/deploy/logs/2026-05-07--19-18-33-runworkload-OZ49C911RG8KQVU9.log
This status will update every 10s.
--------------------------------------------------------------------------------
Instances
--------------------------------------------------------------------------------
Hostname/IP: 192.168.1.32 | Terminated: [33mFalse[0m
--------------------------------------------------------------------------------
Simulated Switches
--------------------------------------------------------------------------------
Hostname/IP: 192.168.1.32 | Switch name: switch0 | Switch running: [32mTrue [0m
--------------------------------------------------------------------------------
Simulated Pipes
--------------------------------------------------------------------------------
--------------------------------------------------------------------------------
Simulated Nodes/Jobs
--------------------------------------------------------------------------------
Hostname/IP: 192.168.1.32 | Job: rerocc-lc-linux-coupleddma-bertmini-pipeline-runtime-batch8-fileonly-sync-pairdummy-gdbserver0 | Sim running: [33mTrue [0m
--------------------------------------------------------------------------------
Summary
--------------------------------------------------------------------------------
1/1 instances are still running.
1/1 simulations are still running.
--------------------------------------------------------------------------------
[2J
FireSim Simulation Status @ 2026-05-07 19:31:52.222340
--------------------------------------------------------------------------------
This workload's output is located in:
/home/ubuntu/chipyard/sims/firesim/deploy/results-workload/2026-05-07--19-18-33-rerocc-lc-linux-coupleddma-bertmini-pipeline-runtime-batch8-fileonly-sync-pairdummy-gdbserver-f2-gemmini-rerocc-pairmanager-dummy8x8-4c12p12-sbus64-linux-bertmini-batch8-fileonly-sync-gdbserver-cfg32-nic-notrace/
This run's log is located in:
/home/ubuntu/chipyard/sims/firesim/deploy/logs/2026-05-07--19-18-33-runworkload-OZ49C911RG8KQVU9.log
This status will update every 10s.
--------------------------------------------------------------------------------
Instances
--------------------------------------------------------------------------------
Hostname/IP: 192.168.1.32 | Terminated: [33mFalse[0m
--------------------------------------------------------------------------------
Simulated Switches
--------------------------------------------------------------------------------
Hostname/IP: 192.168.1.32 | Switch name: switch0 | Switch running: [32mTrue [0m
--------------------------------------------------------------------------------
Simulated Pipes
--------------------------------------------------------------------------------
--------------------------------------------------------------------------------
Simulated Nodes/Jobs
--------------------------------------------------------------------------------
Hostname/IP: 192.168.1.32 | Job: rerocc-lc-linux-coupleddma-bertmini-pipeline-runtime-batch8-fileonly-sync-pairdummy-gdbserver0 | Sim running: [33mTrue [0m
--------------------------------------------------------------------------------
Summary
--------------------------------------------------------------------------------
1/1 instances are still running.
1/1 simulations are still running.
--------------------------------------------------------------------------------
[2J
FireSim Simulation Status @ 2026-05-07 19:32:02.772878
--------------------------------------------------------------------------------
This workload's output is located in:
/home/ubuntu/chipyard/sims/firesim/deploy/results-workload/2026-05-07--19-18-33-rerocc-lc-linux-coupleddma-bertmini-pipeline-runtime-batch8-fileonly-sync-pairdummy-gdbserver-f2-gemmini-rerocc-pairmanager-dummy8x8-4c12p12-sbus64-linux-bertmini-batch8-fileonly-sync-gdbserver-cfg32-nic-notrace/
This run's log is located in:
/home/ubuntu/chipyard/sims/firesim/deploy/logs/2026-05-07--19-18-33-runworkload-OZ49C911RG8KQVU9.log
This status will update every 10s.
--------------------------------------------------------------------------------
Instances
--------------------------------------------------------------------------------
Hostname/IP: 192.168.1.32 | Terminated: [33mFalse[0m
--------------------------------------------------------------------------------
Simulated Switches
--------------------------------------------------------------------------------
Hostname/IP: 192.168.1.32 | Switch name: switch0 | Switch running: [32mTrue [0m
--------------------------------------------------------------------------------
Simulated Pipes
--------------------------------------------------------------------------------
--------------------------------------------------------------------------------
Simulated Nodes/Jobs
--------------------------------------------------------------------------------
Hostname/IP: 192.168.1.32 | Job: rerocc-lc-linux-coupleddma-bertmini-pipeline-runtime-batch8-fileonly-sync-pairdummy-gdbserver0 | Sim running: [33mTrue [0m
--------------------------------------------------------------------------------
Summary
--------------------------------------------------------------------------------
1/1 instances are still running.
1/1 simulations are still running.
--------------------------------------------------------------------------------
[prt-host-watchdog] hb='Target Cycle (fastest), Seconds Since Start' idle=63s hb_idle=375s uart=16919 guest_log=0 guest_sparse=263346 guest_checkpoint=0 guest_trigger=0 guest_status=1644 guest_proc=3865 guest_runner=596 guest_runner_post=433 guest_runner_early=487 guest_binary=0 guest_runner_proc=11459
[2J
FireSim Simulation Status @ 2026-05-07 19:32:13.101896
--------------------------------------------------------------------------------
This workload's output is located in:
/home/ubuntu/chipyard/sims/firesim/deploy/results-workload/2026-05-07--19-18-33-rerocc-lc-linux-coupleddma-bertmini-pipeline-runtime-batch8-fileonly-sync-pairdummy-gdbserver-f2-gemmini-rerocc-pairmanager-dummy8x8-4c12p12-sbus64-linux-bertmini-batch8-fileonly-sync-gdbserver-cfg32-nic-notrace/
This run's log is located in:
/home/ubuntu/chipyard/sims/firesim/deploy/logs/2026-05-07--19-18-33-runworkload-OZ49C911RG8KQVU9.log
This status will update every 10s.
--------------------------------------------------------------------------------
Instances
--------------------------------------------------------------------------------
Hostname/IP: 192.168.1.32 | Terminated: [33mFalse[0m
--------------------------------------------------------------------------------
Simulated Switches
--------------------------------------------------------------------------------
Hostname/IP: 192.168.1.32 | Switch name: switch0 | Switch running: [32mTrue [0m
--------------------------------------------------------------------------------
Simulated Pipes
--------------------------------------------------------------------------------
--------------------------------------------------------------------------------
Simulated Nodes/Jobs
--------------------------------------------------------------------------------
Hostname/IP: 192.168.1.32 | Job: rerocc-lc-linux-coupleddma-bertmini-pipeline-runtime-batch8-fileonly-sync-pairdummy-gdbserver0 | Sim running: [33mTrue [0m
--------------------------------------------------------------------------------
Summary
--------------------------------------------------------------------------------
1/1 instances are still running.
1/1 simulations are still running.
--------------------------------------------------------------------------------
[2J
FireSim Simulation Status @ 2026-05-07 19:32:23.420679
--------------------------------------------------------------------------------
This workload's output is located in:
/home/ubuntu/chipyard/sims/firesim/deploy/results-workload/2026-05-07--19-18-33-rerocc-lc-linux-coupleddma-bertmini-pipeline-runtime-batch8-fileonly-sync-pairdummy-gdbserver-f2-gemmini-rerocc-pairmanager-dummy8x8-4c12p12-sbus64-linux-bertmini-batch8-fileonly-sync-gdbserver-cfg32-nic-notrace/
This run's log is located in:
/home/ubuntu/chipyard/sims/firesim/deploy/logs/2026-05-07--19-18-33-runworkload-OZ49C911RG8KQVU9.log
This status will update every 10s.
--------------------------------------------------------------------------------
Instances
--------------------------------------------------------------------------------
Hostname/IP: 192.168.1.32 | Terminated: [33mFalse[0m
--------------------------------------------------------------------------------
Simulated Switches
--------------------------------------------------------------------------------
Hostname/IP: 192.168.1.32 | Switch name: switch0 | Switch running: [32mTrue [0m
--------------------------------------------------------------------------------
Simulated Pipes
--------------------------------------------------------------------------------
--------------------------------------------------------------------------------
Simulated Nodes/Jobs
--------------------------------------------------------------------------------
Hostname/IP: 192.168.1.32 | Job: rerocc-lc-linux-coupleddma-bertmini-pipeline-runtime-batch8-fileonly-sync-pairdummy-gdbserver0 | Sim running: [33mTrue [0m
--------------------------------------------------------------------------------
Summary
--------------------------------------------------------------------------------
1/1 instances are still running.
1/1 simulations are still running.
--------------------------------------------------------------------------------
[2J
FireSim Simulation Status @ 2026-05-07 19:32:33.716073
--------------------------------------------------------------------------------
This workload's output is located in:
/home/ubuntu/chipyard/sims/firesim/deploy/results-workload/2026-05-07--19-18-33-rerocc-lc-linux-coupleddma-bertmini-pipeline-runtime-batch8-fileonly-sync-pairdummy-gdbserver-f2-gemmini-rerocc-pairmanager-dummy8x8-4c12p12-sbus64-linux-bertmini-batch8-fileonly-sync-gdbserver-cfg32-nic-notrace/
This run's log is located in:
/home/ubuntu/chipyard/sims/firesim/deploy/logs/2026-05-07--19-18-33-runworkload-OZ49C911RG8KQVU9.log
This status will update every 10s.
--------------------------------------------------------------------------------
Instances
--------------------------------------------------------------------------------
Hostname/IP: 192.168.1.32 | Terminated: [33mFalse[0m
--------------------------------------------------------------------------------
Simulated Switches
--------------------------------------------------------------------------------
Hostname/IP: 192.168.1.32 | Switch name: switch0 | Switch running: [32mTrue [0m
--------------------------------------------------------------------------------
Simulated Pipes
--------------------------------------------------------------------------------
--------------------------------------------------------------------------------
Simulated Nodes/Jobs
--------------------------------------------------------------------------------
Hostname/IP: 192.168.1.32 | Job: rerocc-lc-linux-coupleddma-bertmini-pipeline-runtime-batch8-fileonly-sync-pairdummy-gdbserver0 | Sim running: [33mTrue [0m
--------------------------------------------------------------------------------
Summary
--------------------------------------------------------------------------------
1/1 instances are still running.
1/1 simulations are still running.
--------------------------------------------------------------------------------
[prt-host-watchdog] hb='Target Cycle (fastest), Seconds Since Start' idle=94s hb_idle=406s uart=16919 guest_log=0 guest_sparse=263346 guest_checkpoint=0 guest_trigger=0 guest_status=1644 guest_proc=3865 guest_runner=596 guest_runner_post=433 guest_runner_early=487 guest_binary=0 guest_runner_proc=11459
[2J
FireSim Simulation Status @ 2026-05-07 19:32:44.025185
--------------------------------------------------------------------------------
This workload's output is located in:
/home/ubuntu/chipyard/sims/firesim/deploy/results-workload/2026-05-07--19-18-33-rerocc-lc-linux-coupleddma-bertmini-pipeline-runtime-batch8-fileonly-sync-pairdummy-gdbserver-f2-gemmini-rerocc-pairmanager-dummy8x8-4c12p12-sbus64-linux-bertmini-batch8-fileonly-sync-gdbserver-cfg32-nic-notrace/
This run's log is located in:
/home/ubuntu/chipyard/sims/firesim/deploy/logs/2026-05-07--19-18-33-runworkload-OZ49C911RG8KQVU9.log
This status will update every 10s.
--------------------------------------------------------------------------------
Instances
--------------------------------------------------------------------------------
Hostname/IP: 192.168.1.32 | Terminated: [33mFalse[0m
--------------------------------------------------------------------------------
Simulated Switches
--------------------------------------------------------------------------------
Hostname/IP: 192.168.1.32 | Switch name: switch0 | Switch running: [32mTrue [0m
--------------------------------------------------------------------------------
Simulated Pipes
--------------------------------------------------------------------------------
--------------------------------------------------------------------------------
Simulated Nodes/Jobs
--------------------------------------------------------------------------------
Hostname/IP: 192.168.1.32 | Job: rerocc-lc-linux-coupleddma-bertmini-pipeline-runtime-batch8-fileonly-sync-pairdummy-gdbserver0 | Sim running: [33mTrue [0m
--------------------------------------------------------------------------------
Summary
--------------------------------------------------------------------------------
1/1 instances are still running.
1/1 simulations are still running.
--------------------------------------------------------------------------------
[2J
FireSim Simulation Status @ 2026-05-07 19:32:54.353578
--------------------------------------------------------------------------------
This workload's output is located in:
/home/ubuntu/chipyard/sims/firesim/deploy/results-workload/2026-05-07--19-18-33-rerocc-lc-linux-coupleddma-bertmini-pipeline-runtime-batch8-fileonly-sync-pairdummy-gdbserver-f2-gemmini-rerocc-pairmanager-dummy8x8-4c12p12-sbus64-linux-bertmini-batch8-fileonly-sync-gdbserver-cfg32-nic-notrace/
This run's log is located in:
/home/ubuntu/chipyard/sims/firesim/deploy/logs/2026-05-07--19-18-33-runworkload-OZ49C911RG8KQVU9.log
This status will update every 10s.
--------------------------------------------------------------------------------
Instances
--------------------------------------------------------------------------------
Hostname/IP: 192.168.1.32 | Terminated: [33mFalse[0m
--------------------------------------------------------------------------------
Simulated Switches
--------------------------------------------------------------------------------
Hostname/IP: 192.168.1.32 | Switch name: switch0 | Switch running: [32mTrue [0m
--------------------------------------------------------------------------------
Simulated Pipes
--------------------------------------------------------------------------------
--------------------------------------------------------------------------------
Simulated Nodes/Jobs
--------------------------------------------------------------------------------
Hostname/IP: 192.168.1.32 | Job: rerocc-lc-linux-coupleddma-bertmini-pipeline-runtime-batch8-fileonly-sync-pairdummy-gdbserver0 | Sim running: [33mTrue [0m
--------------------------------------------------------------------------------
Summary
--------------------------------------------------------------------------------
1/1 instances are still running.
1/1 simulations are still running.
--------------------------------------------------------------------------------
[2J
FireSim Simulation Status @ 2026-05-07 19:33:04.883429
--------------------------------------------------------------------------------
This workload's output is located in:
/home/ubuntu/chipyard/sims/firesim/deploy/results-workload/2026-05-07--19-18-33-rerocc-lc-linux-coupleddma-bertmini-pipeline-runtime-batch8-fileonly-sync-pairdummy-gdbserver-f2-gemmini-rerocc-pairmanager-dummy8x8-4c12p12-sbus64-linux-bertmini-batch8-fileonly-sync-gdbserver-cfg32-nic-notrace/
This run's log is located in:
/home/ubuntu/chipyard/sims/firesim/deploy/logs/2026-05-07--19-18-33-runworkload-OZ49C911RG8KQVU9.log
This status will update every 10s.
--------------------------------------------------------------------------------
Instances
--------------------------------------------------------------------------------
Hostname/IP: 192.168.1.32 | Terminated: [33mFalse[0m
--------------------------------------------------------------------------------
Simulated Switches
--------------------------------------------------------------------------------
Hostname/IP: 192.168.1.32 | Switch name: switch0 | Switch running: [32mTrue [0m
--------------------------------------------------------------------------------
Simulated Pipes
--------------------------------------------------------------------------------
--------------------------------------------------------------------------------
Simulated Nodes/Jobs
--------------------------------------------------------------------------------
Hostname/IP: 192.168.1.32 | Job: rerocc-lc-linux-coupleddma-bertmini-pipeline-runtime-batch8-fileonly-sync-pairdummy-gdbserver0 | Sim running: [33mTrue [0m
--------------------------------------------------------------------------------
Summary
--------------------------------------------------------------------------------
1/1 instances are still running.
1/1 simulations are still running.
--------------------------------------------------------------------------------
[prt-host-watchdog] hb='Target Cycle (fastest), Seconds Since Start' idle=126s hb_idle=438s uart=16919 guest_log=0 guest_sparse=263346 guest_checkpoint=0 guest_trigger=0 guest_status=1644 guest_proc=3865 guest_runner=596 guest_runner_post=433 guest_runner_early=487 guest_binary=0 guest_runner_proc=11459
[2J
FireSim Simulation Status @ 2026-05-07 19:33:15.191818
--------------------------------------------------------------------------------
This workload's output is located in:
/home/ubuntu/chipyard/sims/firesim/deploy/results-workload/2026-05-07--19-18-33-rerocc-lc-linux-coupleddma-bertmini-pipeline-runtime-batch8-fileonly-sync-pairdummy-gdbserver-f2-gemmini-rerocc-pairmanager-dummy8x8-4c12p12-sbus64-linux-bertmini-batch8-fileonly-sync-gdbserver-cfg32-nic-notrace/
This run's log is located in:
/home/ubuntu/chipyard/sims/firesim/deploy/logs/2026-05-07--19-18-33-runworkload-OZ49C911RG8KQVU9.log
This status will update every 10s.
--------------------------------------------------------------------------------
Instances
--------------------------------------------------------------------------------
Hostname/IP: 192.168.1.32 | Terminated: [33mFalse[0m
--------------------------------------------------------------------------------
Simulated Switches
--------------------------------------------------------------------------------
Hostname/IP: 192.168.1.32 | Switch name: switch0 | Switch running: [32mTrue [0m
--------------------------------------------------------------------------------
Simulated Pipes
--------------------------------------------------------------------------------
--------------------------------------------------------------------------------
Simulated Nodes/Jobs
--------------------------------------------------------------------------------
Hostname/IP: 192.168.1.32 | Job: rerocc-lc-linux-coupleddma-bertmini-pipeline-runtime-batch8-fileonly-sync-pairdummy-gdbserver0 | Sim running: [33mTrue [0m
--------------------------------------------------------------------------------
Summary
--------------------------------------------------------------------------------
1/1 instances are still running.
1/1 simulations are still running.
--------------------------------------------------------------------------------
[2J
FireSim Simulation Status @ 2026-05-07 19:33:25.510004
--------------------------------------------------------------------------------
This workload's output is located in:
/home/ubuntu/chipyard/sims/firesim/deploy/results-workload/2026-05-07--19-18-33-rerocc-lc-linux-coupleddma-bertmini-pipeline-runtime-batch8-fileonly-sync-pairdummy-gdbserver-f2-gemmini-rerocc-pairmanager-dummy8x8-4c12p12-sbus64-linux-bertmini-batch8-fileonly-sync-gdbserver-cfg32-nic-notrace/
This run's log is located in:
/home/ubuntu/chipyard/sims/firesim/deploy/logs/2026-05-07--19-18-33-runworkload-OZ49C911RG8KQVU9.log
This status will update every 10s.
--------------------------------------------------------------------------------
Instances
--------------------------------------------------------------------------------
Hostname/IP: 192.168.1.32 | Terminated: [33mFalse[0m
--------------------------------------------------------------------------------
Simulated Switches
--------------------------------------------------------------------------------
Hostname/IP: 192.168.1.32 | Switch name: switch0 | Switch running: [32mTrue [0m
--------------------------------------------------------------------------------
Simulated Pipes
--------------------------------------------------------------------------------
--------------------------------------------------------------------------------
Simulated Nodes/Jobs
--------------------------------------------------------------------------------
Hostname/IP: 192.168.1.32 | Job: rerocc-lc-linux-coupleddma-bertmini-pipeline-runtime-batch8-fileonly-sync-pairdummy-gdbserver0 | Sim running: [33mTrue [0m
--------------------------------------------------------------------------------
Summary
--------------------------------------------------------------------------------
1/1 instances are still running.
1/1 simulations are still running.
--------------------------------------------------------------------------------
[2J
FireSim Simulation Status @ 2026-05-07 19:33:35.828339
--------------------------------------------------------------------------------
This workload's output is located in:
/home/ubuntu/chipyard/sims/firesim/deploy/results-workload/2026-05-07--19-18-33-rerocc-lc-linux-coupleddma-bertmini-pipeline-runtime-batch8-fileonly-sync-pairdummy-gdbserver-f2-gemmini-rerocc-pairmanager-dummy8x8-4c12p12-sbus64-linux-bertmini-batch8-fileonly-sync-gdbserver-cfg32-nic-notrace/
This run's log is located in:
/home/ubuntu/chipyard/sims/firesim/deploy/logs/2026-05-07--19-18-33-runworkload-OZ49C911RG8KQVU9.log
This status will update every 10s.
--------------------------------------------------------------------------------
Instances
--------------------------------------------------------------------------------
Hostname/IP: 192.168.1.32 | Terminated: [33mFalse[0m
--------------------------------------------------------------------------------
Simulated Switches
--------------------------------------------------------------------------------
Hostname/IP: 192.168.1.32 | Switch name: switch0 | Switch running: [32mTrue [0m
--------------------------------------------------------------------------------
Simulated Pipes
--------------------------------------------------------------------------------
--------------------------------------------------------------------------------
Simulated Nodes/Jobs
--------------------------------------------------------------------------------
Hostname/IP: 192.168.1.32 | Job: rerocc-lc-linux-coupleddma-bertmini-pipeline-runtime-batch8-fileonly-sync-pairdummy-gdbserver0 | Sim running: [33mTrue [0m
--------------------------------------------------------------------------------
Summary
--------------------------------------------------------------------------------
1/1 instances are still running.
1/1 simulations are still running.
--------------------------------------------------------------------------------
[prt-host-watchdog] heartbeat-progress hb='16778943334, 891' idle=157s hb_idle=0s uart=16919 guest_log=0 guest_sparse=263346 guest_status=1644
[prt-host-watchdog] hb='16778943334, 891' idle=157s hb_idle=0s uart=16919 guest_log=0 guest_sparse=263346 guest_checkpoint=0 guest_trigger=0 guest_status=1644 guest_proc=3865 guest_runner=596 guest_runner_post=433 guest_runner_early=487 guest_binary=0 guest_runner_proc=11459
[2J
FireSim Simulation Status @ 2026-05-07 19:33:46.148874
--------------------------------------------------------------------------------
This workload's output is located in:
/home/ubuntu/chipyard/sims/firesim/deploy/results-workload/2026-05-07--19-18-33-rerocc-lc-linux-coupleddma-bertmini-pipeline-runtime-batch8-fileonly-sync-pairdummy-gdbserver-f2-gemmini-rerocc-pairmanager-dummy8x8-4c12p12-sbus64-linux-bertmini-batch8-fileonly-sync-gdbserver-cfg32-nic-notrace/
This run's log is located in:
/home/ubuntu/chipyard/sims/firesim/deploy/logs/2026-05-07--19-18-33-runworkload-OZ49C911RG8KQVU9.log
This status will update every 10s.
--------------------------------------------------------------------------------
Instances
--------------------------------------------------------------------------------
Hostname/IP: 192.168.1.32 | Terminated: [33mFalse[0m
--------------------------------------------------------------------------------
Simulated Switches
--------------------------------------------------------------------------------
Hostname/IP: 192.168.1.32 | Switch name: switch0 | Switch running: [32mTrue [0m
--------------------------------------------------------------------------------
Simulated Pipes
--------------------------------------------------------------------------------
--------------------------------------------------------------------------------
Simulated Nodes/Jobs
--------------------------------------------------------------------------------
Hostname/IP: 192.168.1.32 | Job: rerocc-lc-linux-coupleddma-bertmini-pipeline-runtime-batch8-fileonly-sync-pairdummy-gdbserver0 | Sim running: [33mTrue [0m
--------------------------------------------------------------------------------
Summary
--------------------------------------------------------------------------------
1/1 instances are still running.
1/1 simulations are still running.
--------------------------------------------------------------------------------
[2J
FireSim Simulation Status @ 2026-05-07 19:33:56.456931
--------------------------------------------------------------------------------
This workload's output is located in:
/home/ubuntu/chipyard/sims/firesim/deploy/results-workload/2026-05-07--19-18-33-rerocc-lc-linux-coupleddma-bertmini-pipeline-runtime-batch8-fileonly-sync-pairdummy-gdbserver-f2-gemmini-rerocc-pairmanager-dummy8x8-4c12p12-sbus64-linux-bertmini-batch8-fileonly-sync-gdbserver-cfg32-nic-notrace/
This run's log is located in:
/home/ubuntu/chipyard/sims/firesim/deploy/logs/2026-05-07--19-18-33-runworkload-OZ49C911RG8KQVU9.log
This status will update every 10s.
--------------------------------------------------------------------------------
Instances
--------------------------------------------------------------------------------
Hostname/IP: 192.168.1.32 | Terminated: [33mFalse[0m
--------------------------------------------------------------------------------
Simulated Switches
--------------------------------------------------------------------------------
Hostname/IP: 192.168.1.32 | Switch name: switch0 | Switch running: [32mTrue [0m
--------------------------------------------------------------------------------
Simulated Pipes
--------------------------------------------------------------------------------
--------------------------------------------------------------------------------
Simulated Nodes/Jobs
--------------------------------------------------------------------------------
Hostname/IP: 192.168.1.32 | Job: rerocc-lc-linux-coupleddma-bertmini-pipeline-runtime-batch8-fileonly-sync-pairdummy-gdbserver0 | Sim running: [33mTrue [0m
--------------------------------------------------------------------------------
Summary
--------------------------------------------------------------------------------
1/1 instances are still running.
1/1 simulations are still running.
--------------------------------------------------------------------------------
[2J
FireSim Simulation Status @ 2026-05-07 19:34:06.996500
--------------------------------------------------------------------------------
This workload's output is located in:
/home/ubuntu/chipyard/sims/firesim/deploy/results-workload/2026-05-07--19-18-33-rerocc-lc-linux-coupleddma-bertmini-pipeline-runtime-batch8-fileonly-sync-pairdummy-gdbserver-f2-gemmini-rerocc-pairmanager-dummy8x8-4c12p12-sbus64-linux-bertmini-batch8-fileonly-sync-gdbserver-cfg32-nic-notrace/
This run's log is located in:
/home/ubuntu/chipyard/sims/firesim/deploy/logs/2026-05-07--19-18-33-runworkload-OZ49C911RG8KQVU9.log
This status will update every 10s.
--------------------------------------------------------------------------------
Instances
--------------------------------------------------------------------------------
Hostname/IP: 192.168.1.32 | Terminated: [33mFalse[0m
--------------------------------------------------------------------------------
Simulated Switches
--------------------------------------------------------------------------------
Hostname/IP: 192.168.1.32 | Switch name: switch0 | Switch running: [32mTrue [0m
--------------------------------------------------------------------------------
Simulated Pipes
--------------------------------------------------------------------------------
--------------------------------------------------------------------------------
Simulated Nodes/Jobs
--------------------------------------------------------------------------------
Hostname/IP: 192.168.1.32 | Job: rerocc-lc-linux-coupleddma-bertmini-pipeline-runtime-batch8-fileonly-sync-pairdummy-gdbserver0 | Sim running: [33mTrue [0m
--------------------------------------------------------------------------------
Summary
--------------------------------------------------------------------------------
1/1 instances are still running.
1/1 simulations are still running.
--------------------------------------------------------------------------------
[prt-host-watchdog] hb='16778943334, 891' idle=188s hb_idle=31s uart=16919 guest_log=0 guest_sparse=263346 guest_checkpoint=0 guest_trigger=0 guest_status=1644 guest_proc=3865 guest_runner=596 guest_runner_post=433 guest_runner_early=487 guest_binary=0 guest_runner_proc=11459
[2J
FireSim Simulation Status @ 2026-05-07 19:34:17.304611
--------------------------------------------------------------------------------
This workload's output is located in:
/home/ubuntu/chipyard/sims/firesim/deploy/results-workload/2026-05-07--19-18-33-rerocc-lc-linux-coupleddma-bertmini-pipeline-runtime-batch8-fileonly-sync-pairdummy-gdbserver-f2-gemmini-rerocc-pairmanager-dummy8x8-4c12p12-sbus64-linux-bertmini-batch8-fileonly-sync-gdbserver-cfg32-nic-notrace/
This run's log is located in:
/home/ubuntu/chipyard/sims/firesim/deploy/logs/2026-05-07--19-18-33-runworkload-OZ49C911RG8KQVU9.log
This status will update every 10s.
--------------------------------------------------------------------------------
Instances
--------------------------------------------------------------------------------
Hostname/IP: 192.168.1.32 | Terminated: [33mFalse[0m
--------------------------------------------------------------------------------
Simulated Switches
--------------------------------------------------------------------------------
Hostname/IP: 192.168.1.32 | Switch name: switch0 | Switch running: [32mTrue [0m
--------------------------------------------------------------------------------
Simulated Pipes
--------------------------------------------------------------------------------
--------------------------------------------------------------------------------
Simulated Nodes/Jobs
--------------------------------------------------------------------------------
Hostname/IP: 192.168.1.32 | Job: rerocc-lc-linux-coupleddma-bertmini-pipeline-runtime-batch8-fileonly-sync-pairdummy-gdbserver0 | Sim running: [33mTrue [0m
--------------------------------------------------------------------------------
Summary
--------------------------------------------------------------------------------
1/1 instances are still running.
1/1 simulations are still running.
--------------------------------------------------------------------------------
[2J
FireSim Simulation Status @ 2026-05-07 19:34:27.602795
--------------------------------------------------------------------------------
This workload's output is located in:
/home/ubuntu/chipyard/sims/firesim/deploy/results-workload/2026-05-07--19-18-33-rerocc-lc-linux-coupleddma-bertmini-pipeline-runtime-batch8-fileonly-sync-pairdummy-gdbserver-f2-gemmini-rerocc-pairmanager-dummy8x8-4c12p12-sbus64-linux-bertmini-batch8-fileonly-sync-gdbserver-cfg32-nic-notrace/
This run's log is located in:
/home/ubuntu/chipyard/sims/firesim/deploy/logs/2026-05-07--19-18-33-runworkload-OZ49C911RG8KQVU9.log
This status will update every 10s.
--------------------------------------------------------------------------------
Instances
--------------------------------------------------------------------------------
Hostname/IP: 192.168.1.32 | Terminated: [33mFalse[0m
--------------------------------------------------------------------------------
Simulated Switches
--------------------------------------------------------------------------------
Hostname/IP: 192.168.1.32 | Switch name: switch0 | Switch running: [32mTrue [0m
--------------------------------------------------------------------------------
Simulated Pipes
--------------------------------------------------------------------------------
--------------------------------------------------------------------------------
Simulated Nodes/Jobs
--------------------------------------------------------------------------------
Hostname/IP: 192.168.1.32 | Job: rerocc-lc-linux-coupleddma-bertmini-pipeline-runtime-batch8-fileonly-sync-pairdummy-gdbserver0 | Sim running: [33mTrue [0m
--------------------------------------------------------------------------------
Summary
--------------------------------------------------------------------------------
1/1 instances are still running.
1/1 simulations are still running.
--------------------------------------------------------------------------------
[2J
FireSim Simulation Status @ 2026-05-07 19:34:37.921321
--------------------------------------------------------------------------------
This workload's output is located in:
/home/ubuntu/chipyard/sims/firesim/deploy/results-workload/2026-05-07--19-18-33-rerocc-lc-linux-coupleddma-bertmini-pipeline-runtime-batch8-fileonly-sync-pairdummy-gdbserver-f2-gemmini-rerocc-pairmanager-dummy8x8-4c12p12-sbus64-linux-bertmini-batch8-fileonly-sync-gdbserver-cfg32-nic-notrace/
This run's log is located in:
/home/ubuntu/chipyard/sims/firesim/deploy/logs/2026-05-07--19-18-33-runworkload-OZ49C911RG8KQVU9.log
This status will update every 10s.
--------------------------------------------------------------------------------
Instances
--------------------------------------------------------------------------------
Hostname/IP: 192.168.1.32 | Terminated: [33mFalse[0m
--------------------------------------------------------------------------------
Simulated Switches
--------------------------------------------------------------------------------
Hostname/IP: 192.168.1.32 | Switch name: switch0 | Switch running: [32mTrue [0m
--------------------------------------------------------------------------------
Simulated Pipes
--------------------------------------------------------------------------------
--------------------------------------------------------------------------------
Simulated Nodes/Jobs
--------------------------------------------------------------------------------
Hostname/IP: 192.168.1.32 | Job: rerocc-lc-linux-coupleddma-bertmini-pipeline-runtime-batch8-fileonly-sync-pairdummy-gdbserver0 | Sim running: [33mTrue [0m
--------------------------------------------------------------------------------
Summary
--------------------------------------------------------------------------------
1/1 instances are still running.
1/1 simulations are still running.
--------------------------------------------------------------------------------
[prt-host-watchdog] hb='16778943334, 891' idle=219s hb_idle=62s uart=16919 guest_log=0 guest_sparse=263346 guest_checkpoint=0 guest_trigger=0 guest_status=1644 guest_proc=3865 guest_runner=596 guest_runner_post=433 guest_runner_early=487 guest_binary=0 guest_runner_proc=11459
[2J
FireSim Simulation Status @ 2026-05-07 19:34:48.239969
--------------------------------------------------------------------------------
This workload's output is located in:
/home/ubuntu/chipyard/sims/firesim/deploy/results-workload/2026-05-07--19-18-33-rerocc-lc-linux-coupleddma-bertmini-pipeline-runtime-batch8-fileonly-sync-pairdummy-gdbserver-f2-gemmini-rerocc-pairmanager-dummy8x8-4c12p12-sbus64-linux-bertmini-batch8-fileonly-sync-gdbserver-cfg32-nic-notrace/
This run's log is located in:
/home/ubuntu/chipyard/sims/firesim/deploy/logs/2026-05-07--19-18-33-runworkload-OZ49C911RG8KQVU9.log
This status will update every 10s.
--------------------------------------------------------------------------------
Instances
--------------------------------------------------------------------------------
Hostname/IP: 192.168.1.32 | Terminated: [33mFalse[0m
--------------------------------------------------------------------------------
Simulated Switches
--------------------------------------------------------------------------------
Hostname/IP: 192.168.1.32 | Switch name: switch0 | Switch running: [32mTrue [0m
--------------------------------------------------------------------------------
Simulated Pipes
--------------------------------------------------------------------------------
--------------------------------------------------------------------------------
Simulated Nodes/Jobs
--------------------------------------------------------------------------------
Hostname/IP: 192.168.1.32 | Job: rerocc-lc-linux-coupleddma-bertmini-pipeline-runtime-batch8-fileonly-sync-pairdummy-gdbserver0 | Sim running: [33mTrue [0m
--------------------------------------------------------------------------------
Summary
--------------------------------------------------------------------------------
1/1 instances are still running.
1/1 simulations are still running.
--------------------------------------------------------------------------------
[2J
FireSim Simulation Status @ 2026-05-07 19:34:58.557872
--------------------------------------------------------------------------------
This workload's output is located in:
/home/ubuntu/chipyard/sims/firesim/deploy/results-workload/2026-05-07--19-18-33-rerocc-lc-linux-coupleddma-bertmini-pipeline-runtime-batch8-fileonly-sync-pairdummy-gdbserver-f2-gemmini-rerocc-pairmanager-dummy8x8-4c12p12-sbus64-linux-bertmini-batch8-fileonly-sync-gdbserver-cfg32-nic-notrace/
This run's log is located in:
/home/ubuntu/chipyard/sims/firesim/deploy/logs/2026-05-07--19-18-33-runworkload-OZ49C911RG8KQVU9.log
This status will update every 10s.
--------------------------------------------------------------------------------
Instances
--------------------------------------------------------------------------------
Hostname/IP: 192.168.1.32 | Terminated: [33mFalse[0m
--------------------------------------------------------------------------------
Simulated Switches
--------------------------------------------------------------------------------
Hostname/IP: 192.168.1.32 | Switch name: switch0 | Switch running: [32mTrue [0m
--------------------------------------------------------------------------------
Simulated Pipes
--------------------------------------------------------------------------------
--------------------------------------------------------------------------------
Simulated Nodes/Jobs
--------------------------------------------------------------------------------
Hostname/IP: 192.168.1.32 | Job: rerocc-lc-linux-coupleddma-bertmini-pipeline-runtime-batch8-fileonly-sync-pairdummy-gdbserver0 | Sim running: [33mTrue [0m
--------------------------------------------------------------------------------
Summary
--------------------------------------------------------------------------------
1/1 instances are still running.
1/1 simulations are still running.
--------------------------------------------------------------------------------
[2J
FireSim Simulation Status @ 2026-05-07 19:35:09.097528
--------------------------------------------------------------------------------
This workload's output is located in:
/home/ubuntu/chipyard/sims/firesim/deploy/results-workload/2026-05-07--19-18-33-rerocc-lc-linux-coupleddma-bertmini-pipeline-runtime-batch8-fileonly-sync-pairdummy-gdbserver-f2-gemmini-rerocc-pairmanager-dummy8x8-4c12p12-sbus64-linux-bertmini-batch8-fileonly-sync-gdbserver-cfg32-nic-notrace/
This run's log is located in:
/home/ubuntu/chipyard/sims/firesim/deploy/logs/2026-05-07--19-18-33-runworkload-OZ49C911RG8KQVU9.log
This status will update every 10s.
--------------------------------------------------------------------------------
Instances
--------------------------------------------------------------------------------
Hostname/IP: 192.168.1.32 | Terminated: [33mFalse[0m
--------------------------------------------------------------------------------
Simulated Switches
--------------------------------------------------------------------------------
Hostname/IP: 192.168.1.32 | Switch name: switch0 | Switch running: [32mTrue [0m
--------------------------------------------------------------------------------
Simulated Pipes
--------------------------------------------------------------------------------
--------------------------------------------------------------------------------
Simulated Nodes/Jobs
--------------------------------------------------------------------------------
Hostname/IP: 192.168.1.32 | Job: rerocc-lc-linux-coupleddma-bertmini-pipeline-runtime-batch8-fileonly-sync-pairdummy-gdbserver0 | Sim running: [33mTrue [0m
--------------------------------------------------------------------------------
Summary
--------------------------------------------------------------------------------
1/1 instances are still running.
1/1 simulations are still running.
--------------------------------------------------------------------------------
[prt-host-watchdog] hb='16778943334, 891' idle=251s hb_idle=94s uart=16919 guest_log=0 guest_sparse=263346 guest_checkpoint=0 guest_trigger=0 guest_status=1644 guest_proc=3865 guest_runner=596 guest_runner_post=433 guest_runner_early=487 guest_binary=0 guest_runner_proc=11459
[2J
FireSim Simulation Status @ 2026-05-07 19:35:19.415753
--------------------------------------------------------------------------------
This workload's output is located in:
/home/ubuntu/chipyard/sims/firesim/deploy/results-workload/2026-05-07--19-18-33-rerocc-lc-linux-coupleddma-bertmini-pipeline-runtime-batch8-fileonly-sync-pairdummy-gdbserver-f2-gemmini-rerocc-pairmanager-dummy8x8-4c12p12-sbus64-linux-bertmini-batch8-fileonly-sync-gdbserver-cfg32-nic-notrace/
This run's log is located in:
/home/ubuntu/chipyard/sims/firesim/deploy/logs/2026-05-07--19-18-33-runworkload-OZ49C911RG8KQVU9.log
This status will update every 10s.
--------------------------------------------------------------------------------
Instances
--------------------------------------------------------------------------------
Hostname/IP: 192.168.1.32 | Terminated: [33mFalse[0m
--------------------------------------------------------------------------------
Simulated Switches
--------------------------------------------------------------------------------
Hostname/IP: 192.168.1.32 | Switch name: switch0 | Switch running: [32mTrue [0m
--------------------------------------------------------------------------------
Simulated Pipes
--------------------------------------------------------------------------------
--------------------------------------------------------------------------------
Simulated Nodes/Jobs
--------------------------------------------------------------------------------
Hostname/IP: 192.168.1.32 | Job: rerocc-lc-linux-coupleddma-bertmini-pipeline-runtime-batch8-fileonly-sync-pairdummy-gdbserver0 | Sim running: [33mTrue [0m
--------------------------------------------------------------------------------
Summary
--------------------------------------------------------------------------------
1/1 instances are still running.
1/1 simulations are still running.
--------------------------------------------------------------------------------
[2J
FireSim Simulation Status @ 2026-05-07 19:35:29.716519
--------------------------------------------------------------------------------
This workload's output is located in:
/home/ubuntu/chipyard/sims/firesim/deploy/results-workload/2026-05-07--19-18-33-rerocc-lc-linux-coupleddma-bertmini-pipeline-runtime-batch8-fileonly-sync-pairdummy-gdbserver-f2-gemmini-rerocc-pairmanager-dummy8x8-4c12p12-sbus64-linux-bertmini-batch8-fileonly-sync-gdbserver-cfg32-nic-notrace/
This run's log is located in:
/home/ubuntu/chipyard/sims/firesim/deploy/logs/2026-05-07--19-18-33-runworkload-OZ49C911RG8KQVU9.log
This status will update every 10s.
--------------------------------------------------------------------------------
Instances
--------------------------------------------------------------------------------
Hostname/IP: 192.168.1.32 | Terminated: [33mFalse[0m
--------------------------------------------------------------------------------
Simulated Switches
--------------------------------------------------------------------------------
Hostname/IP: 192.168.1.32 | Switch name: switch0 | Switch running: [32mTrue [0m
--------------------------------------------------------------------------------
Simulated Pipes
--------------------------------------------------------------------------------
--------------------------------------------------------------------------------
Simulated Nodes/Jobs
--------------------------------------------------------------------------------
Hostname/IP: 192.168.1.32 | Job: rerocc-lc-linux-coupleddma-bertmini-pipeline-runtime-batch8-fileonly-sync-pairdummy-gdbserver0 | Sim running: [33mTrue [0m
--------------------------------------------------------------------------------
Summary
--------------------------------------------------------------------------------
1/1 instances are still running.
1/1 simulations are still running.
--------------------------------------------------------------------------------
[2J
FireSim Simulation Status @ 2026-05-07 19:35:40.034745
--------------------------------------------------------------------------------
This workload's output is located in:
/home/ubuntu/chipyard/sims/firesim/deploy/results-workload/2026-05-07--19-18-33-rerocc-lc-linux-coupleddma-bertmini-pipeline-runtime-batch8-fileonly-sync-pairdummy-gdbserver-f2-gemmini-rerocc-pairmanager-dummy8x8-4c12p12-sbus64-linux-bertmini-batch8-fileonly-sync-gdbserver-cfg32-nic-notrace/
This run's log is located in:
/home/ubuntu/chipyard/sims/firesim/deploy/logs/2026-05-07--19-18-33-runworkload-OZ49C911RG8KQVU9.log
This status will update every 10s.
--------------------------------------------------------------------------------
Instances
--------------------------------------------------------------------------------
Hostname/IP: 192.168.1.32 | Terminated: [33mFalse[0m
--------------------------------------------------------------------------------
Simulated Switches
--------------------------------------------------------------------------------
Hostname/IP: 192.168.1.32 | Switch name: switch0 | Switch running: [32mTrue [0m
--------------------------------------------------------------------------------
Simulated Pipes
--------------------------------------------------------------------------------
--------------------------------------------------------------------------------
Simulated Nodes/Jobs
--------------------------------------------------------------------------------
Hostname/IP: 192.168.1.32 | Job: rerocc-lc-linux-coupleddma-bertmini-pipeline-runtime-batch8-fileonly-sync-pairdummy-gdbserver0 | Sim running: [33mTrue [0m
--------------------------------------------------------------------------------
Summary
--------------------------------------------------------------------------------
1/1 instances are still running.
1/1 simulations are still running.
--------------------------------------------------------------------------------
[prt-host-watchdog] hb='16778943334, 891' idle=282s hb_idle=125s uart=16919 guest_log=0 guest_sparse=263346 guest_checkpoint=0 guest_trigger=0 guest_status=1644 guest_proc=3865 guest_runner=596 guest_runner_post=433 guest_runner_early=487 guest_binary=0 guest_runner_proc=11459
[2J
FireSim Simulation Status @ 2026-05-07 19:35:50.353207
--------------------------------------------------------------------------------
This workload's output is located in:
/home/ubuntu/chipyard/sims/firesim/deploy/results-workload/2026-05-07--19-18-33-rerocc-lc-linux-coupleddma-bertmini-pipeline-runtime-batch8-fileonly-sync-pairdummy-gdbserver-f2-gemmini-rerocc-pairmanager-dummy8x8-4c12p12-sbus64-linux-bertmini-batch8-fileonly-sync-gdbserver-cfg32-nic-notrace/
This run's log is located in:
/home/ubuntu/chipyard/sims/firesim/deploy/logs/2026-05-07--19-18-33-runworkload-OZ49C911RG8KQVU9.log
This status will update every 10s.
--------------------------------------------------------------------------------
Instances
--------------------------------------------------------------------------------
Hostname/IP: 192.168.1.32 | Terminated: [33mFalse[0m
--------------------------------------------------------------------------------
Simulated Switches
--------------------------------------------------------------------------------
Hostname/IP: 192.168.1.32 | Switch name: switch0 | Switch running: [32mTrue [0m
--------------------------------------------------------------------------------
Simulated Pipes
--------------------------------------------------------------------------------
--------------------------------------------------------------------------------
Simulated Nodes/Jobs
--------------------------------------------------------------------------------
Hostname/IP: 192.168.1.32 | Job: rerocc-lc-linux-coupleddma-bertmini-pipeline-runtime-batch8-fileonly-sync-pairdummy-gdbserver0 | Sim running: [33mTrue [0m
--------------------------------------------------------------------------------
Summary
--------------------------------------------------------------------------------
1/1 instances are still running.
1/1 simulations are still running.
--------------------------------------------------------------------------------
[2J
FireSim Simulation Status @ 2026-05-07 19:36:00.671291
--------------------------------------------------------------------------------
This workload's output is located in:
/home/ubuntu/chipyard/sims/firesim/deploy/results-workload/2026-05-07--19-18-33-rerocc-lc-linux-coupleddma-bertmini-pipeline-runtime-batch8-fileonly-sync-pairdummy-gdbserver-f2-gemmini-rerocc-pairmanager-dummy8x8-4c12p12-sbus64-linux-bertmini-batch8-fileonly-sync-gdbserver-cfg32-nic-notrace/
This run's log is located in:
/home/ubuntu/chipyard/sims/firesim/deploy/logs/2026-05-07--19-18-33-runworkload-OZ49C911RG8KQVU9.log
This status will update every 10s.
--------------------------------------------------------------------------------
Instances
--------------------------------------------------------------------------------
Hostname/IP: 192.168.1.32 | Terminated: [33mFalse[0m
--------------------------------------------------------------------------------
Simulated Switches
--------------------------------------------------------------------------------
Hostname/IP: 192.168.1.32 | Switch name: switch0 | Switch running: [32mTrue [0m
--------------------------------------------------------------------------------
Simulated Pipes
--------------------------------------------------------------------------------
--------------------------------------------------------------------------------
Simulated Nodes/Jobs
--------------------------------------------------------------------------------
Hostname/IP: 192.168.1.32 | Job: rerocc-lc-linux-coupleddma-bertmini-pipeline-runtime-batch8-fileonly-sync-pairdummy-gdbserver0 | Sim running: [33mTrue [0m
--------------------------------------------------------------------------------
Summary
--------------------------------------------------------------------------------
1/1 instances are still running.
1/1 simulations are still running.
--------------------------------------------------------------------------------
[2J
FireSim Simulation Status @ 2026-05-07 19:36:11.221152
--------------------------------------------------------------------------------
This workload's output is located in:
/home/ubuntu/chipyard/sims/firesim/deploy/results-workload/2026-05-07--19-18-33-rerocc-lc-linux-coupleddma-bertmini-pipeline-runtime-batch8-fileonly-sync-pairdummy-gdbserver-f2-gemmini-rerocc-pairmanager-dummy8x8-4c12p12-sbus64-linux-bertmini-batch8-fileonly-sync-gdbserver-cfg32-nic-notrace/
This run's log is located in:
/home/ubuntu/chipyard/sims/firesim/deploy/logs/2026-05-07--19-18-33-runworkload-OZ49C911RG8KQVU9.log
This status will update every 10s.
--------------------------------------------------------------------------------
Instances
--------------------------------------------------------------------------------
Hostname/IP: 192.168.1.32 | Terminated: [33mFalse[0m
--------------------------------------------------------------------------------
Simulated Switches
--------------------------------------------------------------------------------
Hostname/IP: 192.168.1.32 | Switch name: switch0 | Switch running: [32mTrue [0m
--------------------------------------------------------------------------------
Simulated Pipes
--------------------------------------------------------------------------------
--------------------------------------------------------------------------------
Simulated Nodes/Jobs
--------------------------------------------------------------------------------
Hostname/IP: 192.168.1.32 | Job: rerocc-lc-linux-coupleddma-bertmini-pipeline-runtime-batch8-fileonly-sync-pairdummy-gdbserver0 | Sim running: [33mTrue [0m
--------------------------------------------------------------------------------
Summary
--------------------------------------------------------------------------------
1/1 instances are still running.
1/1 simulations are still running.
--------------------------------------------------------------------------------
[prt-host-watchdog] hb='16778943334, 891' idle=313s hb_idle=156s uart=16919 guest_log=0 guest_sparse=263346 guest_checkpoint=0 guest_trigger=0 guest_status=1644 guest_proc=3865 guest_runner=596 guest_runner_post=433 guest_runner_early=487 guest_binary=0 guest_runner_proc=11459
[2J
FireSim Simulation Status @ 2026-05-07 19:36:21.529327
--------------------------------------------------------------------------------
This workload's output is located in:
/home/ubuntu/chipyard/sims/firesim/deploy/results-workload/2026-05-07--19-18-33-rerocc-lc-linux-coupleddma-bertmini-pipeline-runtime-batch8-fileonly-sync-pairdummy-gdbserver-f2-gemmini-rerocc-pairmanager-dummy8x8-4c12p12-sbus64-linux-bertmini-batch8-fileonly-sync-gdbserver-cfg32-nic-notrace/
This run's log is located in:
/home/ubuntu/chipyard/sims/firesim/deploy/logs/2026-05-07--19-18-33-runworkload-OZ49C911RG8KQVU9.log
This status will update every 10s.
--------------------------------------------------------------------------------
Instances
--------------------------------------------------------------------------------
Hostname/IP: 192.168.1.32 | Terminated: [33mFalse[0m
--------------------------------------------------------------------------------
Simulated Switches
--------------------------------------------------------------------------------
Hostname/IP: 192.168.1.32 | Switch name: switch0 | Switch running: [32mTrue [0m
--------------------------------------------------------------------------------
Simulated Pipes
--------------------------------------------------------------------------------
--------------------------------------------------------------------------------
Simulated Nodes/Jobs
--------------------------------------------------------------------------------
Hostname/IP: 192.168.1.32 | Job: rerocc-lc-linux-coupleddma-bertmini-pipeline-runtime-batch8-fileonly-sync-pairdummy-gdbserver0 | Sim running: [33mTrue [0m
--------------------------------------------------------------------------------
Summary
--------------------------------------------------------------------------------
1/1 instances are still running.
1/1 simulations are still running.
--------------------------------------------------------------------------------
[2J
FireSim Simulation Status @ 2026-05-07 19:36:31.847886
--------------------------------------------------------------------------------
This workload's output is located in:
/home/ubuntu/chipyard/sims/firesim/deploy/results-workload/2026-05-07--19-18-33-rerocc-lc-linux-coupleddma-bertmini-pipeline-runtime-batch8-fileonly-sync-pairdummy-gdbserver-f2-gemmini-rerocc-pairmanager-dummy8x8-4c12p12-sbus64-linux-bertmini-batch8-fileonly-sync-gdbserver-cfg32-nic-notrace/
This run's log is located in:
/home/ubuntu/chipyard/sims/firesim/deploy/logs/2026-05-07--19-18-33-runworkload-OZ49C911RG8KQVU9.log
This status will update every 10s.
--------------------------------------------------------------------------------
Instances
--------------------------------------------------------------------------------
Hostname/IP: 192.168.1.32 | Terminated: [33mFalse[0m
--------------------------------------------------------------------------------
Simulated Switches
--------------------------------------------------------------------------------
Hostname/IP: 192.168.1.32 | Switch name: switch0 | Switch running: [32mTrue [0m
--------------------------------------------------------------------------------
Simulated Pipes
--------------------------------------------------------------------------------
--------------------------------------------------------------------------------
Simulated Nodes/Jobs
--------------------------------------------------------------------------------
Hostname/IP: 192.168.1.32 | Job: rerocc-lc-linux-coupleddma-bertmini-pipeline-runtime-batch8-fileonly-sync-pairdummy-gdbserver0 | Sim running: [33mTrue [0m
--------------------------------------------------------------------------------
Summary
--------------------------------------------------------------------------------
1/1 instances are still running.
1/1 simulations are still running.
--------------------------------------------------------------------------------
[2J
FireSim Simulation Status @ 2026-05-07 19:36:42.155842
--------------------------------------------------------------------------------
This workload's output is located in:
/home/ubuntu/chipyard/sims/firesim/deploy/results-workload/2026-05-07--19-18-33-rerocc-lc-linux-coupleddma-bertmini-pipeline-runtime-batch8-fileonly-sync-pairdummy-gdbserver-f2-gemmini-rerocc-pairmanager-dummy8x8-4c12p12-sbus64-linux-bertmini-batch8-fileonly-sync-gdbserver-cfg32-nic-notrace/
This run's log is located in:
/home/ubuntu/chipyard/sims/firesim/deploy/logs/2026-05-07--19-18-33-runworkload-OZ49C911RG8KQVU9.log
This status will update every 10s.
--------------------------------------------------------------------------------
Instances
--------------------------------------------------------------------------------
Hostname/IP: 192.168.1.32 | Terminated: [33mFalse[0m
--------------------------------------------------------------------------------
Simulated Switches
--------------------------------------------------------------------------------
Hostname/IP: 192.168.1.32 | Switch name: switch0 | Switch running: [32mTrue [0m
--------------------------------------------------------------------------------
Simulated Pipes
--------------------------------------------------------------------------------
--------------------------------------------------------------------------------
Simulated Nodes/Jobs
--------------------------------------------------------------------------------
Hostname/IP: 192.168.1.32 | Job: rerocc-lc-linux-coupleddma-bertmini-pipeline-runtime-batch8-fileonly-sync-pairdummy-gdbserver0 | Sim running: [33mTrue [0m
--------------------------------------------------------------------------------
Summary
--------------------------------------------------------------------------------
1/1 instances are still running.
1/1 simulations are still running.
--------------------------------------------------------------------------------
[prt-host-watchdog] hb='16778943334, 891' idle=345s hb_idle=188s uart=16919 guest_log=0 guest_sparse=263346 guest_checkpoint=0 guest_trigger=0 guest_status=1644 guest_proc=3865 guest_runner=596 guest_runner_post=433 guest_runner_early=487 guest_binary=0 guest_runner_proc=11459
[2J
FireSim Simulation Status @ 2026-05-07 19:36:52.474473
--------------------------------------------------------------------------------
This workload's output is located in:
/home/ubuntu/chipyard/sims/firesim/deploy/results-workload/2026-05-07--19-18-33-rerocc-lc-linux-coupleddma-bertmini-pipeline-runtime-batch8-fileonly-sync-pairdummy-gdbserver-f2-gemmini-rerocc-pairmanager-dummy8x8-4c12p12-sbus64-linux-bertmini-batch8-fileonly-sync-gdbserver-cfg32-nic-notrace/
This run's log is located in:
/home/ubuntu/chipyard/sims/firesim/deploy/logs/2026-05-07--19-18-33-runworkload-OZ49C911RG8KQVU9.log
This status will update every 10s.
--------------------------------------------------------------------------------
Instances
--------------------------------------------------------------------------------
Hostname/IP: 192.168.1.32 | Terminated: [33mFalse[0m
--------------------------------------------------------------------------------
Simulated Switches
--------------------------------------------------------------------------------
Hostname/IP: 192.168.1.32 | Switch name: switch0 | Switch running: [32mTrue [0m
--------------------------------------------------------------------------------
Simulated Pipes
--------------------------------------------------------------------------------
--------------------------------------------------------------------------------
Simulated Nodes/Jobs
--------------------------------------------------------------------------------
Hostname/IP: 192.168.1.32 | Job: rerocc-lc-linux-coupleddma-bertmini-pipeline-runtime-batch8-fileonly-sync-pairdummy-gdbserver0 | Sim running: [33mTrue [0m
--------------------------------------------------------------------------------
Summary
--------------------------------------------------------------------------------
1/1 instances are still running.
1/1 simulations are still running.
--------------------------------------------------------------------------------
[2J
FireSim Simulation Status @ 2026-05-07 19:37:02.791084
--------------------------------------------------------------------------------
This workload's output is located in:
/home/ubuntu/chipyard/sims/firesim/deploy/results-workload/2026-05-07--19-18-33-rerocc-lc-linux-coupleddma-bertmini-pipeline-runtime-batch8-fileonly-sync-pairdummy-gdbserver-f2-gemmini-rerocc-pairmanager-dummy8x8-4c12p12-sbus64-linux-bertmini-batch8-fileonly-sync-gdbserver-cfg32-nic-notrace/
This run's log is located in:
/home/ubuntu/chipyard/sims/firesim/deploy/logs/2026-05-07--19-18-33-runworkload-OZ49C911RG8KQVU9.log
This status will update every 10s.
--------------------------------------------------------------------------------
Instances
--------------------------------------------------------------------------------
Hostname/IP: 192.168.1.32 | Terminated: [33mFalse[0m
--------------------------------------------------------------------------------
Simulated Switches
--------------------------------------------------------------------------------
Hostname/IP: 192.168.1.32 | Switch name: switch0 | Switch running: [32mTrue [0m
--------------------------------------------------------------------------------
Simulated Pipes
--------------------------------------------------------------------------------
--------------------------------------------------------------------------------
Simulated Nodes/Jobs
--------------------------------------------------------------------------------
Hostname/IP: 192.168.1.32 | Job: rerocc-lc-linux-coupleddma-bertmini-pipeline-runtime-batch8-fileonly-sync-pairdummy-gdbserver0 | Sim running: [33mTrue [0m
--------------------------------------------------------------------------------
Summary
--------------------------------------------------------------------------------
1/1 instances are still running.
1/1 simulations are still running.
--------------------------------------------------------------------------------
[2J
FireSim Simulation Status @ 2026-05-07 19:37:13.340991
--------------------------------------------------------------------------------
This workload's output is located in:
/home/ubuntu/chipyard/sims/firesim/deploy/results-workload/2026-05-07--19-18-33-rerocc-lc-linux-coupleddma-bertmini-pipeline-runtime-batch8-fileonly-sync-pairdummy-gdbserver-f2-gemmini-rerocc-pairmanager-dummy8x8-4c12p12-sbus64-linux-bertmini-batch8-fileonly-sync-gdbserver-cfg32-nic-notrace/
This run's log is located in:
/home/ubuntu/chipyard/sims/firesim/deploy/logs/2026-05-07--19-18-33-runworkload-OZ49C911RG8KQVU9.log
This status will update every 10s.
--------------------------------------------------------------------------------
Instances
--------------------------------------------------------------------------------
Hostname/IP: 192.168.1.32 | Terminated: [33mFalse[0m
--------------------------------------------------------------------------------
Simulated Switches
--------------------------------------------------------------------------------
Hostname/IP: 192.168.1.32 | Switch name: switch0 | Switch running: [32mTrue [0m
--------------------------------------------------------------------------------
Simulated Pipes
--------------------------------------------------------------------------------
--------------------------------------------------------------------------------
Simulated Nodes/Jobs
--------------------------------------------------------------------------------
Hostname/IP: 192.168.1.32 | Job: rerocc-lc-linux-coupleddma-bertmini-pipeline-runtime-batch8-fileonly-sync-pairdummy-gdbserver0 | Sim running: [33mTrue [0m
--------------------------------------------------------------------------------
Summary
--------------------------------------------------------------------------------
1/1 instances are still running.
1/1 simulations are still running.
--------------------------------------------------------------------------------
[prt-host-watchdog] hb='16778943334, 891' idle=376s hb_idle=219s uart=16919 guest_log=0 guest_sparse=263346 guest_checkpoint=0 guest_trigger=0 guest_status=1644 guest_proc=3865 guest_runner=596 guest_runner_post=433 guest_runner_early=487 guest_binary=0 guest_runner_proc=11459
[2J
FireSim Simulation Status @ 2026-05-07 19:37:23.659491
--------------------------------------------------------------------------------
This workload's output is located in:
/home/ubuntu/chipyard/sims/firesim/deploy/results-workload/2026-05-07--19-18-33-rerocc-lc-linux-coupleddma-bertmini-pipeline-runtime-batch8-fileonly-sync-pairdummy-gdbserver-f2-gemmini-rerocc-pairmanager-dummy8x8-4c12p12-sbus64-linux-bertmini-batch8-fileonly-sync-gdbserver-cfg32-nic-notrace/
This run's log is located in:
/home/ubuntu/chipyard/sims/firesim/deploy/logs/2026-05-07--19-18-33-runworkload-OZ49C911RG8KQVU9.log
This status will update every 10s.
--------------------------------------------------------------------------------
Instances
--------------------------------------------------------------------------------
Hostname/IP: 192.168.1.32 | Terminated: [33mFalse[0m
--------------------------------------------------------------------------------
Simulated Switches
--------------------------------------------------------------------------------
Hostname/IP: 192.168.1.32 | Switch name: switch0 | Switch running: [32mTrue [0m
--------------------------------------------------------------------------------
Simulated Pipes
--------------------------------------------------------------------------------
--------------------------------------------------------------------------------
Simulated Nodes/Jobs
--------------------------------------------------------------------------------
Hostname/IP: 192.168.1.32 | Job: rerocc-lc-linux-coupleddma-bertmini-pipeline-runtime-batch8-fileonly-sync-pairdummy-gdbserver0 | Sim running: [33mTrue [0m
--------------------------------------------------------------------------------
Summary
--------------------------------------------------------------------------------
1/1 instances are still running.
1/1 simulations are still running.
--------------------------------------------------------------------------------
[2J
FireSim Simulation Status @ 2026-05-07 19:37:33.978032
--------------------------------------------------------------------------------
This workload's output is located in:
/home/ubuntu/chipyard/sims/firesim/deploy/results-workload/2026-05-07--19-18-33-rerocc-lc-linux-coupleddma-bertmini-pipeline-runtime-batch8-fileonly-sync-pairdummy-gdbserver-f2-gemmini-rerocc-pairmanager-dummy8x8-4c12p12-sbus64-linux-bertmini-batch8-fileonly-sync-gdbserver-cfg32-nic-notrace/
This run's log is located in:
/home/ubuntu/chipyard/sims/firesim/deploy/logs/2026-05-07--19-18-33-runworkload-OZ49C911RG8KQVU9.log
This status will update every 10s.
--------------------------------------------------------------------------------
Instances
--------------------------------------------------------------------------------
Hostname/IP: 192.168.1.32 | Terminated: [33mFalse[0m
--------------------------------------------------------------------------------
Simulated Switches
--------------------------------------------------------------------------------
Hostname/IP: 192.168.1.32 | Switch name: switch0 | Switch running: [32mTrue [0m
--------------------------------------------------------------------------------
Simulated Pipes
--------------------------------------------------------------------------------
--------------------------------------------------------------------------------
Simulated Nodes/Jobs
--------------------------------------------------------------------------------
Hostname/IP: 192.168.1.32 | Job: rerocc-lc-linux-coupleddma-bertmini-pipeline-runtime-batch8-fileonly-sync-pairdummy-gdbserver0 | Sim running: [33mTrue [0m
--------------------------------------------------------------------------------
Summary
--------------------------------------------------------------------------------
1/1 instances are still running.
1/1 simulations are still running.
--------------------------------------------------------------------------------
[2J
FireSim Simulation Status @ 2026-05-07 19:37:44.286465
--------------------------------------------------------------------------------
This workload's output is located in:
/home/ubuntu/chipyard/sims/firesim/deploy/results-workload/2026-05-07--19-18-33-rerocc-lc-linux-coupleddma-bertmini-pipeline-runtime-batch8-fileonly-sync-pairdummy-gdbserver-f2-gemmini-rerocc-pairmanager-dummy8x8-4c12p12-sbus64-linux-bertmini-batch8-fileonly-sync-gdbserver-cfg32-nic-notrace/
This run's log is located in:
/home/ubuntu/chipyard/sims/firesim/deploy/logs/2026-05-07--19-18-33-runworkload-OZ49C911RG8KQVU9.log
This status will update every 10s.
--------------------------------------------------------------------------------
Instances
--------------------------------------------------------------------------------
Hostname/IP: 192.168.1.32 | Terminated: [33mFalse[0m
--------------------------------------------------------------------------------
Simulated Switches
--------------------------------------------------------------------------------
Hostname/IP: 192.168.1.32 | Switch name: switch0 | Switch running: [32mTrue [0m
--------------------------------------------------------------------------------
Simulated Pipes
--------------------------------------------------------------------------------
--------------------------------------------------------------------------------
Simulated Nodes/Jobs
--------------------------------------------------------------------------------
Hostname/IP: 192.168.1.32 | Job: rerocc-lc-linux-coupleddma-bertmini-pipeline-runtime-batch8-fileonly-sync-pairdummy-gdbserver0 | Sim running: [33mTrue [0m
--------------------------------------------------------------------------------
Summary
--------------------------------------------------------------------------------
1/1 instances are still running.
1/1 simulations are still running.
--------------------------------------------------------------------------------
[prt-host-watchdog] hb='16778943334, 891' idle=407s hb_idle=250s uart=16919 guest_log=0 guest_sparse=263346 guest_checkpoint=0 guest_trigger=0 guest_status=1644 guest_proc=3865 guest_runner=596 guest_runner_post=433 guest_runner_early=487 guest_binary=0 guest_runner_proc=11459
[2J
FireSim Simulation Status @ 2026-05-07 19:37:54.604942
--------------------------------------------------------------------------------
This workload's output is located in:
/home/ubuntu/chipyard/sims/firesim/deploy/results-workload/2026-05-07--19-18-33-rerocc-lc-linux-coupleddma-bertmini-pipeline-runtime-batch8-fileonly-sync-pairdummy-gdbserver-f2-gemmini-rerocc-pairmanager-dummy8x8-4c12p12-sbus64-linux-bertmini-batch8-fileonly-sync-gdbserver-cfg32-nic-notrace/
This run's log is located in:
/home/ubuntu/chipyard/sims/firesim/deploy/logs/2026-05-07--19-18-33-runworkload-OZ49C911RG8KQVU9.log
This status will update every 10s.
--------------------------------------------------------------------------------
Instances
--------------------------------------------------------------------------------
Hostname/IP: 192.168.1.32 | Terminated: [33mFalse[0m
--------------------------------------------------------------------------------
Simulated Switches
--------------------------------------------------------------------------------
Hostname/IP: 192.168.1.32 | Switch name: switch0 | Switch running: [32mTrue [0m
--------------------------------------------------------------------------------
Simulated Pipes
--------------------------------------------------------------------------------
--------------------------------------------------------------------------------
Simulated Nodes/Jobs
--------------------------------------------------------------------------------
Hostname/IP: 192.168.1.32 | Job: rerocc-lc-linux-coupleddma-bertmini-pipeline-runtime-batch8-fileonly-sync-pairdummy-gdbserver0 | Sim running: [33mTrue [0m
--------------------------------------------------------------------------------
Summary
--------------------------------------------------------------------------------
1/1 instances are still running.
1/1 simulations are still running.
--------------------------------------------------------------------------------
[2J
FireSim Simulation Status @ 2026-05-07 19:38:04.923581
--------------------------------------------------------------------------------
This workload's output is located in:
/home/ubuntu/chipyard/sims/firesim/deploy/results-workload/2026-05-07--19-18-33-rerocc-lc-linux-coupleddma-bertmini-pipeline-runtime-batch8-fileonly-sync-pairdummy-gdbserver-f2-gemmini-rerocc-pairmanager-dummy8x8-4c12p12-sbus64-linux-bertmini-batch8-fileonly-sync-gdbserver-cfg32-nic-notrace/
This run's log is located in:
/home/ubuntu/chipyard/sims/firesim/deploy/logs/2026-05-07--19-18-33-runworkload-OZ49C911RG8KQVU9.log
This status will update every 10s.
--------------------------------------------------------------------------------
Instances
--------------------------------------------------------------------------------
Hostname/IP: 192.168.1.32 | Terminated: [33mFalse[0m
--------------------------------------------------------------------------------
Simulated Switches
--------------------------------------------------------------------------------
Hostname/IP: 192.168.1.32 | Switch name: switch0 | Switch running: [32mTrue [0m
--------------------------------------------------------------------------------
Simulated Pipes
--------------------------------------------------------------------------------
--------------------------------------------------------------------------------
Simulated Nodes/Jobs
--------------------------------------------------------------------------------
Hostname/IP: 192.168.1.32 | Job: rerocc-lc-linux-coupleddma-bertmini-pipeline-runtime-batch8-fileonly-sync-pairdummy-gdbserver0 | Sim running: [33mTrue [0m
--------------------------------------------------------------------------------
Summary
--------------------------------------------------------------------------------
1/1 instances are still running.
1/1 simulations are still running.
--------------------------------------------------------------------------------
[2J
FireSim Simulation Status @ 2026-05-07 19:38:15.473770
--------------------------------------------------------------------------------
This workload's output is located in:
/home/ubuntu/chipyard/sims/firesim/deploy/results-workload/2026-05-07--19-18-33-rerocc-lc-linux-coupleddma-bertmini-pipeline-runtime-batch8-fileonly-sync-pairdummy-gdbserver-f2-gemmini-rerocc-pairmanager-dummy8x8-4c12p12-sbus64-linux-bertmini-batch8-fileonly-sync-gdbserver-cfg32-nic-notrace/
This run's log is located in:
/home/ubuntu/chipyard/sims/firesim/deploy/logs/2026-05-07--19-18-33-runworkload-OZ49C911RG8KQVU9.log
This status will update every 10s.
--------------------------------------------------------------------------------
Instances
--------------------------------------------------------------------------------
Hostname/IP: 192.168.1.32 | Terminated: [33mFalse[0m
--------------------------------------------------------------------------------
Simulated Switches
--------------------------------------------------------------------------------
Hostname/IP: 192.168.1.32 | Switch name: switch0 | Switch running: [32mTrue [0m
--------------------------------------------------------------------------------
Simulated Pipes
--------------------------------------------------------------------------------
--------------------------------------------------------------------------------
Simulated Nodes/Jobs
--------------------------------------------------------------------------------
Hostname/IP: 192.168.1.32 | Job: rerocc-lc-linux-coupleddma-bertmini-pipeline-runtime-batch8-fileonly-sync-pairdummy-gdbserver0 | Sim running: [33mTrue [0m
--------------------------------------------------------------------------------
Summary
--------------------------------------------------------------------------------
1/1 instances are still running.
1/1 simulations are still running.
--------------------------------------------------------------------------------
[prt-host-watchdog] hb='16778943334, 891' idle=438s hb_idle=281s uart=16919 guest_log=0 guest_sparse=263346 guest_checkpoint=0 guest_trigger=0 guest_status=1644 guest_proc=3865 guest_runner=596 guest_runner_post=433 guest_runner_early=487 guest_binary=0 guest_runner_proc=11459
[2J
FireSim Simulation Status @ 2026-05-07 19:38:25.791848
--------------------------------------------------------------------------------
This workload's output is located in:
/home/ubuntu/chipyard/sims/firesim/deploy/results-workload/2026-05-07--19-18-33-rerocc-lc-linux-coupleddma-bertmini-pipeline-runtime-batch8-fileonly-sync-pairdummy-gdbserver-f2-gemmini-rerocc-pairmanager-dummy8x8-4c12p12-sbus64-linux-bertmini-batch8-fileonly-sync-gdbserver-cfg32-nic-notrace/
This run's log is located in:
/home/ubuntu/chipyard/sims/firesim/deploy/logs/2026-05-07--19-18-33-runworkload-OZ49C911RG8KQVU9.log
This status will update every 10s.
--------------------------------------------------------------------------------
Instances
--------------------------------------------------------------------------------
Hostname/IP: 192.168.1.32 | Terminated: [33mFalse[0m
--------------------------------------------------------------------------------
Simulated Switches
--------------------------------------------------------------------------------
Hostname/IP: 192.168.1.32 | Switch name: switch0 | Switch running: [32mTrue [0m
--------------------------------------------------------------------------------
Simulated Pipes
--------------------------------------------------------------------------------
--------------------------------------------------------------------------------
Simulated Nodes/Jobs
--------------------------------------------------------------------------------
Hostname/IP: 192.168.1.32 | Job: rerocc-lc-linux-coupleddma-bertmini-pipeline-runtime-batch8-fileonly-sync-pairdummy-gdbserver0 | Sim running: [33mTrue [0m
--------------------------------------------------------------------------------
Summary
--------------------------------------------------------------------------------
1/1 instances are still running.
1/1 simulations are still running.
--------------------------------------------------------------------------------
[2J
FireSim Simulation Status @ 2026-05-07 19:38:36.109918
--------------------------------------------------------------------------------
This workload's output is located in:
/home/ubuntu/chipyard/sims/firesim/deploy/results-workload/2026-05-07--19-18-33-rerocc-lc-linux-coupleddma-bertmini-pipeline-runtime-batch8-fileonly-sync-pairdummy-gdbserver-f2-gemmini-rerocc-pairmanager-dummy8x8-4c12p12-sbus64-linux-bertmini-batch8-fileonly-sync-gdbserver-cfg32-nic-notrace/
This run's log is located in:
/home/ubuntu/chipyard/sims/firesim/deploy/logs/2026-05-07--19-18-33-runworkload-OZ49C911RG8KQVU9.log
This status will update every 10s.
--------------------------------------------------------------------------------
Instances
--------------------------------------------------------------------------------
Hostname/IP: 192.168.1.32 | Terminated: [33mFalse[0m
--------------------------------------------------------------------------------
Simulated Switches
--------------------------------------------------------------------------------
Hostname/IP: 192.168.1.32 | Switch name: switch0 | Switch running: [32mTrue [0m
--------------------------------------------------------------------------------
Simulated Pipes
--------------------------------------------------------------------------------
--------------------------------------------------------------------------------
Simulated Nodes/Jobs
--------------------------------------------------------------------------------
Hostname/IP: 192.168.1.32 | Job: rerocc-lc-linux-coupleddma-bertmini-pipeline-runtime-batch8-fileonly-sync-pairdummy-gdbserver0 | Sim running: [33mTrue [0m
--------------------------------------------------------------------------------
Summary
--------------------------------------------------------------------------------
1/1 instances are still running.
1/1 simulations are still running.
--------------------------------------------------------------------------------
[2J
FireSim Simulation Status @ 2026-05-07 19:38:46.417983
--------------------------------------------------------------------------------
This workload's output is located in:
/home/ubuntu/chipyard/sims/firesim/deploy/results-workload/2026-05-07--19-18-33-rerocc-lc-linux-coupleddma-bertmini-pipeline-runtime-batch8-fileonly-sync-pairdummy-gdbserver-f2-gemmini-rerocc-pairmanager-dummy8x8-4c12p12-sbus64-linux-bertmini-batch8-fileonly-sync-gdbserver-cfg32-nic-notrace/
This run's log is located in:
/home/ubuntu/chipyard/sims/firesim/deploy/logs/2026-05-07--19-18-33-runworkload-OZ49C911RG8KQVU9.log
This status will update every 10s.
--------------------------------------------------------------------------------
Instances
--------------------------------------------------------------------------------
Hostname/IP: 192.168.1.32 | Terminated: [33mFalse[0m
--------------------------------------------------------------------------------
Simulated Switches
--------------------------------------------------------------------------------
Hostname/IP: 192.168.1.32 | Switch name: switch0 | Switch running: [32mTrue [0m
--------------------------------------------------------------------------------
Simulated Pipes
--------------------------------------------------------------------------------
--------------------------------------------------------------------------------
Simulated Nodes/Jobs
--------------------------------------------------------------------------------
Hostname/IP: 192.168.1.32 | Job: rerocc-lc-linux-coupleddma-bertmini-pipeline-runtime-batch8-fileonly-sync-pairdummy-gdbserver0 | Sim running: [33mTrue [0m
--------------------------------------------------------------------------------
Summary
--------------------------------------------------------------------------------
1/1 instances are still running.
1/1 simulations are still running.
--------------------------------------------------------------------------------
[prt-host-watchdog] hb='16778943334, 891' idle=470s hb_idle=313s uart=16919 guest_log=0 guest_sparse=263346 guest_checkpoint=0 guest_trigger=0 guest_status=1644 guest_proc=3865 guest_runner=596 guest_runner_post=433 guest_runner_early=487 guest_binary=0 guest_runner_proc=11459
[2J
FireSim Simulation Status @ 2026-05-07 19:38:56.736437
--------------------------------------------------------------------------------
This workload's output is located in:
/home/ubuntu/chipyard/sims/firesim/deploy/results-workload/2026-05-07--19-18-33-rerocc-lc-linux-coupleddma-bertmini-pipeline-runtime-batch8-fileonly-sync-pairdummy-gdbserver-f2-gemmini-rerocc-pairmanager-dummy8x8-4c12p12-sbus64-linux-bertmini-batch8-fileonly-sync-gdbserver-cfg32-nic-notrace/
This run's log is located in:
/home/ubuntu/chipyard/sims/firesim/deploy/logs/2026-05-07--19-18-33-runworkload-OZ49C911RG8KQVU9.log
This status will update every 10s.
--------------------------------------------------------------------------------
Instances
--------------------------------------------------------------------------------
Hostname/IP: 192.168.1.32 | Terminated: [33mFalse[0m
--------------------------------------------------------------------------------
Simulated Switches
--------------------------------------------------------------------------------
Hostname/IP: 192.168.1.32 | Switch name: switch0 | Switch running: [32mTrue [0m
--------------------------------------------------------------------------------
Simulated Pipes
--------------------------------------------------------------------------------
--------------------------------------------------------------------------------
Simulated Nodes/Jobs
--------------------------------------------------------------------------------
Hostname/IP: 192.168.1.32 | Job: rerocc-lc-linux-coupleddma-bertmini-pipeline-runtime-batch8-fileonly-sync-pairdummy-gdbserver0 | Sim running: [33mTrue [0m
--------------------------------------------------------------------------------
Summary
--------------------------------------------------------------------------------
1/1 instances are still running.
1/1 simulations are still running.
--------------------------------------------------------------------------------
[2J
FireSim Simulation Status @ 2026-05-07 19:39:07.045220
--------------------------------------------------------------------------------
This workload's output is located in:
/home/ubuntu/chipyard/sims/firesim/deploy/results-workload/2026-05-07--19-18-33-rerocc-lc-linux-coupleddma-bertmini-pipeline-runtime-batch8-fileonly-sync-pairdummy-gdbserver-f2-gemmini-rerocc-pairmanager-dummy8x8-4c12p12-sbus64-linux-bertmini-batch8-fileonly-sync-gdbserver-cfg32-nic-notrace/
This run's log is located in:
/home/ubuntu/chipyard/sims/firesim/deploy/logs/2026-05-07--19-18-33-runworkload-OZ49C911RG8KQVU9.log
This status will update every 10s.
--------------------------------------------------------------------------------
Instances
--------------------------------------------------------------------------------
Hostname/IP: 192.168.1.32 | Terminated: [33mFalse[0m
--------------------------------------------------------------------------------
Simulated Switches
--------------------------------------------------------------------------------
Hostname/IP: 192.168.1.32 | Switch name: switch0 | Switch running: [32mTrue [0m
--------------------------------------------------------------------------------
Simulated Pipes
--------------------------------------------------------------------------------
--------------------------------------------------------------------------------
Simulated Nodes/Jobs
--------------------------------------------------------------------------------
Hostname/IP: 192.168.1.32 | Job: rerocc-lc-linux-coupleddma-bertmini-pipeline-runtime-batch8-fileonly-sync-pairdummy-gdbserver0 | Sim running: [33mTrue [0m
--------------------------------------------------------------------------------
Summary
--------------------------------------------------------------------------------
1/1 instances are still running.
1/1 simulations are still running.
--------------------------------------------------------------------------------
[2J
FireSim Simulation Status @ 2026-05-07 19:39:17.615951
--------------------------------------------------------------------------------
This workload's output is located in:
/home/ubuntu/chipyard/sims/firesim/deploy/results-workload/2026-05-07--19-18-33-rerocc-lc-linux-coupleddma-bertmini-pipeline-runtime-batch8-fileonly-sync-pairdummy-gdbserver-f2-gemmini-rerocc-pairmanager-dummy8x8-4c12p12-sbus64-linux-bertmini-batch8-fileonly-sync-gdbserver-cfg32-nic-notrace/
This run's log is located in:
/home/ubuntu/chipyard/sims/firesim/deploy/logs/2026-05-07--19-18-33-runworkload-OZ49C911RG8KQVU9.log
This status will update every 10s.
--------------------------------------------------------------------------------
Instances
--------------------------------------------------------------------------------
Hostname/IP: 192.168.1.32 | Terminated: [33mFalse[0m
--------------------------------------------------------------------------------
Simulated Switches
--------------------------------------------------------------------------------
Hostname/IP: 192.168.1.32 | Switch name: switch0 | Switch running: [32mTrue [0m
--------------------------------------------------------------------------------
Simulated Pipes
--------------------------------------------------------------------------------
--------------------------------------------------------------------------------
Simulated Nodes/Jobs
--------------------------------------------------------------------------------
Hostname/IP: 192.168.1.32 | Job: rerocc-lc-linux-coupleddma-bertmini-pipeline-runtime-batch8-fileonly-sync-pairdummy-gdbserver0 | Sim running: [33mTrue [0m
--------------------------------------------------------------------------------
Summary
--------------------------------------------------------------------------------
1/1 instances are still running.
1/1 simulations are still running.
--------------------------------------------------------------------------------
[prt-host-watchdog] hb='16778943334, 891' idle=501s hb_idle=344s uart=16919 guest_log=0 guest_sparse=263346 guest_checkpoint=0 guest_trigger=0 guest_status=1644 guest_proc=3865 guest_runner=596 guest_runner_post=433 guest_runner_early=487 guest_binary=0 guest_runner_proc=11459
[2J
FireSim Simulation Status @ 2026-05-07 19:39:27.934079
--------------------------------------------------------------------------------
This workload's output is located in:
/home/ubuntu/chipyard/sims/firesim/deploy/results-workload/2026-05-07--19-18-33-rerocc-lc-linux-coupleddma-bertmini-pipeline-runtime-batch8-fileonly-sync-pairdummy-gdbserver-f2-gemmini-rerocc-pairmanager-dummy8x8-4c12p12-sbus64-linux-bertmini-batch8-fileonly-sync-gdbserver-cfg32-nic-notrace/
This run's log is located in:
/home/ubuntu/chipyard/sims/firesim/deploy/logs/2026-05-07--19-18-33-runworkload-OZ49C911RG8KQVU9.log
This status will update every 10s.
--------------------------------------------------------------------------------
Instances
--------------------------------------------------------------------------------
Hostname/IP: 192.168.1.32 | Terminated: [33mFalse[0m
--------------------------------------------------------------------------------
Simulated Switches
--------------------------------------------------------------------------------
Hostname/IP: 192.168.1.32 | Switch name: switch0 | Switch running: [32mTrue [0m
--------------------------------------------------------------------------------
Simulated Pipes
--------------------------------------------------------------------------------
--------------------------------------------------------------------------------
Simulated Nodes/Jobs
--------------------------------------------------------------------------------
Hostname/IP: 192.168.1.32 | Job: rerocc-lc-linux-coupleddma-bertmini-pipeline-runtime-batch8-fileonly-sync-pairdummy-gdbserver0 | Sim running: [33mTrue [0m
--------------------------------------------------------------------------------
Summary
--------------------------------------------------------------------------------
1/1 instances are still running.
1/1 simulations are still running.
--------------------------------------------------------------------------------
[2J
FireSim Simulation Status @ 2026-05-07 19:39:38.252434
--------------------------------------------------------------------------------
This workload's output is located in:
/home/ubuntu/chipyard/sims/firesim/deploy/results-workload/2026-05-07--19-18-33-rerocc-lc-linux-coupleddma-bertmini-pipeline-runtime-batch8-fileonly-sync-pairdummy-gdbserver-f2-gemmini-rerocc-pairmanager-dummy8x8-4c12p12-sbus64-linux-bertmini-batch8-fileonly-sync-gdbserver-cfg32-nic-notrace/
This run's log is located in:
/home/ubuntu/chipyard/sims/firesim/deploy/logs/2026-05-07--19-18-33-runworkload-OZ49C911RG8KQVU9.log
This status will update every 10s.
--------------------------------------------------------------------------------
Instances
--------------------------------------------------------------------------------
Hostname/IP: 192.168.1.32 | Terminated: [33mFalse[0m
--------------------------------------------------------------------------------
Simulated Switches
--------------------------------------------------------------------------------
Hostname/IP: 192.168.1.32 | Switch name: switch0 | Switch running: [32mTrue [0m
--------------------------------------------------------------------------------
Simulated Pipes
--------------------------------------------------------------------------------
--------------------------------------------------------------------------------
Simulated Nodes/Jobs
--------------------------------------------------------------------------------
Hostname/IP: 192.168.1.32 | Job: rerocc-lc-linux-coupleddma-bertmini-pipeline-runtime-batch8-fileonly-sync-pairdummy-gdbserver0 | Sim running: [33mTrue [0m
--------------------------------------------------------------------------------
Summary
--------------------------------------------------------------------------------
1/1 instances are still running.
1/1 simulations are still running.
--------------------------------------------------------------------------------
[2J
FireSim Simulation Status @ 2026-05-07 19:39:48.560819
--------------------------------------------------------------------------------
This workload's output is located in:
/home/ubuntu/chipyard/sims/firesim/deploy/results-workload/2026-05-07--19-18-33-rerocc-lc-linux-coupleddma-bertmini-pipeline-runtime-batch8-fileonly-sync-pairdummy-gdbserver-f2-gemmini-rerocc-pairmanager-dummy8x8-4c12p12-sbus64-linux-bertmini-batch8-fileonly-sync-gdbserver-cfg32-nic-notrace/
This run's log is located in:
/home/ubuntu/chipyard/sims/firesim/deploy/logs/2026-05-07--19-18-33-runworkload-OZ49C911RG8KQVU9.log
This status will update every 10s.
--------------------------------------------------------------------------------
Instances
--------------------------------------------------------------------------------
Hostname/IP: 192.168.1.32 | Terminated: [33mFalse[0m
--------------------------------------------------------------------------------
Simulated Switches
--------------------------------------------------------------------------------
Hostname/IP: 192.168.1.32 | Switch name: switch0 | Switch running: [32mTrue [0m
--------------------------------------------------------------------------------
Simulated Pipes
--------------------------------------------------------------------------------
--------------------------------------------------------------------------------
Simulated Nodes/Jobs
--------------------------------------------------------------------------------
Hostname/IP: 192.168.1.32 | Job: rerocc-lc-linux-coupleddma-bertmini-pipeline-runtime-batch8-fileonly-sync-pairdummy-gdbserver0 | Sim running: [33mTrue [0m
--------------------------------------------------------------------------------
Summary
--------------------------------------------------------------------------------
1/1 instances are still running.
1/1 simulations are still running.
--------------------------------------------------------------------------------
[prt-host-watchdog] hb='16778943334, 891' idle=532s hb_idle=375s uart=16919 guest_log=0 guest_sparse=263346 guest_checkpoint=0 guest_trigger=0 guest_status=1644 guest_proc=3865 guest_runner=596 guest_runner_post=433 guest_runner_early=487 guest_binary=0 guest_runner_proc=11459
[2J
FireSim Simulation Status @ 2026-05-07 19:39:58.879101
--------------------------------------------------------------------------------
This workload's output is located in:
/home/ubuntu/chipyard/sims/firesim/deploy/results-workload/2026-05-07--19-18-33-rerocc-lc-linux-coupleddma-bertmini-pipeline-runtime-batch8-fileonly-sync-pairdummy-gdbserver-f2-gemmini-rerocc-pairmanager-dummy8x8-4c12p12-sbus64-linux-bertmini-batch8-fileonly-sync-gdbserver-cfg32-nic-notrace/
This run's log is located in:
/home/ubuntu/chipyard/sims/firesim/deploy/logs/2026-05-07--19-18-33-runworkload-OZ49C911RG8KQVU9.log
This status will update every 10s.
--------------------------------------------------------------------------------
Instances
--------------------------------------------------------------------------------
Hostname/IP: 192.168.1.32 | Terminated: [33mFalse[0m
--------------------------------------------------------------------------------
Simulated Switches
--------------------------------------------------------------------------------
Hostname/IP: 192.168.1.32 | Switch name: switch0 | Switch running: [32mTrue [0m
--------------------------------------------------------------------------------
Simulated Pipes
--------------------------------------------------------------------------------
--------------------------------------------------------------------------------
Simulated Nodes/Jobs
--------------------------------------------------------------------------------
Hostname/IP: 192.168.1.32 | Job: rerocc-lc-linux-coupleddma-bertmini-pipeline-runtime-batch8-fileonly-sync-pairdummy-gdbserver0 | Sim running: [33mTrue [0m
--------------------------------------------------------------------------------
Summary
--------------------------------------------------------------------------------
1/1 instances are still running.
1/1 simulations are still running.
--------------------------------------------------------------------------------
[2J
FireSim Simulation Status @ 2026-05-07 19:40:09.187854
--------------------------------------------------------------------------------
This workload's output is located in:
/home/ubuntu/chipyard/sims/firesim/deploy/results-workload/2026-05-07--19-18-33-rerocc-lc-linux-coupleddma-bertmini-pipeline-runtime-batch8-fileonly-sync-pairdummy-gdbserver-f2-gemmini-rerocc-pairmanager-dummy8x8-4c12p12-sbus64-linux-bertmini-batch8-fileonly-sync-gdbserver-cfg32-nic-notrace/
This run's log is located in:
/home/ubuntu/chipyard/sims/firesim/deploy/logs/2026-05-07--19-18-33-runworkload-OZ49C911RG8KQVU9.log
This status will update every 10s.
--------------------------------------------------------------------------------
Instances
--------------------------------------------------------------------------------
Hostname/IP: 192.168.1.32 | Terminated: [33mFalse[0m
--------------------------------------------------------------------------------
Simulated Switches
--------------------------------------------------------------------------------
Hostname/IP: 192.168.1.32 | Switch name: switch0 | Switch running: [32mTrue [0m
--------------------------------------------------------------------------------
Simulated Pipes
--------------------------------------------------------------------------------
--------------------------------------------------------------------------------
Simulated Nodes/Jobs
--------------------------------------------------------------------------------
Hostname/IP: 192.168.1.32 | Job: rerocc-lc-linux-coupleddma-bertmini-pipeline-runtime-batch8-fileonly-sync-pairdummy-gdbserver0 | Sim running: [33mTrue [0m
--------------------------------------------------------------------------------
Summary
--------------------------------------------------------------------------------
1/1 instances are still running.
1/1 simulations are still running.
--------------------------------------------------------------------------------
[2J
FireSim Simulation Status @ 2026-05-07 19:40:19.738330
--------------------------------------------------------------------------------
This workload's output is located in:
/home/ubuntu/chipyard/sims/firesim/deploy/results-workload/2026-05-07--19-18-33-rerocc-lc-linux-coupleddma-bertmini-pipeline-runtime-batch8-fileonly-sync-pairdummy-gdbserver-f2-gemmini-rerocc-pairmanager-dummy8x8-4c12p12-sbus64-linux-bertmini-batch8-fileonly-sync-gdbserver-cfg32-nic-notrace/
This run's log is located in:
/home/ubuntu/chipyard/sims/firesim/deploy/logs/2026-05-07--19-18-33-runworkload-OZ49C911RG8KQVU9.log
This status will update every 10s.
--------------------------------------------------------------------------------
Instances
--------------------------------------------------------------------------------
Hostname/IP: 192.168.1.32 | Terminated: [33mFalse[0m
--------------------------------------------------------------------------------
Simulated Switches
--------------------------------------------------------------------------------
Hostname/IP: 192.168.1.32 | Switch name: switch0 | Switch running: [32mTrue [0m
--------------------------------------------------------------------------------
Simulated Pipes
--------------------------------------------------------------------------------
--------------------------------------------------------------------------------
Simulated Nodes/Jobs
--------------------------------------------------------------------------------
Hostname/IP: 192.168.1.32 | Job: rerocc-lc-linux-coupleddma-bertmini-pipeline-runtime-batch8-fileonly-sync-pairdummy-gdbserver0 | Sim running: [33mTrue [0m
--------------------------------------------------------------------------------
Summary
--------------------------------------------------------------------------------
1/1 instances are still running.
1/1 simulations are still running.
--------------------------------------------------------------------------------
[prt-host-watchdog] hb='16778943334, 891' idle=563s hb_idle=406s uart=16919 guest_log=0 guest_sparse=263346 guest_checkpoint=0 guest_trigger=0 guest_status=1644 guest_proc=3865 guest_runner=596 guest_runner_post=433 guest_runner_early=487 guest_binary=0 guest_runner_proc=11459
[2J
FireSim Simulation Status @ 2026-05-07 19:40:30.047006
--------------------------------------------------------------------------------
This workload's output is located in:
/home/ubuntu/chipyard/sims/firesim/deploy/results-workload/2026-05-07--19-18-33-rerocc-lc-linux-coupleddma-bertmini-pipeline-runtime-batch8-fileonly-sync-pairdummy-gdbserver-f2-gemmini-rerocc-pairmanager-dummy8x8-4c12p12-sbus64-linux-bertmini-batch8-fileonly-sync-gdbserver-cfg32-nic-notrace/
This run's log is located in:
/home/ubuntu/chipyard/sims/firesim/deploy/logs/2026-05-07--19-18-33-runworkload-OZ49C911RG8KQVU9.log
This status will update every 10s.
--------------------------------------------------------------------------------
Instances
--------------------------------------------------------------------------------
Hostname/IP: 192.168.1.32 | Terminated: [33mFalse[0m
--------------------------------------------------------------------------------
Simulated Switches
--------------------------------------------------------------------------------
Hostname/IP: 192.168.1.32 | Switch name: switch0 | Switch running: [32mTrue [0m
--------------------------------------------------------------------------------
Simulated Pipes
--------------------------------------------------------------------------------
--------------------------------------------------------------------------------
Simulated Nodes/Jobs
--------------------------------------------------------------------------------
Hostname/IP: 192.168.1.32 | Job: rerocc-lc-linux-coupleddma-bertmini-pipeline-runtime-batch8-fileonly-sync-pairdummy-gdbserver0 | Sim running: [33mTrue [0m
--------------------------------------------------------------------------------
Summary
--------------------------------------------------------------------------------
1/1 instances are still running.
1/1 simulations are still running.
--------------------------------------------------------------------------------
[2J
FireSim Simulation Status @ 2026-05-07 19:40:40.365295
--------------------------------------------------------------------------------
This workload's output is located in:
/home/ubuntu/chipyard/sims/firesim/deploy/results-workload/2026-05-07--19-18-33-rerocc-lc-linux-coupleddma-bertmini-pipeline-runtime-batch8-fileonly-sync-pairdummy-gdbserver-f2-gemmini-rerocc-pairmanager-dummy8x8-4c12p12-sbus64-linux-bertmini-batch8-fileonly-sync-gdbserver-cfg32-nic-notrace/
This run's log is located in:
/home/ubuntu/chipyard/sims/firesim/deploy/logs/2026-05-07--19-18-33-runworkload-OZ49C911RG8KQVU9.log
This status will update every 10s.
--------------------------------------------------------------------------------
Instances
--------------------------------------------------------------------------------
Hostname/IP: 192.168.1.32 | Terminated: [33mFalse[0m
--------------------------------------------------------------------------------
Simulated Switches
--------------------------------------------------------------------------------
Hostname/IP: 192.168.1.32 | Switch name: switch0 | Switch running: [32mTrue [0m
--------------------------------------------------------------------------------
Simulated Pipes
--------------------------------------------------------------------------------
--------------------------------------------------------------------------------
Simulated Nodes/Jobs
--------------------------------------------------------------------------------
Hostname/IP: 192.168.1.32 | Job: rerocc-lc-linux-coupleddma-bertmini-pipeline-runtime-batch8-fileonly-sync-pairdummy-gdbserver0 | Sim running: [33mTrue [0m
--------------------------------------------------------------------------------
Summary
--------------------------------------------------------------------------------
1/1 instances are still running.
1/1 simulations are still running.
--------------------------------------------------------------------------------
[2J
FireSim Simulation Status @ 2026-05-07 19:40:50.663827
--------------------------------------------------------------------------------
This workload's output is located in:
/home/ubuntu/chipyard/sims/firesim/deploy/results-workload/2026-05-07--19-18-33-rerocc-lc-linux-coupleddma-bertmini-pipeline-runtime-batch8-fileonly-sync-pairdummy-gdbserver-f2-gemmini-rerocc-pairmanager-dummy8x8-4c12p12-sbus64-linux-bertmini-batch8-fileonly-sync-gdbserver-cfg32-nic-notrace/
This run's log is located in:
/home/ubuntu/chipyard/sims/firesim/deploy/logs/2026-05-07--19-18-33-runworkload-OZ49C911RG8KQVU9.log
This status will update every 10s.
--------------------------------------------------------------------------------
Instances
--------------------------------------------------------------------------------
Hostname/IP: 192.168.1.32 | Terminated: [33mFalse[0m
--------------------------------------------------------------------------------
Simulated Switches
--------------------------------------------------------------------------------
Hostname/IP: 192.168.1.32 | Switch name: switch0 | Switch running: [32mTrue [0m
--------------------------------------------------------------------------------
Simulated Pipes
--------------------------------------------------------------------------------
--------------------------------------------------------------------------------
Simulated Nodes/Jobs
--------------------------------------------------------------------------------
Hostname/IP: 192.168.1.32 | Job: rerocc-lc-linux-coupleddma-bertmini-pipeline-runtime-batch8-fileonly-sync-pairdummy-gdbserver0 | Sim running: [33mTrue [0m
--------------------------------------------------------------------------------
Summary
--------------------------------------------------------------------------------
1/1 instances are still running.
1/1 simulations are still running.
--------------------------------------------------------------------------------
[prt-host-watchdog] hb='16778943334, 891' idle=595s hb_idle=438s uart=16919 guest_log=0 guest_sparse=263346 guest_checkpoint=0 guest_trigger=0 guest_status=1644 guest_proc=3865 guest_runner=596 guest_runner_post=433 guest_runner_early=487 guest_binary=0 guest_runner_proc=11459
[2J
FireSim Simulation Status @ 2026-05-07 19:41:00.992640
--------------------------------------------------------------------------------
This workload's output is located in:
/home/ubuntu/chipyard/sims/firesim/deploy/results-workload/2026-05-07--19-18-33-rerocc-lc-linux-coupleddma-bertmini-pipeline-runtime-batch8-fileonly-sync-pairdummy-gdbserver-f2-gemmini-rerocc-pairmanager-dummy8x8-4c12p12-sbus64-linux-bertmini-batch8-fileonly-sync-gdbserver-cfg32-nic-notrace/
This run's log is located in:
/home/ubuntu/chipyard/sims/firesim/deploy/logs/2026-05-07--19-18-33-runworkload-OZ49C911RG8KQVU9.log
This status will update every 10s.
--------------------------------------------------------------------------------
Instances
--------------------------------------------------------------------------------
Hostname/IP: 192.168.1.32 | Terminated: [33mFalse[0m
--------------------------------------------------------------------------------
Simulated Switches
--------------------------------------------------------------------------------
Hostname/IP: 192.168.1.32 | Switch name: switch0 | Switch running: [32mTrue [0m
--------------------------------------------------------------------------------
Simulated Pipes
--------------------------------------------------------------------------------
--------------------------------------------------------------------------------
Simulated Nodes/Jobs
--------------------------------------------------------------------------------
Hostname/IP: 192.168.1.32 | Job: rerocc-lc-linux-coupleddma-bertmini-pipeline-runtime-batch8-fileonly-sync-pairdummy-gdbserver0 | Sim running: [33mTrue [0m
--------------------------------------------------------------------------------
Summary
--------------------------------------------------------------------------------
1/1 instances are still running.
1/1 simulations are still running.
--------------------------------------------------------------------------------
[2J
FireSim Simulation Status @ 2026-05-07 19:41:11.311484
--------------------------------------------------------------------------------
This workload's output is located in:
/home/ubuntu/chipyard/sims/firesim/deploy/results-workload/2026-05-07--19-18-33-rerocc-lc-linux-coupleddma-bertmini-pipeline-runtime-batch8-fileonly-sync-pairdummy-gdbserver-f2-gemmini-rerocc-pairmanager-dummy8x8-4c12p12-sbus64-linux-bertmini-batch8-fileonly-sync-gdbserver-cfg32-nic-notrace/
This run's log is located in:
/home/ubuntu/chipyard/sims/firesim/deploy/logs/2026-05-07--19-18-33-runworkload-OZ49C911RG8KQVU9.log
This status will update every 10s.
--------------------------------------------------------------------------------
Instances
--------------------------------------------------------------------------------
Hostname/IP: 192.168.1.32 | Terminated: [33mFalse[0m
--------------------------------------------------------------------------------
Simulated Switches
--------------------------------------------------------------------------------
Hostname/IP: 192.168.1.32 | Switch name: switch0 | Switch running: [32mTrue [0m
--------------------------------------------------------------------------------
Simulated Pipes
--------------------------------------------------------------------------------
--------------------------------------------------------------------------------
Simulated Nodes/Jobs
--------------------------------------------------------------------------------
Hostname/IP: 192.168.1.32 | Job: rerocc-lc-linux-coupleddma-bertmini-pipeline-runtime-batch8-fileonly-sync-pairdummy-gdbserver0 | Sim running: [33mTrue [0m
--------------------------------------------------------------------------------
Summary
--------------------------------------------------------------------------------
1/1 instances are still running.
1/1 simulations are still running.
--------------------------------------------------------------------------------
[2J
FireSim Simulation Status @ 2026-05-07 19:41:21.851652
--------------------------------------------------------------------------------
This workload's output is located in:
/home/ubuntu/chipyard/sims/firesim/deploy/results-workload/2026-05-07--19-18-33-rerocc-lc-linux-coupleddma-bertmini-pipeline-runtime-batch8-fileonly-sync-pairdummy-gdbserver-f2-gemmini-rerocc-pairmanager-dummy8x8-4c12p12-sbus64-linux-bertmini-batch8-fileonly-sync-gdbserver-cfg32-nic-notrace/
This run's log is located in:
/home/ubuntu/chipyard/sims/firesim/deploy/logs/2026-05-07--19-18-33-runworkload-OZ49C911RG8KQVU9.log
This status will update every 10s.
--------------------------------------------------------------------------------
Instances
--------------------------------------------------------------------------------
Hostname/IP: 192.168.1.32 | Terminated: [33mFalse[0m
--------------------------------------------------------------------------------
Simulated Switches
--------------------------------------------------------------------------------
Hostname/IP: 192.168.1.32 | Switch name: switch0 | Switch running: [32mTrue [0m
--------------------------------------------------------------------------------
Simulated Pipes
--------------------------------------------------------------------------------
--------------------------------------------------------------------------------
Simulated Nodes/Jobs
--------------------------------------------------------------------------------
Hostname/IP: 192.168.1.32 | Job: rerocc-lc-linux-coupleddma-bertmini-pipeline-runtime-batch8-fileonly-sync-pairdummy-gdbserver0 | Sim running: [33mTrue [0m
--------------------------------------------------------------------------------
Summary
--------------------------------------------------------------------------------
1/1 instances are still running.
1/1 simulations are still running.
--------------------------------------------------------------------------------
[prt-host-watchdog] hb='16778943334, 891' idle=626s hb_idle=469s uart=16919 guest_log=0 guest_sparse=263346 guest_checkpoint=0 guest_trigger=0 guest_status=1644 guest_proc=3865 guest_runner=596 guest_runner_post=433 guest_runner_early=487 guest_binary=0 guest_runner_proc=11459
[2J
FireSim Simulation Status @ 2026-05-07 19:41:32.161177
--------------------------------------------------------------------------------
This workload's output is located in:
/home/ubuntu/chipyard/sims/firesim/deploy/results-workload/2026-05-07--19-18-33-rerocc-lc-linux-coupleddma-bertmini-pipeline-runtime-batch8-fileonly-sync-pairdummy-gdbserver-f2-gemmini-rerocc-pairmanager-dummy8x8-4c12p12-sbus64-linux-bertmini-batch8-fileonly-sync-gdbserver-cfg32-nic-notrace/
This run's log is located in:
/home/ubuntu/chipyard/sims/firesim/deploy/logs/2026-05-07--19-18-33-runworkload-OZ49C911RG8KQVU9.log
This status will update every 10s.
--------------------------------------------------------------------------------
Instances
--------------------------------------------------------------------------------
Hostname/IP: 192.168.1.32 | Terminated: [33mFalse[0m
--------------------------------------------------------------------------------
Simulated Switches
--------------------------------------------------------------------------------
Hostname/IP: 192.168.1.32 | Switch name: switch0 | Switch running: [32mTrue [0m
--------------------------------------------------------------------------------
Simulated Pipes
--------------------------------------------------------------------------------
--------------------------------------------------------------------------------
Simulated Nodes/Jobs
--------------------------------------------------------------------------------
Hostname/IP: 192.168.1.32 | Job: rerocc-lc-linux-coupleddma-bertmini-pipeline-runtime-batch8-fileonly-sync-pairdummy-gdbserver0 | Sim running: [33mTrue [0m
--------------------------------------------------------------------------------
Summary
--------------------------------------------------------------------------------
1/1 instances are still running.
1/1 simulations are still running.
--------------------------------------------------------------------------------
[2J
FireSim Simulation Status @ 2026-05-07 19:41:42.469297
--------------------------------------------------------------------------------
This workload's output is located in:
/home/ubuntu/chipyard/sims/firesim/deploy/results-workload/2026-05-07--19-18-33-rerocc-lc-linux-coupleddma-bertmini-pipeline-runtime-batch8-fileonly-sync-pairdummy-gdbserver-f2-gemmini-rerocc-pairmanager-dummy8x8-4c12p12-sbus64-linux-bertmini-batch8-fileonly-sync-gdbserver-cfg32-nic-notrace/
This run's log is located in:
/home/ubuntu/chipyard/sims/firesim/deploy/logs/2026-05-07--19-18-33-runworkload-OZ49C911RG8KQVU9.log
This status will update every 10s.
--------------------------------------------------------------------------------
Instances
--------------------------------------------------------------------------------
Hostname/IP: 192.168.1.32 | Terminated: [33mFalse[0m
--------------------------------------------------------------------------------
Simulated Switches
--------------------------------------------------------------------------------
Hostname/IP: 192.168.1.32 | Switch name: switch0 | Switch running: [32mTrue [0m
--------------------------------------------------------------------------------
Simulated Pipes
--------------------------------------------------------------------------------
--------------------------------------------------------------------------------
Simulated Nodes/Jobs
--------------------------------------------------------------------------------
Hostname/IP: 192.168.1.32 | Job: rerocc-lc-linux-coupleddma-bertmini-pipeline-runtime-batch8-fileonly-sync-pairdummy-gdbserver0 | Sim running: [33mTrue [0m
--------------------------------------------------------------------------------
Summary
--------------------------------------------------------------------------------
1/1 instances are still running.
1/1 simulations are still running.
--------------------------------------------------------------------------------
[2J
FireSim Simulation Status @ 2026-05-07 19:41:52.787653
--------------------------------------------------------------------------------
This workload's output is located in:
/home/ubuntu/chipyard/sims/firesim/deploy/results-workload/2026-05-07--19-18-33-rerocc-lc-linux-coupleddma-bertmini-pipeline-runtime-batch8-fileonly-sync-pairdummy-gdbserver-f2-gemmini-rerocc-pairmanager-dummy8x8-4c12p12-sbus64-linux-bertmini-batch8-fileonly-sync-gdbserver-cfg32-nic-notrace/
This run's log is located in:
/home/ubuntu/chipyard/sims/firesim/deploy/logs/2026-05-07--19-18-33-runworkload-OZ49C911RG8KQVU9.log
This status will update every 10s.
--------------------------------------------------------------------------------
Instances
--------------------------------------------------------------------------------
Hostname/IP: 192.168.1.32 | Terminated: [33mFalse[0m
--------------------------------------------------------------------------------
Simulated Switches
--------------------------------------------------------------------------------
Hostname/IP: 192.168.1.32 | Switch name: switch0 | Switch running: [32mTrue [0m
--------------------------------------------------------------------------------
Simulated Pipes
--------------------------------------------------------------------------------
--------------------------------------------------------------------------------
Simulated Nodes/Jobs
--------------------------------------------------------------------------------
Hostname/IP: 192.168.1.32 | Job: rerocc-lc-linux-coupleddma-bertmini-pipeline-runtime-batch8-fileonly-sync-pairdummy-gdbserver0 | Sim running: [33mTrue [0m
--------------------------------------------------------------------------------
Summary
--------------------------------------------------------------------------------
1/1 instances are still running.
1/1 simulations are still running.
--------------------------------------------------------------------------------
[prt-host-watchdog] hb='16778943334, 891' idle=657s hb_idle=500s uart=16919 guest_log=0 guest_sparse=263346 guest_checkpoint=0 guest_trigger=0 guest_status=1644 guest_proc=3865 guest_runner=596 guest_runner_post=433 guest_runner_early=487 guest_binary=0 guest_runner_proc=11459
[2J
FireSim Simulation Status @ 2026-05-07 19:42:03.106159
--------------------------------------------------------------------------------
This workload's output is located in:
/home/ubuntu/chipyard/sims/firesim/deploy/results-workload/2026-05-07--19-18-33-rerocc-lc-linux-coupleddma-bertmini-pipeline-runtime-batch8-fileonly-sync-pairdummy-gdbserver-f2-gemmini-rerocc-pairmanager-dummy8x8-4c12p12-sbus64-linux-bertmini-batch8-fileonly-sync-gdbserver-cfg32-nic-notrace/
This run's log is located in:
/home/ubuntu/chipyard/sims/firesim/deploy/logs/2026-05-07--19-18-33-runworkload-OZ49C911RG8KQVU9.log
This status will update every 10s.
--------------------------------------------------------------------------------
Instances
--------------------------------------------------------------------------------
Hostname/IP: 192.168.1.32 | Terminated: [33mFalse[0m
--------------------------------------------------------------------------------
Simulated Switches
--------------------------------------------------------------------------------
Hostname/IP: 192.168.1.32 | Switch name: switch0 | Switch running: [32mTrue [0m
--------------------------------------------------------------------------------
Simulated Pipes
--------------------------------------------------------------------------------
--------------------------------------------------------------------------------
Simulated Nodes/Jobs
--------------------------------------------------------------------------------
Hostname/IP: 192.168.1.32 | Job: rerocc-lc-linux-coupleddma-bertmini-pipeline-runtime-batch8-fileonly-sync-pairdummy-gdbserver0 | Sim running: [33mTrue [0m
--------------------------------------------------------------------------------
Summary
--------------------------------------------------------------------------------
1/1 instances are still running.
1/1 simulations are still running.
--------------------------------------------------------------------------------
[2J
FireSim Simulation Status @ 2026-05-07 19:42:13.424335
--------------------------------------------------------------------------------
This workload's output is located in:
/home/ubuntu/chipyard/sims/firesim/deploy/results-workload/2026-05-07--19-18-33-rerocc-lc-linux-coupleddma-bertmini-pipeline-runtime-batch8-fileonly-sync-pairdummy-gdbserver-f2-gemmini-rerocc-pairmanager-dummy8x8-4c12p12-sbus64-linux-bertmini-batch8-fileonly-sync-gdbserver-cfg32-nic-notrace/
This run's log is located in:
/home/ubuntu/chipyard/sims/firesim/deploy/logs/2026-05-07--19-18-33-runworkload-OZ49C911RG8KQVU9.log
This status will update every 10s.
--------------------------------------------------------------------------------
Instances
--------------------------------------------------------------------------------
Hostname/IP: 192.168.1.32 | Terminated: [33mFalse[0m
--------------------------------------------------------------------------------
Simulated Switches
--------------------------------------------------------------------------------
Hostname/IP: 192.168.1.32 | Switch name: switch0 | Switch running: [32mTrue [0m
--------------------------------------------------------------------------------
Simulated Pipes
--------------------------------------------------------------------------------
--------------------------------------------------------------------------------
Simulated Nodes/Jobs
--------------------------------------------------------------------------------
Hostname/IP: 192.168.1.32 | Job: rerocc-lc-linux-coupleddma-bertmini-pipeline-runtime-batch8-fileonly-sync-pairdummy-gdbserver0 | Sim running: [33mTrue [0m
--------------------------------------------------------------------------------
Summary
--------------------------------------------------------------------------------
1/1 instances are still running.
1/1 simulations are still running.
--------------------------------------------------------------------------------
[2J
FireSim Simulation Status @ 2026-05-07 19:42:23.964492
--------------------------------------------------------------------------------
This workload's output is located in:
/home/ubuntu/chipyard/sims/firesim/deploy/results-workload/2026-05-07--19-18-33-rerocc-lc-linux-coupleddma-bertmini-pipeline-runtime-batch8-fileonly-sync-pairdummy-gdbserver-f2-gemmini-rerocc-pairmanager-dummy8x8-4c12p12-sbus64-linux-bertmini-batch8-fileonly-sync-gdbserver-cfg32-nic-notrace/
This run's log is located in:
/home/ubuntu/chipyard/sims/firesim/deploy/logs/2026-05-07--19-18-33-runworkload-OZ49C911RG8KQVU9.log
This status will update every 10s.
--------------------------------------------------------------------------------
Instances
--------------------------------------------------------------------------------
Hostname/IP: 192.168.1.32 | Terminated: [33mFalse[0m
--------------------------------------------------------------------------------
Simulated Switches
--------------------------------------------------------------------------------
Hostname/IP: 192.168.1.32 | Switch name: switch0 | Switch running: [32mTrue [0m
--------------------------------------------------------------------------------
Simulated Pipes
--------------------------------------------------------------------------------
--------------------------------------------------------------------------------
Simulated Nodes/Jobs
--------------------------------------------------------------------------------
Hostname/IP: 192.168.1.32 | Job: rerocc-lc-linux-coupleddma-bertmini-pipeline-runtime-batch8-fileonly-sync-pairdummy-gdbserver0 | Sim running: [33mTrue [0m
--------------------------------------------------------------------------------
Summary
--------------------------------------------------------------------------------
1/1 instances are still running.
1/1 simulations are still running.
--------------------------------------------------------------------------------
[prt-host-watchdog] hb='16778943334, 891' idle=689s hb_idle=532s uart=16919 guest_log=0 guest_sparse=263346 guest_checkpoint=0 guest_trigger=0 guest_status=1644 guest_proc=3865 guest_runner=596 guest_runner_post=433 guest_runner_early=487 guest_binary=0 guest_runner_proc=11459
[2J
FireSim Simulation Status @ 2026-05-07 19:42:34.260978
--------------------------------------------------------------------------------
This workload's output is located in:
/home/ubuntu/chipyard/sims/firesim/deploy/results-workload/2026-05-07--19-18-33-rerocc-lc-linux-coupleddma-bertmini-pipeline-runtime-batch8-fileonly-sync-pairdummy-gdbserver-f2-gemmini-rerocc-pairmanager-dummy8x8-4c12p12-sbus64-linux-bertmini-batch8-fileonly-sync-gdbserver-cfg32-nic-notrace/
This run's log is located in:
/home/ubuntu/chipyard/sims/firesim/deploy/logs/2026-05-07--19-18-33-runworkload-OZ49C911RG8KQVU9.log
This status will update every 10s.
--------------------------------------------------------------------------------
Instances
--------------------------------------------------------------------------------
Hostname/IP: 192.168.1.32 | Terminated: [33mFalse[0m
--------------------------------------------------------------------------------
Simulated Switches
--------------------------------------------------------------------------------
Hostname/IP: 192.168.1.32 | Switch name: switch0 | Switch running: [32mTrue [0m
--------------------------------------------------------------------------------
Simulated Pipes
--------------------------------------------------------------------------------
--------------------------------------------------------------------------------
Simulated Nodes/Jobs
--------------------------------------------------------------------------------
Hostname/IP: 192.168.1.32 | Job: rerocc-lc-linux-coupleddma-bertmini-pipeline-runtime-batch8-fileonly-sync-pairdummy-gdbserver0 | Sim running: [33mTrue [0m
--------------------------------------------------------------------------------
Summary
--------------------------------------------------------------------------------
1/1 instances are still running.
1/1 simulations are still running.
--------------------------------------------------------------------------------
[2J
FireSim Simulation Status @ 2026-05-07 19:42:44.579498
--------------------------------------------------------------------------------
This workload's output is located in:
/home/ubuntu/chipyard/sims/firesim/deploy/results-workload/2026-05-07--19-18-33-rerocc-lc-linux-coupleddma-bertmini-pipeline-runtime-batch8-fileonly-sync-pairdummy-gdbserver-f2-gemmini-rerocc-pairmanager-dummy8x8-4c12p12-sbus64-linux-bertmini-batch8-fileonly-sync-gdbserver-cfg32-nic-notrace/
This run's log is located in:
/home/ubuntu/chipyard/sims/firesim/deploy/logs/2026-05-07--19-18-33-runworkload-OZ49C911RG8KQVU9.log
This status will update every 10s.
--------------------------------------------------------------------------------
Instances
--------------------------------------------------------------------------------
Hostname/IP: 192.168.1.32 | Terminated: [33mFalse[0m
--------------------------------------------------------------------------------
Simulated Switches
--------------------------------------------------------------------------------
Hostname/IP: 192.168.1.32 | Switch name: switch0 | Switch running: [32mTrue [0m
--------------------------------------------------------------------------------
Simulated Pipes
--------------------------------------------------------------------------------
--------------------------------------------------------------------------------
Simulated Nodes/Jobs
--------------------------------------------------------------------------------
Hostname/IP: 192.168.1.32 | Job: rerocc-lc-linux-coupleddma-bertmini-pipeline-runtime-batch8-fileonly-sync-pairdummy-gdbserver0 | Sim running: [33mTrue [0m
--------------------------------------------------------------------------------
Summary
--------------------------------------------------------------------------------
1/1 instances are still running.
1/1 simulations are still running.
--------------------------------------------------------------------------------
[2J
FireSim Simulation Status @ 2026-05-07 19:42:54.888121
--------------------------------------------------------------------------------
This workload's output is located in:
/home/ubuntu/chipyard/sims/firesim/deploy/results-workload/2026-05-07--19-18-33-rerocc-lc-linux-coupleddma-bertmini-pipeline-runtime-batch8-fileonly-sync-pairdummy-gdbserver-f2-gemmini-rerocc-pairmanager-dummy8x8-4c12p12-sbus64-linux-bertmini-batch8-fileonly-sync-gdbserver-cfg32-nic-notrace/
This run's log is located in:
/home/ubuntu/chipyard/sims/firesim/deploy/logs/2026-05-07--19-18-33-runworkload-OZ49C911RG8KQVU9.log
This status will update every 10s.
--------------------------------------------------------------------------------
Instances
--------------------------------------------------------------------------------
Hostname/IP: 192.168.1.32 | Terminated: [33mFalse[0m
--------------------------------------------------------------------------------
Simulated Switches
--------------------------------------------------------------------------------
Hostname/IP: 192.168.1.32 | Switch name: switch0 | Switch running: [32mTrue [0m
--------------------------------------------------------------------------------
Simulated Pipes
--------------------------------------------------------------------------------
--------------------------------------------------------------------------------
Simulated Nodes/Jobs
--------------------------------------------------------------------------------
Hostname/IP: 192.168.1.32 | Job: rerocc-lc-linux-coupleddma-bertmini-pipeline-runtime-batch8-fileonly-sync-pairdummy-gdbserver0 | Sim running: [33mTrue [0m
--------------------------------------------------------------------------------
Summary
--------------------------------------------------------------------------------
1/1 instances are still running.
1/1 simulations are still running.
--------------------------------------------------------------------------------
[2J
FireSim Simulation Status @ 2026-05-07 19:43:05.198927
--------------------------------------------------------------------------------
This workload's output is located in:
/home/ubuntu/chipyard/sims/firesim/deploy/results-workload/2026-05-07--19-18-33-rerocc-lc-linux-coupleddma-bertmini-pipeline-runtime-batch8-fileonly-sync-pairdummy-gdbserver-f2-gemmini-rerocc-pairmanager-dummy8x8-4c12p12-sbus64-linux-bertmini-batch8-fileonly-sync-gdbserver-cfg32-nic-notrace/
This run's log is located in:
/home/ubuntu/chipyard/sims/firesim/deploy/logs/2026-05-07--19-18-33-runworkload-OZ49C911RG8KQVU9.log
This status will update every 10s.
--------------------------------------------------------------------------------
Instances
--------------------------------------------------------------------------------
Hostname/IP: 192.168.1.32 | Terminated: [33mFalse[0m
--------------------------------------------------------------------------------
Simulated Switches
--------------------------------------------------------------------------------
Hostname/IP: 192.168.1.32 | Switch name: switch0 | Switch running: [32mTrue [0m
--------------------------------------------------------------------------------
Simulated Pipes
--------------------------------------------------------------------------------
--------------------------------------------------------------------------------
Simulated Nodes/Jobs
--------------------------------------------------------------------------------
Hostname/IP: 192.168.1.32 | Job: rerocc-lc-linux-coupleddma-bertmini-pipeline-runtime-batch8-fileonly-sync-pairdummy-gdbserver0 | Sim running: [33mTrue [0m
--------------------------------------------------------------------------------
Summary
--------------------------------------------------------------------------------
1/1 instances are still running.
1/1 simulations are still running.
--------------------------------------------------------------------------------
[prt-host-watchdog] hb='16778943334, 891' idle=720s hb_idle=563s uart=16919 guest_log=0 guest_sparse=263346 guest_checkpoint=0 guest_trigger=0 guest_status=1644 guest_proc=3865 guest_runner=596 guest_runner_post=433 guest_runner_early=487 guest_binary=0 guest_runner_proc=11459
[2J
FireSim Simulation Status @ 2026-05-07 19:43:15.502023
--------------------------------------------------------------------------------
This workload's output is located in:
/home/ubuntu/chipyard/sims/firesim/deploy/results-workload/2026-05-07--19-18-33-rerocc-lc-linux-coupleddma-bertmini-pipeline-runtime-batch8-fileonly-sync-pairdummy-gdbserver-f2-gemmini-rerocc-pairmanager-dummy8x8-4c12p12-sbus64-linux-bertmini-batch8-fileonly-sync-gdbserver-cfg32-nic-notrace/
This run's log is located in:
/home/ubuntu/chipyard/sims/firesim/deploy/logs/2026-05-07--19-18-33-runworkload-OZ49C911RG8KQVU9.log
This status will update every 10s.
--------------------------------------------------------------------------------
Instances
--------------------------------------------------------------------------------
Hostname/IP: 192.168.1.32 | Terminated: [33mFalse[0m
--------------------------------------------------------------------------------
Simulated Switches
--------------------------------------------------------------------------------
Hostname/IP: 192.168.1.32 | Switch name: switch0 | Switch running: [32mTrue [0m
--------------------------------------------------------------------------------
Simulated Pipes
--------------------------------------------------------------------------------
--------------------------------------------------------------------------------
Simulated Nodes/Jobs
--------------------------------------------------------------------------------
Hostname/IP: 192.168.1.32 | Job: rerocc-lc-linux-coupleddma-bertmini-pipeline-runtime-batch8-fileonly-sync-pairdummy-gdbserver0 | Sim running: [33mTrue [0m
--------------------------------------------------------------------------------
Summary
--------------------------------------------------------------------------------
1/1 instances are still running.
1/1 simulations are still running.
--------------------------------------------------------------------------------
[2J
FireSim Simulation Status @ 2026-05-07 19:43:26.067891
--------------------------------------------------------------------------------
This workload's output is located in:
/home/ubuntu/chipyard/sims/firesim/deploy/results-workload/2026-05-07--19-18-33-rerocc-lc-linux-coupleddma-bertmini-pipeline-runtime-batch8-fileonly-sync-pairdummy-gdbserver-f2-gemmini-rerocc-pairmanager-dummy8x8-4c12p12-sbus64-linux-bertmini-batch8-fileonly-sync-gdbserver-cfg32-nic-notrace/
This run's log is located in:
/home/ubuntu/chipyard/sims/firesim/deploy/logs/2026-05-07--19-18-33-runworkload-OZ49C911RG8KQVU9.log
This status will update every 10s.
--------------------------------------------------------------------------------
Instances
--------------------------------------------------------------------------------
Hostname/IP: 192.168.1.32 | Terminated: [33mFalse[0m
--------------------------------------------------------------------------------
Simulated Switches
--------------------------------------------------------------------------------
Hostname/IP: 192.168.1.32 | Switch name: switch0 | Switch running: [32mTrue [0m
--------------------------------------------------------------------------------
Simulated Pipes
--------------------------------------------------------------------------------
--------------------------------------------------------------------------------
Simulated Nodes/Jobs
--------------------------------------------------------------------------------
Hostname/IP: 192.168.1.32 | Job: rerocc-lc-linux-coupleddma-bertmini-pipeline-runtime-batch8-fileonly-sync-pairdummy-gdbserver0 | Sim running: [33mTrue [0m
--------------------------------------------------------------------------------
Summary
--------------------------------------------------------------------------------
1/1 instances are still running.
1/1 simulations are still running.
--------------------------------------------------------------------------------
[2J
FireSim Simulation Status @ 2026-05-07 19:43:36.397438
--------------------------------------------------------------------------------
This workload's output is located in:
/home/ubuntu/chipyard/sims/firesim/deploy/results-workload/2026-05-07--19-18-33-rerocc-lc-linux-coupleddma-bertmini-pipeline-runtime-batch8-fileonly-sync-pairdummy-gdbserver-f2-gemmini-rerocc-pairmanager-dummy8x8-4c12p12-sbus64-linux-bertmini-batch8-fileonly-sync-gdbserver-cfg32-nic-notrace/
This run's log is located in:
/home/ubuntu/chipyard/sims/firesim/deploy/logs/2026-05-07--19-18-33-runworkload-OZ49C911RG8KQVU9.log
This status will update every 10s.
--------------------------------------------------------------------------------
Instances
--------------------------------------------------------------------------------
Hostname/IP: 192.168.1.32 | Terminated: [33mFalse[0m
--------------------------------------------------------------------------------
Simulated Switches
--------------------------------------------------------------------------------
Hostname/IP: 192.168.1.32 | Switch name: switch0 | Switch running: [32mTrue [0m
--------------------------------------------------------------------------------
Simulated Pipes
--------------------------------------------------------------------------------
--------------------------------------------------------------------------------
Simulated Nodes/Jobs
--------------------------------------------------------------------------------
Hostname/IP: 192.168.1.32 | Job: rerocc-lc-linux-coupleddma-bertmini-pipeline-runtime-batch8-fileonly-sync-pairdummy-gdbserver0 | Sim running: [33mTrue [0m
--------------------------------------------------------------------------------
Summary
--------------------------------------------------------------------------------
1/1 instances are still running.
1/1 simulations are still running.
--------------------------------------------------------------------------------
[prt-host-watchdog] hb='16778943334, 891' idle=751s hb_idle=594s uart=16919 guest_log=0 guest_sparse=263346 guest_checkpoint=0 guest_trigger=0 guest_status=1644 guest_proc=3865 guest_runner=596 guest_runner_post=433 guest_runner_early=487 guest_binary=0 guest_runner_proc=11459
[2J
FireSim Simulation Status @ 2026-05-07 19:43:46.716548
--------------------------------------------------------------------------------
This workload's output is located in:
/home/ubuntu/chipyard/sims/firesim/deploy/results-workload/2026-05-07--19-18-33-rerocc-lc-linux-coupleddma-bertmini-pipeline-runtime-batch8-fileonly-sync-pairdummy-gdbserver-f2-gemmini-rerocc-pairmanager-dummy8x8-4c12p12-sbus64-linux-bertmini-batch8-fileonly-sync-gdbserver-cfg32-nic-notrace/
This run's log is located in:
/home/ubuntu/chipyard/sims/firesim/deploy/logs/2026-05-07--19-18-33-runworkload-OZ49C911RG8KQVU9.log
This status will update every 10s.
--------------------------------------------------------------------------------
Instances
--------------------------------------------------------------------------------
Hostname/IP: 192.168.1.32 | Terminated: [33mFalse[0m
--------------------------------------------------------------------------------
Simulated Switches
--------------------------------------------------------------------------------
Hostname/IP: 192.168.1.32 | Switch name: switch0 | Switch running: [32mTrue [0m
--------------------------------------------------------------------------------
Simulated Pipes
--------------------------------------------------------------------------------
--------------------------------------------------------------------------------
Simulated Nodes/Jobs
--------------------------------------------------------------------------------
Hostname/IP: 192.168.1.32 | Job: rerocc-lc-linux-coupleddma-bertmini-pipeline-runtime-batch8-fileonly-sync-pairdummy-gdbserver0 | Sim running: [33mTrue [0m
--------------------------------------------------------------------------------
Summary
--------------------------------------------------------------------------------
1/1 instances are still running.
1/1 simulations are still running.
--------------------------------------------------------------------------------
[2J
FireSim Simulation Status @ 2026-05-07 19:43:57.035140
--------------------------------------------------------------------------------
This workload's output is located in:
/home/ubuntu/chipyard/sims/firesim/deploy/results-workload/2026-05-07--19-18-33-rerocc-lc-linux-coupleddma-bertmini-pipeline-runtime-batch8-fileonly-sync-pairdummy-gdbserver-f2-gemmini-rerocc-pairmanager-dummy8x8-4c12p12-sbus64-linux-bertmini-batch8-fileonly-sync-gdbserver-cfg32-nic-notrace/
This run's log is located in:
/home/ubuntu/chipyard/sims/firesim/deploy/logs/2026-05-07--19-18-33-runworkload-OZ49C911RG8KQVU9.log
This status will update every 10s.
--------------------------------------------------------------------------------
Instances
--------------------------------------------------------------------------------
Hostname/IP: 192.168.1.32 | Terminated: [33mFalse[0m
--------------------------------------------------------------------------------
Simulated Switches
--------------------------------------------------------------------------------
Hostname/IP: 192.168.1.32 | Switch name: switch0 | Switch running: [32mTrue [0m
--------------------------------------------------------------------------------
Simulated Pipes
--------------------------------------------------------------------------------
--------------------------------------------------------------------------------
Simulated Nodes/Jobs
--------------------------------------------------------------------------------
Hostname/IP: 192.168.1.32 | Job: rerocc-lc-linux-coupleddma-bertmini-pipeline-runtime-batch8-fileonly-sync-pairdummy-gdbserver0 | Sim running: [33mTrue [0m
--------------------------------------------------------------------------------
Summary
--------------------------------------------------------------------------------
1/1 instances are still running.
1/1 simulations are still running.
--------------------------------------------------------------------------------
[2J
FireSim Simulation Status @ 2026-05-07 19:44:07.353378
--------------------------------------------------------------------------------
This workload's output is located in:
/home/ubuntu/chipyard/sims/firesim/deploy/results-workload/2026-05-07--19-18-33-rerocc-lc-linux-coupleddma-bertmini-pipeline-runtime-batch8-fileonly-sync-pairdummy-gdbserver-f2-gemmini-rerocc-pairmanager-dummy8x8-4c12p12-sbus64-linux-bertmini-batch8-fileonly-sync-gdbserver-cfg32-nic-notrace/
This run's log is located in:
/home/ubuntu/chipyard/sims/firesim/deploy/logs/2026-05-07--19-18-33-runworkload-OZ49C911RG8KQVU9.log
This status will update every 10s.
--------------------------------------------------------------------------------
Instances
--------------------------------------------------------------------------------
Hostname/IP: 192.168.1.32 | Terminated: [33mFalse[0m
--------------------------------------------------------------------------------
Simulated Switches
--------------------------------------------------------------------------------
Hostname/IP: 192.168.1.32 | Switch name: switch0 | Switch running: [32mTrue [0m
--------------------------------------------------------------------------------
Simulated Pipes
--------------------------------------------------------------------------------
--------------------------------------------------------------------------------
Simulated Nodes/Jobs
--------------------------------------------------------------------------------
Hostname/IP: 192.168.1.32 | Job: rerocc-lc-linux-coupleddma-bertmini-pipeline-runtime-batch8-fileonly-sync-pairdummy-gdbserver0 | Sim running: [33mTrue [0m
--------------------------------------------------------------------------------
Summary
--------------------------------------------------------------------------------
1/1 instances are still running.
1/1 simulations are still running.
--------------------------------------------------------------------------------
[prt-host-watchdog] hb='16778943334, 891' idle=783s hb_idle=626s uart=16919 guest_log=0 guest_sparse=263346 guest_checkpoint=0 guest_trigger=0 guest_status=1644 guest_proc=3865 guest_runner=596 guest_runner_post=433 guest_runner_early=487 guest_binary=0 guest_runner_proc=11459
[prt-host-watchdog] host idle timeout reached after 783s (hb_idle=626s)
[prt-host-watchdog] captures:
/home/ubuntu/chipyard/tmp/firesim-aws-f2/captures/pairdummy-sbus64-dummy8x8-gdbserver-cfg32-nic-notrace-runworkload-20260507-191832-192.168.1.32-host-watchdog-20260507T194408Z.firesim-cmdline.txt
/home/ubuntu/chipyard/tmp/firesim-aws-f2/captures/pairdummy-sbus64-dummy8x8-gdbserver-cfg32-nic-notrace-runworkload-20260507-191832-192.168.1.32-host-watchdog-20260507T194408Z.guest-breadcrumb.bin
/home/ubuntu/chipyard/tmp/firesim-aws-f2/captures/pairdummy-sbus64-dummy8x8-gdbserver-cfg32-nic-notrace-runworkload-20260507-191832-192.168.1.32-host-watchdog-20260507T194408Z.guest-checkpoint-log.txt
/home/ubuntu/chipyard/tmp/firesim-aws-f2/captures/pairdummy-sbus64-dummy8x8-gdbserver-cfg32-nic-notrace-runworkload-20260507-191832-192.168.1.32-host-watchdog-20260507T194408Z.guest-deep-log.txt
/home/ubuntu/chipyard/tmp/firesim-aws-f2/captures/pairdummy-sbus64-dummy8x8-gdbserver-cfg32-nic-notrace-runworkload-20260507-191832-192.168.1.32-host-watchdog-20260507T194408Z.guest-proc-stage.txt
/home/ubuntu/chipyard/tmp/firesim-aws-f2/captures/pairdummy-sbus64-dummy8x8-gdbserver-cfg32-nic-notrace-runworkload-20260507-191832-192.168.1.32-host-watchdog-20260507T194408Z.guest-runner-early-stage.txt
/home/ubuntu/chipyard/tmp/firesim-aws-f2/captures/pairdummy-sbus64-dummy8x8-gdbserver-cfg32-nic-notrace-runworkload-20260507-191832-192.168.1.32-host-watchdog-20260507T194408Z.guest-runner-post-stage.txt
/home/ubuntu/chipyard/tmp/firesim-aws-f2/captures/pairdummy-sbus64-dummy8x8-gdbserver-cfg32-nic-notrace-runworkload-20260507-191832-192.168.1.32-host-watchdog-20260507T194408Z.guest-runner-proc-stage.txt
/home/ubuntu/chipyard/tmp/firesim-aws-f2/captures/pairdummy-sbus64-dummy8x8-gdbserver-cfg32-nic-notrace-runworkload-20260507-191832-192.168.1.32-host-watchdog-20260507T194408Z.guest-runner-stage.txt
/home/ubuntu/chipyard/tmp/firesim-aws-f2/captures/pairdummy-sbus64-dummy8x8-gdbserver-cfg32-nic-notrace-runworkload-20260507-191832-192.168.1.32-host-watchdog-20260507T194408Z.guest-sparse-log.txt
/home/ubuntu/chipyard/tmp/firesim-aws-f2/captures/pairdummy-sbus64-dummy8x8-gdbserver-cfg32-nic-notrace-runworkload-20260507-191832-192.168.1.32-host-watchdog-20260507T194408Z.guest-trigger-log.txt
/home/ubuntu/chipyard/tmp/firesim-aws-f2/captures/pairdummy-sbus64-dummy8x8-gdbserver-cfg32-nic-notrace-runworkload-20260507-191832-192.168.1.32-host-watchdog-20260507T194408Z.heartbeat.csv
/home/ubuntu/chipyard/tmp/firesim-aws-f2/captures/pairdummy-sbus64-dummy8x8-gdbserver-cfg32-nic-notrace-runworkload-20260507-191832-192.168.1.32-host-watchdog-20260507T194408Z.status.txt
/home/ubuntu/chipyard/tmp/firesim-aws-f2/captures/pairdummy-sbus64-dummy8x8-gdbserver-cfg32-nic-notrace-runworkload-20260507-191832-192.168.1.32-host-watchdog-20260507T194408Z.trace-fds.txt
/home/ubuntu/chipyard/tmp/firesim-aws-f2/captures/pairdummy-sbus64-dummy8x8-gdbserver-cfg32-nic-notrace-runworkload-20260507-191832-192.168.1.32-host-watchdog-20260507T194408Z.trace-files.txt
/home/ubuntu/chipyard/tmp/firesim-aws-f2/captures/pairdummy-sbus64-dummy8x8-gdbserver-cfg32-nic-notrace-runworkload-20260507-191832-192.168.1.32-host-watchdog-20260507T194408Z.uartlog.txt
[prt-host-watchdog] calling terminaterunfarm --forceterminate
/home/ubuntu/chipyard/.conda-env/lib/python3.10/site-packages/paramiko/transport.py:178: CryptographyDeprecationWarning: Blowfish has been deprecated
  'class': algorithms.Blowfish,
FireSim Manager. Docs: https://docs.fires.im
Running: terminaterunfarm

run_farm_hosts_dict defaultdict(<class 'list'>, {'f2.6xlarge': [(<runtools.run_farm.Inst object at 0x74c46d177af0>, None)], 'f2.12xlarge': [], 'f2.48xlarge': [], 'm4.16xlarge': [], 'z1d.3xlarge': [], 'z1d.6xlarge': [], 'z1d.12xlarge': []})
set_server_hardware_config 0 None
IMPORTANT!: This will terminate the following instances:
f2.12xlarge
[]
f2.48xlarge
[]
f2.6xlarge
['i-047991d56243ab2f2']
m4.16xlarge
[]
z1d.12xlarge
[]
z1d.3xlarge
[]
z1d.6xlarge
[]
Instances terminated. Please confirm in your AWS Management Console.
The full log of this run is:
/home/ubuntu/chipyard/sims/firesim/deploy/logs/2026-05-07--19-44-14-terminaterunfarm-T4KEGNODTUWET9BO.log
Exception: Error reading SSH protocol banner
Traceback (most recent call last):
  File "/home/ubuntu/chipyard/.conda-env/lib/python3.10/site-packages/paramiko/transport.py", line 2049, in _check_banner
    buf = self.packetizer.readline(timeout)
  File "/home/ubuntu/chipyard/.conda-env/lib/python3.10/site-packages/paramiko/packet.py", line 360, in readline
    buf += self._read_timeout(timeout)
  File "/home/ubuntu/chipyard/.conda-env/lib/python3.10/site-packages/paramiko/packet.py", line 575, in _read_timeout
    raise EOFError()
EOFError

During handling of the above exception, another exception occurred:

Traceback (most recent call last):
  File "/home/ubuntu/chipyard/.conda-env/lib/python3.10/site-packages/paramiko/transport.py", line 1904, in run
    self._check_banner()
  File "/home/ubuntu/chipyard/.conda-env/lib/python3.10/site-packages/paramiko/transport.py", line 2053, in _check_banner
    raise SSHException(
paramiko.ssh_exception.SSHException: Error reading SSH protocol banner
Exception: Error reading SSH protocol banner
Traceback (most recent call last):
  File "/home/ubuntu/chipyard/.conda-env/lib/python3.10/site-packages/paramiko/transport.py", line 2049, in _check_banner
    buf = self.packetizer.readline(timeout)
  File "/home/ubuntu/chipyard/.conda-env/lib/python3.10/site-packages/paramiko/packet.py", line 360, in readline
    buf += self._read_timeout(timeout)
  File "/home/ubuntu/chipyard/.conda-env/lib/python3.10/site-packages/paramiko/packet.py", line 575, in _read_timeout
    raise EOFError()
EOFError

During handling of the above exception, another exception occurred:

Traceback (most recent call last):
  File "/home/ubuntu/chipyard/.conda-env/lib/python3.10/site-packages/paramiko/transport.py", line 1904, in run
    self._check_banner()
  File "/home/ubuntu/chipyard/.conda-env/lib/python3.10/site-packages/paramiko/transport.py", line 2053, in _check_banner
    raise SSHException(
paramiko.ssh_exception.SSHException: Error reading SSH protocol banner
Exception: Error reading SSH protocol banner
Traceback (most recent call last):
  File "/home/ubuntu/chipyard/.conda-env/lib/python3.10/site-packages/paramiko/transport.py", line 2049, in _check_banner
    buf = self.packetizer.readline(timeout)
  File "/home/ubuntu/chipyard/.conda-env/lib/python3.10/site-packages/paramiko/packet.py", line 360, in readline
    buf += self._read_timeout(timeout)
  File "/home/ubuntu/chipyard/.conda-env/lib/python3.10/site-packages/paramiko/packet.py", line 575, in _read_timeout
    raise EOFError()
EOFError

During handling of the above exception, another exception occurred:

Traceback (most recent call last):
  File "/home/ubuntu/chipyard/.conda-env/lib/python3.10/site-packages/paramiko/transport.py", line 1904, in run
    self._check_banner()
  File "/home/ubuntu/chipyard/.conda-env/lib/python3.10/site-packages/paramiko/transport.py", line 2053, in _check_banner
    raise SSHException(
paramiko.ssh_exception.SSHException: Error reading SSH protocol banner
Exception: Error reading SSH protocol banner
Traceback (most recent call last):
  File "/home/ubuntu/chipyard/.conda-env/lib/python3.10/site-packages/paramiko/transport.py", line 2049, in _check_banner
    buf = self.packetizer.readline(timeout)
  File "/home/ubuntu/chipyard/.conda-env/lib/python3.10/site-packages/paramiko/packet.py", line 360, in readline
    buf += self._read_timeout(timeout)
  File "/home/ubuntu/chipyard/.conda-env/lib/python3.10/site-packages/paramiko/packet.py", line 575, in _read_timeout
    raise EOFError()
EOFError

During handling of the above exception, another exception occurred:

Traceback (most recent call last):
  File "/home/ubuntu/chipyard/.conda-env/lib/python3.10/site-packages/paramiko/transport.py", line 1904, in run
    self._check_banner()
  File "/home/ubuntu/chipyard/.conda-env/lib/python3.10/site-packages/paramiko/transport.py", line 2053, in _check_banner
    raise SSHException(
paramiko.ssh_exception.SSHException: Error reading SSH protocol banner
Exception: Error reading SSH protocol banner
Traceback (most recent call last):
  File "/home/ubuntu/chipyard/.conda-env/lib/python3.10/site-packages/paramiko/transport.py", line 2049, in _check_banner
    buf = self.packetizer.readline(timeout)
  File "/home/ubuntu/chipyard/.conda-env/lib/python3.10/site-packages/paramiko/packet.py", line 360, in readline
    buf += self._read_timeout(timeout)
  File "/home/ubuntu/chipyard/.conda-env/lib/python3.10/site-packages/paramiko/packet.py", line 575, in _read_timeout
    raise EOFError()
EOFError

During handling of the above exception, another exception occurred:

Traceback (most recent call last):
  File "/home/ubuntu/chipyard/.conda-env/lib/python3.10/site-packages/paramiko/transport.py", line 1904, in run
    self._check_banner()
  File "/home/ubuntu/chipyard/.conda-env/lib/python3.10/site-packages/paramiko/transport.py", line 2053, in _check_banner
    raise SSHException(
paramiko.ssh_exception.SSHException: Error reading SSH protocol banner
Exception: Error reading SSH protocol banner
Traceback (most recent call last):
  File "/home/ubuntu/chipyard/.conda-env/lib/python3.10/site-packages/paramiko/transport.py", line 2049, in _check_banner
    buf = self.packetizer.readline(timeout)
  File "/home/ubuntu/chipyard/.conda-env/lib/python3.10/site-packages/paramiko/packet.py", line 360, in readline
    buf += self._read_timeout(timeout)
  File "/home/ubuntu/chipyard/.conda-env/lib/python3.10/site-packages/paramiko/packet.py", line 575, in _read_timeout
    raise EOFError()
EOFError

During handling of the above exception, another exception occurred:

Traceback (most recent call last):
  File "/home/ubuntu/chipyard/.conda-env/lib/python3.10/site-packages/paramiko/transport.py", line 1904, in run
    self._check_banner()
  File "/home/ubuntu/chipyard/.conda-env/lib/python3.10/site-packages/paramiko/transport.py", line 2053, in _check_banner
    raise SSHException(
paramiko.ssh_exception.SSHException: Error reading SSH protocol banner
Exception: Error reading SSH protocol banner
Traceback (most recent call last):
  File "/home/ubuntu/chipyard/.conda-env/lib/python3.10/site-packages/paramiko/transport.py", line 2049, in _check_banner
    buf = self.packetizer.readline(timeout)
  File "/home/ubuntu/chipyard/.conda-env/lib/python3.10/site-packages/paramiko/packet.py", line 360, in readline
    buf += self._read_timeout(timeout)
  File "/home/ubuntu/chipyard/.conda-env/lib/python3.10/site-packages/paramiko/packet.py", line 575, in _read_timeout
    raise EOFError()
EOFError

During handling of the above exception, another exception occurred:

Traceback (most recent call last):
  File "/home/ubuntu/chipyard/.conda-env/lib/python3.10/site-packages/paramiko/transport.py", line 1904, in run
    self._check_banner()
  File "/home/ubuntu/chipyard/.conda-env/lib/python3.10/site-packages/paramiko/transport.py", line 2053, in _check_banner
    raise SSHException(
paramiko.ssh_exception.SSHException: Error reading SSH protocol banner
Exception: Error reading SSH protocol banner
Traceback (most recent call last):
  File "/home/ubuntu/chipyard/.conda-env/lib/python3.10/site-packages/paramiko/transport.py", line 2049, in _check_banner
    buf = self.packetizer.readline(timeout)
  File "/home/ubuntu/chipyard/.conda-env/lib/python3.10/site-packages/paramiko/packet.py", line 360, in readline
    buf += self._read_timeout(timeout)
  File "/home/ubuntu/chipyard/.conda-env/lib/python3.10/site-packages/paramiko/packet.py", line 575, in _read_timeout
    raise EOFError()
EOFError

During handling of the above exception, another exception occurred:

Traceback (most recent call last):
  File "/home/ubuntu/chipyard/.conda-env/lib/python3.10/site-packages/paramiko/transport.py", line 1904, in run
    self._check_banner()
  File "/home/ubuntu/chipyard/.conda-env/lib/python3.10/site-packages/paramiko/transport.py", line 2053, in _check_banner
    raise SSHException(
paramiko.ssh_exception.SSHException: Error reading SSH protocol banner
Exception: Error reading SSH protocol banner
Traceback (most recent call last):
  File "/home/ubuntu/chipyard/.conda-env/lib/python3.10/site-packages/paramiko/transport.py", line 2049, in _check_banner
    buf = self.packetizer.readline(timeout)
  File "/home/ubuntu/chipyard/.conda-env/lib/python3.10/site-packages/paramiko/packet.py", line 360, in readline
    buf += self._read_timeout(timeout)
  File "/home/ubuntu/chipyard/.conda-env/lib/python3.10/site-packages/paramiko/packet.py", line 575, in _read_timeout
    raise EOFError()
EOFError

During handling of the above exception, another exception occurred:

Traceback (most recent call last):
  File "/home/ubuntu/chipyard/.conda-env/lib/python3.10/site-packages/paramiko/transport.py", line 1904, in run
    self._check_banner()
  File "/home/ubuntu/chipyard/.conda-env/lib/python3.10/site-packages/paramiko/transport.py", line 2053, in _check_banner
    raise SSHException(
paramiko.ssh_exception.SSHException: Error reading SSH protocol banner
Exception: Error reading SSH protocol banner
Traceback (most recent call last):
  File "/home/ubuntu/chipyard/.conda-env/lib/python3.10/site-packages/paramiko/transport.py", line 2049, in _check_banner
    buf = self.packetizer.readline(timeout)
  File "/home/ubuntu/chipyard/.conda-env/lib/python3.10/site-packages/paramiko/packet.py", line 360, in readline
    buf += self._read_timeout(timeout)
  File "/home/ubuntu/chipyard/.conda-env/lib/python3.10/site-packages/paramiko/packet.py", line 575, in _read_timeout
    raise EOFError()
EOFError

During handling of the above exception, another exception occurred:

Traceback (most recent call last):
  File "/home/ubuntu/chipyard/.conda-env/lib/python3.10/site-packages/paramiko/transport.py", line 1904, in run
    self._check_banner()
  File "/home/ubuntu/chipyard/.conda-env/lib/python3.10/site-packages/paramiko/transport.py", line 2053, in _check_banner
    raise SSHException(
paramiko.ssh_exception.SSHException: Error reading SSH protocol banner
[192.168.1.32] Transient SSH failure while polling screens; preserving assigned jobs as running for this monitor loop: Error reading SSH protocol banner
[2J
FireSim Simulation Status @ 2026-05-07 19:44:17.409912
--------------------------------------------------------------------------------
This workload's output is located in:
/home/ubuntu/chipyard/sims/firesim/deploy/results-workload/2026-05-07--19-18-33-rerocc-lc-linux-coupleddma-bertmini-pipeline-runtime-batch8-fileonly-sync-pairdummy-gdbserver-f2-gemmini-rerocc-pairmanager-dummy8x8-4c12p12-sbus64-linux-bertmini-batch8-fileonly-sync-gdbserver-cfg32-nic-notrace/
This run's log is located in:
/home/ubuntu/chipyard/sims/firesim/deploy/logs/2026-05-07--19-18-33-runworkload-OZ49C911RG8KQVU9.log
This status will update every 10s.
--------------------------------------------------------------------------------
Instances
--------------------------------------------------------------------------------
Hostname/IP: 192.168.1.32 | Terminated: [33mFalse[0m
--------------------------------------------------------------------------------
Simulated Switches
--------------------------------------------------------------------------------
Hostname/IP: 192.168.1.32 | Switch name: switch0 | Switch running: [32mTrue [0m
--------------------------------------------------------------------------------
Simulated Pipes
--------------------------------------------------------------------------------
--------------------------------------------------------------------------------
Simulated Nodes/Jobs
--------------------------------------------------------------------------------
Hostname/IP: 192.168.1.32 | Job: rerocc-lc-linux-coupleddma-bertmini-pipeline-runtime-batch8-fileonly-sync-pairdummy-gdbserver0 | Sim running: [33mTrue [0m
--------------------------------------------------------------------------------
Summary
--------------------------------------------------------------------------------
1/1 instances are still running.
1/1 simulations are still running.
--------------------------------------------------------------------------------
[192.168.1.32] Transient SSH failure while polling screens; preserving assigned jobs as running for this monitor loop: Low level socket error connecting to host 192.168.1.32 on port 22: No route to host (tried 10 times)
[2J
FireSim Simulation Status @ 2026-05-07 19:59:49.589434
--------------------------------------------------------------------------------
This workload's output is located in:
/home/ubuntu/chipyard/sims/firesim/deploy/results-workload/2026-05-07--19-18-33-rerocc-lc-linux-coupleddma-bertmini-pipeline-runtime-batch8-fileonly-sync-pairdummy-gdbserver-f2-gemmini-rerocc-pairmanager-dummy8x8-4c12p12-sbus64-linux-bertmini-batch8-fileonly-sync-gdbserver-cfg32-nic-notrace/
This run's log is located in:
/home/ubuntu/chipyard/sims/firesim/deploy/logs/2026-05-07--19-18-33-runworkload-OZ49C911RG8KQVU9.log
This status will update every 10s.
--------------------------------------------------------------------------------
Instances
--------------------------------------------------------------------------------
Hostname/IP: 192.168.1.32 | Terminated: [33mFalse[0m
--------------------------------------------------------------------------------
Simulated Switches
--------------------------------------------------------------------------------
Hostname/IP: 192.168.1.32 | Switch name: switch0 | Switch running: [32mTrue [0m
--------------------------------------------------------------------------------
Simulated Pipes
--------------------------------------------------------------------------------
--------------------------------------------------------------------------------
Simulated Nodes/Jobs
--------------------------------------------------------------------------------
Hostname/IP: 192.168.1.32 | Job: rerocc-lc-linux-coupleddma-bertmini-pipeline-runtime-batch8-fileonly-sync-pairdummy-gdbserver0 | Sim running: [33mTrue [0m
--------------------------------------------------------------------------------
Summary
--------------------------------------------------------------------------------
1/1 instances are still running.
1/1 simulations are still running.
--------------------------------------------------------------------------------
[192.168.1.32] Transient SSH failure while polling screens; preserving assigned jobs as running for this monitor loop: Low level socket error connecting to host 192.168.1.32 on port 22: No route to host (tried 10 times)
[2J
FireSim Simulation Status @ 2026-05-07 20:15:30.963266
--------------------------------------------------------------------------------
This workload's output is located in:
/home/ubuntu/chipyard/sims/firesim/deploy/results-workload/2026-05-07--19-18-33-rerocc-lc-linux-coupleddma-bertmini-pipeline-runtime-batch8-fileonly-sync-pairdummy-gdbserver-f2-gemmini-rerocc-pairmanager-dummy8x8-4c12p12-sbus64-linux-bertmini-batch8-fileonly-sync-gdbserver-cfg32-nic-notrace/
This run's log is located in:
/home/ubuntu/chipyard/sims/firesim/deploy/logs/2026-05-07--19-18-33-runworkload-OZ49C911RG8KQVU9.log
This status will update every 10s.
--------------------------------------------------------------------------------
Instances
--------------------------------------------------------------------------------
Hostname/IP: 192.168.1.32 | Terminated: [33mFalse[0m
--------------------------------------------------------------------------------
Simulated Switches
--------------------------------------------------------------------------------
Hostname/IP: 192.168.1.32 | Switch name: switch0 | Switch running: [32mTrue [0m
--------------------------------------------------------------------------------
Simulated Pipes
--------------------------------------------------------------------------------
--------------------------------------------------------------------------------
Simulated Nodes/Jobs
--------------------------------------------------------------------------------
Hostname/IP: 192.168.1.32 | Job: rerocc-lc-linux-coupleddma-bertmini-pipeline-runtime-batch8-fileonly-sync-pairdummy-gdbserver0 | Sim running: [33mTrue [0m
--------------------------------------------------------------------------------
Summary
--------------------------------------------------------------------------------
1/1 instances are still running.
1/1 simulations are still running.
--------------------------------------------------------------------------------
[192.168.1.32] Transient SSH failure while polling screens; preserving assigned jobs as running for this monitor loop: Low level socket error connecting to host 192.168.1.32 on port 22: No route to host (tried 10 times)
[2J
FireSim Simulation Status @ 2026-05-07 20:31:12.348154
--------------------------------------------------------------------------------
This workload's output is located in:
/home/ubuntu/chipyard/sims/firesim/deploy/results-workload/2026-05-07--19-18-33-rerocc-lc-linux-coupleddma-bertmini-pipeline-runtime-batch8-fileonly-sync-pairdummy-gdbserver-f2-gemmini-rerocc-pairmanager-dummy8x8-4c12p12-sbus64-linux-bertmini-batch8-fileonly-sync-gdbserver-cfg32-nic-notrace/
This run's log is located in:
/home/ubuntu/chipyard/sims/firesim/deploy/logs/2026-05-07--19-18-33-runworkload-OZ49C911RG8KQVU9.log
This status will update every 10s.
--------------------------------------------------------------------------------
Instances
--------------------------------------------------------------------------------
Hostname/IP: 192.168.1.32 | Terminated: [33mFalse[0m
--------------------------------------------------------------------------------
Simulated Switches
--------------------------------------------------------------------------------
Hostname/IP: 192.168.1.32 | Switch name: switch0 | Switch running: [32mTrue [0m
--------------------------------------------------------------------------------
Simulated Pipes
--------------------------------------------------------------------------------
--------------------------------------------------------------------------------
Simulated Nodes/Jobs
--------------------------------------------------------------------------------
Hostname/IP: 192.168.1.32 | Job: rerocc-lc-linux-coupleddma-bertmini-pipeline-runtime-batch8-fileonly-sync-pairdummy-gdbserver0 | Sim running: [33mTrue [0m
--------------------------------------------------------------------------------
Summary
--------------------------------------------------------------------------------
1/1 instances are still running.
1/1 simulations are still running.
--------------------------------------------------------------------------------
[192.168.1.32] Transient SSH failure while polling screens; preserving assigned jobs as running for this monitor loop: Low level socket error connecting to host 192.168.1.32 on port 22: No route to host (tried 10 times)
[2J
FireSim Simulation Status @ 2026-05-07 20:46:53.909401
--------------------------------------------------------------------------------
This workload's output is located in:
/home/ubuntu/chipyard/sims/firesim/deploy/results-workload/2026-05-07--19-18-33-rerocc-lc-linux-coupleddma-bertmini-pipeline-runtime-batch8-fileonly-sync-pairdummy-gdbserver-f2-gemmini-rerocc-pairmanager-dummy8x8-4c12p12-sbus64-linux-bertmini-batch8-fileonly-sync-gdbserver-cfg32-nic-notrace/
This run's log is located in:
/home/ubuntu/chipyard/sims/firesim/deploy/logs/2026-05-07--19-18-33-runworkload-OZ49C911RG8KQVU9.log
This status will update every 10s.
--------------------------------------------------------------------------------
Instances
--------------------------------------------------------------------------------
Hostname/IP: 192.168.1.32 | Terminated: [33mFalse[0m
--------------------------------------------------------------------------------
Simulated Switches
--------------------------------------------------------------------------------
Hostname/IP: 192.168.1.32 | Switch name: switch0 | Switch running: [32mTrue [0m
--------------------------------------------------------------------------------
Simulated Pipes
--------------------------------------------------------------------------------
--------------------------------------------------------------------------------
Simulated Nodes/Jobs
--------------------------------------------------------------------------------
Hostname/IP: 192.168.1.32 | Job: rerocc-lc-linux-coupleddma-bertmini-pipeline-runtime-batch8-fileonly-sync-pairdummy-gdbserver0 | Sim running: [33mTrue [0m
--------------------------------------------------------------------------------
Summary
--------------------------------------------------------------------------------
1/1 instances are still running.
1/1 simulations are still running.
--------------------------------------------------------------------------------
[192.168.1.32] Transient SSH failure while polling screens; preserving assigned jobs as running for this monitor loop: Low level socket error connecting to host 192.168.1.32 on port 22: No route to host (tried 10 times)
[2J
FireSim Simulation Status @ 2026-05-07 21:02:35.224797
--------------------------------------------------------------------------------
This workload's output is located in:
/home/ubuntu/chipyard/sims/firesim/deploy/results-workload/2026-05-07--19-18-33-rerocc-lc-linux-coupleddma-bertmini-pipeline-runtime-batch8-fileonly-sync-pairdummy-gdbserver-f2-gemmini-rerocc-pairmanager-dummy8x8-4c12p12-sbus64-linux-bertmini-batch8-fileonly-sync-gdbserver-cfg32-nic-notrace/
This run's log is located in:
/home/ubuntu/chipyard/sims/firesim/deploy/logs/2026-05-07--19-18-33-runworkload-OZ49C911RG8KQVU9.log
This status will update every 10s.
--------------------------------------------------------------------------------
Instances
--------------------------------------------------------------------------------
Hostname/IP: 192.168.1.32 | Terminated: [33mFalse[0m
--------------------------------------------------------------------------------
Simulated Switches
--------------------------------------------------------------------------------
Hostname/IP: 192.168.1.32 | Switch name: switch0 | Switch running: [32mTrue [0m
--------------------------------------------------------------------------------
Simulated Pipes
--------------------------------------------------------------------------------
--------------------------------------------------------------------------------
Simulated Nodes/Jobs
--------------------------------------------------------------------------------
Hostname/IP: 192.168.1.32 | Job: rerocc-lc-linux-coupleddma-bertmini-pipeline-runtime-batch8-fileonly-sync-pairdummy-gdbserver0 | Sim running: [33mTrue [0m
--------------------------------------------------------------------------------
Summary
--------------------------------------------------------------------------------
1/1 instances are still running.
1/1 simulations are still running.
--------------------------------------------------------------------------------
[192.168.1.32] Transient SSH failure while polling screens; preserving assigned jobs as running for this monitor loop: Low level socket error connecting to host 192.168.1.32 on port 22: No route to host (tried 10 times)
[2J
FireSim Simulation Status @ 2026-05-07 21:18:16.532780
--------------------------------------------------------------------------------
This workload's output is located in:
/home/ubuntu/chipyard/sims/firesim/deploy/results-workload/2026-05-07--19-18-33-rerocc-lc-linux-coupleddma-bertmini-pipeline-runtime-batch8-fileonly-sync-pairdummy-gdbserver-f2-gemmini-rerocc-pairmanager-dummy8x8-4c12p12-sbus64-linux-bertmini-batch8-fileonly-sync-gdbserver-cfg32-nic-notrace/
This run's log is located in:
/home/ubuntu/chipyard/sims/firesim/deploy/logs/2026-05-07--19-18-33-runworkload-OZ49C911RG8KQVU9.log
This status will update every 10s.
--------------------------------------------------------------------------------
Instances
--------------------------------------------------------------------------------
Hostname/IP: 192.168.1.32 | Terminated: [33mFalse[0m
--------------------------------------------------------------------------------
Simulated Switches
--------------------------------------------------------------------------------
Hostname/IP: 192.168.1.32 | Switch name: switch0 | Switch running: [32mTrue [0m
--------------------------------------------------------------------------------
Simulated Pipes
--------------------------------------------------------------------------------
--------------------------------------------------------------------------------
Simulated Nodes/Jobs
--------------------------------------------------------------------------------
Hostname/IP: 192.168.1.32 | Job: rerocc-lc-linux-coupleddma-bertmini-pipeline-runtime-batch8-fileonly-sync-pairdummy-gdbserver0 | Sim running: [33mTrue [0m
--------------------------------------------------------------------------------
Summary
--------------------------------------------------------------------------------
1/1 instances are still running.
1/1 simulations are still running.
--------------------------------------------------------------------------------
[192.168.1.32] Transient SSH failure while polling screens; preserving assigned jobs as running for this monitor loop: Low level socket error connecting to host 192.168.1.32 on port 22: No route to host (tried 10 times)
[2J
FireSim Simulation Status @ 2026-05-07 21:33:58.044287
--------------------------------------------------------------------------------
This workload's output is located in:
/home/ubuntu/chipyard/sims/firesim/deploy/results-workload/2026-05-07--19-18-33-rerocc-lc-linux-coupleddma-bertmini-pipeline-runtime-batch8-fileonly-sync-pairdummy-gdbserver-f2-gemmini-rerocc-pairmanager-dummy8x8-4c12p12-sbus64-linux-bertmini-batch8-fileonly-sync-gdbserver-cfg32-nic-notrace/
This run's log is located in:
/home/ubuntu/chipyard/sims/firesim/deploy/logs/2026-05-07--19-18-33-runworkload-OZ49C911RG8KQVU9.log
This status will update every 10s.
--------------------------------------------------------------------------------
Instances
--------------------------------------------------------------------------------
Hostname/IP: 192.168.1.32 | Terminated: [33mFalse[0m
--------------------------------------------------------------------------------
Simulated Switches
--------------------------------------------------------------------------------
Hostname/IP: 192.168.1.32 | Switch name: switch0 | Switch running: [32mTrue [0m
--------------------------------------------------------------------------------
Simulated Pipes
--------------------------------------------------------------------------------
--------------------------------------------------------------------------------
Simulated Nodes/Jobs
--------------------------------------------------------------------------------
Hostname/IP: 192.168.1.32 | Job: rerocc-lc-linux-coupleddma-bertmini-pipeline-runtime-batch8-fileonly-sync-pairdummy-gdbserver0 | Sim running: [33mTrue [0m
--------------------------------------------------------------------------------
Summary
--------------------------------------------------------------------------------
1/1 instances are still running.
1/1 simulations are still running.
--------------------------------------------------------------------------------
[192.168.1.32] Transient SSH failure while polling screens; preserving assigned jobs as running for this monitor loop: Low level socket error connecting to host 192.168.1.32 on port 22: No route to host (tried 10 times)
[2J
FireSim Simulation Status @ 2026-05-07 21:49:39.605579
--------------------------------------------------------------------------------
This workload's output is located in:
/home/ubuntu/chipyard/sims/firesim/deploy/results-workload/2026-05-07--19-18-33-rerocc-lc-linux-coupleddma-bertmini-pipeline-runtime-batch8-fileonly-sync-pairdummy-gdbserver-f2-gemmini-rerocc-pairmanager-dummy8x8-4c12p12-sbus64-linux-bertmini-batch8-fileonly-sync-gdbserver-cfg32-nic-notrace/
This run's log is located in:
/home/ubuntu/chipyard/sims/firesim/deploy/logs/2026-05-07--19-18-33-runworkload-OZ49C911RG8KQVU9.log
This status will update every 10s.
--------------------------------------------------------------------------------
Instances
--------------------------------------------------------------------------------
Hostname/IP: 192.168.1.32 | Terminated: [33mFalse[0m
--------------------------------------------------------------------------------
Simulated Switches
--------------------------------------------------------------------------------
Hostname/IP: 192.168.1.32 | Switch name: switch0 | Switch running: [32mTrue [0m
--------------------------------------------------------------------------------
Simulated Pipes
--------------------------------------------------------------------------------
--------------------------------------------------------------------------------
Simulated Nodes/Jobs
--------------------------------------------------------------------------------
Hostname/IP: 192.168.1.32 | Job: rerocc-lc-linux-coupleddma-bertmini-pipeline-runtime-batch8-fileonly-sync-pairdummy-gdbserver0 | Sim running: [33mTrue [0m
--------------------------------------------------------------------------------
Summary
--------------------------------------------------------------------------------
1/1 instances are still running.
1/1 simulations are still running.
--------------------------------------------------------------------------------
[192.168.1.32] Transient SSH failure while polling screens; preserving assigned jobs as running for this monitor loop: Low level socket error connecting to host 192.168.1.32 on port 22: No route to host (tried 10 times)
[2J
FireSim Simulation Status @ 2026-05-07 22:05:21.110354
--------------------------------------------------------------------------------
This workload's output is located in:
/home/ubuntu/chipyard/sims/firesim/deploy/results-workload/2026-05-07--19-18-33-rerocc-lc-linux-coupleddma-bertmini-pipeline-runtime-batch8-fileonly-sync-pairdummy-gdbserver-f2-gemmini-rerocc-pairmanager-dummy8x8-4c12p12-sbus64-linux-bertmini-batch8-fileonly-sync-gdbserver-cfg32-nic-notrace/
This run's log is located in:
/home/ubuntu/chipyard/sims/firesim/deploy/logs/2026-05-07--19-18-33-runworkload-OZ49C911RG8KQVU9.log
This status will update every 10s.
--------------------------------------------------------------------------------
Instances
--------------------------------------------------------------------------------
Hostname/IP: 192.168.1.32 | Terminated: [33mFalse[0m
--------------------------------------------------------------------------------
Simulated Switches
--------------------------------------------------------------------------------
Hostname/IP: 192.168.1.32 | Switch name: switch0 | Switch running: [32mTrue [0m
--------------------------------------------------------------------------------
Simulated Pipes
--------------------------------------------------------------------------------
--------------------------------------------------------------------------------
Simulated Nodes/Jobs
--------------------------------------------------------------------------------
Hostname/IP: 192.168.1.32 | Job: rerocc-lc-linux-coupleddma-bertmini-pipeline-runtime-batch8-fileonly-sync-pairdummy-gdbserver0 | Sim running: [33mTrue [0m
--------------------------------------------------------------------------------
Summary
--------------------------------------------------------------------------------
1/1 instances are still running.
1/1 simulations are still running.
--------------------------------------------------------------------------------
[firesim-watchdog] timeout reached at 2026-05-07T22:18:33Z
[firesim-watchdog] sending SIGTERM to runworkload pid=455188
[firesim-tmux] finished at 2026-05-07T22:18:33Z with exit code 143
[firesim-watchdog] calling terminaterunfarm --forceterminate
/home/ubuntu/chipyard/.conda-env/lib/python3.10/site-packages/paramiko/transport.py:178: CryptographyDeprecationWarning: Blowfish has been deprecated
  'class': algorithms.Blowfish,
FireSim Manager. Docs: https://docs.fires.im
Running: terminaterunfarm

run_farm_hosts_dict defaultdict(<class 'list'>, {'f2.6xlarge': [(<runtools.run_farm.Inst object at 0x7ab780797af0>, None)], 'f2.12xlarge': [], 'f2.48xlarge': [], 'm4.16xlarge': [], 'z1d.3xlarge': [], 'z1d.6xlarge': [], 'z1d.12xlarge': []})
set_server_hardware_config 0 None
IMPORTANT!: This will terminate the following instances:
f2.12xlarge
[]
f2.48xlarge
[]
f2.6xlarge
[]
m4.16xlarge
[]
z1d.12xlarge
[]
z1d.3xlarge
[]
z1d.6xlarge
[]
Instances terminated. Please confirm in your AWS Management Console.
The full log of this run is:
/home/ubuntu/chipyard/sims/firesim/deploy/logs/2026-05-07--22-18-48-terminaterunfarm-J2YX00R8KIHINNC8.log
[firesim-watchdog] terminaterunfarm exit code 0
[firesim-watchdog] no live instances remain for fsimcluster=pairbertb8d12s64gdbcfg32nicnt
