spawn /home/ubuntu/chipyard/.conda-env/riscv-tools/bin/riscv64-unknown-linux-gnu-gdb -q /home/ubuntu/chipyard/generators/gemmini/software/gemmini-rocc-tests/build/rerocc-linux-tests/rerocc_pipeline_runtime-linux
Reading symbols from /home/ubuntu/chipyard/generators/gemmini/software/gemmini-rocc-tests/build/rerocc-linux-tests/rerocc_pipeline_runtime-linux...
[?2004h(gdb) set pagination off
[?2004l[?2004h(gdb) set confirm off
[?2004l[?2004h(gdb) set print pretty on
[?2004l[?2004h(gdb) set print thread-events off
[?2004l[?2004h(gdb) set debuginfod enabled off
[?2004l[?2004h(gdb) set auto-load safe-path /
[?2004l[?2004h(gdb) set remotetimeout 180
[?2004l[?2004h(gdb) target remote :32345
[?2004lRemote debugging using :32345
Reading symbols from /home/ubuntu/chipyard/.conda-env/riscv-tools/sysroot/lib/ld-linux-riscv64-lp64d.so.1...
(No debugging symbols found in /home/ubuntu/chipyard/.conda-env/riscv-tools/sysroot/lib/ld-linux-riscv64-lp64d.so.1)
0x0000003ff7fec386 in ?? ()
   from /home/ubuntu/chipyard/.conda-env/riscv-tools/sysroot/lib/ld-linux-riscv64-lp64d.so.1
[?2004h(gdb) break prt_gdb_marker_stop
[?2004lBreakpoint 1 at 0x14442: file /home/ubuntu/chipyard/generators/gemmini/software/gemmini-rocc-tests/pipeline-runtime/src/prt_debug_state.c, line 396.
[?2004h(gdb) continue
[?2004lContinuing.
[Switching to Thread 228.260]

Thread 2 "rerocc_pipeline" hit Breakpoint 1, prt_gdb_marker_stop ()
    at /home/ubuntu/chipyard/generators/gemmini/software/gemmini-rocc-tests/pipeline-runtime/src/prt_debug_state.c:396
396	  g_prt_gdb_marker_state.hit_count = g_prt_gdb_marker_state.hit_count + 1ULL;
[?2004h[?2004l[?2004h(gdb) printf "\n--- marker state ---\n"
[?2004l
--- marker state ---
[?2004h(gdb) print g_prt_gdb_marker_state
[?2004l$1 = {
  site_id = 5,
  segment_idx = 1,
  global_stage_id = 1,
  local_stage_id = 0,
  subbatch_id = 7,
  manager_id = 0,
  tensor_id = 4294967295,
  page_idx = 4294967295,
  token_id = 4294967295,
  rc = 0,
  aux0 = 1,
  aux1 = 8,
  hit_count = 0,
  line = 4513
}
[?2004h(gdb) bt 16
[?2004l#0  prt_gdb_marker_stop ()
    at /home/ubuntu/chipyard/generators/gemmini/software/gemmini-rocc-tests/pipeline-runtime/src/prt_debug_state.c:396
#1  0x0000000000014604 in prt_gdb_marker_note (site_id=site_id@entry=5, 
    segment_idx=<optimized out>, segment_idx@entry=1, 
    global_stage_id=<optimized out>, global_stage_id@entry=1, 
    local_stage_id=<optimized out>, subbatch_id=<optimized out>, 
    subbatch_id@entry=7, manager_id=<optimized out>, 
    tensor_id=tensor_id@entry=4294967295, page_idx=page_idx@entry=4294967295, 
    token_id=token_id@entry=4294967295, rc=rc@entry=0, aux0=1, aux1=8, 
    line=line@entry=4513)
    at /home/ubuntu/chipyard/generators/gemmini/software/gemmini-rocc-tests/pipeline-runtime/src/prt_debug_state.c:392
#2  0x000000000003053e in prt_runtime_gdb_marker (line=4513, 
    aux1=<optimized out>, aux0=<optimized out>, rc=0, token_id=4294967295, 
    page_idx=4294967295, tensor_id=4294967295, manager_id=<optimized out>, 
    subbatch_id=7, local_stage_id=<optimized out>, 
    global_stage_id=<optimized out>, segment_idx=<optimized out>, site_id=5)
    at /home/ubuntu/chipyard/generators/gemmini/software/gemmini-rocc-tests/pipeline-runtime/src/prt_runtime.c:110
#3  stage_worker_main (arg=0x83960)
    at /home/ubuntu/chipyard/generators/gemmini/software/gemmini-rocc-tests/pipeline-runtime/src/prt_runtime.c:4508
#4  0x0000003ff7e6cf46 in ?? ()
   from /home/ubuntu/chipyard/.conda-env/riscv-tools/sysroot/lib/libc.so.6
#5  0x0000003ff7eb5fcc in ?? ()
   from /home/ubuntu/chipyard/.conda-env/riscv-tools/sysroot/lib/libc.so.6
[?2004h(gdb) thread apply all bt
[?2004l
Thread 2 (Thread 228.260 "rerocc_pipeline"):
#0  prt_gdb_marker_stop () at /home/ubuntu/chipyard/generators/gemmini/software/gemmini-rocc-tests/pipeline-runtime/src/prt_debug_state.c:396
#1  0x0000000000014604 in prt_gdb_marker_note (site_id=site_id@entry=5, segment_idx=<optimized out>, segment_idx@entry=1, global_stage_id=<optimized out>, global_stage_id@entry=1, local_stage_id=<optimized out>, subbatch_id=<optimized out>, subbatch_id@entry=7, manager_id=<optimized out>, tensor_id=tensor_id@entry=4294967295, page_idx=page_idx@entry=4294967295, token_id=token_id@entry=4294967295, rc=rc@entry=0, aux0=1, aux1=8, line=line@entry=4513) at /home/ubuntu/chipyard/generators/gemmini/software/gemmini-rocc-tests/pipeline-runtime/src/prt_debug_state.c:392
#2  0x000000000003053e in prt_runtime_gdb_marker (line=4513, aux1=<optimized out>, aux0=<optimized out>, rc=0, token_id=4294967295, page_idx=4294967295, tensor_id=4294967295, manager_id=<optimized out>, subbatch_id=7, local_stage_id=<optimized out>, global_stage_id=<optimized out>, segment_idx=<optimized out>, site_id=5) at /home/ubuntu/chipyard/generators/gemmini/software/gemmini-rocc-tests/pipeline-runtime/src/prt_runtime.c:110
#3  stage_worker_main (arg=0x83960) at /home/ubuntu/chipyard/generators/gemmini/software/gemmini-rocc-tests/pipeline-runtime/src/prt_runtime.c:4508
#4  0x0000003ff7e6cf46 in ?? () from /home/ubuntu/chipyard/.conda-env/riscv-tools/sysroot/lib/libc.so.6
#5  0x0000003ff7eb5fcc in ?? () from /home/ubuntu/chipyard/.conda-env/riscv-tools/sysroot/lib/libc.so.6

Thread 1 (Thread 228.228 "rerocc_pipeline"):
#0  0x0000003ff7e952a6 in clock_nanosleep () from /home/ubuntu/chipyard/.conda-env/riscv-tools/sysroot/lib/libc.so.6
#1  0x0000003ff7e9c262 in nanosleep () from /home/ubuntu/chipyard/.conda-env/riscv-tools/sysroot/lib/libc.so.6
#2  0x0000000000034b30 in prt_runtime_run (rt=rt@entry=0x3fffffdef0, args=args@entry=0x3fffffde08) at /home/ubuntu/chipyard/generators/gemmini/software/gemmini-rocc-tests/pipeline-runtime/src/prt_runtime.c:5408
#3  0x0000000000012366 in prt_main_entry (argc=34, argv=0x3fffffe548) at /home/ubuntu/chipyard/generators/gemmini/software/gemmini-rocc-tests/pipeline-runtime/src/main.c:341
#4  0x0000003ff7e2b636 in ?? () from /home/ubuntu/chipyard/.conda-env/riscv-tools/sysroot/lib/libc.so.6
#5  0x0000003ff7e2b6de in __libc_start_main () from /home/ubuntu/chipyard/.conda-env/riscv-tools/sysroot/lib/libc.so.6
#6  0x000000000001204c in _start ()
[?2004h(gdb) delete 1
[?2004l[?2004h(gdb) source /home/ubuntu/chipyard/tmp/firesim-aws-f2/gdbserver-tests/segment1-subbatch7-frontier-20260508T073403Z-192_168_1_98-172_16_0_2/segment1-subbatch7-frontier.gdb
[?2004lBreakpoint 2 at 0x204ae: file /home/ubuntu/chipyard/generators/gemmini/software/gemmini-rocc-tests/pipeline-runtime/src/prt_gemmini_adapter.c, line 2306.
Breakpoint 3 at 0x1e608: file /home/ubuntu/chipyard/generators/gemmini/software/gemmini-rocc-tests/pipeline-runtime/src/prt_gemmini_adapter.c, line 921.
Breakpoint 4 at 0x1e9d6: file /home/ubuntu/chipyard/generators/gemmini/software/gemmini-rocc-tests/include/gemmini.h, line 2136.
Breakpoint 5 at 0x209e8: file /home/ubuntu/chipyard/generators/gemmini/software/gemmini-rocc-tests/pipeline-runtime/src/prt_gemmini_adapter.c, line 2451.
Breakpoint 6 at 0x20688: file /home/ubuntu/chipyard/generators/gemmini/software/gemmini-rocc-tests/pipeline-runtime/src/prt_gemmini_adapter.c, line 2534.
Breakpoint 7 at 0x20692: file /home/ubuntu/chipyard/generators/gemmini/software/gemmini-rocc-tests/pipeline-runtime/src/prt_gemmini_adapter.c, line 2545.
Breakpoint 8 at 0x20aca: file /home/ubuntu/chipyard/generators/gemmini/software/gemmini-rocc-tests/pipeline-runtime/src/prt_gemmini_adapter.c, line 2557.
Breakpoint 9 at 0x206ca: file /home/ubuntu/chipyard/generators/gemmini/software/gemmini-rocc-tests/pipeline-runtime/src/prt_gemmini_adapter.c, line 2581.
Breakpoint 10 at 0x1d106: file /home/ubuntu/chipyard/generators/gemmini/software/gemmini-rocc-tests/pipeline-runtime/src/prt_gemmini_adapter.c, line 2596.
Breakpoint 11 at 0x29b68: file /home/ubuntu/chipyard/generators/gemmini/software/gemmini-rocc-tests/pipeline-runtime/src/prt_rerocc.c, line 347.
Breakpoint 12 at 0x29c8a: file /home/ubuntu/chipyard/generators/gemmini/software/gemmini-rocc-tests/pipeline-runtime/src/prt_rerocc.c, line 371.
Breakpoint 13 at 0x30556: file /home/ubuntu/chipyard/generators/gemmini/software/gemmini-rocc-tests/pipeline-runtime/src/prt_runtime.c, line 4515.
Breakpoint 14 at 0x305a8: file /home/ubuntu/chipyard/generators/gemmini/software/gemmini-rocc-tests/pipeline-runtime/src/prt_runtime.c, line 4560.
Breakpoint 15 at 0x2dbca: file /home/ubuntu/chipyard/generators/gemmini/software/gemmini-rocc-tests/pipeline-runtime/src/prt_runtime.c, line 2552.
Breakpoint 16 at 0x3065c: file /home/ubuntu/chipyard/generators/gemmini/software/gemmini-rocc-tests/pipeline-runtime/src/prt_runtime.c, line 4571.
Breakpoint 17 at 0x306b8: file /home/ubuntu/chipyard/generators/gemmini/software/gemmini-rocc-tests/pipeline-runtime/src/prt_runtime.c, line 4582.
Breakpoint 18 at 0x17efc: file /home/ubuntu/chipyard/generators/gemmini/software/gemmini-rocc-tests/pipeline-runtime/src/prt_dma.c, line 2698.
Breakpoint 19 at 0x16068: file /home/ubuntu/chipyard/generators/gemmini/software/gemmini-rocc-tests/pipeline-runtime/src/prt_dma.c, line 3578.
Breakpoint 20 at 0x1651a: file /home/ubuntu/chipyard/generators/gemmini/software/gemmini-rocc-tests/pipeline-runtime/src/prt_dma.c, line 3563.
Num     Type           Disp Enb Address            What
2       breakpoint     keep y   0x00000000000204ae in conv_call_for_manager_sync_strided 
                                                   at /home/ubuntu/chipyard/generators/gemmini/software/gemmini-rocc-tests/pipeline-runtime/src/prt_gemmini_adapter.c:2306
        silent
        printf "\n--- BP conv_call_for_manager_sync_strided ---\n"
        info args
        bt 6
        continue
3       breakpoint     keep y   0x000000000001e608 in prt_run_pointwise_matmul_fallback_strided_impl 
                                                   at /home/ubuntu/chipyard/generators/gemmini/software/gemmini-rocc-tests/pipeline-runtime/src/prt_gemmini_adapter.c:921
        silent
        printf "\n--- BP prt_run_pointwise_matmul_fallback_strided_impl ---\n"
        info args
        info locals
        bt 8
        continue
4       breakpoint     keep y   0x000000000001e9d6 in tiled_matmul_nn_stride_auto 
                                                   at /home/ubuntu/chipyard/generators/gemmini/software/gemmini-rocc-tests/include/gemmini.h:2136
        silent
        printf "\n--- BP tiled_matmul_nn_stride_auto ---\n"
        info args
        bt 8
        continue
5       breakpoint     keep y   0x00000000000209e8 in conv_call_for_manager_sync_strided 
                                                   at /home/ubuntu/chipyard/generators/gemmini/software/gemmini-rocc-tests/pipeline-runtime/src/prt_gemmini_adapter.c:2451
        silent
        printf "\n--- BP pointwise subcall return line 2451 ---\n"
        info args
        info locals
        bt 8
        continue
6       breakpoint     keep y   0x0000000000020688 in conv_call_for_manager_sync_strided 
                                                   at /home/ubuntu/chipyard/generators/gemmini/software/gemmini-rocc-tests/pipeline-runtime/src/prt_gemmini_adapter.c:2534
        silent
        printf "\n--- BP pointwise rr_fence begin line 2534 ---\n"
        info args
        info locals
        bt 8
        continue
7       breakpoint     keep y   0x0000000000020692 in conv_call_for_manager_sync_strided 
                                                   at /home/ubuntu/chipyard/generators/gemmini/software/gemmini-rocc-tests/pipeline-runtime/src/prt_gemmini_adapter.c:2545
        silent
        printf "\n--- BP pointwise gemmini_fence line 2545 ---\n"
        info args
        info locals
        bt 8
        continue
8       breakpoint     keep y   0x0000000000020aca in flush_scope_after_drain 
                                                   at /home/ubuntu/chipyard/generators/gemmini/software/gemmini-rocc-tests/pipeline-runtime/src/prt_gemmini_adapter.c:2557
        silent
        printf "\n--- BP pointwise drain line 2557 ---\n"
        info args
        info locals
        bt 8
        continue
9       breakpoint     keep y   0x00000000000206ca in conv_call_for_manager_sync_strided 
                                                   at /home/ubuntu/chipyard/generators/gemmini/software/gemmini-rocc-tests/pipeline-runtime/src/prt_gemmini_adapter.c:2581
        silent
        printf "\n--- BP pointwise release line 2581 ---\n"
        info args
        info locals
        bt 8
        continue
10      breakpoint     keep y   0x000000000001d106 in resadd_issue_scoped 
                                                   at /home/ubuntu/chipyard/generators/gemmini/software/gemmini-rocc-tests/pipeline-runtime/src/prt_gemmini_adapter.c:2596
        silent
        printf "\n--- BP conv_call_for_manager_sync_strided return line 2593 ---\n"
        info args
        info locals
        bt 8
        continue
11      breakpoint     keep y   0x0000000000029b68 in prt_rr_acquire_scope 
                                                   at /home/ubuntu/chipyard/generators/gemmini/software/gemmini-rocc-tests/pipeline-runtime/src/prt_rerocc.c:347
	stop only if stage_id == 0 && opcode_id == 2 (host evals)
        silent
        printf "\n--- BP prt_rr_acquire_scope opcode2 ---\n"
        info args
        bt 8
        continue
12      breakpoint     keep y   0x0000000000029c8a in prt_rr_fence_scope 
                                                   at /home/ubuntu/chipyard/generators/gemmini/software/gemmini-rocc-tests/pipeline-runtime/src/prt_rerocc.c:371
        silent
        printf "\n--- BP prt_rr_fence_scope ---\n"
        info args
        print scope ? *scope : *scope
        bt 8
        continue
13      breakpoint     keep y   0x0000000000030556 in stage_worker_main 
                                                   at /home/ubuntu/chipyard/generators/gemmini/software/gemmini-rocc-tests/pipeline-runtime/src/prt_runtime.c:4515
        silent
        printf "\n--- BP worker after prt_gemm_conv_run line 4515 ---\n"
        info locals
        bt 8
        continue
14      breakpoint     keep y   0x00000000000305a8 in stage_worker_main 
                                                   at /home/ubuntu/chipyard/generators/gemmini/software/gemmini-rocc-tests/pipeline-runtime/src/prt_runtime.c:4560
        silent
        printf "\n--- BP worker export-sync enter line 4560 ---\n"
        info locals
        bt 8
        continue
15      breakpoint     keep y   0x000000000002dbca in sync_stage_export_aliases at /home/ubuntu/chipyard/generators/gemmini/software/gemmini-rocc-tests/pipeline-runtime/src/prt_runtime.c:2552
        silent
        printf "\n--- BP sync_stage_export_aliases ---\n"
        info args
        bt 8
        continue
16      breakpoint     keep y   0x000000000003065c in stage_worker_main 
                                                   at /home/ubuntu/chipyard/generators/gemmini/software/gemmini-rocc-tests/pipeline-runtime/src/prt_runtime.c:4571
        silent
        printf "\n--- BP worker export-sync return line 4571 ---\n"
        info locals
        bt 8
        continue
17      breakpoint     keep y   0x00000000000306b8 in stage_worker_main 
                                                   at /home/ubuntu/chipyard/generators/gemmini/software/gemmini-rocc-tests/pipeline-runtime/src/prt_runtime.c:4582
        silent
        printf "\n--- BP worker compute-done line 4582 ---\n"
        info locals
        bt 8
        continue
18      breakpoint     keep y   0x0000000000017efc in prt_dma_submit 
                                                   at /home/ubuntu/chipyard/generators/gemmini/software/gemmini-rocc-tests/pipeline-runtime/src/prt_dma.c:2698
        silent
        printf "\n--- BP prt_dma_submit ---\n"
        info args
        print tok ? *tok : *tok
        bt 8
        continue
19      breakpoint     keep y   0x0000000000016068 in dma_blocking_wait 
                                                   at /home/ubuntu/chipyard/generators/gemmini/software/gemmini-rocc-tests/pipeline-runtime/src/prt_dma.c:3578
        silent
        printf "\n--- BP dma_blocking_wait ---\n"
        info args
        print tok ? *tok : *tok
        bt 8
        continue
20      breakpoint     keep y   0x000000000001651a in dma_gdb_marker_wait_return 
                                                   at /home/ubuntu/chipyard/generators/gemmini/software/gemmini-rocc-tests/pipeline-runtime/src/prt_dma.c:3563
        silent
        printf "\n--- BP dma_gdb_marker_wait_return ---\n"
        info args
        print tok ? *tok : *tok
        bt 8
        continue
[?2004h(gdb) continue
[?2004lContinuing.

--- BP conv_call_for_manager_sync_strided ---
stage_id = 0
manager_id = 0
conv = 0x3ff6d74ea0
in_stride = 256
weight_stride = 256
out_stride = 256
#0  conv_call_for_manager_sync_strided (stage_id=0, 
    manager_id=manager_id@entry=0, conv=conv@entry=0x3ff6d74ea0, 
    in_stride=256, weight_stride=weight_stride@entry=256, 
    out_stride=out_stride@entry=256)
    at /home/ubuntu/chipyard/generators/gemmini/software/gemmini-rocc-tests/pipeline-runtime/src/prt_gemmini_adapter.c:2306
#1  0x0000000000021acc in run_conv_oc_split (task=0x3ff6d755e0, 
    conv=0x3ff6d75550)
    at /home/ubuntu/chipyard/generators/gemmini/software/gemmini-rocc-tests/pipeline-runtime/src/prt_gemmini_adapter.c:2757
#2  0x00000000000222de in gemm_issue_conv_task (rt=<optimized out>, 
    task=<optimized out>, conv=<optimized out>)
    at /home/ubuntu/chipyard/generators/gemmini/software/gemmini-rocc-tests/pipeline-runtime/src/prt_gemmini_adapter.c:3305
#3  0x00000000000224e8 in gemm_issue_grouped_conv_task (rt=<optimized out>, 
    task=<optimized out>, conv=<optimized out>)
    at /home/ubuntu/chipyard/generators/gemmini/software/gemmini-rocc-tests/pipeline-runtime/src/prt_gemmini_adapter.c:3339
#4  0x0000000000022740 in gemm_issue_task (rt=<optimized out>, 
    task=task@entry=0x3ff6d755e0)
    at /home/ubuntu/chipyard/generators/gemmini/software/gemmini-rocc-tests/pipeline-runtime/src/prt_gemmini_adapter.c:3462
#5  0x00000000000227a0 in gemm_blocking_conv_run (rt=<optimized out>, 
    task=0x3ff6d755e0, timeout_ns=<optimized out>)
    at /home/ubuntu/chipyard/generators/gemmini/software/gemmini-rocc-tests/pipeline-runtime/src/prt_gemmini_adapter.c:3186
Error in testing condition for breakpoint 11:
value has been optimized out

--- BP prt_rr_acquire_scope opcode2 ---
rt = 0x0
stage_id = 0
manager_id = 0
opcode_id = 3
scope = 0x3ff6d74cc8
#0  prt_rr_acquire_scope (rt=rt@entry=0x0, stage_id=stage_id@entry=0, 
    manager_id=manager_id@entry=0, opcode_id=opcode_id@entry=3, 
    scope=scope@entry=0x3ff6d74cc8)
    at /home/ubuntu/chipyard/generators/gemmini/software/gemmini-rocc-tests/pipeline-runtime/src/prt_rerocc.c:347
#1  0x0000000000020524 in conv_call_for_manager_sync_strided (stage_id=0, 
    manager_id=manager_id@entry=0, conv=conv@entry=0x3ff6d74ea0, 
    in_stride=256, weight_stride=weight_stride@entry=256, 
    out_stride=out_stride@entry=256)
    at /home/ubuntu/chipyard/generators/gemmini/software/gemmini-rocc-tests/pipeline-runtime/src/prt_gemmini_adapter.c:2329
#2  0x0000000000021acc in run_conv_oc_split (task=0x3ff6d755e0, 
    conv=0x3ff6d75550)
    at /home/ubuntu/chipyard/generators/gemmini/software/gemmini-rocc-tests/pipeline-runtime/src/prt_gemmini_adapter.c:2757
#3  0x00000000000222de in gemm_issue_conv_task (rt=<optimized out>, 
    task=<optimized out>, conv=<optimized out>)
    at /home/ubuntu/chipyard/generators/gemmini/software/gemmini-rocc-tests/pipeline-runtime/src/prt_gemmini_adapter.c:3305
#4  0x00000000000224e8 in gemm_issue_grouped_conv_task (rt=<optimized out>, 
    task=<optimized out>, conv=<optimized out>)
    at /home/ubuntu/chipyard/generators/gemmini/software/gemmini-rocc-tests/pipeline-runtime/src/prt_gemmini_adapter.c:3339
#5  0x0000000000022740 in gemm_issue_task (rt=<optimized out>, 
    task=task@entry=0x3ff6d755e0)
    at /home/ubuntu/chipyard/generators/gemmini/software/gemmini-rocc-tests/pipeline-runtime/src/prt_gemmini_adapter.c:3462
#6  0x00000000000227a0 in gemm_blocking_conv_run (rt=<optimized out>, 
    task=0x3ff6d755e0, timeout_ns=<optimized out>)
    at /home/ubuntu/chipyard/generators/gemmini/software/gemmini-rocc-tests/pipeline-runtime/src/prt_gemmini_adapter.c:3186
#7  0x0000000000030556 in stage_worker_main (arg=0x83960)
    at /home/ubuntu/chipyard/generators/gemmini/software/gemmini-rocc-tests/pipeline-runtime/src/prt_runtime.c:4514

--- BP prt_run_pointwise_matmul_fallback_strided_impl ---
stage_id = 0
manager_id = 0
conv = 0x3ff6d74ea0
tiled_type = WS
in_stride = 256
weight_stride = 256
out_stride = 256
emit_logs = 1
scope = 0x3ff6d74cc8
dim_i = <optimized out>
dim_j = <optimized out>
dim_k = <optimized out>
safe_oc_chunk = <optimized out>
hot_logs = <optimized out>
detail_logs = <optimized out>
probe_logs = <optimized out>
compact_gate_logs = <optimized out>
fallback_type = <optimized out>
#0  prt_run_pointwise_matmul_fallback_strided_impl (stage_id=stage_id@entry=0, 
    manager_id=manager_id@entry=0, conv=conv@entry=0x3ff6d74ea0, 
    tiled_type=tiled_type@entry=WS, in_stride=in_stride@entry=256, 
    weight_stride=weight_stride@entry=256, out_stride=out_stride@entry=256, 
    emit_logs=emit_logs@entry=1, scope=scope@entry=0x3ff6d74cc8)
    at /home/ubuntu/chipyard/generators/gemmini/software/gemmini-rocc-tests/pipeline-runtime/src/prt_gemmini_adapter.c:921
#1  0x00000000000209d8 in prt_run_pointwise_matmul_fallback_strided_scoped (
    scope=0x3ff6d74cc8, out_stride=256, weight_stride=256, in_stride=256, 
    tiled_type=WS, conv=0x3ff6d74ea0, manager_id=0, stage_id=0)
    at /home/ubuntu/chipyard/generators/gemmini/software/gemmini-rocc-tests/pipeline-runtime/src/prt_gemmini_adapter.c:911
#2  conv_call_for_manager_sync_strided (stage_id=0, 
    manager_id=manager_id@entry=0, conv=conv@entry=0x3ff6d74ea0, 
    in_stride=256, weight_stride=weight_stride@entry=256, 
    out_stride=out_stride@entry=256)
    at /home/ubuntu/chipyard/generators/gemmini/software/gemmini-rocc-tests/pipeline-runtime/src/prt_gemmini_adapter.c:2448
#3  0x0000000000021acc in run_conv_oc_split (task=0x3ff6d755e0, 
    conv=0x3ff6d75550)
    at /home/ubuntu/chipyard/generators/gemmini/software/gemmini-rocc-tests/pipeline-runtime/src/prt_gemmini_adapter.c:2757
#4  0x00000000000222de in gemm_issue_conv_task (rt=<optimized out>, 
    task=<optimized out>, conv=<optimized out>)
    at /home/ubuntu/chipyard/generators/gemmini/software/gemmini-rocc-tests/pipeline-runtime/src/prt_gemmini_adapter.c:3305
#5  0x00000000000224e8 in gemm_issue_grouped_conv_task (rt=<optimized out>, 
    task=<optimized out>, conv=<optimized out>)
    at /home/ubuntu/chipyard/generators/gemmini/software/gemmini-rocc-tests/pipeline-runtime/src/prt_gemmini_adapter.c:3339
#6  0x0000000000022740 in gemm_issue_task (rt=<optimized out>, 
    task=task@entry=0x3ff6d755e0)
    at /home/ubuntu/chipyard/generators/gemmini/software/gemmini-rocc-tests/pipeline-runtime/src/prt_gemmini_adapter.c:3462
#7  0x00000000000227a0 in gemm_blocking_conv_run (rt=<optimized out>, 
    task=0x3ff6d755e0, timeout_ns=<optimized out>)
    at /home/ubuntu/chipyard/generators/gemmini/software/gemmini-rocc-tests/pipeline-runtime/src/prt_gemmini_adapter.c:3186

--- BP tiled_matmul_nn_stride_auto ---
tiled_matmul_type = <optimized out>
repeating_bias = <optimized out>
scale = <optimized out>
act = <optimized out>
C = <optimized out>
D = <optimized out>
B = <optimized out>
A = <optimized out>
C_stride = <optimized out>
B_stride = <optimized out>
A_stride = <optimized out>
dim_K = <optimized out>
dim_J = <optimized out>
dim_I = <optimized out>
#0  tiled_matmul_nn_stride_auto (tiled_matmul_type=<optimized out>, 
    repeating_bias=<optimized out>, scale=<optimized out>, 
    act=<optimized out>, C=<optimized out>, D=<optimized out>, 
    B=<optimized out>, A=<optimized out>, C_stride=<optimized out>, 
    B_stride=<optimized out>, A_stride=<optimized out>, dim_K=<optimized out>, 
    dim_J=<optimized out>, dim_I=<optimized out>)
    at /home/ubuntu/chipyard/generators/gemmini/software/gemmini-rocc-tests/include/gemmini_nn.h:192
#1  prt_run_pointwise_matmul_fallback_strided_impl (stage_id=stage_id@entry=0, 
    manager_id=manager_id@entry=0, conv=conv@entry=0x3ff6d74ea0, 
    tiled_type=tiled_type@entry=WS, in_stride=in_stride@entry=256, 
    weight_stride=weight_stride@entry=256, out_stride=out_stride@entry=256, 
    emit_logs=emit_logs@entry=1, scope=scope@entry=0x3ff6d74cc8)
    at /home/ubuntu/chipyard/generators/gemmini/software/gemmini-rocc-tests/pipeline-runtime/src/prt_gemmini_adapter.c:1029
#2  0x00000000000209d8 in prt_run_pointwise_matmul_fallback_strided_scoped (
    scope=0x3ff6d74cc8, out_stride=256, weight_stride=256, in_stride=256, 
    tiled_type=WS, conv=0x3ff6d74ea0, manager_id=0, stage_id=0)
    at /home/ubuntu/chipyard/generators/gemmini/software/gemmini-rocc-tests/pipeline-runtime/src/prt_gemmini_adapter.c:911
#3  conv_call_for_manager_sync_strided (stage_id=0, 
    manager_id=manager_id@entry=0, conv=conv@entry=0x3ff6d74ea0, 
    in_stride=256, weight_stride=weight_stride@entry=256, 
    out_stride=out_stride@entry=256)
    at /home/ubuntu/chipyard/generators/gemmini/software/gemmini-rocc-tests/pipeline-runtime/src/prt_gemmini_adapter.c:2448
#4  0x0000000000021acc in run_conv_oc_split (task=0x3ff6d755e0, 
    conv=0x3ff6d75550)
    at /home/ubuntu/chipyard/generators/gemmini/software/gemmini-rocc-tests/pipeline-runtime/src/prt_gemmini_adapter.c:2757
#5  0x00000000000222de in gemm_issue_conv_task (rt=<optimized out>, 
    task=<optimized out>, conv=<optimized out>)
    at /home/ubuntu/chipyard/generators/gemmini/software/gemmini-rocc-tests/pipeline-runtime/src/prt_gemmini_adapter.c:3305
#6  0x00000000000224e8 in gemm_issue_grouped_conv_task (rt=<optimized out>, 
    task=<optimized out>, conv=<optimized out>)
    at /home/ubuntu/chipyard/generators/gemmini/software/gemmini-rocc-tests/pipeline-runtime/src/prt_gemmini_adapter.c:3339
#7  0x0000000000022740 in gemm_issue_task (rt=<optimized out>, 
    task=task@entry=0x3ff6d755e0)
    at /home/ubuntu/chipyard/generators/gemmini/software/gemmini-rocc-tests/pipeline-runtime/src/prt_gemmini_adapter.c:3462

--- BP pointwise subcall return line 2451 ---
stage_id = 0
manager_id = 0
conv = 0x3ff6d74ea0
in_stride = 256
weight_stride = 256
out_stride = 256
scope = {
  valid = 1,
  cfg_id = 1,
  stage_id = 0,
  manager_id = 0,
  opcode_id = 3
}
tiled_type = <optimized out>
input_dilation = <optimized out>
kernel_dilation = <optimized out>
use_pointwise_matmul_fallback = <optimized out>
emit_pointwise_sparse_progress = 0
safe_kchs_cap = 0
pointwise_safe_oc_chunk = <optimized out>
chosen_args = {0, 0, 0, 0, 0, 0, 0}
output_scale = <optimized out>
emit_hot_markers = <optimized out>
pointwise_fallback_type = <optimized out>
rc = 0
#0  conv_call_for_manager_sync_strided (stage_id=0, 
    manager_id=manager_id@entry=0, conv=conv@entry=0x3ff6d74ea0, 
    in_stride=256, weight_stride=weight_stride@entry=256, 
    out_stride=out_stride@entry=256)
    at /home/ubuntu/chipyard/generators/gemmini/software/gemmini-rocc-tests/pipeline-runtime/src/prt_gemmini_adapter.c:2452
#1  0x0000000000021acc in run_conv_oc_split (task=0x3ff6d755e0, 
    conv=0x3ff6d75550)
    at /home/ubuntu/chipyard/generators/gemmini/software/gemmini-rocc-tests/pipeline-runtime/src/prt_gemmini_adapter.c:2757
#2  0x00000000000222de in gemm_issue_conv_task (rt=<optimized out>, 
    task=<optimized out>, conv=<optimized out>)
    at /home/ubuntu/chipyard/generators/gemmini/software/gemmini-rocc-tests/pipeline-runtime/src/prt_gemmini_adapter.c:3305
#3  0x00000000000224e8 in gemm_issue_grouped_conv_task (rt=<optimized out>, 
    task=<optimized out>, conv=<optimized out>)
    at /home/ubuntu/chipyard/generators/gemmini/software/gemmini-rocc-tests/pipeline-runtime/src/prt_gemmini_adapter.c:3339
#4  0x0000000000022740 in gemm_issue_task (rt=<optimized out>, 
    task=task@entry=0x3ff6d755e0)
    at /home/ubuntu/chipyard/generators/gemmini/software/gemmini-rocc-tests/pipeline-runtime/src/prt_gemmini_adapter.c:3462
#5  0x00000000000227a0 in gemm_blocking_conv_run (rt=<optimized out>, 
    task=0x3ff6d755e0, timeout_ns=<optimized out>)
    at /home/ubuntu/chipyard/generators/gemmini/software/gemmini-rocc-tests/pipeline-runtime/src/prt_gemmini_adapter.c:3186
#6  0x0000000000030556 in stage_worker_main (arg=0x83960)
    at /home/ubuntu/chipyard/generators/gemmini/software/gemmini-rocc-tests/pipeline-runtime/src/prt_runtime.c:4514
#7  0x0000003ff7e6cf46 in ?? ()
   from /home/ubuntu/chipyard/.conda-env/riscv-tools/sysroot/lib/libc.so.6

--- BP prt_rr_fence_scope ---
scope = 0x3ff6d74cc8
$2 = {
  valid = 1,
  cfg_id = 1,
  stage_id = 0,
  manager_id = 0,
  opcode_id = 3
}
#0  prt_rr_fence_scope (scope=scope@entry=0x3ff6d74cc8)
    at /home/ubuntu/chipyard/generators/gemmini/software/gemmini-rocc-tests/pipeline-runtime/src/prt_rerocc.c:371
#1  0x0000000000020a36 in conv_call_for_manager_sync_strided (stage_id=0, 
    manager_id=manager_id@entry=0, conv=conv@entry=0x3ff6d74ea0, 
    in_stride=256, weight_stride=weight_stride@entry=256, 
    out_stride=out_stride@entry=256)
    at /home/ubuntu/chipyard/generators/gemmini/software/gemmini-rocc-tests/pipeline-runtime/src/prt_gemmini_adapter.c:2534
#2  0x0000000000021acc in run_conv_oc_split (task=0x3ff6d755e0, 
    conv=0x3ff6d75550)
    at /home/ubuntu/chipyard/generators/gemmini/software/gemmini-rocc-tests/pipeline-runtime/src/prt_gemmini_adapter.c:2757
#3  0x00000000000222de in gemm_issue_conv_task (rt=<optimized out>, 
    task=<optimized out>, conv=<optimized out>)
    at /home/ubuntu/chipyard/generators/gemmini/software/gemmini-rocc-tests/pipeline-runtime/src/prt_gemmini_adapter.c:3305
#4  0x00000000000224e8 in gemm_issue_grouped_conv_task (rt=<optimized out>, 
    task=<optimized out>, conv=<optimized out>)
    at /home/ubuntu/chipyard/generators/gemmini/software/gemmini-rocc-tests/pipeline-runtime/src/prt_gemmini_adapter.c:3339
#5  0x0000000000022740 in gemm_issue_task (rt=<optimized out>, 
    task=task@entry=0x3ff6d755e0)
    at /home/ubuntu/chipyard/generators/gemmini/software/gemmini-rocc-tests/pipeline-runtime/src/prt_gemmini_adapter.c:3462
#6  0x00000000000227a0 in gemm_blocking_conv_run (rt=<optimized out>, 
    task=0x3ff6d755e0, timeout_ns=<optimized out>)
    at /home/ubuntu/chipyard/generators/gemmini/software/gemmini-rocc-tests/pipeline-runtime/src/prt_gemmini_adapter.c:3186
#7  0x0000000000030556 in stage_worker_main (arg=0x83960)
    at /home/ubuntu/chipyard/generators/gemmini/software/gemmini-rocc-tests/pipeline-runtime/src/prt_runtime.c:4514

--- BP prt_rr_fence_scope ---
scope = 0x3ff6d74cc8
$3 = {
  valid = 1,
  cfg_id = 1,
  stage_id = 0,
  manager_id = 0,
  opcode_id = 3
}
#0  prt_rr_fence_scope (scope=scope@entry=0x3ff6d74cc8)
    at /home/ubuntu/chipyard/generators/gemmini/software/gemmini-rocc-tests/pipeline-runtime/src/prt_rerocc.c:371
#1  0x0000000000020b40 in flush_scope_after_drain (scope=0x3ff6d74cc8)
    at /home/ubuntu/chipyard/generators/gemmini/software/gemmini-rocc-tests/pipeline-runtime/src/prt_gemmini_adapter.c:456
#2  conv_call_for_manager_sync_strided (stage_id=0, 
    manager_id=manager_id@entry=0, conv=conv@entry=0x3ff6d74ea0, 
    in_stride=<optimized out>, weight_stride=weight_stride@entry=256, 
    out_stride=out_stride@entry=256)
    at /home/ubuntu/chipyard/generators/gemmini/software/gemmini-rocc-tests/pipeline-runtime/src/prt_gemmini_adapter.c:2557
#3  0x0000000000021acc in run_conv_oc_split (task=0x3ff6d755e0, 
    conv=0x3ff6d75550)
    at /home/ubuntu/chipyard/generators/gemmini/software/gemmini-rocc-tests/pipeline-runtime/src/prt_gemmini_adapter.c:2757
#4  0x00000000000222de in gemm_issue_conv_task (rt=<optimized out>, 
    task=<optimized out>, conv=<optimized out>)
    at /home/ubuntu/chipyard/generators/gemmini/software/gemmini-rocc-tests/pipeline-runtime/src/prt_gemmini_adapter.c:3305
#5  0x00000000000224e8 in gemm_issue_grouped_conv_task (rt=<optimized out>, 
    task=<optimized out>, conv=<optimized out>)
    at /home/ubuntu/chipyard/generators/gemmini/software/gemmini-rocc-tests/pipeline-runtime/src/prt_gemmini_adapter.c:3339
#6  0x0000000000022740 in gemm_issue_task (rt=<optimized out>, 
    task=task@entry=0x3ff6d755e0)
    at /home/ubuntu/chipyard/generators/gemmini/software/gemmini-rocc-tests/pipeline-runtime/src/prt_gemmini_adapter.c:3462
#7  0x00000000000227a0 in gemm_blocking_conv_run (rt=<optimized out>, 
    task=0x3ff6d755e0, timeout_ns=<optimized out>)
    at /home/ubuntu/chipyard/generators/gemmini/software/gemmini-rocc-tests/pipeline-runtime/src/prt_gemmini_adapter.c:3186

--- BP pointwise release line 2581 ---
stage_id = 0
manager_id = 0
conv = 0x3ff6d74ea0
in_stride = <optimized out>
weight_stride = 256
out_stride = 256
scope = {
  valid = 1,
  cfg_id = 1,
  stage_id = 0,
  manager_id = 0,
  opcode_id = 3
}
tiled_type = <optimized out>
input_dilation = <optimized out>
kernel_dilation = <optimized out>
use_pointwise_matmul_fallback = <optimized out>
emit_pointwise_sparse_progress = <optimized out>
safe_kchs_cap = <optimized out>
pointwise_safe_oc_chunk = <optimized out>
chosen_args = {0, 0, 0, 0, 0, 0, 0}
output_scale = <optimized out>
emit_hot_markers = <optimized out>
pointwise_fallback_type = <optimized out>
rc = <optimized out>
#0  conv_call_for_manager_sync_strided (stage_id=0, 
    manager_id=manager_id@entry=0, conv=conv@entry=0x3ff6d74ea0, 
    in_stride=<optimized out>, weight_stride=weight_stride@entry=256, 
    out_stride=out_stride@entry=256)
    at /home/ubuntu/chipyard/generators/gemmini/software/gemmini-rocc-tests/pipeline-runtime/src/prt_gemmini_adapter.c:2581
#1  0x0000000000021acc in run_conv_oc_split (task=0x3ff6d755e0, 
    conv=0x3ff6d75550)
    at /home/ubuntu/chipyard/generators/gemmini/software/gemmini-rocc-tests/pipeline-runtime/src/prt_gemmini_adapter.c:2757
#2  0x00000000000222de in gemm_issue_conv_task (rt=<optimized out>, 
    task=<optimized out>, conv=<optimized out>)
    at /home/ubuntu/chipyard/generators/gemmini/software/gemmini-rocc-tests/pipeline-runtime/src/prt_gemmini_adapter.c:3305
#3  0x00000000000224e8 in gemm_issue_grouped_conv_task (rt=<optimized out>, 
    task=<optimized out>, conv=<optimized out>)
    at /home/ubuntu/chipyard/generators/gemmini/software/gemmini-rocc-tests/pipeline-runtime/src/prt_gemmini_adapter.c:3339
#4  0x0000000000022740 in gemm_issue_task (rt=<optimized out>, 
    task=task@entry=0x3ff6d755e0)
    at /home/ubuntu/chipyard/generators/gemmini/software/gemmini-rocc-tests/pipeline-runtime/src/prt_gemmini_adapter.c:3462
#5  0x00000000000227a0 in gemm_blocking_conv_run (rt=<optimized out>, 
    task=0x3ff6d755e0, timeout_ns=<optimized out>)
    at /home/ubuntu/chipyard/generators/gemmini/software/gemmini-rocc-tests/pipeline-runtime/src/prt_gemmini_adapter.c:3186
#6  0x0000000000030556 in stage_worker_main (arg=0x83960)
    at /home/ubuntu/chipyard/generators/gemmini/software/gemmini-rocc-tests/pipeline-runtime/src/prt_runtime.c:4514
#7  0x0000003ff7e6cf46 in ?? ()
   from /home/ubuntu/chipyard/.conda-env/riscv-tools/sysroot/lib/libc.so.6

--- BP conv_call_for_manager_sync_strided ---
stage_id = 0
manager_id = 1
conv = 0x3ff6d74ea0
in_stride = 256
weight_stride = 256
out_stride = 256
#0  conv_call_for_manager_sync_strided (stage_id=0, 
    manager_id=manager_id@entry=1, conv=conv@entry=0x3ff6d74ea0, 
    in_stride=256, weight_stride=weight_stride@entry=256, 
    out_stride=out_stride@entry=256)
    at /home/ubuntu/chipyard/generators/gemmini/software/gemmini-rocc-tests/pipeline-runtime/src/prt_gemmini_adapter.c:2306
#1  0x0000000000021acc in run_conv_oc_split (task=0x3ff6d755e0, 
    conv=0x3ff6d75550)
    at /home/ubuntu/chipyard/generators/gemmini/software/gemmini-rocc-tests/pipeline-runtime/src/prt_gemmini_adapter.c:2757
#2  0x00000000000222de in gemm_issue_conv_task (rt=<optimized out>, 
    task=<optimized out>, conv=<optimized out>)
    at /home/ubuntu/chipyard/generators/gemmini/software/gemmini-rocc-tests/pipeline-runtime/src/prt_gemmini_adapter.c:3305
#3  0x00000000000224e8 in gemm_issue_grouped_conv_task (rt=<optimized out>, 
    task=<optimized out>, conv=<optimized out>)
    at /home/ubuntu/chipyard/generators/gemmini/software/gemmini-rocc-tests/pipeline-runtime/src/prt_gemmini_adapter.c:3339
#4  0x0000000000022740 in gemm_issue_task (rt=<optimized out>, 
    task=task@entry=0x3ff6d755e0)
    at /home/ubuntu/chipyard/generators/gemmini/software/gemmini-rocc-tests/pipeline-runtime/src/prt_gemmini_adapter.c:3462
#5  0x00000000000227a0 in gemm_blocking_conv_run (rt=<optimized out>, 
    task=0x3ff6d755e0, timeout_ns=<optimized out>)
    at /home/ubuntu/chipyard/generators/gemmini/software/gemmini-rocc-tests/pipeline-runtime/src/prt_gemmini_adapter.c:3186
Error in testing condition for breakpoint 11:
value has been optimized out

--- BP prt_rr_acquire_scope opcode2 ---
rt = 0x0
stage_id = 0
manager_id = 1
opcode_id = 3
scope = 0x3ff6d74cc8
#0  prt_rr_acquire_scope (rt=rt@entry=0x0, stage_id=stage_id@entry=0, 
    manager_id=manager_id@entry=1, opcode_id=opcode_id@entry=3, 
    scope=scope@entry=0x3ff6d74cc8)
    at /home/ubuntu/chipyard/generators/gemmini/software/gemmini-rocc-tests/pipeline-runtime/src/prt_rerocc.c:347
#1  0x0000000000020524 in conv_call_for_manager_sync_strided (stage_id=0, 
    manager_id=manager_id@entry=1, conv=conv@entry=0x3ff6d74ea0, 
    in_stride=256, weight_stride=weight_stride@entry=256, 
    out_stride=out_stride@entry=256)
    at /home/ubuntu/chipyard/generators/gemmini/software/gemmini-rocc-tests/pipeline-runtime/src/prt_gemmini_adapter.c:2329
#2  0x0000000000021acc in run_conv_oc_split (task=0x3ff6d755e0, 
    conv=0x3ff6d75550)
    at /home/ubuntu/chipyard/generators/gemmini/software/gemmini-rocc-tests/pipeline-runtime/src/prt_gemmini_adapter.c:2757
#3  0x00000000000222de in gemm_issue_conv_task (rt=<optimized out>, 
    task=<optimized out>, conv=<optimized out>)
    at /home/ubuntu/chipyard/generators/gemmini/software/gemmini-rocc-tests/pipeline-runtime/src/prt_gemmini_adapter.c:3305
#4  0x00000000000224e8 in gemm_issue_grouped_conv_task (rt=<optimized out>, 
    task=<optimized out>, conv=<optimized out>)
    at /home/ubuntu/chipyard/generators/gemmini/software/gemmini-rocc-tests/pipeline-runtime/src/prt_gemmini_adapter.c:3339
#5  0x0000000000022740 in gemm_issue_task (rt=<optimized out>, 
    task=task@entry=0x3ff6d755e0)
    at /home/ubuntu/chipyard/generators/gemmini/software/gemmini-rocc-tests/pipeline-runtime/src/prt_gemmini_adapter.c:3462
#6  0x00000000000227a0 in gemm_blocking_conv_run (rt=<optimized out>, 
    task=0x3ff6d755e0, timeout_ns=<optimized out>)
    at /home/ubuntu/chipyard/generators/gemmini/software/gemmini-rocc-tests/pipeline-runtime/src/prt_gemmini_adapter.c:3186
#7  0x0000000000030556 in stage_worker_main (arg=0x83960)
    at /home/ubuntu/chipyard/generators/gemmini/software/gemmini-rocc-tests/pipeline-runtime/src/prt_runtime.c:4514

--- BP prt_run_pointwise_matmul_fallback_strided_impl ---
stage_id = 0
manager_id = 1
conv = 0x3ff6d74ea0
tiled_type = WS
in_stride = 256
weight_stride = 256
out_stride = 256
emit_logs = 1
scope = 0x3ff6d74cc8
dim_i = <optimized out>
dim_j = <optimized out>
dim_k = <optimized out>
safe_oc_chunk = <optimized out>
hot_logs = <optimized out>
detail_logs = <optimized out>
probe_logs = <optimized out>
compact_gate_logs = <optimized out>
fallback_type = <optimized out>
#0  prt_run_pointwise_matmul_fallback_strided_impl (stage_id=stage_id@entry=0, 
    manager_id=manager_id@entry=1, conv=conv@entry=0x3ff6d74ea0, 
    tiled_type=tiled_type@entry=WS, in_stride=in_stride@entry=256, 
    weight_stride=weight_stride@entry=256, out_stride=out_stride@entry=256, 
    emit_logs=emit_logs@entry=1, scope=scope@entry=0x3ff6d74cc8)
    at /home/ubuntu/chipyard/generators/gemmini/software/gemmini-rocc-tests/pipeline-runtime/src/prt_gemmini_adapter.c:921
#1  0x00000000000209d8 in prt_run_pointwise_matmul_fallback_strided_scoped (
    scope=0x3ff6d74cc8, out_stride=256, weight_stride=256, in_stride=256, 
    tiled_type=WS, conv=0x3ff6d74ea0, manager_id=1, stage_id=0)
    at /home/ubuntu/chipyard/generators/gemmini/software/gemmini-rocc-tests/pipeline-runtime/src/prt_gemmini_adapter.c:911
#2  conv_call_for_manager_sync_strided (stage_id=0, 
    manager_id=manager_id@entry=1, conv=conv@entry=0x3ff6d74ea0, 
    in_stride=256, weight_stride=weight_stride@entry=256, 
    out_stride=out_stride@entry=256)
    at /home/ubuntu/chipyard/generators/gemmini/software/gemmini-rocc-tests/pipeline-runtime/src/prt_gemmini_adapter.c:2448
#3  0x0000000000021acc in run_conv_oc_split (task=0x3ff6d755e0, 
    conv=0x3ff6d75550)
    at /home/ubuntu/chipyard/generators/gemmini/software/gemmini-rocc-tests/pipeline-runtime/src/prt_gemmini_adapter.c:2757
#4  0x00000000000222de in gemm_issue_conv_task (rt=<optimized out>, 
    task=<optimized out>, conv=<optimized out>)
    at /home/ubuntu/chipyard/generators/gemmini/software/gemmini-rocc-tests/pipeline-runtime/src/prt_gemmini_adapter.c:3305
#5  0x00000000000224e8 in gemm_issue_grouped_conv_task (rt=<optimized out>, 
    task=<optimized out>, conv=<optimized out>)
    at /home/ubuntu/chipyard/generators/gemmini/software/gemmini-rocc-tests/pipeline-runtime/src/prt_gemmini_adapter.c:3339
#6  0x0000000000022740 in gemm_issue_task (rt=<optimized out>, 
    task=task@entry=0x3ff6d755e0)
    at /home/ubuntu/chipyard/generators/gemmini/software/gemmini-rocc-tests/pipeline-runtime/src/prt_gemmini_adapter.c:3462
#7  0x00000000000227a0 in gemm_blocking_conv_run (rt=<optimized out>, 
    task=0x3ff6d755e0, timeout_ns=<optimized out>)
    at /home/ubuntu/chipyard/generators/gemmini/software/gemmini-rocc-tests/pipeline-runtime/src/prt_gemmini_adapter.c:3186

--- BP tiled_matmul_nn_stride_auto ---
tiled_matmul_type = <optimized out>
repeating_bias = <optimized out>
scale = <optimized out>
act = <optimized out>
C = <optimized out>
D = <optimized out>
B = <optimized out>
A = <optimized out>
C_stride = <optimized out>
B_stride = <optimized out>
A_stride = <optimized out>
dim_K = <optimized out>
dim_J = <optimized out>
dim_I = <optimized out>
#0  tiled_matmul_nn_stride_auto (tiled_matmul_type=<optimized out>, 
    repeating_bias=<optimized out>, scale=<optimized out>, 
    act=<optimized out>, C=<optimized out>, D=<optimized out>, 
    B=<optimized out>, A=<optimized out>, C_stride=<optimized out>, 
    B_stride=<optimized out>, A_stride=<optimized out>, dim_K=<optimized out>, 
    dim_J=<optimized out>, dim_I=<optimized out>)
    at /home/ubuntu/chipyard/generators/gemmini/software/gemmini-rocc-tests/include/gemmini_nn.h:192
#1  prt_run_pointwise_matmul_fallback_strided_impl (stage_id=stage_id@entry=0, 
    manager_id=manager_id@entry=1, conv=conv@entry=0x3ff6d74ea0, 
    tiled_type=tiled_type@entry=WS, in_stride=in_stride@entry=256, 
    weight_stride=weight_stride@entry=256, out_stride=out_stride@entry=256, 
    emit_logs=emit_logs@entry=1, scope=scope@entry=0x3ff6d74cc8)
    at /home/ubuntu/chipyard/generators/gemmini/software/gemmini-rocc-tests/pipeline-runtime/src/prt_gemmini_adapter.c:1029
#2  0x00000000000209d8 in prt_run_pointwise_matmul_fallback_strided_scoped (
    scope=0x3ff6d74cc8, out_stride=256, weight_stride=256, in_stride=256, 
    tiled_type=WS, conv=0x3ff6d74ea0, manager_id=1, stage_id=0)
    at /home/ubuntu/chipyard/generators/gemmini/software/gemmini-rocc-tests/pipeline-runtime/src/prt_gemmini_adapter.c:911
#3  conv_call_for_manager_sync_strided (stage_id=0, 
    manager_id=manager_id@entry=1, conv=conv@entry=0x3ff6d74ea0, 
    in_stride=256, weight_stride=weight_stride@entry=256, 
    out_stride=out_stride@entry=256)
    at /home/ubuntu/chipyard/generators/gemmini/software/gemmini-rocc-tests/pipeline-runtime/src/prt_gemmini_adapter.c:2448
#4  0x0000000000021acc in run_conv_oc_split (task=0x3ff6d755e0, 
    conv=0x3ff6d75550)
    at /home/ubuntu/chipyard/generators/gemmini/software/gemmini-rocc-tests/pipeline-runtime/src/prt_gemmini_adapter.c:2757
#5  0x00000000000222de in gemm_issue_conv_task (rt=<optimized out>, 
    task=<optimized out>, conv=<optimized out>)
    at /home/ubuntu/chipyard/generators/gemmini/software/gemmini-rocc-tests/pipeline-runtime/src/prt_gemmini_adapter.c:3305
#6  0x00000000000224e8 in gemm_issue_grouped_conv_task (rt=<optimized out>, 
    task=<optimized out>, conv=<optimized out>)
    at /home/ubuntu/chipyard/generators/gemmini/software/gemmini-rocc-tests/pipeline-runtime/src/prt_gemmini_adapter.c:3339
#7  0x0000000000022740 in gemm_issue_task (rt=<optimized out>, 
    task=task@entry=0x3ff6d755e0)
    at /home/ubuntu/chipyard/generators/gemmini/software/gemmini-rocc-tests/pipeline-runtime/src/prt_gemmini_adapter.c:3462

--- BP pointwise subcall return line 2451 ---
stage_id = 0
manager_id = 1
conv = 0x3ff6d74ea0
in_stride = 256
weight_stride = 256
out_stride = 256
scope = {
  valid = 1,
  cfg_id = 1,
  stage_id = 0,
  manager_id = 1,
  opcode_id = 3
}
tiled_type = <optimized out>
input_dilation = <optimized out>
kernel_dilation = <optimized out>
use_pointwise_matmul_fallback = <optimized out>
emit_pointwise_sparse_progress = 0
safe_kchs_cap = 0
pointwise_safe_oc_chunk = <optimized out>
chosen_args = {0, 0, 0, 0, 0, 0, 0}
output_scale = <optimized out>
emit_hot_markers = <optimized out>
pointwise_fallback_type = <optimized out>
rc = 0
#0  conv_call_for_manager_sync_strided (stage_id=0, 
    manager_id=manager_id@entry=1, conv=conv@entry=0x3ff6d74ea0, 
    in_stride=256, weight_stride=weight_stride@entry=256, 
    out_stride=out_stride@entry=256)
    at /home/ubuntu/chipyard/generators/gemmini/software/gemmini-rocc-tests/pipeline-runtime/src/prt_gemmini_adapter.c:2452
#1  0x0000000000021acc in run_conv_oc_split (task=0x3ff6d755e0, 
    conv=0x3ff6d75550)
    at /home/ubuntu/chipyard/generators/gemmini/software/gemmini-rocc-tests/pipeline-runtime/src/prt_gemmini_adapter.c:2757
#2  0x00000000000222de in gemm_issue_conv_task (rt=<optimized out>, 
    task=<optimized out>, conv=<optimized out>)
    at /home/ubuntu/chipyard/generators/gemmini/software/gemmini-rocc-tests/pipeline-runtime/src/prt_gemmini_adapter.c:3305
#3  0x00000000000224e8 in gemm_issue_grouped_conv_task (rt=<optimized out>, 
    task=<optimized out>, conv=<optimized out>)
    at /home/ubuntu/chipyard/generators/gemmini/software/gemmini-rocc-tests/pipeline-runtime/src/prt_gemmini_adapter.c:3339
#4  0x0000000000022740 in gemm_issue_task (rt=<optimized out>, 
    task=task@entry=0x3ff6d755e0)
    at /home/ubuntu/chipyard/generators/gemmini/software/gemmini-rocc-tests/pipeline-runtime/src/prt_gemmini_adapter.c:3462
#5  0x00000000000227a0 in gemm_blocking_conv_run (rt=<optimized out>, 
    task=0x3ff6d755e0, timeout_ns=<optimized out>)
    at /home/ubuntu/chipyard/generators/gemmini/software/gemmini-rocc-tests/pipeline-runtime/src/prt_gemmini_adapter.c:3186
#6  0x0000000000030556 in stage_worker_main (arg=0x83960)
    at /home/ubuntu/chipyard/generators/gemmini/software/gemmini-rocc-tests/pipeline-runtime/src/prt_runtime.c:4514
#7  0x0000003ff7e6cf46 in ?? ()
   from /home/ubuntu/chipyard/.conda-env/riscv-tools/sysroot/lib/libc.so.6

--- BP prt_rr_fence_scope ---
scope = 0x3ff6d74cc8
$4 = {
  valid = 1,
  cfg_id = 1,
  stage_id = 0,
  manager_id = 1,
  opcode_id = 3
}
#0  prt_rr_fence_scope (scope=scope@entry=0x3ff6d74cc8)
    at /home/ubuntu/chipyard/generators/gemmini/software/gemmini-rocc-tests/pipeline-runtime/src/prt_rerocc.c:371
#1  0x0000000000020a36 in conv_call_for_manager_sync_strided (stage_id=0, 
    manager_id=manager_id@entry=1, conv=conv@entry=0x3ff6d74ea0, 
    in_stride=256, weight_stride=weight_stride@entry=256, 
    out_stride=out_stride@entry=256)
    at /home/ubuntu/chipyard/generators/gemmini/software/gemmini-rocc-tests/pipeline-runtime/src/prt_gemmini_adapter.c:2534
#2  0x0000000000021acc in run_conv_oc_split (task=0x3ff6d755e0, 
    conv=0x3ff6d75550)
    at /home/ubuntu/chipyard/generators/gemmini/software/gemmini-rocc-tests/pipeline-runtime/src/prt_gemmini_adapter.c:2757
#3  0x00000000000222de in gemm_issue_conv_task (rt=<optimized out>, 
    task=<optimized out>, conv=<optimized out>)
    at /home/ubuntu/chipyard/generators/gemmini/software/gemmini-rocc-tests/pipeline-runtime/src/prt_gemmini_adapter.c:3305
#4  0x00000000000224e8 in gemm_issue_grouped_conv_task (rt=<optimized out>, 
    task=<optimized out>, conv=<optimized out>)
    at /home/ubuntu/chipyard/generators/gemmini/software/gemmini-rocc-tests/pipeline-runtime/src/prt_gemmini_adapter.c:3339
#5  0x0000000000022740 in gemm_issue_task (rt=<optimized out>, 
    task=task@entry=0x3ff6d755e0)
    at /home/ubuntu/chipyard/generators/gemmini/software/gemmini-rocc-tests/pipeline-runtime/src/prt_gemmini_adapter.c:3462
#6  0x00000000000227a0 in gemm_blocking_conv_run (rt=<optimized out>, 
    task=0x3ff6d755e0, timeout_ns=<optimized out>)
    at /home/ubuntu/chipyard/generators/gemmini/software/gemmini-rocc-tests/pipeline-runtime/src/prt_gemmini_adapter.c:3186
#7  0x0000000000030556 in stage_worker_main (arg=0x83960)
    at /home/ubuntu/chipyard/generators/gemmini/software/gemmini-rocc-tests/pipeline-runtime/src/prt_runtime.c:4514

--- BP prt_rr_fence_scope ---
scope = 0x3ff6d74cc8
$5 = {
  valid = 1,
  cfg_id = 1,
  stage_id = 0,
  manager_id = 1,
  opcode_id = 3
}
#0  prt_rr_fence_scope (scope=scope@entry=0x3ff6d74cc8)
    at /home/ubuntu/chipyard/generators/gemmini/software/gemmini-rocc-tests/pipeline-runtime/src/prt_rerocc.c:371
#1  0x0000000000020b40 in flush_scope_after_drain (scope=0x3ff6d74cc8)
    at /home/ubuntu/chipyard/generators/gemmini/software/gemmini-rocc-tests/pipeline-runtime/src/prt_gemmini_adapter.c:456
#2  conv_call_for_manager_sync_strided (stage_id=0, 
    manager_id=manager_id@entry=1, conv=conv@entry=0x3ff6d74ea0, 
    in_stride=<optimized out>, weight_stride=weight_stride@entry=256, 
    out_stride=out_stride@entry=256)
    at /home/ubuntu/chipyard/generators/gemmini/software/gemmini-rocc-tests/pipeline-runtime/src/prt_gemmini_adapter.c:2557
#3  0x0000000000021acc in run_conv_oc_split (task=0x3ff6d755e0, 
    conv=0x3ff6d75550)
    at /home/ubuntu/chipyard/generators/gemmini/software/gemmini-rocc-tests/pipeline-runtime/src/prt_gemmini_adapter.c:2757
#4  0x00000000000222de in gemm_issue_conv_task (rt=<optimized out>, 
    task=<optimized out>, conv=<optimized out>)
    at /home/ubuntu/chipyard/generators/gemmini/software/gemmini-rocc-tests/pipeline-runtime/src/prt_gemmini_adapter.c:3305
#5  0x00000000000224e8 in gemm_issue_grouped_conv_task (rt=<optimized out>, 
    task=<optimized out>, conv=<optimized out>)
    at /home/ubuntu/chipyard/generators/gemmini/software/gemmini-rocc-tests/pipeline-runtime/src/prt_gemmini_adapter.c:3339
#6  0x0000000000022740 in gemm_issue_task (rt=<optimized out>, 
    task=task@entry=0x3ff6d755e0)
    at /home/ubuntu/chipyard/generators/gemmini/software/gemmini-rocc-tests/pipeline-runtime/src/prt_gemmini_adapter.c:3462
#7  0x00000000000227a0 in gemm_blocking_conv_run (rt=<optimized out>, 
    task=0x3ff6d755e0, timeout_ns=<optimized out>)
    at /home/ubuntu/chipyard/generators/gemmini/software/gemmini-rocc-tests/pipeline-runtime/src/prt_gemmini_adapter.c:3186

--- BP pointwise release line 2581 ---
stage_id = 0
manager_id = 1
conv = 0x3ff6d74ea0
in_stride = <optimized out>
weight_stride = 256
out_stride = 256
scope = {
  valid = 1,
  cfg_id = 1,
  stage_id = 0,
  manager_id = 1,
  opcode_id = 3
}
tiled_type = <optimized out>
input_dilation = <optimized out>
kernel_dilation = <optimized out>
use_pointwise_matmul_fallback = <optimized out>
emit_pointwise_sparse_progress = <optimized out>
safe_kchs_cap = <optimized out>
pointwise_safe_oc_chunk = <optimized out>
chosen_args = {0, 0, 0, 0, 0, 0, 0}
output_scale = <optimized out>
emit_hot_markers = <optimized out>
pointwise_fallback_type = <optimized out>
rc = <optimized out>
#0  conv_call_for_manager_sync_strided (stage_id=0, 
    manager_id=manager_id@entry=1, conv=conv@entry=0x3ff6d74ea0, 
    in_stride=<optimized out>, weight_stride=weight_stride@entry=256, 
    out_stride=out_stride@entry=256)
    at /home/ubuntu/chipyard/generators/gemmini/software/gemmini-rocc-tests/pipeline-runtime/src/prt_gemmini_adapter.c:2581
#1  0x0000000000021acc in run_conv_oc_split (task=0x3ff6d755e0, 
    conv=0x3ff6d75550)
    at /home/ubuntu/chipyard/generators/gemmini/software/gemmini-rocc-tests/pipeline-runtime/src/prt_gemmini_adapter.c:2757
#2  0x00000000000222de in gemm_issue_conv_task (rt=<optimized out>, 
    task=<optimized out>, conv=<optimized out>)
    at /home/ubuntu/chipyard/generators/gemmini/software/gemmini-rocc-tests/pipeline-runtime/src/prt_gemmini_adapter.c:3305
#3  0x00000000000224e8 in gemm_issue_grouped_conv_task (rt=<optimized out>, 
    task=<optimized out>, conv=<optimized out>)
    at /home/ubuntu/chipyard/generators/gemmini/software/gemmini-rocc-tests/pipeline-runtime/src/prt_gemmini_adapter.c:3339
#4  0x0000000000022740 in gemm_issue_task (rt=<optimized out>, 
    task=task@entry=0x3ff6d755e0)
    at /home/ubuntu/chipyard/generators/gemmini/software/gemmini-rocc-tests/pipeline-runtime/src/prt_gemmini_adapter.c:3462
#5  0x00000000000227a0 in gemm_blocking_conv_run (rt=<optimized out>, 
    task=0x3ff6d755e0, timeout_ns=<optimized out>)
    at /home/ubuntu/chipyard/generators/gemmini/software/gemmini-rocc-tests/pipeline-runtime/src/prt_gemmini_adapter.c:3186
#6  0x0000000000030556 in stage_worker_main (arg=0x83960)
    at /home/ubuntu/chipyard/generators/gemmini/software/gemmini-rocc-tests/pipeline-runtime/src/prt_runtime.c:4514
#7  0x0000003ff7e6cf46 in ?? ()
   from /home/ubuntu/chipyard/.conda-env/riscv-tools/sysroot/lib/libc.so.6

--- BP conv_call_for_manager_sync_strided ---
stage_id = 0
manager_id = 2
conv = 0x3ff6d74ea0
in_stride = 256
weight_stride = 256
out_stride = 256
#0  conv_call_for_manager_sync_strided (stage_id=0, 
    manager_id=manager_id@entry=2, conv=conv@entry=0x3ff6d74ea0, 
    in_stride=256, weight_stride=weight_stride@entry=256, 
    out_stride=out_stride@entry=256)
    at /home/ubuntu/chipyard/generators/gemmini/software/gemmini-rocc-tests/pipeline-runtime/src/prt_gemmini_adapter.c:2306
#1  0x0000000000021acc in run_conv_oc_split (task=0x3ff6d755e0, 
    conv=0x3ff6d75550)
    at /home/ubuntu/chipyard/generators/gemmini/software/gemmini-rocc-tests/pipeline-runtime/src/prt_gemmini_adapter.c:2757
#2  0x00000000000222de in gemm_issue_conv_task (rt=<optimized out>, 
    task=<optimized out>, conv=<optimized out>)
    at /home/ubuntu/chipyard/generators/gemmini/software/gemmini-rocc-tests/pipeline-runtime/src/prt_gemmini_adapter.c:3305
#3  0x00000000000224e8 in gemm_issue_grouped_conv_task (rt=<optimized out>, 
    task=<optimized out>, conv=<optimized out>)
    at /home/ubuntu/chipyard/generators/gemmini/software/gemmini-rocc-tests/pipeline-runtime/src/prt_gemmini_adapter.c:3339
#4  0x0000000000022740 in gemm_issue_task (rt=<optimized out>, 
    task=task@entry=0x3ff6d755e0)
    at /home/ubuntu/chipyard/generators/gemmini/software/gemmini-rocc-tests/pipeline-runtime/src/prt_gemmini_adapter.c:3462
#5  0x00000000000227a0 in gemm_blocking_conv_run (rt=<optimized out>, 
    task=0x3ff6d755e0, timeout_ns=<optimized out>)
    at /home/ubuntu/chipyard/generators/gemmini/software/gemmini-rocc-tests/pipeline-runtime/src/prt_gemmini_adapter.c:3186
Error in testing condition for breakpoint 11:
value has been optimized out

--- BP prt_rr_acquire_scope opcode2 ---
rt = 0x0
stage_id = 0
manager_id = 2
opcode_id = 3
scope = 0x3ff6d74cc8
#0  prt_rr_acquire_scope (rt=rt@entry=0x0, stage_id=stage_id@entry=0, 
    manager_id=manager_id@entry=2, opcode_id=opcode_id@entry=3, 
    scope=scope@entry=0x3ff6d74cc8)
    at /home/ubuntu/chipyard/generators/gemmini/software/gemmini-rocc-tests/pipeline-runtime/src/prt_rerocc.c:347
#1  0x0000000000020524 in conv_call_for_manager_sync_strided (stage_id=0, 
    manager_id=manager_id@entry=2, conv=conv@entry=0x3ff6d74ea0, 
    in_stride=256, weight_stride=weight_stride@entry=256, 
    out_stride=out_stride@entry=256)
    at /home/ubuntu/chipyard/generators/gemmini/software/gemmini-rocc-tests/pipeline-runtime/src/prt_gemmini_adapter.c:2329
#2  0x0000000000021acc in run_conv_oc_split (task=0x3ff6d755e0, 
    conv=0x3ff6d75550)
    at /home/ubuntu/chipyard/generators/gemmini/software/gemmini-rocc-tests/pipeline-runtime/src/prt_gemmini_adapter.c:2757
#3  0x00000000000222de in gemm_issue_conv_task (rt=<optimized out>, 
    task=<optimized out>, conv=<optimized out>)
    at /home/ubuntu/chipyard/generators/gemmini/software/gemmini-rocc-tests/pipeline-runtime/src/prt_gemmini_adapter.c:3305
#4  0x00000000000224e8 in gemm_issue_grouped_conv_task (rt=<optimized out>, 
    task=<optimized out>, conv=<optimized out>)
    at /home/ubuntu/chipyard/generators/gemmini/software/gemmini-rocc-tests/pipeline-runtime/src/prt_gemmini_adapter.c:3339
#5  0x0000000000022740 in gemm_issue_task (rt=<optimized out>, 
    task=task@entry=0x3ff6d755e0)
    at /home/ubuntu/chipyard/generators/gemmini/software/gemmini-rocc-tests/pipeline-runtime/src/prt_gemmini_adapter.c:3462
#6  0x00000000000227a0 in gemm_blocking_conv_run (rt=<optimized out>, 
    task=0x3ff6d755e0, timeout_ns=<optimized out>)
    at /home/ubuntu/chipyard/generators/gemmini/software/gemmini-rocc-tests/pipeline-runtime/src/prt_gemmini_adapter.c:3186
#7  0x0000000000030556 in stage_worker_main (arg=0x83960)
    at /home/ubuntu/chipyard/generators/gemmini/software/gemmini-rocc-tests/pipeline-runtime/src/prt_runtime.c:4514

--- BP prt_run_pointwise_matmul_fallback_strided_impl ---
stage_id = 0
manager_id = 2
conv = 0x3ff6d74ea0
tiled_type = WS
in_stride = 256
weight_stride = 256
out_stride = 256
emit_logs = 1
scope = 0x3ff6d74cc8
dim_i = <optimized out>
dim_j = <optimized out>
dim_k = <optimized out>
safe_oc_chunk = <optimized out>
hot_logs = <optimized out>
detail_logs = <optimized out>
probe_logs = <optimized out>
compact_gate_logs = <optimized out>
fallback_type = <optimized out>
#0  prt_run_pointwise_matmul_fallback_strided_impl (stage_id=stage_id@entry=0, 
    manager_id=manager_id@entry=2, conv=conv@entry=0x3ff6d74ea0, 
    tiled_type=tiled_type@entry=WS, in_stride=in_stride@entry=256, 
    weight_stride=weight_stride@entry=256, out_stride=out_stride@entry=256, 
    emit_logs=emit_logs@entry=1, scope=scope@entry=0x3ff6d74cc8)
    at /home/ubuntu/chipyard/generators/gemmini/software/gemmini-rocc-tests/pipeline-runtime/src/prt_gemmini_adapter.c:921
#1  0x00000000000209d8 in prt_run_pointwise_matmul_fallback_strided_scoped (
    scope=0x3ff6d74cc8, out_stride=256, weight_stride=256, in_stride=256, 
    tiled_type=WS, conv=0x3ff6d74ea0, manager_id=2, stage_id=0)
    at /home/ubuntu/chipyard/generators/gemmini/software/gemmini-rocc-tests/pipeline-runtime/src/prt_gemmini_adapter.c:911
#2  conv_call_for_manager_sync_strided (stage_id=0, 
    manager_id=manager_id@entry=2, conv=conv@entry=0x3ff6d74ea0, 
    in_stride=256, weight_stride=weight_stride@entry=256, 
    out_stride=out_stride@entry=256)
    at /home/ubuntu/chipyard/generators/gemmini/software/gemmini-rocc-tests/pipeline-runtime/src/prt_gemmini_adapter.c:2448
#3  0x0000000000021acc in run_conv_oc_split (task=0x3ff6d755e0, 
    conv=0x3ff6d75550)
    at /home/ubuntu/chipyard/generators/gemmini/software/gemmini-rocc-tests/pipeline-runtime/src/prt_gemmini_adapter.c:2757
#4  0x00000000000222de in gemm_issue_conv_task (rt=<optimized out>, 
    task=<optimized out>, conv=<optimized out>)
    at /home/ubuntu/chipyard/generators/gemmini/software/gemmini-rocc-tests/pipeline-runtime/src/prt_gemmini_adapter.c:3305
#5  0x00000000000224e8 in gemm_issue_grouped_conv_task (rt=<optimized out>, 
    task=<optimized out>, conv=<optimized out>)
    at /home/ubuntu/chipyard/generators/gemmini/software/gemmini-rocc-tests/pipeline-runtime/src/prt_gemmini_adapter.c:3339
#6  0x0000000000022740 in gemm_issue_task (rt=<optimized out>, 
    task=task@entry=0x3ff6d755e0)
    at /home/ubuntu/chipyard/generators/gemmini/software/gemmini-rocc-tests/pipeline-runtime/src/prt_gemmini_adapter.c:3462
#7  0x00000000000227a0 in gemm_blocking_conv_run (rt=<optimized out>, 
    task=0x3ff6d755e0, timeout_ns=<optimized out>)
    at /home/ubuntu/chipyard/generators/gemmini/software/gemmini-rocc-tests/pipeline-runtime/src/prt_gemmini_adapter.c:3186

--- BP tiled_matmul_nn_stride_auto ---
tiled_matmul_type = <optimized out>
repeating_bias = <optimized out>
scale = <optimized out>
act = <optimized out>
C = <optimized out>
D = <optimized out>
B = <optimized out>
A = <optimized out>
C_stride = <optimized out>
B_stride = <optimized out>
A_stride = <optimized out>
dim_K = <optimized out>
dim_J = <optimized out>
dim_I = <optimized out>
#0  tiled_matmul_nn_stride_auto (tiled_matmul_type=<optimized out>, 
    repeating_bias=<optimized out>, scale=<optimized out>, 
    act=<optimized out>, C=<optimized out>, D=<optimized out>, 
    B=<optimized out>, A=<optimized out>, C_stride=<optimized out>, 
    B_stride=<optimized out>, A_stride=<optimized out>, dim_K=<optimized out>, 
    dim_J=<optimized out>, dim_I=<optimized out>)
    at /home/ubuntu/chipyard/generators/gemmini/software/gemmini-rocc-tests/include/gemmini_nn.h:192
#1  prt_run_pointwise_matmul_fallback_strided_impl (stage_id=stage_id@entry=0, 
    manager_id=manager_id@entry=2, conv=conv@entry=0x3ff6d74ea0, 
    tiled_type=tiled_type@entry=WS, in_stride=in_stride@entry=256, 
    weight_stride=weight_stride@entry=256, out_stride=out_stride@entry=256, 
    emit_logs=emit_logs@entry=1, scope=scope@entry=0x3ff6d74cc8)
    at /home/ubuntu/chipyard/generators/gemmini/software/gemmini-rocc-tests/pipeline-runtime/src/prt_gemmini_adapter.c:1029
#2  0x00000000000209d8 in prt_run_pointwise_matmul_fallback_strided_scoped (
    scope=0x3ff6d74cc8, out_stride=256, weight_stride=256, in_stride=256, 
    tiled_type=WS, conv=0x3ff6d74ea0, manager_id=2, stage_id=0)
    at /home/ubuntu/chipyard/generators/gemmini/software/gemmini-rocc-tests/pipeline-runtime/src/prt_gemmini_adapter.c:911
#3  conv_call_for_manager_sync_strided (stage_id=0, 
    manager_id=manager_id@entry=2, conv=conv@entry=0x3ff6d74ea0, 
    in_stride=256, weight_stride=weight_stride@entry=256, 
    out_stride=out_stride@entry=256)
    at /home/ubuntu/chipyard/generators/gemmini/software/gemmini-rocc-tests/pipeline-runtime/src/prt_gemmini_adapter.c:2448
#4  0x0000000000021acc in run_conv_oc_split (task=0x3ff6d755e0, 
    conv=0x3ff6d75550)
    at /home/ubuntu/chipyard/generators/gemmini/software/gemmini-rocc-tests/pipeline-runtime/src/prt_gemmini_adapter.c:2757
#5  0x00000000000222de in gemm_issue_conv_task (rt=<optimized out>, 
    task=<optimized out>, conv=<optimized out>)
    at /home/ubuntu/chipyard/generators/gemmini/software/gemmini-rocc-tests/pipeline-runtime/src/prt_gemmini_adapter.c:3305
#6  0x00000000000224e8 in gemm_issue_grouped_conv_task (rt=<optimized out>, 
    task=<optimized out>, conv=<optimized out>)
    at /home/ubuntu/chipyard/generators/gemmini/software/gemmini-rocc-tests/pipeline-runtime/src/prt_gemmini_adapter.c:3339
#7  0x0000000000022740 in gemm_issue_task (rt=<optimized out>, 
    task=task@entry=0x3ff6d755e0)
    at /home/ubuntu/chipyard/generators/gemmini/software/gemmini-rocc-tests/pipeline-runtime/src/prt_gemmini_adapter.c:3462

--- BP pointwise subcall return line 2451 ---
stage_id = 0
manager_id = 2
conv = 0x3ff6d74ea0
in_stride = 256
weight_stride = 256
out_stride = 256
scope = {
  valid = 1,
  cfg_id = 1,
  stage_id = 0,
  manager_id = 2,
  opcode_id = 3
}
tiled_type = <optimized out>
input_dilation = <optimized out>
kernel_dilation = <optimized out>
use_pointwise_matmul_fallback = <optimized out>
emit_pointwise_sparse_progress = 0
safe_kchs_cap = 0
pointwise_safe_oc_chunk = <optimized out>
chosen_args = {0, 0, 0, 0, 0, 0, 0}
output_scale = <optimized out>
emit_hot_markers = <optimized out>
pointwise_fallback_type = <optimized out>
rc = 0
#0  conv_call_for_manager_sync_strided (stage_id=0, 
    manager_id=manager_id@entry=2, conv=conv@entry=0x3ff6d74ea0, 
    in_stride=256, weight_stride=weight_stride@entry=256, 
    out_stride=out_stride@entry=256)
    at /home/ubuntu/chipyard/generators/gemmini/software/gemmini-rocc-tests/pipeline-runtime/src/prt_gemmini_adapter.c:2452
#1  0x0000000000021acc in run_conv_oc_split (task=0x3ff6d755e0, 
    conv=0x3ff6d75550)
    at /home/ubuntu/chipyard/generators/gemmini/software/gemmini-rocc-tests/pipeline-runtime/src/prt_gemmini_adapter.c:2757
#2  0x00000000000222de in gemm_issue_conv_task (rt=<optimized out>, 
    task=<optimized out>, conv=<optimized out>)
    at /home/ubuntu/chipyard/generators/gemmini/software/gemmini-rocc-tests/pipeline-runtime/src/prt_gemmini_adapter.c:3305
#3  0x00000000000224e8 in gemm_issue_grouped_conv_task (rt=<optimized out>, 
    task=<optimized out>, conv=<optimized out>)
    at /home/ubuntu/chipyard/generators/gemmini/software/gemmini-rocc-tests/pipeline-runtime/src/prt_gemmini_adapter.c:3339
#4  0x0000000000022740 in gemm_issue_task (rt=<optimized out>, 
    task=task@entry=0x3ff6d755e0)
    at /home/ubuntu/chipyard/generators/gemmini/software/gemmini-rocc-tests/pipeline-runtime/src/prt_gemmini_adapter.c:3462
#5  0x00000000000227a0 in gemm_blocking_conv_run (rt=<optimized out>, 
    task=0x3ff6d755e0, timeout_ns=<optimized out>)
    at /home/ubuntu/chipyard/generators/gemmini/software/gemmini-rocc-tests/pipeline-runtime/src/prt_gemmini_adapter.c:3186
#6  0x0000000000030556 in stage_worker_main (arg=0x83960)
    at /home/ubuntu/chipyard/generators/gemmini/software/gemmini-rocc-tests/pipeline-runtime/src/prt_runtime.c:4514
#7  0x0000003ff7e6cf46 in ?? ()
   from /home/ubuntu/chipyard/.conda-env/riscv-tools/sysroot/lib/libc.so.6

--- BP prt_rr_fence_scope ---
scope = 0x3ff6d74cc8
$6 = {
  valid = 1,
  cfg_id = 1,
  stage_id = 0,
  manager_id = 2,
  opcode_id = 3
}
#0  prt_rr_fence_scope (scope=scope@entry=0x3ff6d74cc8)
    at /home/ubuntu/chipyard/generators/gemmini/software/gemmini-rocc-tests/pipeline-runtime/src/prt_rerocc.c:371
#1  0x0000000000020a36 in conv_call_for_manager_sync_strided (stage_id=0, 
    manager_id=manager_id@entry=2, conv=conv@entry=0x3ff6d74ea0, 
    in_stride=256, weight_stride=weight_stride@entry=256, 
    out_stride=out_stride@entry=256)
    at /home/ubuntu/chipyard/generators/gemmini/software/gemmini-rocc-tests/pipeline-runtime/src/prt_gemmini_adapter.c:2534
#2  0x0000000000021acc in run_conv_oc_split (task=0x3ff6d755e0, 
    conv=0x3ff6d75550)
    at /home/ubuntu/chipyard/generators/gemmini/software/gemmini-rocc-tests/pipeline-runtime/src/prt_gemmini_adapter.c:2757
#3  0x00000000000222de in gemm_issue_conv_task (rt=<optimized out>, 
    task=<optimized out>, conv=<optimized out>)
    at /home/ubuntu/chipyard/generators/gemmini/software/gemmini-rocc-tests/pipeline-runtime/src/prt_gemmini_adapter.c:3305
#4  0x00000000000224e8 in gemm_issue_grouped_conv_task (rt=<optimized out>, 
    task=<optimized out>, conv=<optimized out>)
    at /home/ubuntu/chipyard/generators/gemmini/software/gemmini-rocc-tests/pipeline-runtime/src/prt_gemmini_adapter.c:3339
#5  0x0000000000022740 in gemm_issue_task (rt=<optimized out>, 
    task=task@entry=0x3ff6d755e0)
    at /home/ubuntu/chipyard/generators/gemmini/software/gemmini-rocc-tests/pipeline-runtime/src/prt_gemmini_adapter.c:3462
#6  0x00000000000227a0 in gemm_blocking_conv_run (rt=<optimized out>, 
    task=0x3ff6d755e0, timeout_ns=<optimized out>)
    at /home/ubuntu/chipyard/generators/gemmini/software/gemmini-rocc-tests/pipeline-runtime/src/prt_gemmini_adapter.c:3186
#7  0x0000000000030556 in stage_worker_main (arg=0x83960)
    at /home/ubuntu/chipyard/generators/gemmini/software/gemmini-rocc-tests/pipeline-runtime/src/prt_runtime.c:4514

--- BP prt_rr_fence_scope ---
scope = 0x3ff6d74cc8
$7 = {
  valid = 1,
  cfg_id = 1,
  stage_id = 0,
  manager_id = 2,
  opcode_id = 3
}
#0  prt_rr_fence_scope (scope=scope@entry=0x3ff6d74cc8)
    at /home/ubuntu/chipyard/generators/gemmini/software/gemmini-rocc-tests/pipeline-runtime/src/prt_rerocc.c:371
#1  0x0000000000020b40 in flush_scope_after_drain (scope=0x3ff6d74cc8)
    at /home/ubuntu/chipyard/generators/gemmini/software/gemmini-rocc-tests/pipeline-runtime/src/prt_gemmini_adapter.c:456
#2  conv_call_for_manager_sync_strided (stage_id=0, 
    manager_id=manager_id@entry=2, conv=conv@entry=0x3ff6d74ea0, 
    in_stride=<optimized out>, weight_stride=weight_stride@entry=256, 
    out_stride=out_stride@entry=256)
    at /home/ubuntu/chipyard/generators/gemmini/software/gemmini-rocc-tests/pipeline-runtime/src/prt_gemmini_adapter.c:2557
#3  0x0000000000021acc in run_conv_oc_split (task=0x3ff6d755e0, 
    conv=0x3ff6d75550)
    at /home/ubuntu/chipyard/generators/gemmini/software/gemmini-rocc-tests/pipeline-runtime/src/prt_gemmini_adapter.c:2757
#4  0x00000000000222de in gemm_issue_conv_task (rt=<optimized out>, 
    task=<optimized out>, conv=<optimized out>)
    at /home/ubuntu/chipyard/generators/gemmini/software/gemmini-rocc-tests/pipeline-runtime/src/prt_gemmini_adapter.c:3305
#5  0x00000000000224e8 in gemm_issue_grouped_conv_task (rt=<optimized out>, 
    task=<optimized out>, conv=<optimized out>)
    at /home/ubuntu/chipyard/generators/gemmini/software/gemmini-rocc-tests/pipeline-runtime/src/prt_gemmini_adapter.c:3339
#6  0x0000000000022740 in gemm_issue_task (rt=<optimized out>, 
    task=task@entry=0x3ff6d755e0)
    at /home/ubuntu/chipyard/generators/gemmini/software/gemmini-rocc-tests/pipeline-runtime/src/prt_gemmini_adapter.c:3462
#7  0x00000000000227a0 in gemm_blocking_conv_run (rt=<optimized out>, 
    task=0x3ff6d755e0, timeout_ns=<optimized out>)
    at /home/ubuntu/chipyard/generators/gemmini/software/gemmini-rocc-tests/pipeline-runtime/src/prt_gemmini_adapter.c:3186

--- BP pointwise release line 2581 ---
stage_id = 0
manager_id = 2
conv = 0x3ff6d74ea0
in_stride = <optimized out>
weight_stride = 256
out_stride = 256
scope = {
  valid = 1,
  cfg_id = 1,
  stage_id = 0,
  manager_id = 2,
  opcode_id = 3
}
tiled_type = <optimized out>
input_dilation = <optimized out>
kernel_dilation = <optimized out>
use_pointwise_matmul_fallback = <optimized out>
emit_pointwise_sparse_progress = <optimized out>
safe_kchs_cap = <optimized out>
pointwise_safe_oc_chunk = <optimized out>
chosen_args = {0, 0, 0, 0, 0, 0, 0}
output_scale = <optimized out>
emit_hot_markers = <optimized out>
pointwise_fallback_type = <optimized out>
rc = <optimized out>
#0  conv_call_for_manager_sync_strided (stage_id=0, 
    manager_id=manager_id@entry=2, conv=conv@entry=0x3ff6d74ea0, 
    in_stride=<optimized out>, weight_stride=weight_stride@entry=256, 
    out_stride=out_stride@entry=256)
    at /home/ubuntu/chipyard/generators/gemmini/software/gemmini-rocc-tests/pipeline-runtime/src/prt_gemmini_adapter.c:2581
#1  0x0000000000021acc in run_conv_oc_split (task=0x3ff6d755e0, 
    conv=0x3ff6d75550)
    at /home/ubuntu/chipyard/generators/gemmini/software/gemmini-rocc-tests/pipeline-runtime/src/prt_gemmini_adapter.c:2757
#2  0x00000000000222de in gemm_issue_conv_task (rt=<optimized out>, 
    task=<optimized out>, conv=<optimized out>)
    at /home/ubuntu/chipyard/generators/gemmini/software/gemmini-rocc-tests/pipeline-runtime/src/prt_gemmini_adapter.c:3305
#3  0x00000000000224e8 in gemm_issue_grouped_conv_task (rt=<optimized out>, 
    task=<optimized out>, conv=<optimized out>)
    at /home/ubuntu/chipyard/generators/gemmini/software/gemmini-rocc-tests/pipeline-runtime/src/prt_gemmini_adapter.c:3339
#4  0x0000000000022740 in gemm_issue_task (rt=<optimized out>, 
    task=task@entry=0x3ff6d755e0)
    at /home/ubuntu/chipyard/generators/gemmini/software/gemmini-rocc-tests/pipeline-runtime/src/prt_gemmini_adapter.c:3462
#5  0x00000000000227a0 in gemm_blocking_conv_run (rt=<optimized out>, 
    task=0x3ff6d755e0, timeout_ns=<optimized out>)
    at /home/ubuntu/chipyard/generators/gemmini/software/gemmini-rocc-tests/pipeline-runtime/src/prt_gemmini_adapter.c:3186
#6  0x0000000000030556 in stage_worker_main (arg=0x83960)
    at /home/ubuntu/chipyard/generators/gemmini/software/gemmini-rocc-tests/pipeline-runtime/src/prt_runtime.c:4514
#7  0x0000003ff7e6cf46 in ?? ()
   from /home/ubuntu/chipyard/.conda-env/riscv-tools/sysroot/lib/libc.so.6

--- BP conv_call_for_manager_sync_strided ---
stage_id = 0
manager_id = 3
conv = 0x3ff6d74ea0
in_stride = 256
weight_stride = 256
out_stride = 256
#0  conv_call_for_manager_sync_strided (stage_id=0, 
    manager_id=manager_id@entry=3, conv=conv@entry=0x3ff6d74ea0, 
    in_stride=256, weight_stride=weight_stride@entry=256, 
    out_stride=out_stride@entry=256)
    at /home/ubuntu/chipyard/generators/gemmini/software/gemmini-rocc-tests/pipeline-runtime/src/prt_gemmini_adapter.c:2306
#1  0x0000000000021acc in run_conv_oc_split (task=0x3ff6d755e0, 
    conv=0x3ff6d75550)
    at /home/ubuntu/chipyard/generators/gemmini/software/gemmini-rocc-tests/pipeline-runtime/src/prt_gemmini_adapter.c:2757
#2  0x00000000000222de in gemm_issue_conv_task (rt=<optimized out>, 
    task=<optimized out>, conv=<optimized out>)
    at /home/ubuntu/chipyard/generators/gemmini/software/gemmini-rocc-tests/pipeline-runtime/src/prt_gemmini_adapter.c:3305
#3  0x00000000000224e8 in gemm_issue_grouped_conv_task (rt=<optimized out>, 
    task=<optimized out>, conv=<optimized out>)
    at /home/ubuntu/chipyard/generators/gemmini/software/gemmini-rocc-tests/pipeline-runtime/src/prt_gemmini_adapter.c:3339
#4  0x0000000000022740 in gemm_issue_task (rt=<optimized out>, 
    task=task@entry=0x3ff6d755e0)
    at /home/ubuntu/chipyard/generators/gemmini/software/gemmini-rocc-tests/pipeline-runtime/src/prt_gemmini_adapter.c:3462
#5  0x00000000000227a0 in gemm_blocking_conv_run (rt=<optimized out>, 
    task=0x3ff6d755e0, timeout_ns=<optimized out>)
    at /home/ubuntu/chipyard/generators/gemmini/software/gemmini-rocc-tests/pipeline-runtime/src/prt_gemmini_adapter.c:3186
Error in testing condition for breakpoint 11:
value has been optimized out

--- BP prt_rr_acquire_scope opcode2 ---
rt = 0x0
stage_id = 0
manager_id = 3
opcode_id = 3
scope = 0x3ff6d74cc8
#0  prt_rr_acquire_scope (rt=rt@entry=0x0, stage_id=stage_id@entry=0, 
    manager_id=manager_id@entry=3, opcode_id=opcode_id@entry=3, 
    scope=scope@entry=0x3ff6d74cc8)
    at /home/ubuntu/chipyard/generators/gemmini/software/gemmini-rocc-tests/pipeline-runtime/src/prt_rerocc.c:347
#1  0x0000000000020524 in conv_call_for_manager_sync_strided (stage_id=0, 
    manager_id=manager_id@entry=3, conv=conv@entry=0x3ff6d74ea0, 
    in_stride=256, weight_stride=weight_stride@entry=256, 
    out_stride=out_stride@entry=256)
    at /home/ubuntu/chipyard/generators/gemmini/software/gemmini-rocc-tests/pipeline-runtime/src/prt_gemmini_adapter.c:2329
#2  0x0000000000021acc in run_conv_oc_split (task=0x3ff6d755e0, 
    conv=0x3ff6d75550)
    at /home/ubuntu/chipyard/generators/gemmini/software/gemmini-rocc-tests/pipeline-runtime/src/prt_gemmini_adapter.c:2757
#3  0x00000000000222de in gemm_issue_conv_task (rt=<optimized out>, 
    task=<optimized out>, conv=<optimized out>)
    at /home/ubuntu/chipyard/generators/gemmini/software/gemmini-rocc-tests/pipeline-runtime/src/prt_gemmini_adapter.c:3305
#4  0x00000000000224e8 in gemm_issue_grouped_conv_task (rt=<optimized out>, 
    task=<optimized out>, conv=<optimized out>)
    at /home/ubuntu/chipyard/generators/gemmini/software/gemmini-rocc-tests/pipeline-runtime/src/prt_gemmini_adapter.c:3339
#5  0x0000000000022740 in gemm_issue_task (rt=<optimized out>, 
    task=task@entry=0x3ff6d755e0)
    at /home/ubuntu/chipyard/generators/gemmini/software/gemmini-rocc-tests/pipeline-runtime/src/prt_gemmini_adapter.c:3462
#6  0x00000000000227a0 in gemm_blocking_conv_run (rt=<optimized out>, 
    task=0x3ff6d755e0, timeout_ns=<optimized out>)
    at /home/ubuntu/chipyard/generators/gemmini/software/gemmini-rocc-tests/pipeline-runtime/src/prt_gemmini_adapter.c:3186
#7  0x0000000000030556 in stage_worker_main (arg=0x83960)
    at /home/ubuntu/chipyard/generators/gemmini/software/gemmini-rocc-tests/pipeline-runtime/src/prt_runtime.c:4514

--- BP prt_run_pointwise_matmul_fallback_strided_impl ---
stage_id = 0
manager_id = 3
conv = 0x3ff6d74ea0
tiled_type = WS
in_stride = 256
weight_stride = 256
out_stride = 256
emit_logs = 1
scope = 0x3ff6d74cc8
dim_i = <optimized out>
dim_j = <optimized out>
dim_k = <optimized out>
safe_oc_chunk = <optimized out>
hot_logs = <optimized out>
detail_logs = <optimized out>
probe_logs = <optimized out>
compact_gate_logs = <optimized out>
fallback_type = <optimized out>
#0  prt_run_pointwise_matmul_fallback_strided_impl (stage_id=stage_id@entry=0, 
    manager_id=manager_id@entry=3, conv=conv@entry=0x3ff6d74ea0, 
    tiled_type=tiled_type@entry=WS, in_stride=in_stride@entry=256, 
    weight_stride=weight_stride@entry=256, out_stride=out_stride@entry=256, 
    emit_logs=emit_logs@entry=1, scope=scope@entry=0x3ff6d74cc8)
    at /home/ubuntu/chipyard/generators/gemmini/software/gemmini-rocc-tests/pipeline-runtime/src/prt_gemmini_adapter.c:921
#1  0x00000000000209d8 in prt_run_pointwise_matmul_fallback_strided_scoped (
    scope=0x3ff6d74cc8, out_stride=256, weight_stride=256, in_stride=256, 
    tiled_type=WS, conv=0x3ff6d74ea0, manager_id=3, stage_id=0)
    at /home/ubuntu/chipyard/generators/gemmini/software/gemmini-rocc-tests/pipeline-runtime/src/prt_gemmini_adapter.c:911
#2  conv_call_for_manager_sync_strided (stage_id=0, 
    manager_id=manager_id@entry=3, conv=conv@entry=0x3ff6d74ea0, 
    in_stride=256, weight_stride=weight_stride@entry=256, 
    out_stride=out_stride@entry=256)
    at /home/ubuntu/chipyard/generators/gemmini/software/gemmini-rocc-tests/pipeline-runtime/src/prt_gemmini_adapter.c:2448
#3  0x0000000000021acc in run_conv_oc_split (task=0x3ff6d755e0, 
    conv=0x3ff6d75550)
    at /home/ubuntu/chipyard/generators/gemmini/software/gemmini-rocc-tests/pipeline-runtime/src/prt_gemmini_adapter.c:2757
#4  0x00000000000222de in gemm_issue_conv_task (rt=<optimized out>, 
    task=<optimized out>, conv=<optimized out>)
    at /home/ubuntu/chipyard/generators/gemmini/software/gemmini-rocc-tests/pipeline-runtime/src/prt_gemmini_adapter.c:3305
#5  0x00000000000224e8 in gemm_issue_grouped_conv_task (rt=<optimized out>, 
    task=<optimized out>, conv=<optimized out>)
    at /home/ubuntu/chipyard/generators/gemmini/software/gemmini-rocc-tests/pipeline-runtime/src/prt_gemmini_adapter.c:3339
#6  0x0000000000022740 in gemm_issue_task (rt=<optimized out>, 
    task=task@entry=0x3ff6d755e0)
    at /home/ubuntu/chipyard/generators/gemmini/software/gemmini-rocc-tests/pipeline-runtime/src/prt_gemmini_adapter.c:3462
#7  0x00000000000227a0 in gemm_blocking_conv_run (rt=<optimized out>, 
    task=0x3ff6d755e0, timeout_ns=<optimized out>)
    at /home/ubuntu/chipyard/generators/gemmini/software/gemmini-rocc-tests/pipeline-runtime/src/prt_gemmini_adapter.c:3186

--- BP tiled_matmul_nn_stride_auto ---
tiled_matmul_type = <optimized out>
repeating_bias = <optimized out>
scale = <optimized out>
act = <optimized out>
C = <optimized out>
D = <optimized out>
B = <optimized out>
A = <optimized out>
C_stride = <optimized out>
B_stride = <optimized out>
A_stride = <optimized out>
dim_K = <optimized out>
dim_J = <optimized out>
dim_I = <optimized out>
#0  tiled_matmul_nn_stride_auto (tiled_matmul_type=<optimized out>, 
    repeating_bias=<optimized out>, scale=<optimized out>, 
    act=<optimized out>, C=<optimized out>, D=<optimized out>, 
    B=<optimized out>, A=<optimized out>, C_stride=<optimized out>, 
    B_stride=<optimized out>, A_stride=<optimized out>, dim_K=<optimized out>, 
    dim_J=<optimized out>, dim_I=<optimized out>)
    at /home/ubuntu/chipyard/generators/gemmini/software/gemmini-rocc-tests/include/gemmini_nn.h:192
#1  prt_run_pointwise_matmul_fallback_strided_impl (stage_id=stage_id@entry=0, 
    manager_id=manager_id@entry=3, conv=conv@entry=0x3ff6d74ea0, 
    tiled_type=tiled_type@entry=WS, in_stride=in_stride@entry=256, 
    weight_stride=weight_stride@entry=256, out_stride=out_stride@entry=256, 
    emit_logs=emit_logs@entry=1, scope=scope@entry=0x3ff6d74cc8)
    at /home/ubuntu/chipyard/generators/gemmini/software/gemmini-rocc-tests/pipeline-runtime/src/prt_gemmini_adapter.c:1029
#2  0x00000000000209d8 in prt_run_pointwise_matmul_fallback_strided_scoped (
    scope=0x3ff6d74cc8, out_stride=256, weight_stride=256, in_stride=256, 
    tiled_type=WS, conv=0x3ff6d74ea0, manager_id=3, stage_id=0)
    at /home/ubuntu/chipyard/generators/gemmini/software/gemmini-rocc-tests/pipeline-runtime/src/prt_gemmini_adapter.c:911
#3  conv_call_for_manager_sync_strided (stage_id=0, 
    manager_id=manager_id@entry=3, conv=conv@entry=0x3ff6d74ea0, 
    in_stride=256, weight_stride=weight_stride@entry=256, 
    out_stride=out_stride@entry=256)
    at /home/ubuntu/chipyard/generators/gemmini/software/gemmini-rocc-tests/pipeline-runtime/src/prt_gemmini_adapter.c:2448
#4  0x0000000000021acc in run_conv_oc_split (task=0x3ff6d755e0, 
    conv=0x3ff6d75550)
    at /home/ubuntu/chipyard/generators/gemmini/software/gemmini-rocc-tests/pipeline-runtime/src/prt_gemmini_adapter.c:2757
#5  0x00000000000222de in gemm_issue_conv_task (rt=<optimized out>, 
    task=<optimized out>, conv=<optimized out>)
    at /home/ubuntu/chipyard/generators/gemmini/software/gemmini-rocc-tests/pipeline-runtime/src/prt_gemmini_adapter.c:3305
#6  0x00000000000224e8 in gemm_issue_grouped_conv_task (rt=<optimized out>, 
    task=<optimized out>, conv=<optimized out>)
    at /home/ubuntu/chipyard/generators/gemmini/software/gemmini-rocc-tests/pipeline-runtime/src/prt_gemmini_adapter.c:3339
#7  0x0000000000022740 in gemm_issue_task (rt=<optimized out>, 
    task=task@entry=0x3ff6d755e0)
    at /home/ubuntu/chipyard/generators/gemmini/software/gemmini-rocc-tests/pipeline-runtime/src/prt_gemmini_adapter.c:3462

--- BP pointwise subcall return line 2451 ---
stage_id = 0
manager_id = 3
conv = 0x3ff6d74ea0
in_stride = 256
weight_stride = 256
out_stride = 256
scope = {
  valid = 1,
  cfg_id = 1,
  stage_id = 0,
  manager_id = 3,
  opcode_id = 3
}
tiled_type = <optimized out>
input_dilation = <optimized out>
kernel_dilation = <optimized out>
use_pointwise_matmul_fallback = <optimized out>
emit_pointwise_sparse_progress = 0
safe_kchs_cap = 0
pointwise_safe_oc_chunk = <optimized out>
chosen_args = {0, 0, 0, 0, 0, 0, 0}
output_scale = <optimized out>
emit_hot_markers = <optimized out>
pointwise_fallback_type = <optimized out>
rc = 0
#0  conv_call_for_manager_sync_strided (stage_id=0, 
    manager_id=manager_id@entry=3, conv=conv@entry=0x3ff6d74ea0, 
    in_stride=256, weight_stride=weight_stride@entry=256, 
    out_stride=out_stride@entry=256)
    at /home/ubuntu/chipyard/generators/gemmini/software/gemmini-rocc-tests/pipeline-runtime/src/prt_gemmini_adapter.c:2452
#1  0x0000000000021acc in run_conv_oc_split (task=0x3ff6d755e0, 
    conv=0x3ff6d75550)
    at /home/ubuntu/chipyard/generators/gemmini/software/gemmini-rocc-tests/pipeline-runtime/src/prt_gemmini_adapter.c:2757
#2  0x00000000000222de in gemm_issue_conv_task (rt=<optimized out>, 
    task=<optimized out>, conv=<optimized out>)
    at /home/ubuntu/chipyard/generators/gemmini/software/gemmini-rocc-tests/pipeline-runtime/src/prt_gemmini_adapter.c:3305
#3  0x00000000000224e8 in gemm_issue_grouped_conv_task (rt=<optimized out>, 
    task=<optimized out>, conv=<optimized out>)
    at /home/ubuntu/chipyard/generators/gemmini/software/gemmini-rocc-tests/pipeline-runtime/src/prt_gemmini_adapter.c:3339
#4  0x0000000000022740 in gemm_issue_task (rt=<optimized out>, 
    task=task@entry=0x3ff6d755e0)
    at /home/ubuntu/chipyard/generators/gemmini/software/gemmini-rocc-tests/pipeline-runtime/src/prt_gemmini_adapter.c:3462
#5  0x00000000000227a0 in gemm_blocking_conv_run (rt=<optimized out>, 
    task=0x3ff6d755e0, timeout_ns=<optimized out>)
    at /home/ubuntu/chipyard/generators/gemmini/software/gemmini-rocc-tests/pipeline-runtime/src/prt_gemmini_adapter.c:3186
#6  0x0000000000030556 in stage_worker_main (arg=0x83960)
    at /home/ubuntu/chipyard/generators/gemmini/software/gemmini-rocc-tests/pipeline-runtime/src/prt_runtime.c:4514
#7  0x0000003ff7e6cf46 in ?? ()
   from /home/ubuntu/chipyard/.conda-env/riscv-tools/sysroot/lib/libc.so.6

--- BP prt_rr_fence_scope ---
scope = 0x3ff6d74cc8
$8 = {
  valid = 1,
  cfg_id = 1,
  stage_id = 0,
  manager_id = 3,
  opcode_id = 3
}
#0  prt_rr_fence_scope (scope=scope@entry=0x3ff6d74cc8)
    at /home/ubuntu/chipyard/generators/gemmini/software/gemmini-rocc-tests/pipeline-runtime/src/prt_rerocc.c:371
#1  0x0000000000020a36 in conv_call_for_manager_sync_strided (stage_id=0, 
    manager_id=manager_id@entry=3, conv=conv@entry=0x3ff6d74ea0, 
    in_stride=256, weight_stride=weight_stride@entry=256, 
    out_stride=out_stride@entry=256)
    at /home/ubuntu/chipyard/generators/gemmini/software/gemmini-rocc-tests/pipeline-runtime/src/prt_gemmini_adapter.c:2534
#2  0x0000000000021acc in run_conv_oc_split (task=0x3ff6d755e0, 
    conv=0x3ff6d75550)
    at /home/ubuntu/chipyard/generators/gemmini/software/gemmini-rocc-tests/pipeline-runtime/src/prt_gemmini_adapter.c:2757
#3  0x00000000000222de in gemm_issue_conv_task (rt=<optimized out>, 
    task=<optimized out>, conv=<optimized out>)
    at /home/ubuntu/chipyard/generators/gemmini/software/gemmini-rocc-tests/pipeline-runtime/src/prt_gemmini_adapter.c:3305
#4  0x00000000000224e8 in gemm_issue_grouped_conv_task (rt=<optimized out>, 
    task=<optimized out>, conv=<optimized out>)
    at /home/ubuntu/chipyard/generators/gemmini/software/gemmini-rocc-tests/pipeline-runtime/src/prt_gemmini_adapter.c:3339
#5  0x0000000000022740 in gemm_issue_task (rt=<optimized out>, 
    task=task@entry=0x3ff6d755e0)
    at /home/ubuntu/chipyard/generators/gemmini/software/gemmini-rocc-tests/pipeline-runtime/src/prt_gemmini_adapter.c:3462
#6  0x00000000000227a0 in gemm_blocking_conv_run (rt=<optimized out>, 
    task=0x3ff6d755e0, timeout_ns=<optimized out>)
    at /home/ubuntu/chipyard/generators/gemmini/software/gemmini-rocc-tests/pipeline-runtime/src/prt_gemmini_adapter.c:3186
#7  0x0000000000030556 in stage_worker_main (arg=0x83960)
    at /home/ubuntu/chipyard/generators/gemmini/software/gemmini-rocc-tests/pipeline-runtime/src/prt_runtime.c:4514

--- BP prt_rr_fence_scope ---
scope = 0x3ff6d74cc8
$9 = {
  valid = 1,
  cfg_id = 1,
  stage_id = 0,
  manager_id = 3,
  opcode_id = 3
}
#0  prt_rr_fence_scope (scope=scope@entry=0x3ff6d74cc8)
    at /home/ubuntu/chipyard/generators/gemmini/software/gemmini-rocc-tests/pipeline-runtime/src/prt_rerocc.c:371
#1  0x0000000000020b40 in flush_scope_after_drain (scope=0x3ff6d74cc8)
    at /home/ubuntu/chipyard/generators/gemmini/software/gemmini-rocc-tests/pipeline-runtime/src/prt_gemmini_adapter.c:456
#2  conv_call_for_manager_sync_strided (stage_id=0, 
    manager_id=manager_id@entry=3, conv=conv@entry=0x3ff6d74ea0, 
    in_stride=<optimized out>, weight_stride=weight_stride@entry=256, 
    out_stride=out_stride@entry=256)
    at /home/ubuntu/chipyard/generators/gemmini/software/gemmini-rocc-tests/pipeline-runtime/src/prt_gemmini_adapter.c:2557
#3  0x0000000000021acc in run_conv_oc_split (task=0x3ff6d755e0, 
    conv=0x3ff6d75550)
    at /home/ubuntu/chipyard/generators/gemmini/software/gemmini-rocc-tests/pipeline-runtime/src/prt_gemmini_adapter.c:2757
#4  0x00000000000222de in gemm_issue_conv_task (rt=<optimized out>, 
    task=<optimized out>, conv=<optimized out>)
    at /home/ubuntu/chipyard/generators/gemmini/software/gemmini-rocc-tests/pipeline-runtime/src/prt_gemmini_adapter.c:3305
#5  0x00000000000224e8 in gemm_issue_grouped_conv_task (rt=<optimized out>, 
    task=<optimized out>, conv=<optimized out>)
    at /home/ubuntu/chipyard/generators/gemmini/software/gemmini-rocc-tests/pipeline-runtime/src/prt_gemmini_adapter.c:3339
#6  0x0000000000022740 in gemm_issue_task (rt=<optimized out>, 
    task=task@entry=0x3ff6d755e0)
    at /home/ubuntu/chipyard/generators/gemmini/software/gemmini-rocc-tests/pipeline-runtime/src/prt_gemmini_adapter.c:3462
#7  0x00000000000227a0 in gemm_blocking_conv_run (rt=<optimized out>, 
    task=0x3ff6d755e0, timeout_ns=<optimized out>)
    at /home/ubuntu/chipyard/generators/gemmini/software/gemmini-rocc-tests/pipeline-runtime/src/prt_gemmini_adapter.c:3186

--- BP pointwise release line 2581 ---
stage_id = 0
manager_id = 3
conv = 0x3ff6d74ea0
in_stride = <optimized out>
weight_stride = 256
out_stride = 256
scope = {
  valid = 1,
  cfg_id = 1,
  stage_id = 0,
  manager_id = 3,
  opcode_id = 3
}
tiled_type = <optimized out>
input_dilation = <optimized out>
kernel_dilation = <optimized out>
use_pointwise_matmul_fallback = <optimized out>
emit_pointwise_sparse_progress = <optimized out>
safe_kchs_cap = <optimized out>
pointwise_safe_oc_chunk = <optimized out>
chosen_args = {0, 0, 0, 0, 0, 0, 0}
output_scale = <optimized out>
emit_hot_markers = <optimized out>
pointwise_fallback_type = <optimized out>
rc = <optimized out>
#0  conv_call_for_manager_sync_strided (stage_id=0, 
    manager_id=manager_id@entry=3, conv=conv@entry=0x3ff6d74ea0, 
    in_stride=<optimized out>, weight_stride=weight_stride@entry=256, 
    out_stride=out_stride@entry=256)
    at /home/ubuntu/chipyard/generators/gemmini/software/gemmini-rocc-tests/pipeline-runtime/src/prt_gemmini_adapter.c:2581
#1  0x0000000000021acc in run_conv_oc_split (task=0x3ff6d755e0, 
    conv=0x3ff6d75550)
    at /home/ubuntu/chipyard/generators/gemmini/software/gemmini-rocc-tests/pipeline-runtime/src/prt_gemmini_adapter.c:2757
#2  0x00000000000222de in gemm_issue_conv_task (rt=<optimized out>, 
    task=<optimized out>, conv=<optimized out>)
    at /home/ubuntu/chipyard/generators/gemmini/software/gemmini-rocc-tests/pipeline-runtime/src/prt_gemmini_adapter.c:3305
#3  0x00000000000224e8 in gemm_issue_grouped_conv_task (rt=<optimized out>, 
    task=<optimized out>, conv=<optimized out>)
    at /home/ubuntu/chipyard/generators/gemmini/software/gemmini-rocc-tests/pipeline-runtime/src/prt_gemmini_adapter.c:3339
#4  0x0000000000022740 in gemm_issue_task (rt=<optimized out>, 
    task=task@entry=0x3ff6d755e0)
    at /home/ubuntu/chipyard/generators/gemmini/software/gemmini-rocc-tests/pipeline-runtime/src/prt_gemmini_adapter.c:3462
#5  0x00000000000227a0 in gemm_blocking_conv_run (rt=<optimized out>, 
    task=0x3ff6d755e0, timeout_ns=<optimized out>)
    at /home/ubuntu/chipyard/generators/gemmini/software/gemmini-rocc-tests/pipeline-runtime/src/prt_gemmini_adapter.c:3186
#6  0x0000000000030556 in stage_worker_main (arg=0x83960)
    at /home/ubuntu/chipyard/generators/gemmini/software/gemmini-rocc-tests/pipeline-runtime/src/prt_runtime.c:4514
#7  0x0000003ff7e6cf46 in ?? ()
   from /home/ubuntu/chipyard/.conda-env/riscv-tools/sysroot/lib/libc.so.6

--- BP conv_call_for_manager_sync_strided ---
stage_id = 0
manager_id = 4
conv = 0x3ff6d74ea0
in_stride = 256
weight_stride = 256
out_stride = 256
#0  conv_call_for_manager_sync_strided (stage_id=0, 
    manager_id=manager_id@entry=4, conv=conv@entry=0x3ff6d74ea0, 
    in_stride=256, weight_stride=weight_stride@entry=256, 
    out_stride=out_stride@entry=256)
    at /home/ubuntu/chipyard/generators/gemmini/software/gemmini-rocc-tests/pipeline-runtime/src/prt_gemmini_adapter.c:2306
#1  0x0000000000021acc in run_conv_oc_split (task=0x3ff6d755e0, 
    conv=0x3ff6d75550)
    at /home/ubuntu/chipyard/generators/gemmini/software/gemmini-rocc-tests/pipeline-runtime/src/prt_gemmini_adapter.c:2757
#2  0x00000000000222de in gemm_issue_conv_task (rt=<optimized out>, 
    task=<optimized out>, conv=<optimized out>)
    at /home/ubuntu/chipyard/generators/gemmini/software/gemmini-rocc-tests/pipeline-runtime/src/prt_gemmini_adapter.c:3305
#3  0x00000000000224e8 in gemm_issue_grouped_conv_task (rt=<optimized out>, 
    task=<optimized out>, conv=<optimized out>)
    at /home/ubuntu/chipyard/generators/gemmini/software/gemmini-rocc-tests/pipeline-runtime/src/prt_gemmini_adapter.c:3339
#4  0x0000000000022740 in gemm_issue_task (rt=<optimized out>, 
    task=task@entry=0x3ff6d755e0)
    at /home/ubuntu/chipyard/generators/gemmini/software/gemmini-rocc-tests/pipeline-runtime/src/prt_gemmini_adapter.c:3462
#5  0x00000000000227a0 in gemm_blocking_conv_run (rt=<optimized out>, 
    task=0x3ff6d755e0, timeout_ns=<optimized out>)
    at /home/ubuntu/chipyard/generators/gemmini/software/gemmini-rocc-tests/pipeline-runtime/src/prt_gemmini_adapter.c:3186
Error in testing condition for breakpoint 11:
value has been optimized out

--- BP prt_rr_acquire_scope opcode2 ---
rt = 0x0
stage_id = 0
manager_id = 4
opcode_id = 3
scope = 0x3ff6d74cc8
#0  prt_rr_acquire_scope (rt=rt@entry=0x0, stage_id=stage_id@entry=0, 
    manager_id=manager_id@entry=4, opcode_id=opcode_id@entry=3, 
    scope=scope@entry=0x3ff6d74cc8)
    at /home/ubuntu/chipyard/generators/gemmini/software/gemmini-rocc-tests/pipeline-runtime/src/prt_rerocc.c:347
#1  0x0000000000020524 in conv_call_for_manager_sync_strided (stage_id=0, 
    manager_id=manager_id@entry=4, conv=conv@entry=0x3ff6d74ea0, 
    in_stride=256, weight_stride=weight_stride@entry=256, 
    out_stride=out_stride@entry=256)
    at /home/ubuntu/chipyard/generators/gemmini/software/gemmini-rocc-tests/pipeline-runtime/src/prt_gemmini_adapter.c:2329
#2  0x0000000000021acc in run_conv_oc_split (task=0x3ff6d755e0, 
    conv=0x3ff6d75550)
    at /home/ubuntu/chipyard/generators/gemmini/software/gemmini-rocc-tests/pipeline-runtime/src/prt_gemmini_adapter.c:2757
#3  0x00000000000222de in gemm_issue_conv_task (rt=<optimized out>, 
    task=<optimized out>, conv=<optimized out>)
    at /home/ubuntu/chipyard/generators/gemmini/software/gemmini-rocc-tests/pipeline-runtime/src/prt_gemmini_adapter.c:3305
#4  0x00000000000224e8 in gemm_issue_grouped_conv_task (rt=<optimized out>, 
    task=<optimized out>, conv=<optimized out>)
    at /home/ubuntu/chipyard/generators/gemmini/software/gemmini-rocc-tests/pipeline-runtime/src/prt_gemmini_adapter.c:3339
#5  0x0000000000022740 in gemm_issue_task (rt=<optimized out>, 
    task=task@entry=0x3ff6d755e0)
    at /home/ubuntu/chipyard/generators/gemmini/software/gemmini-rocc-tests/pipeline-runtime/src/prt_gemmini_adapter.c:3462
#6  0x00000000000227a0 in gemm_blocking_conv_run (rt=<optimized out>, 
    task=0x3ff6d755e0, timeout_ns=<optimized out>)
    at /home/ubuntu/chipyard/generators/gemmini/software/gemmini-rocc-tests/pipeline-runtime/src/prt_gemmini_adapter.c:3186
#7  0x0000000000030556 in stage_worker_main (arg=0x83960)
    at /home/ubuntu/chipyard/generators/gemmini/software/gemmini-rocc-tests/pipeline-runtime/src/prt_runtime.c:4514

--- BP prt_run_pointwise_matmul_fallback_strided_impl ---
stage_id = 0
manager_id = 4
conv = 0x3ff6d74ea0
tiled_type = WS
in_stride = 256
weight_stride = 256
out_stride = 256
emit_logs = 1
scope = 0x3ff6d74cc8
dim_i = <optimized out>
dim_j = <optimized out>
dim_k = <optimized out>
safe_oc_chunk = <optimized out>
hot_logs = <optimized out>
detail_logs = <optimized out>
probe_logs = <optimized out>
compact_gate_logs = <optimized out>
fallback_type = <optimized out>
#0  prt_run_pointwise_matmul_fallback_strided_impl (stage_id=stage_id@entry=0, 
    manager_id=manager_id@entry=4, conv=conv@entry=0x3ff6d74ea0, 
    tiled_type=tiled_type@entry=WS, in_stride=in_stride@entry=256, 
    weight_stride=weight_stride@entry=256, out_stride=out_stride@entry=256, 
    emit_logs=emit_logs@entry=1, scope=scope@entry=0x3ff6d74cc8)
    at /home/ubuntu/chipyard/generators/gemmini/software/gemmini-rocc-tests/pipeline-runtime/src/prt_gemmini_adapter.c:921
#1  0x00000000000209d8 in prt_run_pointwise_matmul_fallback_strided_scoped (
    scope=0x3ff6d74cc8, out_stride=256, weight_stride=256, in_stride=256, 
    tiled_type=WS, conv=0x3ff6d74ea0, manager_id=4, stage_id=0)
    at /home/ubuntu/chipyard/generators/gemmini/software/gemmini-rocc-tests/pipeline-runtime/src/prt_gemmini_adapter.c:911
#2  conv_call_for_manager_sync_strided (stage_id=0, 
    manager_id=manager_id@entry=4, conv=conv@entry=0x3ff6d74ea0, 
    in_stride=256, weight_stride=weight_stride@entry=256, 
    out_stride=out_stride@entry=256)
    at /home/ubuntu/chipyard/generators/gemmini/software/gemmini-rocc-tests/pipeline-runtime/src/prt_gemmini_adapter.c:2448
#3  0x0000000000021acc in run_conv_oc_split (task=0x3ff6d755e0, 
    conv=0x3ff6d75550)
    at /home/ubuntu/chipyard/generators/gemmini/software/gemmini-rocc-tests/pipeline-runtime/src/prt_gemmini_adapter.c:2757
#4  0x00000000000222de in gemm_issue_conv_task (rt=<optimized out>, 
    task=<optimized out>, conv=<optimized out>)
    at /home/ubuntu/chipyard/generators/gemmini/software/gemmini-rocc-tests/pipeline-runtime/src/prt_gemmini_adapter.c:3305
#5  0x00000000000224e8 in gemm_issue_grouped_conv_task (rt=<optimized out>, 
    task=<optimized out>, conv=<optimized out>)
    at /home/ubuntu/chipyard/generators/gemmini/software/gemmini-rocc-tests/pipeline-runtime/src/prt_gemmini_adapter.c:3339
#6  0x0000000000022740 in gemm_issue_task (rt=<optimized out>, 
    task=task@entry=0x3ff6d755e0)
    at /home/ubuntu/chipyard/generators/gemmini/software/gemmini-rocc-tests/pipeline-runtime/src/prt_gemmini_adapter.c:3462
#7  0x00000000000227a0 in gemm_blocking_conv_run (rt=<optimized out>, 
    task=0x3ff6d755e0, timeout_ns=<optimized out>)
    at /home/ubuntu/chipyard/generators/gemmini/software/gemmini-rocc-tests/pipeline-runtime/src/prt_gemmini_adapter.c:3186

--- BP tiled_matmul_nn_stride_auto ---
tiled_matmul_type = <optimized out>
repeating_bias = <optimized out>
scale = <optimized out>
act = <optimized out>
C = <optimized out>
D = <optimized out>
B = <optimized out>
A = <optimized out>
C_stride = <optimized out>
B_stride = <optimized out>
A_stride = <optimized out>
dim_K = <optimized out>
dim_J = <optimized out>
dim_I = <optimized out>
#0  tiled_matmul_nn_stride_auto (tiled_matmul_type=<optimized out>, 
    repeating_bias=<optimized out>, scale=<optimized out>, 
    act=<optimized out>, C=<optimized out>, D=<optimized out>, 
    B=<optimized out>, A=<optimized out>, C_stride=<optimized out>, 
    B_stride=<optimized out>, A_stride=<optimized out>, dim_K=<optimized out>, 
    dim_J=<optimized out>, dim_I=<optimized out>)
    at /home/ubuntu/chipyard/generators/gemmini/software/gemmini-rocc-tests/include/gemmini_nn.h:192
#1  prt_run_pointwise_matmul_fallback_strided_impl (stage_id=stage_id@entry=0, 
    manager_id=manager_id@entry=4, conv=conv@entry=0x3ff6d74ea0, 
    tiled_type=tiled_type@entry=WS, in_stride=in_stride@entry=256, 
    weight_stride=weight_stride@entry=256, out_stride=out_stride@entry=256, 
    emit_logs=emit_logs@entry=1, scope=scope@entry=0x3ff6d74cc8)
    at /home/ubuntu/chipyard/generators/gemmini/software/gemmini-rocc-tests/pipeline-runtime/src/prt_gemmini_adapter.c:1029
#2  0x00000000000209d8 in prt_run_pointwise_matmul_fallback_strided_scoped (
    scope=0x3ff6d74cc8, out_stride=256, weight_stride=256, in_stride=256, 
    tiled_type=WS, conv=0x3ff6d74ea0, manager_id=4, stage_id=0)
    at /home/ubuntu/chipyard/generators/gemmini/software/gemmini-rocc-tests/pipeline-runtime/src/prt_gemmini_adapter.c:911
#3  conv_call_for_manager_sync_strided (stage_id=0, 
    manager_id=manager_id@entry=4, conv=conv@entry=0x3ff6d74ea0, 
    in_stride=256, weight_stride=weight_stride@entry=256, 
    out_stride=out_stride@entry=256)
    at /home/ubuntu/chipyard/generators/gemmini/software/gemmini-rocc-tests/pipeline-runtime/src/prt_gemmini_adapter.c:2448
#4  0x0000000000021acc in run_conv_oc_split (task=0x3ff6d755e0, 
    conv=0x3ff6d75550)
    at /home/ubuntu/chipyard/generators/gemmini/software/gemmini-rocc-tests/pipeline-runtime/src/prt_gemmini_adapter.c:2757
#5  0x00000000000222de in gemm_issue_conv_task (rt=<optimized out>, 
    task=<optimized out>, conv=<optimized out>)
    at /home/ubuntu/chipyard/generators/gemmini/software/gemmini-rocc-tests/pipeline-runtime/src/prt_gemmini_adapter.c:3305
#6  0x00000000000224e8 in gemm_issue_grouped_conv_task (rt=<optimized out>, 
    task=<optimized out>, conv=<optimized out>)
    at /home/ubuntu/chipyard/generators/gemmini/software/gemmini-rocc-tests/pipeline-runtime/src/prt_gemmini_adapter.c:3339
#7  0x0000000000022740 in gemm_issue_task (rt=<optimized out>, 
    task=task@entry=0x3ff6d755e0)
    at /home/ubuntu/chipyard/generators/gemmini/software/gemmini-rocc-tests/pipeline-runtime/src/prt_gemmini_adapter.c:3462

--- BP pointwise subcall return line 2451 ---
stage_id = 0
manager_id = 4
conv = 0x3ff6d74ea0
in_stride = 256
weight_stride = 256
out_stride = 256
scope = {
  valid = 1,
  cfg_id = 1,
  stage_id = 0,
  manager_id = 4,
  opcode_id = 3
}
tiled_type = <optimized out>
input_dilation = <optimized out>
kernel_dilation = <optimized out>
use_pointwise_matmul_fallback = <optimized out>
emit_pointwise_sparse_progress = 0
safe_kchs_cap = 0
pointwise_safe_oc_chunk = <optimized out>
chosen_args = {0, 0, 0, 0, 0, 0, 0}
output_scale = <optimized out>
emit_hot_markers = <optimized out>
pointwise_fallback_type = <optimized out>
rc = 0
#0  conv_call_for_manager_sync_strided (stage_id=0, 
    manager_id=manager_id@entry=4, conv=conv@entry=0x3ff6d74ea0, 
    in_stride=256, weight_stride=weight_stride@entry=256, 
    out_stride=out_stride@entry=256)
    at /home/ubuntu/chipyard/generators/gemmini/software/gemmini-rocc-tests/pipeline-runtime/src/prt_gemmini_adapter.c:2452
#1  0x0000000000021acc in run_conv_oc_split (task=0x3ff6d755e0, 
    conv=0x3ff6d75550)
    at /home/ubuntu/chipyard/generators/gemmini/software/gemmini-rocc-tests/pipeline-runtime/src/prt_gemmini_adapter.c:2757
#2  0x00000000000222de in gemm_issue_conv_task (rt=<optimized out>, 
    task=<optimized out>, conv=<optimized out>)
    at /home/ubuntu/chipyard/generators/gemmini/software/gemmini-rocc-tests/pipeline-runtime/src/prt_gemmini_adapter.c:3305
#3  0x00000000000224e8 in gemm_issue_grouped_conv_task (rt=<optimized out>, 
    task=<optimized out>, conv=<optimized out>)
    at /home/ubuntu/chipyard/generators/gemmini/software/gemmini-rocc-tests/pipeline-runtime/src/prt_gemmini_adapter.c:3339
#4  0x0000000000022740 in gemm_issue_task (rt=<optimized out>, 
    task=task@entry=0x3ff6d755e0)
    at /home/ubuntu/chipyard/generators/gemmini/software/gemmini-rocc-tests/pipeline-runtime/src/prt_gemmini_adapter.c:3462
#5  0x00000000000227a0 in gemm_blocking_conv_run (rt=<optimized out>, 
    task=0x3ff6d755e0, timeout_ns=<optimized out>)
    at /home/ubuntu/chipyard/generators/gemmini/software/gemmini-rocc-tests/pipeline-runtime/src/prt_gemmini_adapter.c:3186
#6  0x0000000000030556 in stage_worker_main (arg=0x83960)
    at /home/ubuntu/chipyard/generators/gemmini/software/gemmini-rocc-tests/pipeline-runtime/src/prt_runtime.c:4514
#7  0x0000003ff7e6cf46 in ?? ()
   from /home/ubuntu/chipyard/.conda-env/riscv-tools/sysroot/lib/libc.so.6

--- BP prt_rr_fence_scope ---
scope = 0x3ff6d74cc8
$10 = {
  valid = 1,
  cfg_id = 1,
  stage_id = 0,
  manager_id = 4,
  opcode_id = 3
}
#0  prt_rr_fence_scope (scope=scope@entry=0x3ff6d74cc8)
    at /home/ubuntu/chipyard/generators/gemmini/software/gemmini-rocc-tests/pipeline-runtime/src/prt_rerocc.c:371
#1  0x0000000000020a36 in conv_call_for_manager_sync_strided (stage_id=0, 
    manager_id=manager_id@entry=4, conv=conv@entry=0x3ff6d74ea0, 
    in_stride=256, weight_stride=weight_stride@entry=256, 
    out_stride=out_stride@entry=256)
    at /home/ubuntu/chipyard/generators/gemmini/software/gemmini-rocc-tests/pipeline-runtime/src/prt_gemmini_adapter.c:2534
#2  0x0000000000021acc in run_conv_oc_split (task=0x3ff6d755e0, 
    conv=0x3ff6d75550)
    at /home/ubuntu/chipyard/generators/gemmini/software/gemmini-rocc-tests/pipeline-runtime/src/prt_gemmini_adapter.c:2757
#3  0x00000000000222de in gemm_issue_conv_task (rt=<optimized out>, 
    task=<optimized out>, conv=<optimized out>)
    at /home/ubuntu/chipyard/generators/gemmini/software/gemmini-rocc-tests/pipeline-runtime/src/prt_gemmini_adapter.c:3305
#4  0x00000000000224e8 in gemm_issue_grouped_conv_task (rt=<optimized out>, 
    task=<optimized out>, conv=<optimized out>)
    at /home/ubuntu/chipyard/generators/gemmini/software/gemmini-rocc-tests/pipeline-runtime/src/prt_gemmini_adapter.c:3339
#5  0x0000000000022740 in gemm_issue_task (rt=<optimized out>, 
    task=task@entry=0x3ff6d755e0)
    at /home/ubuntu/chipyard/generators/gemmini/software/gemmini-rocc-tests/pipeline-runtime/src/prt_gemmini_adapter.c:3462
#6  0x00000000000227a0 in gemm_blocking_conv_run (rt=<optimized out>, 
    task=0x3ff6d755e0, timeout_ns=<optimized out>)
    at /home/ubuntu/chipyard/generators/gemmini/software/gemmini-rocc-tests/pipeline-runtime/src/prt_gemmini_adapter.c:3186
#7  0x0000000000030556 in stage_worker_main (arg=0x83960)
    at /home/ubuntu/chipyard/generators/gemmini/software/gemmini-rocc-tests/pipeline-runtime/src/prt_runtime.c:4514

--- BP prt_rr_fence_scope ---
scope = 0x3ff6d74cc8
$11 = {
  valid = 1,
  cfg_id = 1,
  stage_id = 0,
  manager_id = 4,
  opcode_id = 3
}
#0  prt_rr_fence_scope (scope=scope@entry=0x3ff6d74cc8)
    at /home/ubuntu/chipyard/generators/gemmini/software/gemmini-rocc-tests/pipeline-runtime/src/prt_rerocc.c:371
#1  0x0000000000020b40 in flush_scope_after_drain (scope=0x3ff6d74cc8)
    at /home/ubuntu/chipyard/generators/gemmini/software/gemmini-rocc-tests/pipeline-runtime/src/prt_gemmini_adapter.c:456
#2  conv_call_for_manager_sync_strided (stage_id=0, 
    manager_id=manager_id@entry=4, conv=conv@entry=0x3ff6d74ea0, 
    in_stride=<optimized out>, weight_stride=weight_stride@entry=256, 
    out_stride=out_stride@entry=256)
    at /home/ubuntu/chipyard/generators/gemmini/software/gemmini-rocc-tests/pipeline-runtime/src/prt_gemmini_adapter.c:2557
#3  0x0000000000021acc in run_conv_oc_split (task=0x3ff6d755e0, 
    conv=0x3ff6d75550)
    at /home/ubuntu/chipyard/generators/gemmini/software/gemmini-rocc-tests/pipeline-runtime/src/prt_gemmini_adapter.c:2757
#4  0x00000000000222de in gemm_issue_conv_task (rt=<optimized out>, 
    task=<optimized out>, conv=<optimized out>)
    at /home/ubuntu/chipyard/generators/gemmini/software/gemmini-rocc-tests/pipeline-runtime/src/prt_gemmini_adapter.c:3305
#5  0x00000000000224e8 in gemm_issue_grouped_conv_task (rt=<optimized out>, 
    task=<optimized out>, conv=<optimized out>)
    at /home/ubuntu/chipyard/generators/gemmini/software/gemmini-rocc-tests/pipeline-runtime/src/prt_gemmini_adapter.c:3339
#6  0x0000000000022740 in gemm_issue_task (rt=<optimized out>, 
    task=task@entry=0x3ff6d755e0)
    at /home/ubuntu/chipyard/generators/gemmini/software/gemmini-rocc-tests/pipeline-runtime/src/prt_gemmini_adapter.c:3462
#7  0x00000000000227a0 in gemm_blocking_conv_run (rt=<optimized out>, 
    task=0x3ff6d755e0, timeout_ns=<optimized out>)
    at /home/ubuntu/chipyard/generators/gemmini/software/gemmini-rocc-tests/pipeline-runtime/src/prt_gemmini_adapter.c:3186

--- BP pointwise release line 2581 ---
stage_id = 0
manager_id = 4
conv = 0x3ff6d74ea0
in_stride = <optimized out>
weight_stride = 256
out_stride = 256
scope = {
  valid = 1,
  cfg_id = 1,
  stage_id = 0,
  manager_id = 4,
  opcode_id = 3
}
tiled_type = <optimized out>
input_dilation = <optimized out>
kernel_dilation = <optimized out>
use_pointwise_matmul_fallback = <optimized out>
emit_pointwise_sparse_progress = <optimized out>
safe_kchs_cap = <optimized out>
pointwise_safe_oc_chunk = <optimized out>
chosen_args = {0, 0, 0, 0, 0, 0, 0}
output_scale = <optimized out>
emit_hot_markers = <optimized out>
pointwise_fallback_type = <optimized out>
rc = <optimized out>
#0  conv_call_for_manager_sync_strided (stage_id=0, 
    manager_id=manager_id@entry=4, conv=conv@entry=0x3ff6d74ea0, 
    in_stride=<optimized out>, weight_stride=weight_stride@entry=256, 
    out_stride=out_stride@entry=256)
    at /home/ubuntu/chipyard/generators/gemmini/software/gemmini-rocc-tests/pipeline-runtime/src/prt_gemmini_adapter.c:2581
#1  0x0000000000021acc in run_conv_oc_split (task=0x3ff6d755e0, 
    conv=0x3ff6d75550)
    at /home/ubuntu/chipyard/generators/gemmini/software/gemmini-rocc-tests/pipeline-runtime/src/prt_gemmini_adapter.c:2757
#2  0x00000000000222de in gemm_issue_conv_task (rt=<optimized out>, 
    task=<optimized out>, conv=<optimized out>)
    at /home/ubuntu/chipyard/generators/gemmini/software/gemmini-rocc-tests/pipeline-runtime/src/prt_gemmini_adapter.c:3305
#3  0x00000000000224e8 in gemm_issue_grouped_conv_task (rt=<optimized out>, 
    task=<optimized out>, conv=<optimized out>)
    at /home/ubuntu/chipyard/generators/gemmini/software/gemmini-rocc-tests/pipeline-runtime/src/prt_gemmini_adapter.c:3339
#4  0x0000000000022740 in gemm_issue_task (rt=<optimized out>, 
    task=task@entry=0x3ff6d755e0)
    at /home/ubuntu/chipyard/generators/gemmini/software/gemmini-rocc-tests/pipeline-runtime/src/prt_gemmini_adapter.c:3462
#5  0x00000000000227a0 in gemm_blocking_conv_run (rt=<optimized out>, 
    task=0x3ff6d755e0, timeout_ns=<optimized out>)
    at /home/ubuntu/chipyard/generators/gemmini/software/gemmini-rocc-tests/pipeline-runtime/src/prt_gemmini_adapter.c:3186
#6  0x0000000000030556 in stage_worker_main (arg=0x83960)
    at /home/ubuntu/chipyard/generators/gemmini/software/gemmini-rocc-tests/pipeline-runtime/src/prt_runtime.c:4514
#7  0x0000003ff7e6cf46 in ?? ()
   from /home/ubuntu/chipyard/.conda-env/riscv-tools/sysroot/lib/libc.so.6

--- BP conv_call_for_manager_sync_strided ---
stage_id = 0
manager_id = 5
conv = 0x3ff6d74ea0
in_stride = 256
weight_stride = 256
out_stride = 256
#0  conv_call_for_manager_sync_strided (stage_id=0, 
    manager_id=manager_id@entry=5, conv=conv@entry=0x3ff6d74ea0, 
    in_stride=256, weight_stride=weight_stride@entry=256, 
    out_stride=out_stride@entry=256)
    at /home/ubuntu/chipyard/generators/gemmini/software/gemmini-rocc-tests/pipeline-runtime/src/prt_gemmini_adapter.c:2306
#1  0x0000000000021acc in run_conv_oc_split (task=0x3ff6d755e0, 
    conv=0x3ff6d75550)
    at /home/ubuntu/chipyard/generators/gemmini/software/gemmini-rocc-tests/pipeline-runtime/src/prt_gemmini_adapter.c:2757
#2  0x00000000000222de in gemm_issue_conv_task (rt=<optimized out>, 
    task=<optimized out>, conv=<optimized out>)
    at /home/ubuntu/chipyard/generators/gemmini/software/gemmini-rocc-tests/pipeline-runtime/src/prt_gemmini_adapter.c:3305
#3  0x00000000000224e8 in gemm_issue_grouped_conv_task (rt=<optimized out>, 
    task=<optimized out>, conv=<optimized out>)
    at /home/ubuntu/chipyard/generators/gemmini/software/gemmini-rocc-tests/pipeline-runtime/src/prt_gemmini_adapter.c:3339
#4  0x0000000000022740 in gemm_issue_task (rt=<optimized out>, 
    task=task@entry=0x3ff6d755e0)
    at /home/ubuntu/chipyard/generators/gemmini/software/gemmini-rocc-tests/pipeline-runtime/src/prt_gemmini_adapter.c:3462
#5  0x00000000000227a0 in gemm_blocking_conv_run (rt=<optimized out>, 
    task=0x3ff6d755e0, timeout_ns=<optimized out>)
    at /home/ubuntu/chipyard/generators/gemmini/software/gemmini-rocc-tests/pipeline-runtime/src/prt_gemmini_adapter.c:3186
Error in testing condition for breakpoint 11:
value has been optimized out

--- BP prt_rr_acquire_scope opcode2 ---
rt = 0x0
stage_id = 0
manager_id = 5
opcode_id = 3
scope = 0x3ff6d74cc8
#0  prt_rr_acquire_scope (rt=rt@entry=0x0, stage_id=stage_id@entry=0, 
    manager_id=manager_id@entry=5, opcode_id=opcode_id@entry=3, 
    scope=scope@entry=0x3ff6d74cc8)
    at /home/ubuntu/chipyard/generators/gemmini/software/gemmini-rocc-tests/pipeline-runtime/src/prt_rerocc.c:347
#1  0x0000000000020524 in conv_call_for_manager_sync_strided (stage_id=0, 
    manager_id=manager_id@entry=5, conv=conv@entry=0x3ff6d74ea0, 
    in_stride=256, weight_stride=weight_stride@entry=256, 
    out_stride=out_stride@entry=256)
    at /home/ubuntu/chipyard/generators/gemmini/software/gemmini-rocc-tests/pipeline-runtime/src/prt_gemmini_adapter.c:2329
#2  0x0000000000021acc in run_conv_oc_split (task=0x3ff6d755e0, 
    conv=0x3ff6d75550)
    at /home/ubuntu/chipyard/generators/gemmini/software/gemmini-rocc-tests/pipeline-runtime/src/prt_gemmini_adapter.c:2757
#3  0x00000000000222de in gemm_issue_conv_task (rt=<optimized out>, 
    task=<optimized out>, conv=<optimized out>)
    at /home/ubuntu/chipyard/generators/gemmini/software/gemmini-rocc-tests/pipeline-runtime/src/prt_gemmini_adapter.c:3305
#4  0x00000000000224e8 in gemm_issue_grouped_conv_task (rt=<optimized out>, 
    task=<optimized out>, conv=<optimized out>)
    at /home/ubuntu/chipyard/generators/gemmini/software/gemmini-rocc-tests/pipeline-runtime/src/prt_gemmini_adapter.c:3339
#5  0x0000000000022740 in gemm_issue_task (rt=<optimized out>, 
    task=task@entry=0x3ff6d755e0)
    at /home/ubuntu/chipyard/generators/gemmini/software/gemmini-rocc-tests/pipeline-runtime/src/prt_gemmini_adapter.c:3462
#6  0x00000000000227a0 in gemm_blocking_conv_run (rt=<optimized out>, 
    task=0x3ff6d755e0, timeout_ns=<optimized out>)
    at /home/ubuntu/chipyard/generators/gemmini/software/gemmini-rocc-tests/pipeline-runtime/src/prt_gemmini_adapter.c:3186
#7  0x0000000000030556 in stage_worker_main (arg=0x83960)
    at /home/ubuntu/chipyard/generators/gemmini/software/gemmini-rocc-tests/pipeline-runtime/src/prt_runtime.c:4514

--- BP prt_run_pointwise_matmul_fallback_strided_impl ---
stage_id = 0
manager_id = 5
conv = 0x3ff6d74ea0
tiled_type = WS
in_stride = 256
weight_stride = 256
out_stride = 256
emit_logs = 1
scope = 0x3ff6d74cc8
dim_i = <optimized out>
dim_j = <optimized out>
dim_k = <optimized out>
safe_oc_chunk = <optimized out>
hot_logs = <optimized out>
detail_logs = <optimized out>
probe_logs = <optimized out>
compact_gate_logs = <optimized out>
fallback_type = <optimized out>
#0  prt_run_pointwise_matmul_fallback_strided_impl (stage_id=stage_id@entry=0, 
    manager_id=manager_id@entry=5, conv=conv@entry=0x3ff6d74ea0, 
    tiled_type=tiled_type@entry=WS, in_stride=in_stride@entry=256, 
    weight_stride=weight_stride@entry=256, out_stride=out_stride@entry=256, 
    emit_logs=emit_logs@entry=1, scope=scope@entry=0x3ff6d74cc8)
    at /home/ubuntu/chipyard/generators/gemmini/software/gemmini-rocc-tests/pipeline-runtime/src/prt_gemmini_adapter.c:921
#1  0x00000000000209d8 in prt_run_pointwise_matmul_fallback_strided_scoped (
    scope=0x3ff6d74cc8, out_stride=256, weight_stride=256, in_stride=256, 
    tiled_type=WS, conv=0x3ff6d74ea0, manager_id=5, stage_id=0)
    at /home/ubuntu/chipyard/generators/gemmini/software/gemmini-rocc-tests/pipeline-runtime/src/prt_gemmini_adapter.c:911
#2  conv_call_for_manager_sync_strided (stage_id=0, 
    manager_id=manager_id@entry=5, conv=conv@entry=0x3ff6d74ea0, 
    in_stride=256, weight_stride=weight_stride@entry=256, 
    out_stride=out_stride@entry=256)
    at /home/ubuntu/chipyard/generators/gemmini/software/gemmini-rocc-tests/pipeline-runtime/src/prt_gemmini_adapter.c:2448
#3  0x0000000000021acc in run_conv_oc_split (task=0x3ff6d755e0, 
    conv=0x3ff6d75550)
    at /home/ubuntu/chipyard/generators/gemmini/software/gemmini-rocc-tests/pipeline-runtime/src/prt_gemmini_adapter.c:2757
#4  0x00000000000222de in gemm_issue_conv_task (rt=<optimized out>, 
    task=<optimized out>, conv=<optimized out>)
    at /home/ubuntu/chipyard/generators/gemmini/software/gemmini-rocc-tests/pipeline-runtime/src/prt_gemmini_adapter.c:3305
#5  0x00000000000224e8 in gemm_issue_grouped_conv_task (rt=<optimized out>, 
    task=<optimized out>, conv=<optimized out>)
    at /home/ubuntu/chipyard/generators/gemmini/software/gemmini-rocc-tests/pipeline-runtime/src/prt_gemmini_adapter.c:3339
#6  0x0000000000022740 in gemm_issue_task (rt=<optimized out>, 
    task=task@entry=0x3ff6d755e0)
    at /home/ubuntu/chipyard/generators/gemmini/software/gemmini-rocc-tests/pipeline-runtime/src/prt_gemmini_adapter.c:3462
#7  0x00000000000227a0 in gemm_blocking_conv_run (rt=<optimized out>, 
    task=0x3ff6d755e0, timeout_ns=<optimized out>)
    at /home/ubuntu/chipyard/generators/gemmini/software/gemmini-rocc-tests/pipeline-runtime/src/prt_gemmini_adapter.c:3186

--- BP tiled_matmul_nn_stride_auto ---
tiled_matmul_type = <optimized out>
repeating_bias = <optimized out>
scale = <optimized out>
act = <optimized out>
C = <optimized out>
D = <optimized out>
B = <optimized out>
A = <optimized out>
C_stride = <optimized out>
B_stride = <optimized out>
A_stride = <optimized out>
dim_K = <optimized out>
dim_J = <optimized out>
dim_I = <optimized out>
#0  tiled_matmul_nn_stride_auto (tiled_matmul_type=<optimized out>, 
    repeating_bias=<optimized out>, scale=<optimized out>, 
    act=<optimized out>, C=<optimized out>, D=<optimized out>, 
    B=<optimized out>, A=<optimized out>, C_stride=<optimized out>, 
    B_stride=<optimized out>, A_stride=<optimized out>, dim_K=<optimized out>, 
    dim_J=<optimized out>, dim_I=<optimized out>)
    at /home/ubuntu/chipyard/generators/gemmini/software/gemmini-rocc-tests/include/gemmini_nn.h:192
#1  prt_run_pointwise_matmul_fallback_strided_impl (stage_id=stage_id@entry=0, 
    manager_id=manager_id@entry=5, conv=conv@entry=0x3ff6d74ea0, 
    tiled_type=tiled_type@entry=WS, in_stride=in_stride@entry=256, 
    weight_stride=weight_stride@entry=256, out_stride=out_stride@entry=256, 
    emit_logs=emit_logs@entry=1, scope=scope@entry=0x3ff6d74cc8)
    at /home/ubuntu/chipyard/generators/gemmini/software/gemmini-rocc-tests/pipeline-runtime/src/prt_gemmini_adapter.c:1029
#2  0x00000000000209d8 in prt_run_pointwise_matmul_fallback_strided_scoped (
    scope=0x3ff6d74cc8, out_stride=256, weight_stride=256, in_stride=256, 
    tiled_type=WS, conv=0x3ff6d74ea0, manager_id=5, stage_id=0)
    at /home/ubuntu/chipyard/generators/gemmini/software/gemmini-rocc-tests/pipeline-runtime/src/prt_gemmini_adapter.c:911
#3  conv_call_for_manager_sync_strided (stage_id=0, 
    manager_id=manager_id@entry=5, conv=conv@entry=0x3ff6d74ea0, 
    in_stride=256, weight_stride=weight_stride@entry=256, 
    out_stride=out_stride@entry=256)
    at /home/ubuntu/chipyard/generators/gemmini/software/gemmini-rocc-tests/pipeline-runtime/src/prt_gemmini_adapter.c:2448
#4  0x0000000000021acc in run_conv_oc_split (task=0x3ff6d755e0, 
    conv=0x3ff6d75550)
    at /home/ubuntu/chipyard/generators/gemmini/software/gemmini-rocc-tests/pipeline-runtime/src/prt_gemmini_adapter.c:2757
#5  0x00000000000222de in gemm_issue_conv_task (rt=<optimized out>, 
    task=<optimized out>, conv=<optimized out>)
    at /home/ubuntu/chipyard/generators/gemmini/software/gemmini-rocc-tests/pipeline-runtime/src/prt_gemmini_adapter.c:3305
#6  0x00000000000224e8 in gemm_issue_grouped_conv_task (rt=<optimized out>, 
    task=<optimized out>, conv=<optimized out>)
    at /home/ubuntu/chipyard/generators/gemmini/software/gemmini-rocc-tests/pipeline-runtime/src/prt_gemmini_adapter.c:3339
#7  0x0000000000022740 in gemm_issue_task (rt=<optimized out>, 
    task=task@entry=0x3ff6d755e0)
    at /home/ubuntu/chipyard/generators/gemmini/software/gemmini-rocc-tests/pipeline-runtime/src/prt_gemmini_adapter.c:3462

--- BP pointwise subcall return line 2451 ---
stage_id = 0
manager_id = 5
conv = 0x3ff6d74ea0
in_stride = 256
weight_stride = 256
out_stride = 256
scope = {
  valid = 1,
  cfg_id = 1,
  stage_id = 0,
  manager_id = 5,
  opcode_id = 3
}
tiled_type = <optimized out>
input_dilation = <optimized out>
kernel_dilation = <optimized out>
use_pointwise_matmul_fallback = <optimized out>
emit_pointwise_sparse_progress = 0
safe_kchs_cap = 0
pointwise_safe_oc_chunk = <optimized out>
chosen_args = {0, 0, 0, 0, 0, 0, 0}
output_scale = <optimized out>
emit_hot_markers = <optimized out>
pointwise_fallback_type = <optimized out>
rc = 0
#0  conv_call_for_manager_sync_strided (stage_id=0, 
    manager_id=manager_id@entry=5, conv=conv@entry=0x3ff6d74ea0, 
    in_stride=256, weight_stride=weight_stride@entry=256, 
    out_stride=out_stride@entry=256)
    at /home/ubuntu/chipyard/generators/gemmini/software/gemmini-rocc-tests/pipeline-runtime/src/prt_gemmini_adapter.c:2452
#1  0x0000000000021acc in run_conv_oc_split (task=0x3ff6d755e0, 
    conv=0x3ff6d75550)
    at /home/ubuntu/chipyard/generators/gemmini/software/gemmini-rocc-tests/pipeline-runtime/src/prt_gemmini_adapter.c:2757
#2  0x00000000000222de in gemm_issue_conv_task (rt=<optimized out>, 
    task=<optimized out>, conv=<optimized out>)
    at /home/ubuntu/chipyard/generators/gemmini/software/gemmini-rocc-tests/pipeline-runtime/src/prt_gemmini_adapter.c:3305
#3  0x00000000000224e8 in gemm_issue_grouped_conv_task (rt=<optimized out>, 
    task=<optimized out>, conv=<optimized out>)
    at /home/ubuntu/chipyard/generators/gemmini/software/gemmini-rocc-tests/pipeline-runtime/src/prt_gemmini_adapter.c:3339
#4  0x0000000000022740 in gemm_issue_task (rt=<optimized out>, 
    task=task@entry=0x3ff6d755e0)
    at /home/ubuntu/chipyard/generators/gemmini/software/gemmini-rocc-tests/pipeline-runtime/src/prt_gemmini_adapter.c:3462
#5  0x00000000000227a0 in gemm_blocking_conv_run (rt=<optimized out>, 
    task=0x3ff6d755e0, timeout_ns=<optimized out>)
    at /home/ubuntu/chipyard/generators/gemmini/software/gemmini-rocc-tests/pipeline-runtime/src/prt_gemmini_adapter.c:3186
#6  0x0000000000030556 in stage_worker_main (arg=0x83960)
    at /home/ubuntu/chipyard/generators/gemmini/software/gemmini-rocc-tests/pipeline-runtime/src/prt_runtime.c:4514
#7  0x0000003ff7e6cf46 in ?? ()
   from /home/ubuntu/chipyard/.conda-env/riscv-tools/sysroot/lib/libc.so.6

--- BP prt_rr_fence_scope ---
scope = 0x3ff6d74cc8
$12 = {
  valid = 1,
  cfg_id = 1,
  stage_id = 0,
  manager_id = 5,
  opcode_id = 3
}
#0  prt_rr_fence_scope (scope=scope@entry=0x3ff6d74cc8)
    at /home/ubuntu/chipyard/generators/gemmini/software/gemmini-rocc-tests/pipeline-runtime/src/prt_rerocc.c:371
#1  0x0000000000020a36 in conv_call_for_manager_sync_strided (stage_id=0, 
    manager_id=manager_id@entry=5, conv=conv@entry=0x3ff6d74ea0, 
    in_stride=256, weight_stride=weight_stride@entry=256, 
    out_stride=out_stride@entry=256)
    at /home/ubuntu/chipyard/generators/gemmini/software/gemmini-rocc-tests/pipeline-runtime/src/prt_gemmini_adapter.c:2534
#2  0x0000000000021acc in run_conv_oc_split (task=0x3ff6d755e0, 
    conv=0x3ff6d75550)
    at /home/ubuntu/chipyard/generators/gemmini/software/gemmini-rocc-tests/pipeline-runtime/src/prt_gemmini_adapter.c:2757
#3  0x00000000000222de in gemm_issue_conv_task (rt=<optimized out>, 
    task=<optimized out>, conv=<optimized out>)
    at /home/ubuntu/chipyard/generators/gemmini/software/gemmini-rocc-tests/pipeline-runtime/src/prt_gemmini_adapter.c:3305
#4  0x00000000000224e8 in gemm_issue_grouped_conv_task (rt=<optimized out>, 
    task=<optimized out>, conv=<optimized out>)
    at /home/ubuntu/chipyard/generators/gemmini/software/gemmini-rocc-tests/pipeline-runtime/src/prt_gemmini_adapter.c:3339
#5  0x0000000000022740 in gemm_issue_task (rt=<optimized out>, 
    task=task@entry=0x3ff6d755e0)
    at /home/ubuntu/chipyard/generators/gemmini/software/gemmini-rocc-tests/pipeline-runtime/src/prt_gemmini_adapter.c:3462
#6  0x00000000000227a0 in gemm_blocking_conv_run (rt=<optimized out>, 
    task=0x3ff6d755e0, timeout_ns=<optimized out>)
    at /home/ubuntu/chipyard/generators/gemmini/software/gemmini-rocc-tests/pipeline-runtime/src/prt_gemmini_adapter.c:3186
#7  0x0000000000030556 in stage_worker_main (arg=0x83960)
    at /home/ubuntu/chipyard/generators/gemmini/software/gemmini-rocc-tests/pipeline-runtime/src/prt_runtime.c:4514

--- BP prt_rr_fence_scope ---
scope = 0x3ff6d74cc8
$13 = {
  valid = 1,
  cfg_id = 1,
  stage_id = 0,
  manager_id = 5,
  opcode_id = 3
}
#0  prt_rr_fence_scope (scope=scope@entry=0x3ff6d74cc8)
    at /home/ubuntu/chipyard/generators/gemmini/software/gemmini-rocc-tests/pipeline-runtime/src/prt_rerocc.c:371
#1  0x0000000000020b40 in flush_scope_after_drain (scope=0x3ff6d74cc8)
    at /home/ubuntu/chipyard/generators/gemmini/software/gemmini-rocc-tests/pipeline-runtime/src/prt_gemmini_adapter.c:456
#2  conv_call_for_manager_sync_strided (stage_id=0, 
    manager_id=manager_id@entry=5, conv=conv@entry=0x3ff6d74ea0, 
    in_stride=<optimized out>, weight_stride=weight_stride@entry=256, 
    out_stride=out_stride@entry=256)
    at /home/ubuntu/chipyard/generators/gemmini/software/gemmini-rocc-tests/pipeline-runtime/src/prt_gemmini_adapter.c:2557
#3  0x0000000000021acc in run_conv_oc_split (task=0x3ff6d755e0, 
    conv=0x3ff6d75550)
    at /home/ubuntu/chipyard/generators/gemmini/software/gemmini-rocc-tests/pipeline-runtime/src/prt_gemmini_adapter.c:2757
#4  0x00000000000222de in gemm_issue_conv_task (rt=<optimized out>, 
    task=<optimized out>, conv=<optimized out>)
    at /home/ubuntu/chipyard/generators/gemmini/software/gemmini-rocc-tests/pipeline-runtime/src/prt_gemmini_adapter.c:3305
#5  0x00000000000224e8 in gemm_issue_grouped_conv_task (rt=<optimized out>, 
    task=<optimized out>, conv=<optimized out>)
    at /home/ubuntu/chipyard/generators/gemmini/software/gemmini-rocc-tests/pipeline-runtime/src/prt_gemmini_adapter.c:3339
#6  0x0000000000022740 in gemm_issue_task (rt=<optimized out>, 
    task=task@entry=0x3ff6d755e0)
    at /home/ubuntu/chipyard/generators/gemmini/software/gemmini-rocc-tests/pipeline-runtime/src/prt_gemmini_adapter.c:3462
#7  0x00000000000227a0 in gemm_blocking_conv_run (rt=<optimized out>, 
    task=0x3ff6d755e0, timeout_ns=<optimized out>)
    at /home/ubuntu/chipyard/generators/gemmini/software/gemmini-rocc-tests/pipeline-runtime/src/prt_gemmini_adapter.c:3186

--- BP pointwise release line 2581 ---
stage_id = 0
manager_id = 5
conv = 0x3ff6d74ea0
in_stride = <optimized out>
weight_stride = 256
out_stride = 256
scope = {
  valid = 1,
  cfg_id = 1,
  stage_id = 0,
  manager_id = 5,
  opcode_id = 3
}
tiled_type = <optimized out>
input_dilation = <optimized out>
kernel_dilation = <optimized out>
use_pointwise_matmul_fallback = <optimized out>
emit_pointwise_sparse_progress = <optimized out>
safe_kchs_cap = <optimized out>
pointwise_safe_oc_chunk = <optimized out>
chosen_args = {0, 0, 0, 0, 0, 0, 0}
output_scale = <optimized out>
emit_hot_markers = <optimized out>
pointwise_fallback_type = <optimized out>
rc = <optimized out>
#0  conv_call_for_manager_sync_strided (stage_id=0, 
    manager_id=manager_id@entry=5, conv=conv@entry=0x3ff6d74ea0, 
    in_stride=<optimized out>, weight_stride=weight_stride@entry=256, 
    out_stride=out_stride@entry=256)
    at /home/ubuntu/chipyard/generators/gemmini/software/gemmini-rocc-tests/pipeline-runtime/src/prt_gemmini_adapter.c:2581
#1  0x0000000000021acc in run_conv_oc_split (task=0x3ff6d755e0, 
    conv=0x3ff6d75550)
    at /home/ubuntu/chipyard/generators/gemmini/software/gemmini-rocc-tests/pipeline-runtime/src/prt_gemmini_adapter.c:2757
#2  0x00000000000222de in gemm_issue_conv_task (rt=<optimized out>, 
    task=<optimized out>, conv=<optimized out>)
    at /home/ubuntu/chipyard/generators/gemmini/software/gemmini-rocc-tests/pipeline-runtime/src/prt_gemmini_adapter.c:3305
#3  0x00000000000224e8 in gemm_issue_grouped_conv_task (rt=<optimized out>, 
    task=<optimized out>, conv=<optimized out>)
    at /home/ubuntu/chipyard/generators/gemmini/software/gemmini-rocc-tests/pipeline-runtime/src/prt_gemmini_adapter.c:3339
#4  0x0000000000022740 in gemm_issue_task (rt=<optimized out>, 
    task=task@entry=0x3ff6d755e0)
    at /home/ubuntu/chipyard/generators/gemmini/software/gemmini-rocc-tests/pipeline-runtime/src/prt_gemmini_adapter.c:3462
#5  0x00000000000227a0 in gemm_blocking_conv_run (rt=<optimized out>, 
    task=0x3ff6d755e0, timeout_ns=<optimized out>)
    at /home/ubuntu/chipyard/generators/gemmini/software/gemmini-rocc-tests/pipeline-runtime/src/prt_gemmini_adapter.c:3186
#6  0x0000000000030556 in stage_worker_main (arg=0x83960)
    at /home/ubuntu/chipyard/generators/gemmini/software/gemmini-rocc-tests/pipeline-runtime/src/prt_runtime.c:4514
#7  0x0000003ff7e6cf46 in ?? ()
   from /home/ubuntu/chipyard/.conda-env/riscv-tools/sysroot/lib/libc.so.6

--- BP conv_call_for_manager_sync_strided ---
stage_id = 0
manager_id = 6
conv = 0x3ff6d74ea0
in_stride = 256
weight_stride = 256
out_stride = 256
#0  conv_call_for_manager_sync_strided (stage_id=0, 
    manager_id=manager_id@entry=6, conv=conv@entry=0x3ff6d74ea0, 
    in_stride=256, weight_stride=weight_stride@entry=256, 
    out_stride=out_stride@entry=256)
    at /home/ubuntu/chipyard/generators/gemmini/software/gemmini-rocc-tests/pipeline-runtime/src/prt_gemmini_adapter.c:2306
#1  0x0000000000021acc in run_conv_oc_split (task=0x3ff6d755e0, 
    conv=0x3ff6d75550)
    at /home/ubuntu/chipyard/generators/gemmini/software/gemmini-rocc-tests/pipeline-runtime/src/prt_gemmini_adapter.c:2757
#2  0x00000000000222de in gemm_issue_conv_task (rt=<optimized out>, 
    task=<optimized out>, conv=<optimized out>)
    at /home/ubuntu/chipyard/generators/gemmini/software/gemmini-rocc-tests/pipeline-runtime/src/prt_gemmini_adapter.c:3305
#3  0x00000000000224e8 in gemm_issue_grouped_conv_task (rt=<optimized out>, 
    task=<optimized out>, conv=<optimized out>)
    at /home/ubuntu/chipyard/generators/gemmini/software/gemmini-rocc-tests/pipeline-runtime/src/prt_gemmini_adapter.c:3339
#4  0x0000000000022740 in gemm_issue_task (rt=<optimized out>, 
    task=task@entry=0x3ff6d755e0)
    at /home/ubuntu/chipyard/generators/gemmini/software/gemmini-rocc-tests/pipeline-runtime/src/prt_gemmini_adapter.c:3462
#5  0x00000000000227a0 in gemm_blocking_conv_run (rt=<optimized out>, 
    task=0x3ff6d755e0, timeout_ns=<optimized out>)
    at /home/ubuntu/chipyard/generators/gemmini/software/gemmini-rocc-tests/pipeline-runtime/src/prt_gemmini_adapter.c:3186
Error in testing condition for breakpoint 11:
value has been optimized out

--- BP prt_rr_acquire_scope opcode2 ---
rt = 0x0
stage_id = 0
manager_id = 6
opcode_id = 3
scope = 0x3ff6d74cc8
#0  prt_rr_acquire_scope (rt=rt@entry=0x0, stage_id=stage_id@entry=0, 
    manager_id=manager_id@entry=6, opcode_id=opcode_id@entry=3, 
    scope=scope@entry=0x3ff6d74cc8)
    at /home/ubuntu/chipyard/generators/gemmini/software/gemmini-rocc-tests/pipeline-runtime/src/prt_rerocc.c:347
#1  0x0000000000020524 in conv_call_for_manager_sync_strided (stage_id=0, 
    manager_id=manager_id@entry=6, conv=conv@entry=0x3ff6d74ea0, 
    in_stride=256, weight_stride=weight_stride@entry=256, 
    out_stride=out_stride@entry=256)
    at /home/ubuntu/chipyard/generators/gemmini/software/gemmini-rocc-tests/pipeline-runtime/src/prt_gemmini_adapter.c:2329
#2  0x0000000000021acc in run_conv_oc_split (task=0x3ff6d755e0, 
    conv=0x3ff6d75550)
    at /home/ubuntu/chipyard/generators/gemmini/software/gemmini-rocc-tests/pipeline-runtime/src/prt_gemmini_adapter.c:2757
#3  0x00000000000222de in gemm_issue_conv_task (rt=<optimized out>, 
    task=<optimized out>, conv=<optimized out>)
    at /home/ubuntu/chipyard/generators/gemmini/software/gemmini-rocc-tests/pipeline-runtime/src/prt_gemmini_adapter.c:3305
#4  0x00000000000224e8 in gemm_issue_grouped_conv_task (rt=<optimized out>, 
    task=<optimized out>, conv=<optimized out>)
    at /home/ubuntu/chipyard/generators/gemmini/software/gemmini-rocc-tests/pipeline-runtime/src/prt_gemmini_adapter.c:3339
#5  0x0000000000022740 in gemm_issue_task (rt=<optimized out>, 
    task=task@entry=0x3ff6d755e0)
    at /home/ubuntu/chipyard/generators/gemmini/software/gemmini-rocc-tests/pipeline-runtime/src/prt_gemmini_adapter.c:3462
#6  0x00000000000227a0 in gemm_blocking_conv_run (rt=<optimized out>, 
    task=0x3ff6d755e0, timeout_ns=<optimized out>)
    at /home/ubuntu/chipyard/generators/gemmini/software/gemmini-rocc-tests/pipeline-runtime/src/prt_gemmini_adapter.c:3186
#7  0x0000000000030556 in stage_worker_main (arg=0x83960)
    at /home/ubuntu/chipyard/generators/gemmini/software/gemmini-rocc-tests/pipeline-runtime/src/prt_runtime.c:4514

--- BP prt_run_pointwise_matmul_fallback_strided_impl ---
stage_id = 0
manager_id = 6
conv = 0x3ff6d74ea0
tiled_type = WS
in_stride = 256
weight_stride = 256
out_stride = 256
emit_logs = 1
scope = 0x3ff6d74cc8
dim_i = <optimized out>
dim_j = <optimized out>
dim_k = <optimized out>
safe_oc_chunk = <optimized out>
hot_logs = <optimized out>
detail_logs = <optimized out>
probe_logs = <optimized out>
compact_gate_logs = <optimized out>
fallback_type = <optimized out>
#0  prt_run_pointwise_matmul_fallback_strided_impl (stage_id=stage_id@entry=0, 
    manager_id=manager_id@entry=6, conv=conv@entry=0x3ff6d74ea0, 
    tiled_type=tiled_type@entry=WS, in_stride=in_stride@entry=256, 
    weight_stride=weight_stride@entry=256, out_stride=out_stride@entry=256, 
    emit_logs=emit_logs@entry=1, scope=scope@entry=0x3ff6d74cc8)
    at /home/ubuntu/chipyard/generators/gemmini/software/gemmini-rocc-tests/pipeline-runtime/src/prt_gemmini_adapter.c:921
#1  0x00000000000209d8 in prt_run_pointwise_matmul_fallback_strided_scoped (
    scope=0x3ff6d74cc8, out_stride=256, weight_stride=256, in_stride=256, 
    tiled_type=WS, conv=0x3ff6d74ea0, manager_id=6, stage_id=0)
    at /home/ubuntu/chipyard/generators/gemmini/software/gemmini-rocc-tests/pipeline-runtime/src/prt_gemmini_adapter.c:911
#2  conv_call_for_manager_sync_strided (stage_id=0, 
    manager_id=manager_id@entry=6, conv=conv@entry=0x3ff6d74ea0, 
    in_stride=256, weight_stride=weight_stride@entry=256, 
    out_stride=out_stride@entry=256)
    at /home/ubuntu/chipyard/generators/gemmini/software/gemmini-rocc-tests/pipeline-runtime/src/prt_gemmini_adapter.c:2448
#3  0x0000000000021acc in run_conv_oc_split (task=0x3ff6d755e0, 
    conv=0x3ff6d75550)
    at /home/ubuntu/chipyard/generators/gemmini/software/gemmini-rocc-tests/pipeline-runtime/src/prt_gemmini_adapter.c:2757
#4  0x00000000000222de in gemm_issue_conv_task (rt=<optimized out>, 
    task=<optimized out>, conv=<optimized out>)
    at /home/ubuntu/chipyard/generators/gemmini/software/gemmini-rocc-tests/pipeline-runtime/src/prt_gemmini_adapter.c:3305
#5  0x00000000000224e8 in gemm_issue_grouped_conv_task (rt=<optimized out>, 
    task=<optimized out>, conv=<optimized out>)
    at /home/ubuntu/chipyard/generators/gemmini/software/gemmini-rocc-tests/pipeline-runtime/src/prt_gemmini_adapter.c:3339
#6  0x0000000000022740 in gemm_issue_task (rt=<optimized out>, 
    task=task@entry=0x3ff6d755e0)
    at /home/ubuntu/chipyard/generators/gemmini/software/gemmini-rocc-tests/pipeline-runtime/src/prt_gemmini_adapter.c:3462
#7  0x00000000000227a0 in gemm_blocking_conv_run (rt=<optimized out>, 
    task=0x3ff6d755e0, timeout_ns=<optimized out>)
    at /home/ubuntu/chipyard/generators/gemmini/software/gemmini-rocc-tests/pipeline-runtime/src/prt_gemmini_adapter.c:3186

--- BP tiled_matmul_nn_stride_auto ---
tiled_matmul_type = <optimized out>
repeating_bias = <optimized out>
scale = <optimized out>
act = <optimized out>
C = <optimized out>
D = <optimized out>
B = <optimized out>
A = <optimized out>
C_stride = <optimized out>
B_stride = <optimized out>
A_stride = <optimized out>
dim_K = <optimized out>
dim_J = <optimized out>
dim_I = <optimized out>
#0  tiled_matmul_nn_stride_auto (tiled_matmul_type=<optimized out>, 
    repeating_bias=<optimized out>, scale=<optimized out>, 
    act=<optimized out>, C=<optimized out>, D=<optimized out>, 
    B=<optimized out>, A=<optimized out>, C_stride=<optimized out>, 
    B_stride=<optimized out>, A_stride=<optimized out>, dim_K=<optimized out>, 
    dim_J=<optimized out>, dim_I=<optimized out>)
    at /home/ubuntu/chipyard/generators/gemmini/software/gemmini-rocc-tests/include/gemmini_nn.h:192
#1  prt_run_pointwise_matmul_fallback_strided_impl (stage_id=stage_id@entry=0, 
    manager_id=manager_id@entry=6, conv=conv@entry=0x3ff6d74ea0, 
    tiled_type=tiled_type@entry=WS, in_stride=in_stride@entry=256, 
    weight_stride=weight_stride@entry=256, out_stride=out_stride@entry=256, 
    emit_logs=emit_logs@entry=1, scope=scope@entry=0x3ff6d74cc8)
    at /home/ubuntu/chipyard/generators/gemmini/software/gemmini-rocc-tests/pipeline-runtime/src/prt_gemmini_adapter.c:1029
#2  0x00000000000209d8 in prt_run_pointwise_matmul_fallback_strided_scoped (
    scope=0x3ff6d74cc8, out_stride=256, weight_stride=256, in_stride=256, 
    tiled_type=WS, conv=0x3ff6d74ea0, manager_id=6, stage_id=0)
    at /home/ubuntu/chipyard/generators/gemmini/software/gemmini-rocc-tests/pipeline-runtime/src/prt_gemmini_adapter.c:911
#3  conv_call_for_manager_sync_strided (stage_id=0, 
    manager_id=manager_id@entry=6, conv=conv@entry=0x3ff6d74ea0, 
    in_stride=256, weight_stride=weight_stride@entry=256, 
    out_stride=out_stride@entry=256)
    at /home/ubuntu/chipyard/generators/gemmini/software/gemmini-rocc-tests/pipeline-runtime/src/prt_gemmini_adapter.c:2448
#4  0x0000000000021acc in run_conv_oc_split (task=0x3ff6d755e0, 
    conv=0x3ff6d75550)
    at /home/ubuntu/chipyard/generators/gemmini/software/gemmini-rocc-tests/pipeline-runtime/src/prt_gemmini_adapter.c:2757
#5  0x00000000000222de in gemm_issue_conv_task (rt=<optimized out>, 
    task=<optimized out>, conv=<optimized out>)
    at /home/ubuntu/chipyard/generators/gemmini/software/gemmini-rocc-tests/pipeline-runtime/src/prt_gemmini_adapter.c:3305
#6  0x00000000000224e8 in gemm_issue_grouped_conv_task (rt=<optimized out>, 
    task=<optimized out>, conv=<optimized out>)
    at /home/ubuntu/chipyard/generators/gemmini/software/gemmini-rocc-tests/pipeline-runtime/src/prt_gemmini_adapter.c:3339
#7  0x0000000000022740 in gemm_issue_task (rt=<optimized out>, 
    task=task@entry=0x3ff6d755e0)
    at /home/ubuntu/chipyard/generators/gemmini/software/gemmini-rocc-tests/pipeline-runtime/src/prt_gemmini_adapter.c:3462

--- BP pointwise subcall return line 2451 ---
stage_id = 0
manager_id = 6
conv = 0x3ff6d74ea0
in_stride = 256
weight_stride = 256
out_stride = 256
scope = {
  valid = 1,
  cfg_id = 1,
  stage_id = 0,
  manager_id = 6,
  opcode_id = 3
}
tiled_type = <optimized out>
input_dilation = <optimized out>
kernel_dilation = <optimized out>
use_pointwise_matmul_fallback = <optimized out>
emit_pointwise_sparse_progress = 0
safe_kchs_cap = 0
pointwise_safe_oc_chunk = <optimized out>
chosen_args = {0, 0, 0, 0, 0, 0, 0}
output_scale = <optimized out>
emit_hot_markers = <optimized out>
pointwise_fallback_type = <optimized out>
rc = 0
#0  conv_call_for_manager_sync_strided (stage_id=0, 
    manager_id=manager_id@entry=6, conv=conv@entry=0x3ff6d74ea0, 
    in_stride=256, weight_stride=weight_stride@entry=256, 
    out_stride=out_stride@entry=256)
    at /home/ubuntu/chipyard/generators/gemmini/software/gemmini-rocc-tests/pipeline-runtime/src/prt_gemmini_adapter.c:2452
#1  0x0000000000021acc in run_conv_oc_split (task=0x3ff6d755e0, 
    conv=0x3ff6d75550)
    at /home/ubuntu/chipyard/generators/gemmini/software/gemmini-rocc-tests/pipeline-runtime/src/prt_gemmini_adapter.c:2757
#2  0x00000000000222de in gemm_issue_conv_task (rt=<optimized out>, 
    task=<optimized out>, conv=<optimized out>)
    at /home/ubuntu/chipyard/generators/gemmini/software/gemmini-rocc-tests/pipeline-runtime/src/prt_gemmini_adapter.c:3305
#3  0x00000000000224e8 in gemm_issue_grouped_conv_task (rt=<optimized out>, 
    task=<optimized out>, conv=<optimized out>)
    at /home/ubuntu/chipyard/generators/gemmini/software/gemmini-rocc-tests/pipeline-runtime/src/prt_gemmini_adapter.c:3339
#4  0x0000000000022740 in gemm_issue_task (rt=<optimized out>, 
    task=task@entry=0x3ff6d755e0)
    at /home/ubuntu/chipyard/generators/gemmini/software/gemmini-rocc-tests/pipeline-runtime/src/prt_gemmini_adapter.c:3462
#5  0x00000000000227a0 in gemm_blocking_conv_run (rt=<optimized out>, 
    task=0x3ff6d755e0, timeout_ns=<optimized out>)
    at /home/ubuntu/chipyard/generators/gemmini/software/gemmini-rocc-tests/pipeline-runtime/src/prt_gemmini_adapter.c:3186
#6  0x0000000000030556 in stage_worker_main (arg=0x83960)
    at /home/ubuntu/chipyard/generators/gemmini/software/gemmini-rocc-tests/pipeline-runtime/src/prt_runtime.c:4514
#7  0x0000003ff7e6cf46 in ?? ()
   from /home/ubuntu/chipyard/.conda-env/riscv-tools/sysroot/lib/libc.so.6

--- BP prt_rr_fence_scope ---
scope = 0x3ff6d74cc8
$14 = {
  valid = 1,
  cfg_id = 1,
  stage_id = 0,
  manager_id = 6,
  opcode_id = 3
}
#0  prt_rr_fence_scope (scope=scope@entry=0x3ff6d74cc8)
    at /home/ubuntu/chipyard/generators/gemmini/software/gemmini-rocc-tests/pipeline-runtime/src/prt_rerocc.c:371
#1  0x0000000000020a36 in conv_call_for_manager_sync_strided (stage_id=0, 
    manager_id=manager_id@entry=6, conv=conv@entry=0x3ff6d74ea0, 
    in_stride=256, weight_stride=weight_stride@entry=256, 
    out_stride=out_stride@entry=256)
    at /home/ubuntu/chipyard/generators/gemmini/software/gemmini-rocc-tests/pipeline-runtime/src/prt_gemmini_adapter.c:2534
#2  0x0000000000021acc in run_conv_oc_split (task=0x3ff6d755e0, 
    conv=0x3ff6d75550)
    at /home/ubuntu/chipyard/generators/gemmini/software/gemmini-rocc-tests/pipeline-runtime/src/prt_gemmini_adapter.c:2757
#3  0x00000000000222de in gemm_issue_conv_task (rt=<optimized out>, 
    task=<optimized out>, conv=<optimized out>)
    at /home/ubuntu/chipyard/generators/gemmini/software/gemmini-rocc-tests/pipeline-runtime/src/prt_gemmini_adapter.c:3305
#4  0x00000000000224e8 in gemm_issue_grouped_conv_task (rt=<optimized out>, 
    task=<optimized out>, conv=<optimized out>)
    at /home/ubuntu/chipyard/generators/gemmini/software/gemmini-rocc-tests/pipeline-runtime/src/prt_gemmini_adapter.c:3339
#5  0x0000000000022740 in gemm_issue_task (rt=<optimized out>, 
    task=task@entry=0x3ff6d755e0)
    at /home/ubuntu/chipyard/generators/gemmini/software/gemmini-rocc-tests/pipeline-runtime/src/prt_gemmini_adapter.c:3462
#6  0x00000000000227a0 in gemm_blocking_conv_run (rt=<optimized out>, 
    task=0x3ff6d755e0, timeout_ns=<optimized out>)
    at /home/ubuntu/chipyard/generators/gemmini/software/gemmini-rocc-tests/pipeline-runtime/src/prt_gemmini_adapter.c:3186
#7  0x0000000000030556 in stage_worker_main (arg=0x83960)
    at /home/ubuntu/chipyard/generators/gemmini/software/gemmini-rocc-tests/pipeline-runtime/src/prt_runtime.c:4514

--- BP prt_rr_fence_scope ---
scope = 0x3ff6d74cc8
$15 = {
  valid = 1,
  cfg_id = 1,
  stage_id = 0,
  manager_id = 6,
  opcode_id = 3
}
#0  prt_rr_fence_scope (scope=scope@entry=0x3ff6d74cc8)
    at /home/ubuntu/chipyard/generators/gemmini/software/gemmini-rocc-tests/pipeline-runtime/src/prt_rerocc.c:371
#1  0x0000000000020b40 in flush_scope_after_drain (scope=0x3ff6d74cc8)
    at /home/ubuntu/chipyard/generators/gemmini/software/gemmini-rocc-tests/pipeline-runtime/src/prt_gemmini_adapter.c:456
#2  conv_call_for_manager_sync_strided (stage_id=0, 
    manager_id=manager_id@entry=6, conv=conv@entry=0x3ff6d74ea0, 
    in_stride=<optimized out>, weight_stride=weight_stride@entry=256, 
    out_stride=out_stride@entry=256)
    at /home/ubuntu/chipyard/generators/gemmini/software/gemmini-rocc-tests/pipeline-runtime/src/prt_gemmini_adapter.c:2557
#3  0x0000000000021acc in run_conv_oc_split (task=0x3ff6d755e0, 
    conv=0x3ff6d75550)
    at /home/ubuntu/chipyard/generators/gemmini/software/gemmini-rocc-tests/pipeline-runtime/src/prt_gemmini_adapter.c:2757
#4  0x00000000000222de in gemm_issue_conv_task (rt=<optimized out>, 
    task=<optimized out>, conv=<optimized out>)
    at /home/ubuntu/chipyard/generators/gemmini/software/gemmini-rocc-tests/pipeline-runtime/src/prt_gemmini_adapter.c:3305
#5  0x00000000000224e8 in gemm_issue_grouped_conv_task (rt=<optimized out>, 
    task=<optimized out>, conv=<optimized out>)
    at /home/ubuntu/chipyard/generators/gemmini/software/gemmini-rocc-tests/pipeline-runtime/src/prt_gemmini_adapter.c:3339
#6  0x0000000000022740 in gemm_issue_task (rt=<optimized out>, 
    task=task@entry=0x3ff6d755e0)
    at /home/ubuntu/chipyard/generators/gemmini/software/gemmini-rocc-tests/pipeline-runtime/src/prt_gemmini_adapter.c:3462
#7  0x00000000000227a0 in gemm_blocking_conv_run (rt=<optimized out>, 
    task=0x3ff6d755e0, timeout_ns=<optimized out>)
    at /home/ubuntu/chipyard/generators/gemmini/software/gemmini-rocc-tests/pipeline-runtime/src/prt_gemmini_adapter.c:3186

--- BP pointwise release line 2581 ---
stage_id = 0
manager_id = 6
conv = 0x3ff6d74ea0
in_stride = <optimized out>
weight_stride = 256
out_stride = 256
scope = {
  valid = 1,
  cfg_id = 1,
  stage_id = 0,
  manager_id = 6,
  opcode_id = 3
}
tiled_type = <optimized out>
input_dilation = <optimized out>
kernel_dilation = <optimized out>
use_pointwise_matmul_fallback = <optimized out>
emit_pointwise_sparse_progress = <optimized out>
safe_kchs_cap = <optimized out>
pointwise_safe_oc_chunk = <optimized out>
chosen_args = {0, 0, 0, 0, 0, 0, 0}
output_scale = <optimized out>
emit_hot_markers = <optimized out>
pointwise_fallback_type = <optimized out>
rc = <optimized out>
#0  conv_call_for_manager_sync_strided (stage_id=0, 
    manager_id=manager_id@entry=6, conv=conv@entry=0x3ff6d74ea0, 
    in_stride=<optimized out>, weight_stride=weight_stride@entry=256, 
    out_stride=out_stride@entry=256)
    at /home/ubuntu/chipyard/generators/gemmini/software/gemmini-rocc-tests/pipeline-runtime/src/prt_gemmini_adapter.c:2581
#1  0x0000000000021acc in run_conv_oc_split (task=0x3ff6d755e0, 
    conv=0x3ff6d75550)
    at /home/ubuntu/chipyard/generators/gemmini/software/gemmini-rocc-tests/pipeline-runtime/src/prt_gemmini_adapter.c:2757
#2  0x00000000000222de in gemm_issue_conv_task (rt=<optimized out>, 
    task=<optimized out>, conv=<optimized out>)
    at /home/ubuntu/chipyard/generators/gemmini/software/gemmini-rocc-tests/pipeline-runtime/src/prt_gemmini_adapter.c:3305
#3  0x00000000000224e8 in gemm_issue_grouped_conv_task (rt=<optimized out>, 
    task=<optimized out>, conv=<optimized out>)
    at /home/ubuntu/chipyard/generators/gemmini/software/gemmini-rocc-tests/pipeline-runtime/src/prt_gemmini_adapter.c:3339
#4  0x0000000000022740 in gemm_issue_task (rt=<optimized out>, 
    task=task@entry=0x3ff6d755e0)
    at /home/ubuntu/chipyard/generators/gemmini/software/gemmini-rocc-tests/pipeline-runtime/src/prt_gemmini_adapter.c:3462
#5  0x00000000000227a0 in gemm_blocking_conv_run (rt=<optimized out>, 
    task=0x3ff6d755e0, timeout_ns=<optimized out>)
    at /home/ubuntu/chipyard/generators/gemmini/software/gemmini-rocc-tests/pipeline-runtime/src/prt_gemmini_adapter.c:3186
#6  0x0000000000030556 in stage_worker_main (arg=0x83960)
    at /home/ubuntu/chipyard/generators/gemmini/software/gemmini-rocc-tests/pipeline-runtime/src/prt_runtime.c:4514
#7  0x0000003ff7e6cf46 in ?? ()
   from /home/ubuntu/chipyard/.conda-env/riscv-tools/sysroot/lib/libc.so.6

--- BP conv_call_for_manager_sync_strided ---
stage_id = 0
manager_id = 7
conv = 0x3ff6d74ea0
in_stride = 256
weight_stride = 256
out_stride = 256
#0  conv_call_for_manager_sync_strided (stage_id=0, 
    manager_id=manager_id@entry=7, conv=conv@entry=0x3ff6d74ea0, 
    in_stride=256, weight_stride=weight_stride@entry=256, 
    out_stride=out_stride@entry=256)
    at /home/ubuntu/chipyard/generators/gemmini/software/gemmini-rocc-tests/pipeline-runtime/src/prt_gemmini_adapter.c:2306
#1  0x0000000000021acc in run_conv_oc_split (task=0x3ff6d755e0, 
    conv=0x3ff6d75550)
    at /home/ubuntu/chipyard/generators/gemmini/software/gemmini-rocc-tests/pipeline-runtime/src/prt_gemmini_adapter.c:2757
#2  0x00000000000222de in gemm_issue_conv_task (rt=<optimized out>, 
    task=<optimized out>, conv=<optimized out>)
    at /home/ubuntu/chipyard/generators/gemmini/software/gemmini-rocc-tests/pipeline-runtime/src/prt_gemmini_adapter.c:3305
#3  0x00000000000224e8 in gemm_issue_grouped_conv_task (rt=<optimized out>, 
    task=<optimized out>, conv=<optimized out>)
    at /home/ubuntu/chipyard/generators/gemmini/software/gemmini-rocc-tests/pipeline-runtime/src/prt_gemmini_adapter.c:3339
#4  0x0000000000022740 in gemm_issue_task (rt=<optimized out>, 
    task=task@entry=0x3ff6d755e0)
    at /home/ubuntu/chipyard/generators/gemmini/software/gemmini-rocc-tests/pipeline-runtime/src/prt_gemmini_adapter.c:3462
#5  0x00000000000227a0 in gemm_blocking_conv_run (rt=<optimized out>, 
    task=0x3ff6d755e0, timeout_ns=<optimized out>)
    at /home/ubuntu/chipyard/generators/gemmini/software/gemmini-rocc-tests/pipeline-runtime/src/prt_gemmini_adapter.c:3186
Error in testing condition for breakpoint 11:
value has been optimized out

--- BP prt_rr_acquire_scope opcode2 ---
rt = 0x0
stage_id = 0
manager_id = 7
opcode_id = 3
scope = 0x3ff6d74cc8
#0  prt_rr_acquire_scope (rt=rt@entry=0x0, stage_id=stage_id@entry=0, 
    manager_id=manager_id@entry=7, opcode_id=opcode_id@entry=3, 
    scope=scope@entry=0x3ff6d74cc8)
    at /home/ubuntu/chipyard/generators/gemmini/software/gemmini-rocc-tests/pipeline-runtime/src/prt_rerocc.c:347
#1  0x0000000000020524 in conv_call_for_manager_sync_strided (stage_id=0, 
    manager_id=manager_id@entry=7, conv=conv@entry=0x3ff6d74ea0, 
    in_stride=256, weight_stride=weight_stride@entry=256, 
    out_stride=out_stride@entry=256)
    at /home/ubuntu/chipyard/generators/gemmini/software/gemmini-rocc-tests/pipeline-runtime/src/prt_gemmini_adapter.c:2329
#2  0x0000000000021acc in run_conv_oc_split (task=0x3ff6d755e0, 
    conv=0x3ff6d75550)
    at /home/ubuntu/chipyard/generators/gemmini/software/gemmini-rocc-tests/pipeline-runtime/src/prt_gemmini_adapter.c:2757
#3  0x00000000000222de in gemm_issue_conv_task (rt=<optimized out>, 
    task=<optimized out>, conv=<optimized out>)
    at /home/ubuntu/chipyard/generators/gemmini/software/gemmini-rocc-tests/pipeline-runtime/src/prt_gemmini_adapter.c:3305
#4  0x00000000000224e8 in gemm_issue_grouped_conv_task (rt=<optimized out>, 
    task=<optimized out>, conv=<optimized out>)
    at /home/ubuntu/chipyard/generators/gemmini/software/gemmini-rocc-tests/pipeline-runtime/src/prt_gemmini_adapter.c:3339
#5  0x0000000000022740 in gemm_issue_task (rt=<optimized out>, 
    task=task@entry=0x3ff6d755e0)
    at /home/ubuntu/chipyard/generators/gemmini/software/gemmini-rocc-tests/pipeline-runtime/src/prt_gemmini_adapter.c:3462
#6  0x00000000000227a0 in gemm_blocking_conv_run (rt=<optimized out>, 
    task=0x3ff6d755e0, timeout_ns=<optimized out>)
    at /home/ubuntu/chipyard/generators/gemmini/software/gemmini-rocc-tests/pipeline-runtime/src/prt_gemmini_adapter.c:3186
#7  0x0000000000030556 in stage_worker_main (arg=0x83960)
    at /home/ubuntu/chipyard/generators/gemmini/software/gemmini-rocc-tests/pipeline-runtime/src/prt_runtime.c:4514

--- BP prt_run_pointwise_matmul_fallback_strided_impl ---
stage_id = 0
manager_id = 7
conv = 0x3ff6d74ea0
tiled_type = WS
in_stride = 256
weight_stride = 256
out_stride = 256
emit_logs = 1
scope = 0x3ff6d74cc8
dim_i = <optimized out>
dim_j = <optimized out>
dim_k = <optimized out>
safe_oc_chunk = <optimized out>
hot_logs = <optimized out>
detail_logs = <optimized out>
probe_logs = <optimized out>
compact_gate_logs = <optimized out>
fallback_type = <optimized out>
#0  prt_run_pointwise_matmul_fallback_strided_impl (stage_id=stage_id@entry=0, 
    manager_id=manager_id@entry=7, conv=conv@entry=0x3ff6d74ea0, 
    tiled_type=tiled_type@entry=WS, in_stride=in_stride@entry=256, 
    weight_stride=weight_stride@entry=256, out_stride=out_stride@entry=256, 
    emit_logs=emit_logs@entry=1, scope=scope@entry=0x3ff6d74cc8)
    at /home/ubuntu/chipyard/generators/gemmini/software/gemmini-rocc-tests/pipeline-runtime/src/prt_gemmini_adapter.c:921
#1  0x00000000000209d8 in prt_run_pointwise_matmul_fallback_strided_scoped (
    scope=0x3ff6d74cc8, out_stride=256, weight_stride=256, in_stride=256, 
    tiled_type=WS, conv=0x3ff6d74ea0, manager_id=7, stage_id=0)
    at /home/ubuntu/chipyard/generators/gemmini/software/gemmini-rocc-tests/pipeline-runtime/src/prt_gemmini_adapter.c:911
#2  conv_call_for_manager_sync_strided (stage_id=0, 
    manager_id=manager_id@entry=7, conv=conv@entry=0x3ff6d74ea0, 
    in_stride=256, weight_stride=weight_stride@entry=256, 
    out_stride=out_stride@entry=256)
    at /home/ubuntu/chipyard/generators/gemmini/software/gemmini-rocc-tests/pipeline-runtime/src/prt_gemmini_adapter.c:2448
#3  0x0000000000021acc in run_conv_oc_split (task=0x3ff6d755e0, 
    conv=0x3ff6d75550)
    at /home/ubuntu/chipyard/generators/gemmini/software/gemmini-rocc-tests/pipeline-runtime/src/prt_gemmini_adapter.c:2757
#4  0x00000000000222de in gemm_issue_conv_task (rt=<optimized out>, 
    task=<optimized out>, conv=<optimized out>)
    at /home/ubuntu/chipyard/generators/gemmini/software/gemmini-rocc-tests/pipeline-runtime/src/prt_gemmini_adapter.c:3305
#5  0x00000000000224e8 in gemm_issue_grouped_conv_task (rt=<optimized out>, 
    task=<optimized out>, conv=<optimized out>)
    at /home/ubuntu/chipyard/generators/gemmini/software/gemmini-rocc-tests/pipeline-runtime/src/prt_gemmini_adapter.c:3339
#6  0x0000000000022740 in gemm_issue_task (rt=<optimized out>, 
    task=task@entry=0x3ff6d755e0)
    at /home/ubuntu/chipyard/generators/gemmini/software/gemmini-rocc-tests/pipeline-runtime/src/prt_gemmini_adapter.c:3462
#7  0x00000000000227a0 in gemm_blocking_conv_run (rt=<optimized out>, 
    task=0x3ff6d755e0, timeout_ns=<optimized out>)
    at /home/ubuntu/chipyard/generators/gemmini/software/gemmini-rocc-tests/pipeline-runtime/src/prt_gemmini_adapter.c:3186

--- BP tiled_matmul_nn_stride_auto ---
tiled_matmul_type = <optimized out>
repeating_bias = <optimized out>
scale = <optimized out>
act = <optimized out>
C = <optimized out>
D = <optimized out>
B = <optimized out>
A = <optimized out>
C_stride = <optimized out>
B_stride = <optimized out>
A_stride = <optimized out>
dim_K = <optimized out>
dim_J = <optimized out>
dim_I = <optimized out>
#0  tiled_matmul_nn_stride_auto (tiled_matmul_type=<optimized out>, 
    repeating_bias=<optimized out>, scale=<optimized out>, 
    act=<optimized out>, C=<optimized out>, D=<optimized out>, 
    B=<optimized out>, A=<optimized out>, C_stride=<optimized out>, 
    B_stride=<optimized out>, A_stride=<optimized out>, dim_K=<optimized out>, 
    dim_J=<optimized out>, dim_I=<optimized out>)
    at /home/ubuntu/chipyard/generators/gemmini/software/gemmini-rocc-tests/include/gemmini_nn.h:192
#1  prt_run_pointwise_matmul_fallback_strided_impl (stage_id=stage_id@entry=0, 
    manager_id=manager_id@entry=7, conv=conv@entry=0x3ff6d74ea0, 
    tiled_type=tiled_type@entry=WS, in_stride=in_stride@entry=256, 
    weight_stride=weight_stride@entry=256, out_stride=out_stride@entry=256, 
    emit_logs=emit_logs@entry=1, scope=scope@entry=0x3ff6d74cc8)
    at /home/ubuntu/chipyard/generators/gemmini/software/gemmini-rocc-tests/pipeline-runtime/src/prt_gemmini_adapter.c:1029
#2  0x00000000000209d8 in prt_run_pointwise_matmul_fallback_strided_scoped (
    scope=0x3ff6d74cc8, out_stride=256, weight_stride=256, in_stride=256, 
    tiled_type=WS, conv=0x3ff6d74ea0, manager_id=7, stage_id=0)
    at /home/ubuntu/chipyard/generators/gemmini/software/gemmini-rocc-tests/pipeline-runtime/src/prt_gemmini_adapter.c:911
#3  conv_call_for_manager_sync_strided (stage_id=0, 
    manager_id=manager_id@entry=7, conv=conv@entry=0x3ff6d74ea0, 
    in_stride=256, weight_stride=weight_stride@entry=256, 
    out_stride=out_stride@entry=256)
    at /home/ubuntu/chipyard/generators/gemmini/software/gemmini-rocc-tests/pipeline-runtime/src/prt_gemmini_adapter.c:2448
#4  0x0000000000021acc in run_conv_oc_split (task=0x3ff6d755e0, 
    conv=0x3ff6d75550)
    at /home/ubuntu/chipyard/generators/gemmini/software/gemmini-rocc-tests/pipeline-runtime/src/prt_gemmini_adapter.c:2757
#5  0x00000000000222de in gemm_issue_conv_task (rt=<optimized out>, 
    task=<optimized out>, conv=<optimized out>)
    at /home/ubuntu/chipyard/generators/gemmini/software/gemmini-rocc-tests/pipeline-runtime/src/prt_gemmini_adapter.c:3305
#6  0x00000000000224e8 in gemm_issue_grouped_conv_task (rt=<optimized out>, 
    task=<optimized out>, conv=<optimized out>)
    at /home/ubuntu/chipyard/generators/gemmini/software/gemmini-rocc-tests/pipeline-runtime/src/prt_gemmini_adapter.c:3339
#7  0x0000000000022740 in gemm_issue_task (rt=<optimized out>, 
    task=task@entry=0x3ff6d755e0)
    at /home/ubuntu/chipyard/generators/gemmini/software/gemmini-rocc-tests/pipeline-runtime/src/prt_gemmini_adapter.c:3462

--- BP pointwise subcall return line 2451 ---
stage_id = 0
manager_id = 7
conv = 0x3ff6d74ea0
in_stride = 256
weight_stride = 256
out_stride = 256
scope = {
  valid = 1,
  cfg_id = 1,
  stage_id = 0,
  manager_id = 7,
  opcode_id = 3
}
tiled_type = <optimized out>
input_dilation = <optimized out>
kernel_dilation = <optimized out>
use_pointwise_matmul_fallback = <optimized out>
emit_pointwise_sparse_progress = 0
safe_kchs_cap = 0
pointwise_safe_oc_chunk = <optimized out>
chosen_args = {0, 0, 0, 0, 0, 0, 0}
output_scale = <optimized out>
emit_hot_markers = <optimized out>
pointwise_fallback_type = <optimized out>
rc = 0
#0  conv_call_for_manager_sync_strided (stage_id=0, 
    manager_id=manager_id@entry=7, conv=conv@entry=0x3ff6d74ea0, 
    in_stride=256, weight_stride=weight_stride@entry=256, 
    out_stride=out_stride@entry=256)
    at /home/ubuntu/chipyard/generators/gemmini/software/gemmini-rocc-tests/pipeline-runtime/src/prt_gemmini_adapter.c:2452
#1  0x0000000000021acc in run_conv_oc_split (task=0x3ff6d755e0, 
    conv=0x3ff6d75550)
    at /home/ubuntu/chipyard/generators/gemmini/software/gemmini-rocc-tests/pipeline-runtime/src/prt_gemmini_adapter.c:2757
#2  0x00000000000222de in gemm_issue_conv_task (rt=<optimized out>, 
    task=<optimized out>, conv=<optimized out>)
    at /home/ubuntu/chipyard/generators/gemmini/software/gemmini-rocc-tests/pipeline-runtime/src/prt_gemmini_adapter.c:3305
#3  0x00000000000224e8 in gemm_issue_grouped_conv_task (rt=<optimized out>, 
    task=<optimized out>, conv=<optimized out>)
    at /home/ubuntu/chipyard/generators/gemmini/software/gemmini-rocc-tests/pipeline-runtime/src/prt_gemmini_adapter.c:3339
#4  0x0000000000022740 in gemm_issue_task (rt=<optimized out>, 
    task=task@entry=0x3ff6d755e0)
    at /home/ubuntu/chipyard/generators/gemmini/software/gemmini-rocc-tests/pipeline-runtime/src/prt_gemmini_adapter.c:3462
#5  0x00000000000227a0 in gemm_blocking_conv_run (rt=<optimized out>, 
    task=0x3ff6d755e0, timeout_ns=<optimized out>)
    at /home/ubuntu/chipyard/generators/gemmini/software/gemmini-rocc-tests/pipeline-runtime/src/prt_gemmini_adapter.c:3186
#6  0x0000000000030556 in stage_worker_main (arg=0x83960)
    at /home/ubuntu/chipyard/generators/gemmini/software/gemmini-rocc-tests/pipeline-runtime/src/prt_runtime.c:4514
#7  0x0000003ff7e6cf46 in ?? ()
   from /home/ubuntu/chipyard/.conda-env/riscv-tools/sysroot/lib/libc.so.6

--- BP prt_rr_fence_scope ---
scope = 0x3ff6d74cc8
$16 = {
  valid = 1,
  cfg_id = 1,
  stage_id = 0,
  manager_id = 7,
  opcode_id = 3
}
#0  prt_rr_fence_scope (scope=scope@entry=0x3ff6d74cc8)
    at /home/ubuntu/chipyard/generators/gemmini/software/gemmini-rocc-tests/pipeline-runtime/src/prt_rerocc.c:371
#1  0x0000000000020a36 in conv_call_for_manager_sync_strided (stage_id=0, 
    manager_id=manager_id@entry=7, conv=conv@entry=0x3ff6d74ea0, 
    in_stride=256, weight_stride=weight_stride@entry=256, 
    out_stride=out_stride@entry=256)
    at /home/ubuntu/chipyard/generators/gemmini/software/gemmini-rocc-tests/pipeline-runtime/src/prt_gemmini_adapter.c:2534
#2  0x0000000000021acc in run_conv_oc_split (task=0x3ff6d755e0, 
    conv=0x3ff6d75550)
    at /home/ubuntu/chipyard/generators/gemmini/software/gemmini-rocc-tests/pipeline-runtime/src/prt_gemmini_adapter.c:2757
#3  0x00000000000222de in gemm_issue_conv_task (rt=<optimized out>, 
    task=<optimized out>, conv=<optimized out>)
    at /home/ubuntu/chipyard/generators/gemmini/software/gemmini-rocc-tests/pipeline-runtime/src/prt_gemmini_adapter.c:3305
#4  0x00000000000224e8 in gemm_issue_grouped_conv_task (rt=<optimized out>, 
    task=<optimized out>, conv=<optimized out>)
    at /home/ubuntu/chipyard/generators/gemmini/software/gemmini-rocc-tests/pipeline-runtime/src/prt_gemmini_adapter.c:3339
#5  0x0000000000022740 in gemm_issue_task (rt=<optimized out>, 
    task=task@entry=0x3ff6d755e0)
    at /home/ubuntu/chipyard/generators/gemmini/software/gemmini-rocc-tests/pipeline-runtime/src/prt_gemmini_adapter.c:3462
#6  0x00000000000227a0 in gemm_blocking_conv_run (rt=<optimized out>, 
    task=0x3ff6d755e0, timeout_ns=<optimized out>)
    at /home/ubuntu/chipyard/generators/gemmini/software/gemmini-rocc-tests/pipeline-runtime/src/prt_gemmini_adapter.c:3186
#7  0x0000000000030556 in stage_worker_main (arg=0x83960)
    at /home/ubuntu/chipyard/generators/gemmini/software/gemmini-rocc-tests/pipeline-runtime/src/prt_runtime.c:4514

--- BP prt_rr_fence_scope ---
scope = 0x3ff6d74cc8
$17 = {
  valid = 1,
  cfg_id = 1,
  stage_id = 0,
  manager_id = 7,
  opcode_id = 3
}
#0  prt_rr_fence_scope (scope=scope@entry=0x3ff6d74cc8)
    at /home/ubuntu/chipyard/generators/gemmini/software/gemmini-rocc-tests/pipeline-runtime/src/prt_rerocc.c:371
#1  0x0000000000020b40 in flush_scope_after_drain (scope=0x3ff6d74cc8)
    at /home/ubuntu/chipyard/generators/gemmini/software/gemmini-rocc-tests/pipeline-runtime/src/prt_gemmini_adapter.c:456
#2  conv_call_for_manager_sync_strided (stage_id=0, 
    manager_id=manager_id@entry=7, conv=conv@entry=0x3ff6d74ea0, 
    in_stride=<optimized out>, weight_stride=weight_stride@entry=256, 
    out_stride=out_stride@entry=256)
    at /home/ubuntu/chipyard/generators/gemmini/software/gemmini-rocc-tests/pipeline-runtime/src/prt_gemmini_adapter.c:2557
#3  0x0000000000021acc in run_conv_oc_split (task=0x3ff6d755e0, 
    conv=0x3ff6d75550)
    at /home/ubuntu/chipyard/generators/gemmini/software/gemmini-rocc-tests/pipeline-runtime/src/prt_gemmini_adapter.c:2757
#4  0x00000000000222de in gemm_issue_conv_task (rt=<optimized out>, 
    task=<optimized out>, conv=<optimized out>)
    at /home/ubuntu/chipyard/generators/gemmini/software/gemmini-rocc-tests/pipeline-runtime/src/prt_gemmini_adapter.c:3305
#5  0x00000000000224e8 in gemm_issue_grouped_conv_task (rt=<optimized out>, 
    task=<optimized out>, conv=<optimized out>)
    at /home/ubuntu/chipyard/generators/gemmini/software/gemmini-rocc-tests/pipeline-runtime/src/prt_gemmini_adapter.c:3339
#6  0x0000000000022740 in gemm_issue_task (rt=<optimized out>, 
    task=task@entry=0x3ff6d755e0)
    at /home/ubuntu/chipyard/generators/gemmini/software/gemmini-rocc-tests/pipeline-runtime/src/prt_gemmini_adapter.c:3462
#7  0x00000000000227a0 in gemm_blocking_conv_run (rt=<optimized out>, 
    task=0x3ff6d755e0, timeout_ns=<optimized out>)
    at /home/ubuntu/chipyard/generators/gemmini/software/gemmini-rocc-tests/pipeline-runtime/src/prt_gemmini_adapter.c:3186

--- BP pointwise release line 2581 ---
stage_id = 0
manager_id = 7
conv = 0x3ff6d74ea0
in_stride = <optimized out>
weight_stride = 256
out_stride = 256
scope = {
  valid = 1,
  cfg_id = 1,
  stage_id = 0,
  manager_id = 7,
  opcode_id = 3
}
tiled_type = <optimized out>
input_dilation = <optimized out>
kernel_dilation = <optimized out>
use_pointwise_matmul_fallback = <optimized out>
emit_pointwise_sparse_progress = <optimized out>
safe_kchs_cap = <optimized out>
pointwise_safe_oc_chunk = <optimized out>
chosen_args = {0, 0, 0, 0, 0, 0, 0}
output_scale = <optimized out>
emit_hot_markers = <optimized out>
pointwise_fallback_type = <optimized out>
rc = <optimized out>
#0  conv_call_for_manager_sync_strided (stage_id=0, 
    manager_id=manager_id@entry=7, conv=conv@entry=0x3ff6d74ea0, 
    in_stride=<optimized out>, weight_stride=weight_stride@entry=256, 
    out_stride=out_stride@entry=256)
    at /home/ubuntu/chipyard/generators/gemmini/software/gemmini-rocc-tests/pipeline-runtime/src/prt_gemmini_adapter.c:2581
#1  0x0000000000021acc in run_conv_oc_split (task=0x3ff6d755e0, 
    conv=0x3ff6d75550)
    at /home/ubuntu/chipyard/generators/gemmini/software/gemmini-rocc-tests/pipeline-runtime/src/prt_gemmini_adapter.c:2757
#2  0x00000000000222de in gemm_issue_conv_task (rt=<optimized out>, 
    task=<optimized out>, conv=<optimized out>)
    at /home/ubuntu/chipyard/generators/gemmini/software/gemmini-rocc-tests/pipeline-runtime/src/prt_gemmini_adapter.c:3305
#3  0x00000000000224e8 in gemm_issue_grouped_conv_task (rt=<optimized out>, 
    task=<optimized out>, conv=<optimized out>)
    at /home/ubuntu/chipyard/generators/gemmini/software/gemmini-rocc-tests/pipeline-runtime/src/prt_gemmini_adapter.c:3339
#4  0x0000000000022740 in gemm_issue_task (rt=<optimized out>, 
    task=task@entry=0x3ff6d755e0)
    at /home/ubuntu/chipyard/generators/gemmini/software/gemmini-rocc-tests/pipeline-runtime/src/prt_gemmini_adapter.c:3462
#5  0x00000000000227a0 in gemm_blocking_conv_run (rt=<optimized out>, 
    task=0x3ff6d755e0, timeout_ns=<optimized out>)
    at /home/ubuntu/chipyard/generators/gemmini/software/gemmini-rocc-tests/pipeline-runtime/src/prt_gemmini_adapter.c:3186
#6  0x0000000000030556 in stage_worker_main (arg=0x83960)
    at /home/ubuntu/chipyard/generators/gemmini/software/gemmini-rocc-tests/pipeline-runtime/src/prt_runtime.c:4514
#7  0x0000003ff7e6cf46 in ?? ()
   from /home/ubuntu/chipyard/.conda-env/riscv-tools/sysroot/lib/libc.so.6

--- BP worker after prt_gemm_conv_run line 4515 ---
resadd_desc = {
  I = 0,
  J = 0,
  A_scale = 0,
  B_scale = 0,
  C_scale = 0,
  stride = 0,
  A = 0x0,
  B = 0x0,
  C = 0x0,
  relu = 0,
  tiled_type = 0
}
task = {
  stage_id = 0,
  acc_id = 0,
  num_managers = 8,
  manager_ids = {0, 1, 2, 3, 4, 5, 6, 7, 0 <repeats 56 times>},
  tile_count = 8,
  split_kind = PRT_LAYER_SPLIT_OC,
  op_kind = PRT_STAGE_OP_CONV,
  opaque_task = 0x3ff6d75550
}
conv_desc = {
  batch_size = 1,
  in_row_dim = 256,
  in_col_dim = 1,
  in_channels = 256,
  out_channels = 256,
  out_row_dim = 256,
  out_col_dim = 1,
  in_stride = 256,
  weight_stride = 256,
  out_stride = 256,
  groups = 1,
  stride = 1,
  input_dilation = 1,
  kernel_dilation = 1,
  padding = 0,
  kernel_dim = 1,
  wrot180 = 0,
  trans_output_1203 = 0,
  trans_input_3120 = 0,
  trans_weight_1203 = 0,
  trans_weight_0132 = 0,
  input = 0x3ff6d93400,
  weights = 0x3ff6d83400,
  bias = 0x3ff6d83000,
  output = 0x3ff6da3400,
  act = 1,
  output_scale = 1,
  pool_size = 1,
  pool_stride = 0,
  pool_padding = 0,
  tiled_type = 1
}
overlap_mode = <optimized out>
gemm_begin_ns = 8079486000
progress_sbatch = <optimized out>
segment_idx = <optimized out>
rc = 0
retry = <optimized out>
global_stage_id = <optimized out>
ctx = 0x83960
rt = 0x3fffffdef0
exec = <optimized out>
timeout_ns = <optimized out>
wait_timeout_ns = <optimized out>
entry_bufs = {0x6cd60, 0x0 <repeats 1023 times>}
export_bufs = {0x6d078, 0x0 <repeats 1023 times>}
iso_pairs = {0x0 <repeats 1024 times>}
shared_pairs = {0x1, 0x0 <repeats 818 times>, 0x3ff7f10858, 0x3ff6d7d668, 
  0x17, 0x3, 0x3ff7e4a1c6, 0x0, 0x3ff7f06dd0, 0x1, 0x3ff6d7d750, 0x3ff6d7d668, 
  0x3ff7e4f71a, 0x0, 0x0, 0x0, 0x0, 0x0, 0x0, 0x0, 0x0, 0xa, 0x0, 0x20, 
  0x3ff6d7d5ed, 0x0, 0x0, 0x0, 0x0, 0x3ff7f10858, 0x3ff7f1086f, 0x4160, 0x0, 
  0x4150, 0x0, 0xffffffffffffffff, 0x0, 0x8ff, 0x0, 0x0, 0x3ff7f10871, 
  0x3ff6d7d748, 0x0 <repeats 130 times>...}
entry_count = <optimized out>
export_count = <optimized out>
iso_pair_count = <optimized out>
shared_pair_count = <optimized out>
last_wait_log_ms = 0
#0  stage_worker_main (arg=0x83960)
    at /home/ubuntu/chipyard/generators/gemmini/software/gemmini-rocc-tests/pipeline-runtime/src/prt_runtime.c:4518
#1  0x0000003ff7e6cf46 in ?? ()
   from /home/ubuntu/chipyard/.conda-env/riscv-tools/sysroot/lib/libc.so.6
#2  0x0000003ff7eb5fcc in ?? ()
   from /home/ubuntu/chipyard/.conda-env/riscv-tools/sysroot/lib/libc.so.6

--- BP worker export-sync enter line 4560 ---
resadd_desc = {
  I = 0,
  J = 0,
  A_scale = 0,
  B_scale = 0,
  C_scale = 0,
  stride = 0,
  A = 0x0,
  B = 0x0,
  C = 0x0,
  relu = 0,
  tiled_type = 0
}
task = {
  stage_id = 0,
  acc_id = 0,
  num_managers = 8,
  manager_ids = {0, 1, 2, 3, 4, 5, 6, 7, 0 <repeats 56 times>},
  tile_count = 8,
  split_kind = PRT_LAYER_SPLIT_OC,
  op_kind = PRT_STAGE_OP_CONV,
  opaque_task = 0x3ff6d75550
}
conv_desc = {
  batch_size = 1,
  in_row_dim = 256,
  in_col_dim = 1,
  in_channels = 256,
  out_channels = 256,
  out_row_dim = 256,
  out_col_dim = 1,
  in_stride = 256,
  weight_stride = 256,
  out_stride = 256,
  groups = 1,
  stride = 1,
  input_dilation = 1,
  kernel_dilation = 1,
  padding = 0,
  kernel_dim = 1,
  wrot180 = 0,
  trans_output_1203 = 0,
  trans_input_3120 = 0,
  trans_weight_1203 = 0,
  trans_weight_0132 = 0,
  input = 0x3ff6d93400,
  weights = 0x3ff6d83400,
  bias = 0x3ff6d83000,
  output = 0x3ff6da3400,
  act = 1,
  output_scale = 1,
  pool_size = 1,
  pool_stride = 0,
  pool_padding = 0,
  tiled_type = 1
}
overlap_mode = <optimized out>
gemm_begin_ns = <optimized out>
progress_sbatch = <optimized out>
segment_idx = <optimized out>
rc = <optimized out>
retry = <optimized out>
global_stage_id = <optimized out>
ctx = 0x83960
rt = 0x3fffffdef0
exec = <optimized out>
timeout_ns = <optimized out>
wait_timeout_ns = <optimized out>
entry_bufs = {0x6cd60, 0x0 <repeats 1023 times>}
export_bufs = {0x6d078, 0x0 <repeats 1023 times>}
iso_pairs = {0x0 <repeats 1024 times>}
shared_pairs = {0x1, 0x0 <repeats 818 times>, 0x3ff7f10858, 0x3ff6d7d668, 
  0x17, 0x3, 0x3ff7e4a1c6, 0x0, 0x3ff7f06dd0, 0x1, 0x3ff6d7d750, 0x3ff6d7d668, 
  0x3ff7e4f71a, 0x0, 0x0, 0x0, 0x0, 0x0, 0x0, 0x0, 0x0, 0xa, 0x0, 0x20, 
  0x3ff6d7d5ed, 0x0, 0x0, 0x0, 0x0, 0x3ff7f10858, 0x3ff7f1086f, 0x4160, 0x0, 
  0x4150, 0x0, 0xffffffffffffffff, 0x0, 0x8ff, 0x0, 0x0, 0x3ff7f10871, 
  0x3ff6d7d748, 0x0 <repeats 130 times>...}
entry_count = <optimized out>
export_count = <optimized out>
iso_pair_count = <optimized out>
shared_pair_count = <optimized out>
last_wait_log_ms = 0
#0  stage_worker_main (arg=0x83960)
    at /home/ubuntu/chipyard/generators/gemmini/software/gemmini-rocc-tests/pipeline-runtime/src/prt_runtime.c:4562
#1  0x0000003ff7e6cf46 in ?? ()
   from /home/ubuntu/chipyard/.conda-env/riscv-tools/sysroot/lib/libc.so.6
#2  0x0000003ff7eb5fcc in ?? ()
   from /home/ubuntu/chipyard/.conda-env/riscv-tools/sysroot/lib/libc.so.6

--- BP sync_stage_export_aliases ---
rt = 0x3fffffdef0
segment_idx = 1
stage_id = 0
global_stage_id = 1
subbatch_id = 7
#0  sync_stage_export_aliases (rt=rt@entry=0x3fffffdef0, 
    segment_idx=segment_idx@entry=1, stage_id=0, 
    global_stage_id=global_stage_id@entry=1, subbatch_id=subbatch_id@entry=7)
    at /home/ubuntu/chipyard/generators/gemmini/software/gemmini-rocc-tests/pipeline-runtime/src/prt_runtime.c:2552
#1  0x000000000003065a in stage_worker_main (arg=0x83960)
    at /home/ubuntu/chipyard/generators/gemmini/software/gemmini-rocc-tests/pipeline-runtime/src/prt_runtime.c:4570
#2  0x0000003ff7e6cf46 in ?? ()
   from /home/ubuntu/chipyard/.conda-env/riscv-tools/sysroot/lib/libc.so.6
#3  0x0000003ff7eb5fcc in ?? ()
   from /home/ubuntu/chipyard/.conda-env/riscv-tools/sysroot/lib/libc.so.6
Error in testing condition for breakpoint 11:
value has been optimized out

--- BP prt_rr_acquire_scope opcode2 ---
rt = 0x3fffffdef0
stage_id = 0
manager_id = 0
opcode_id = 2
scope = 0x3ff6d74fb0
#0  prt_rr_acquire_scope (rt=rt@entry=0x3fffffdef0, stage_id=stage_id@entry=0, 
    manager_id=manager_id@entry=0, opcode_id=opcode_id@entry=2, 
    scope=scope@entry=0x3ff6d74fb0)
    at /home/ubuntu/chipyard/generators/gemmini/software/gemmini-rocc-tests/pipeline-runtime/src/prt_rerocc.c:347
#1  0x0000000000018fb0 in dma_batch_scope_acquire (opcode_id=2, 
    scope=0x3ff6d74fb0, manager_id=0, stage_idx=0, rt=0x3fffffdef0)
    at /home/ubuntu/chipyard/generators/gemmini/software/gemmini-rocc-tests/pipeline-runtime/src/prt_dma.c:2272
#2  dma_copy_spm_pages_to_host_linux (rt=0x3fffffdef0, 
    dst_host=0x3ff6df4800 "", src_pages=<optimized out>, manager_id=0, 
    stage_idx=0, tensor_id=3, timeout_ns=5000000000, total_bytes=65536)
    at /home/ubuntu/chipyard/generators/gemmini/software/gemmini-rocc-tests/pipeline-runtime/src/prt_dma.c:905
#3  0x000000000001a3c6 in prt_dma_copy_spm_pages_to_dram_prefix (
    timeout_ns=<optimized out>, tensor_id=<optimized out>, 
    stage_idx=<optimized out>, manager_id=<optimized out>, 
    bytes=<optimized out>, src_pages=<optimized out>, 
    dst_dram_addr=<optimized out>, rt=<optimized out>)
    at /home/ubuntu/chipyard/generators/gemmini/software/gemmini-rocc-tests/pipeline-runtime/src/prt_dma.c:2869
#4  0x000000000002bc1e in copy_tensor_pages_to_model_alias_target (
    rt=rt@entry=0x3fffffdef0, tensor_id=tensor_id@entry=3, 
    pages=pages@entry=0x6d0a0, src_size=src_size@entry=65536, 
    manager_id=manager_id@entry=0, stage_id=stage_id@entry=0, target_seq=0, 
    layer_index=<optimized out>, slot=slot@entry=3, 
    target_kind=target_kind@entry=0x47668 "address", 
    target_slot=target_slot@entry=3, dst_addr=274724767744)
    at /home/ubuntu/chipyard/generators/gemmini/software/gemmini-rocc-tests/pipeline-runtime/src/prt_runtime.c:1973
#5  0x000000000002e1e8 in copy_tensor_pages_to_model_aliases (stage_id=0, 
    manager_id=0, src_size=<optimized out>, pages=0x6d0a0, tensor_id=3, 
    rt=0x3fffffdef0)
    at /home/ubuntu/chipyard/generators/gemmini/software/gemmini-rocc-tests/pipeline-runtime/src/prt_runtime.c:2040
#6  sync_stage_export_aliases (rt=rt@entry=0x3fffffdef0, 
    segment_idx=segment_idx@entry=1, stage_id=0, 
    global_stage_id=global_stage_id@entry=1, subbatch_id=subbatch_id@entry=7)
    at /home/ubuntu/chipyard/generators/gemmini/software/gemmini-rocc-tests/pipeline-runtime/src/prt_runtime.c:2657
#7  0x000000000003065a in stage_worker_main (arg=0x83960)
    at /home/ubuntu/chipyard/generators/gemmini/software/gemmini-rocc-tests/pipeline-runtime/src/prt_runtime.c:4570

--- BP prt_dma_submit ---
rt = 0x3fffffdef0
req = 0x3ff6d74fc8
tok = 0x3ff6d74da8
$18 = {
  id = 0,
  stage_idx = 0,
  tensor_id = 3,
  owner_rt = 0x0,
  completion_flag = 0x0,
  completion_slot = 0,
  done = 0,
  hw_done_flag = 0,
  hw_done_flag_pa_rc = 0,
  initialized = 0,
  submit_ns = 0,
  debug_src_addr = 0,
  debug_dst_addr = 0,
  debug_bytes = 0,
  debug_done_flag_va = 0,
  debug_done_flag_pa = 0,
  debug_last_pending_log_ns = 0,
  debug_src_acc = 0,
  debug_dst_acc = 0,
  debug_page_idx = 0,
  debug_progress_polls = 0,
  debug_force_export_probe = 0,
  traced_complete = 0,
  status = 0,
  rr_scope_valid = 1,
  rr_scope_external = 1,
  rr_cfg_id = 0,
  rr_manager_id = 0,
  rr_opcode_id = 2,
  lock = {
    __data = {
      __lock = 0,
      __count = 0,
      __owner = 0,
      __nusers = 0,
      __kind = 0,
      __spins = 0,
      __list = {
        __prev = 0x0,
        __next = 0x0
      }
    },
    __size = '\000' <repeats 39 times>,
    __align = 0
  },
  cv = {
    __data = {
      __wseq = {
        __value64 = 0,
        __value32 = {
          __low = 0,
          __high = 0
        }
      },
      __g1_start = {
        __value64 = 0,
        __value32 = {
          __low = 0,
          __high = 0
        }
      },
      __g_refs = {0, 0},
      __g_size = {0, 0},
      __g1_orig_size = 0,
      __wrefs = 0,
      __g_signals = {0, 0}
    },
    __size = '\000' <repeats 47 times>,
    __align = 0
  }
}
#0  prt_dma_submit (rt=0x3fffffdef0, req=0x3ff6d74fc8, tok=0x3ff6d74da8)
    at /home/ubuntu/chipyard/generators/gemmini/software/gemmini-rocc-tests/pipeline-runtime/src/prt_dma.c:2698
#1  0x00000000000181aa in dma_submit_wait_annotated_scoped (
    rt=rt@entry=0x3fffffdef0, req=req@entry=0x3ff6d74fc8, 
    stage_idx=stage_idx@entry=0, tensor_id=tensor_id@entry=3, 
    timeout_ns=timeout_ns@entry=5000000000, scope=scope@entry=0x3ff6d74fb0, 
    force_export_probe=force_export_probe@entry=0, 
    debug_page_idx=debug_page_idx@entry=0)
    at /home/ubuntu/chipyard/generators/gemmini/software/gemmini-rocc-tests/pipeline-runtime/src/prt_dma.c:2094
#2  0x0000000000019402 in dma_copy_spm_pages_to_host_linux (rt=0x3fffffdef0, 
    dst_host=0x3ff6df4800 "", src_pages=<optimized out>, manager_id=0, 
    stage_idx=0, tensor_id=3, timeout_ns=5000000000, 
    total_bytes=<optimized out>)
    at /home/ubuntu/chipyard/generators/gemmini/software/gemmini-rocc-tests/pipeline-runtime/src/prt_dma.c:1209
#3  0x000000000001a3c6 in prt_dma_copy_spm_pages_to_dram_prefix (
    timeout_ns=<optimized out>, tensor_id=<optimized out>, 
    stage_idx=<optimized out>, manager_id=<optimized out>, 
    bytes=<optimized out>, src_pages=<optimized out>, 
    dst_dram_addr=<optimized out>, rt=<optimized out>)
    at /home/ubuntu/chipyard/generators/gemmini/software/gemmini-rocc-tests/pipeline-runtime/src/prt_dma.c:2869
#4  0x000000000002bc1e in copy_tensor_pages_to_model_alias_target (
    rt=rt@entry=0x3fffffdef0, tensor_id=tensor_id@entry=3, 
    pages=pages@entry=0x6d0a0, src_size=src_size@entry=65536, 
    manager_id=manager_id@entry=0, stage_id=stage_id@entry=0, target_seq=0, 
    layer_index=<optimized out>, slot=slot@entry=3, 
    target_kind=target_kind@entry=0x47668 "address", 
    target_slot=target_slot@entry=3, dst_addr=274724767744)
    at /home/ubuntu/chipyard/generators/gemmini/software/gemmini-rocc-tests/pipeline-runtime/src/prt_runtime.c:1973
#5  0x000000000002e1e8 in copy_tensor_pages_to_model_aliases (stage_id=0, 
    manager_id=0, src_size=<optimized out>, pages=0x6d0a0, tensor_id=3, 
    rt=0x3fffffdef0)
    at /home/ubuntu/chipyard/generators/gemmini/software/gemmini-rocc-tests/pipeline-runtime/src/prt_runtime.c:2040
#6  sync_stage_export_aliases (rt=rt@entry=0x3fffffdef0, 
    segment_idx=segment_idx@entry=1, stage_id=0, 
    global_stage_id=global_stage_id@entry=1, subbatch_id=subbatch_id@entry=7)
    at /home/ubuntu/chipyard/generators/gemmini/software/gemmini-rocc-tests/pipeline-runtime/src/prt_runtime.c:2657
#7  0x000000000003065a in stage_worker_main (arg=0x83960)
    at /home/ubuntu/chipyard/generators/gemmini/software/gemmini-rocc-tests/pipeline-runtime/src/prt_runtime.c:4570

--- BP dma_blocking_wait ---
rt = 0x3fffffdef0
tok = 0x3ff6d74da8
timeout_ns = 5000000000
$19 = {
  id = 5009,
  stage_idx = 0,
  tensor_id = 3,
  owner_rt = 0x3fffffdef0,
  completion_flag = 0x5e000,
  completion_slot = 0,
  done = 0,
  hw_done_flag = 0,
  hw_done_flag_pa_rc = 0,
  initialized = 1,
  submit_ns = 17807505000,
  debug_src_addr = 1073750016,
  debug_dst_addr = 4372932608,
  debug_bytes = 1024,
  debug_done_flag_va = 385024,
  debug_done_flag_pa = 4342575104,
  debug_last_pending_log_ns = 0,
  debug_src_acc = 0,
  debug_dst_acc = 0,
  debug_page_idx = 0,
  debug_progress_polls = 0,
  debug_force_export_probe = 0,
  traced_complete = 0,
  status = 0,
  rr_scope_valid = 1,
  rr_scope_external = 1,
  rr_cfg_id = 0,
  rr_manager_id = 0,
  rr_opcode_id = 2,
  lock = {
    __data = {
      __lock = 0,
      __count = 0,
      __owner = 0,
      __nusers = 0,
      __kind = 0,
      __spins = 0,
      __list = {
        __prev = 0x0,
        __next = 0x0
      }
    },
    __size = '\000' <repeats 39 times>,
    __align = 0
  },
  cv = {
    __data = {
      __wseq = {
        __value64 = 0,
        __value32 = {
          __low = 0,
          __high = 0
        }
      },
      __g1_start = {
        __value64 = 0,
        __value32 = {
          __low = 0,
          __high = 0
        }
      },
      __g_refs = {0, 0},
      __g_size = {0, 0},
      __g1_orig_size = 0,
      __wrefs = 0,
      __g_signals = {0, 0}
    },
    __size = '\000' <repeats 47 times>,
    __align = 0
  }
}
#0  dma_blocking_wait (rt=0x3fffffdef0, tok=0x3ff6d74da8, 
    timeout_ns=5000000000)
    at /home/ubuntu/chipyard/generators/gemmini/software/gemmini-rocc-tests/pipeline-runtime/src/prt_dma.c:3578
#1  0x00000000000181c0 in prt_dma_wait (timeout_ns=5000000000, 
    tok=0x3ff6d74da8, rt=0x3fffffdef0)
    at /home/ubuntu/chipyard/generators/gemmini/software/gemmini-rocc-tests/pipeline-runtime/src/prt_dma.c:2708
#2  dma_submit_wait_annotated_scoped (rt=rt@entry=0x3fffffdef0, 
    req=req@entry=0x3ff6d74fc8, stage_idx=stage_idx@entry=0, 
    tensor_id=tensor_id@entry=3, timeout_ns=timeout_ns@entry=5000000000, 
    scope=scope@entry=0x3ff6d74fb0, 
    force_export_probe=force_export_probe@entry=0, 
    debug_page_idx=debug_page_idx@entry=0)
    at /home/ubuntu/chipyard/generators/gemmini/software/gemmini-rocc-tests/pipeline-runtime/src/prt_dma.c:2121
#3  0x0000000000019402 in dma_copy_spm_pages_to_host_linux (rt=0x3fffffdef0, 
    dst_host=0x3ff6df4800 "", src_pages=<optimized out>, manager_id=0, 
    stage_idx=0, tensor_id=3, timeout_ns=5000000000, 
    total_bytes=<optimized out>)
    at /home/ubuntu/chipyard/generators/gemmini/software/gemmini-rocc-tests/pipeline-runtime/src/prt_dma.c:1209
#4  0x000000000001a3c6 in prt_dma_copy_spm_pages_to_dram_prefix (
    timeout_ns=<optimized out>, tensor_id=<optimized out>, 
    stage_idx=<optimized out>, manager_id=<optimized out>, 
    bytes=<optimized out>, src_pages=<optimized out>, 
    dst_dram_addr=<optimized out>, rt=<optimized out>)
    at /home/ubuntu/chipyard/generators/gemmini/software/gemmini-rocc-tests/pipeline-runtime/src/prt_dma.c:2869
#5  0x000000000002bc1e in copy_tensor_pages_to_model_alias_target (
    rt=rt@entry=0x3fffffdef0, tensor_id=tensor_id@entry=3, 
    pages=pages@entry=0x6d0a0, src_size=src_size@entry=65536, 
    manager_id=manager_id@entry=0, stage_id=stage_id@entry=0, target_seq=0, 
    layer_index=<optimized out>, slot=slot@entry=3, 
    target_kind=target_kind@entry=0x47668 "address", 
    target_slot=target_slot@entry=3, dst_addr=274724767744)
    at /home/ubuntu/chipyard/generators/gemmini/software/gemmini-rocc-tests/pipeline-runtime/src/prt_runtime.c:1973
#6  0x000000000002e1e8 in copy_tensor_pages_to_model_aliases (stage_id=0, 
    manager_id=0, src_size=<optimized out>, pages=0x6d0a0, tensor_id=3, 
    rt=0x3fffffdef0)
    at /home/ubuntu/chipyard/generators/gemmini/software/gemmini-rocc-tests/pipeline-runtime/src/prt_runtime.c:2040
#7  sync_stage_export_aliases (rt=rt@entry=0x3fffffdef0, 
    segment_idx=segment_idx@entry=1, stage_id=0, 
    global_stage_id=global_stage_id@entry=1, subbatch_id=subbatch_id@entry=7)
    at /home/ubuntu/chipyard/generators/gemmini/software/gemmini-rocc-tests/pipeline-runtime/src/prt_runtime.c:2657

--- BP prt_rr_fence_scope ---
scope = 0x3ff6d74ce8
$20 = {
  valid = 1,
  cfg_id = 0,
  stage_id = 0,
  manager_id = 0,
  opcode_id = 2
}
#0  prt_rr_fence_scope (scope=scope@entry=0x3ff6d74ce8)
    at /home/ubuntu/chipyard/generators/gemmini/software/gemmini-rocc-tests/pipeline-runtime/src/prt_rerocc.c:371
#1  0x0000000000016302 in dma_token_fence_scope (tok=0x3ff6d74da8)
    at /home/ubuntu/chipyard/generators/gemmini/software/gemmini-rocc-tests/pipeline-runtime/src/prt_dma.c:2257
#2  dma_blocking_wait (rt=0x3fffffdef0, tok=0x3ff6d74da8, 
    timeout_ns=<optimized out>)
    at /home/ubuntu/chipyard/generators/gemmini/software/gemmini-rocc-tests/pipeline-runtime/src/prt_dma.c:3762
#3  0x00000000000181c0 in prt_dma_wait (timeout_ns=5000000000, 
    tok=0x3ff6d74da8, rt=0x3fffffdef0)
    at /home/ubuntu/chipyard/generators/gemmini/software/gemmini-rocc-tests/pipeline-runtime/src/prt_dma.c:2708
#4  dma_submit_wait_annotated_scoped (rt=rt@entry=0x3fffffdef0, 
    req=req@entry=0x3ff6d74fc8, stage_idx=stage_idx@entry=0, 
    tensor_id=tensor_id@entry=3, timeout_ns=timeout_ns@entry=5000000000, 
    scope=scope@entry=0x3ff6d74fb0, 
    force_export_probe=force_export_probe@entry=0, 
    debug_page_idx=debug_page_idx@entry=0)
    at /home/ubuntu/chipyard/generators/gemmini/software/gemmini-rocc-tests/pipeline-runtime/src/prt_dma.c:2121
#5  0x0000000000019402 in dma_copy_spm_pages_to_host_linux (rt=0x3fffffdef0, 
    dst_host=0x3ff6df4800 "", src_pages=<optimized out>, manager_id=0, 
    stage_idx=0, tensor_id=3, timeout_ns=5000000000, 
    total_bytes=<optimized out>)
    at /home/ubuntu/chipyard/generators/gemmini/software/gemmini-rocc-tests/pipeline-runtime/src/prt_dma.c:1209
#6  0x000000000001a3c6 in prt_dma_copy_spm_pages_to_dram_prefix (
    timeout_ns=<optimized out>, tensor_id=<optimized out>, 
    stage_idx=<optimized out>, manager_id=<optimized out>, 
    bytes=<optimized out>, src_pages=<optimized out>, 
    dst_dram_addr=<optimized out>, rt=<optimized out>)
    at /home/ubuntu/chipyard/generators/gemmini/software/gemmini-rocc-tests/pipeline-runtime/src/prt_dma.c:2869
#7  0x000000000002bc1e in copy_tensor_pages_to_model_alias_target (
    rt=rt@entry=0x3fffffdef0, tensor_id=tensor_id@entry=3, 
    pages=pages@entry=0x6d0a0, src_size=src_size@entry=65536, 
    manager_id=manager_id@entry=0, stage_id=stage_id@entry=0, target_seq=0, 
    layer_index=<optimized out>, slot=slot@entry=3, 
    target_kind=target_kind@entry=0x47668 "address", 
    target_slot=target_slot@entry=3, dst_addr=274724767744)
    at /home/ubuntu/chipyard/generators/gemmini/software/gemmini-rocc-tests/pipeline-runtime/src/prt_runtime.c:1973

--- BP dma_gdb_marker_wait_return ---
rc = 0
tok = 0x3ff6d74da8
$21 = {
  id = 5009,
  stage_idx = 0,
  tensor_id = 3,
  owner_rt = 0x3fffffdef0,
  completion_flag = 0x5e000,
  completion_slot = 0,
  done = 1,
  hw_done_flag = 1,
  hw_done_flag_pa_rc = 0,
  initialized = 1,
  submit_ns = 17807505000,
  debug_src_addr = 1073750016,
  debug_dst_addr = 4372932608,
  debug_bytes = 1024,
  debug_done_flag_va = 385024,
  debug_done_flag_pa = 4342575104,
  debug_last_pending_log_ns = 0,
  debug_src_acc = 0,
  debug_dst_acc = 0,
  debug_page_idx = 0,
  debug_progress_polls = 0,
  debug_force_export_probe = 0,
  traced_complete = 1,
  status = 0,
  rr_scope_valid = 1,
  rr_scope_external = 1,
  rr_cfg_id = 0,
  rr_manager_id = 0,
  rr_opcode_id = 2,
  lock = {
    __data = {
      __lock = 0,
      __count = 0,
      __owner = 0,
      __nusers = 0,
      __kind = 0,
      __spins = 0,
      __list = {
        __prev = 0x0,
        __next = 0x0
      }
    },
    __size = '\000' <repeats 39 times>,
    __align = 0
  },
  cv = {
    __data = {
      __wseq = {
        __value64 = 0,
        __value32 = {
          __low = 0,
          __high = 0
        }
      },
      __g1_start = {
        __value64 = 0,
        __value32 = {
          __low = 0,
          __high = 0
        }
      },
      __g_refs = {0, 0},
      __g_size = {0, 0},
      __g1_orig_size = 0,
      __wrefs = 0,
      __g_signals = {0, 0}
    },
    __size = '\000' <repeats 47 times>,
    __align = 0
  }
}
#0  dma_gdb_marker_wait_return (rc=0, tok=0x3ff6d74da8)
    at /home/ubuntu/chipyard/generators/gemmini/software/gemmini-rocc-tests/pipeline-runtime/src/prt_dma.c:3561
#1  dma_blocking_wait (rt=0x3fffffdef0, tok=0x3ff6d74da8, 
    timeout_ns=<optimized out>)
    at /home/ubuntu/chipyard/generators/gemmini/software/gemmini-rocc-tests/pipeline-runtime/src/prt_dma.c:3868
#2  0x00000000000181c0 in prt_dma_wait (timeout_ns=5000000000, 
    tok=0x3ff6d74da8, rt=0x3fffffdef0)
    at /home/ubuntu/chipyard/generators/gemmini/software/gemmini-rocc-tests/pipeline-runtime/src/prt_dma.c:2708
#3  dma_submit_wait_annotated_scoped (rt=rt@entry=0x3fffffdef0, 
    req=req@entry=0x3ff6d74fc8, stage_idx=stage_idx@entry=0, 
    tensor_id=tensor_id@entry=3, timeout_ns=timeout_ns@entry=5000000000, 
    scope=scope@entry=0x3ff6d74fb0, 
    force_export_probe=force_export_probe@entry=0, 
    debug_page_idx=debug_page_idx@entry=0)
    at /home/ubuntu/chipyard/generators/gemmini/software/gemmini-rocc-tests/pipeline-runtime/src/prt_dma.c:2121
#4  0x0000000000019402 in dma_copy_spm_pages_to_host_linux (rt=0x3fffffdef0, 
    dst_host=0x3ff6df4800 "", src_pages=<optimized out>, manager_id=0, 
    stage_idx=0, tensor_id=3, timeout_ns=5000000000, 
    total_bytes=<optimized out>)
    at /home/ubuntu/chipyard/generators/gemmini/software/gemmini-rocc-tests/pipeline-runtime/src/prt_dma.c:1209
#5  0x000000000001a3c6 in prt_dma_copy_spm_pages_to_dram_prefix (
    timeout_ns=<optimized out>, tensor_id=<optimized out>, 
    stage_idx=<optimized out>, manager_id=<optimized out>, 
    bytes=<optimized out>, src_pages=<optimized out>, 
    dst_dram_addr=<optimized out>, rt=<optimized out>)
    at /home/ubuntu/chipyard/generators/gemmini/software/gemmini-rocc-tests/pipeline-runtime/src/prt_dma.c:2869
#6  0x000000000002bc1e in copy_tensor_pages_to_model_alias_target (
    rt=rt@entry=0x3fffffdef0, tensor_id=tensor_id@entry=3, 
    pages=pages@entry=0x6d0a0, src_size=src_size@entry=65536, 
    manager_id=manager_id@entry=0, stage_id=stage_id@entry=0, target_seq=0, 
    layer_index=<optimized out>, slot=slot@entry=3, 
    target_kind=target_kind@entry=0x47668 "address", 
    target_slot=target_slot@entry=3, dst_addr=274724767744)
    at /home/ubuntu/chipyard/generators/gemmini/software/gemmini-rocc-tests/pipeline-runtime/src/prt_runtime.c:1973
#7  0x000000000002e1e8 in copy_tensor_pages_to_model_aliases (stage_id=0, 
    manager_id=0, src_size=<optimized out>, pages=0x6d0a0, tensor_id=3, 
    rt=0x3fffffdef0)
    at /home/ubuntu/chipyard/generators/gemmini/software/gemmini-rocc-tests/pipeline-runtime/src/prt_runtime.c:2040

--- BP prt_dma_submit ---
rt = 0x3fffffdef0
req = 0x3ff6d74fc8
tok = 0x3ff6d74da8
$22 = {
  id = 0,
  stage_idx = 0,
  tensor_id = 3,
  owner_rt = 0x0,
  completion_flag = 0x0,
  completion_slot = 0,
  done = 0,
  hw_done_flag = 0,
  hw_done_flag_pa_rc = 0,
  initialized = 0,
  submit_ns = 0,
  debug_src_addr = 0,
  debug_dst_addr = 0,
  debug_bytes = 0,
  debug_done_flag_va = 0,
  debug_done_flag_pa = 0,
  debug_last_pending_log_ns = 0,
  debug_src_acc = 0,
  debug_dst_acc = 0,
  debug_page_idx = 1,
  debug_progress_polls = 0,
  debug_force_export_probe = 0,
  traced_complete = 0,
  status = 0,
  rr_scope_valid = 1,
  rr_scope_external = 1,
  rr_cfg_id = 0,
  rr_manager_id = 0,
  rr_opcode_id = 2,
  lock = {
    __data = {
      __lock = 0,
      __count = 0,
      __owner = 0,
      __nusers = 0,
      __kind = 0,
      __spins = 0,
      __list = {
        __prev = 0x0,
        __next = 0x0
      }
    },
    __size = '\000' <repeats 39 times>,
    __align = 0
  },
  cv = {
    __data = {
      __wseq = {
        __value64 = 0,
        __value32 = {
          __low = 0,
          __high = 0
        }
      },
      __g1_start = {
        __value64 = 0,
        __value32 = {
          __low = 0,
          __high = 0
        }
      },
      __g_refs = {0, 0},
      __g_size = {0, 0},
      __g1_orig_size = 0,
      __wrefs = 0,
      __g_signals = {0, 0}
    },
    __size = '\000' <repeats 47 times>,
    __align = 0
  }
}
#0  prt_dma_submit (rt=0x3fffffdef0, req=0x3ff6d74fc8, tok=0x3ff6d74da8)
    at /home/ubuntu/chipyard/generators/gemmini/software/gemmini-rocc-tests/pipeline-runtime/src/prt_dma.c:2698
#1  0x00000000000181aa in dma_submit_wait_annotated_scoped (
    rt=rt@entry=0x3fffffdef0, req=req@entry=0x3ff6d74fc8, 
    stage_idx=stage_idx@entry=0, tensor_id=tensor_id@entry=3, 
    timeout_ns=timeout_ns@entry=5000000000, scope=scope@entry=0x3ff6d74fb0, 
    force_export_probe=force_export_probe@entry=0, 
    debug_page_idx=debug_page_idx@entry=1)
    at /home/ubuntu/chipyard/generators/gemmini/software/gemmini-rocc-tests/pipeline-runtime/src/prt_dma.c:2094
#2  0x0000000000019402 in dma_copy_spm_pages_to_host_linux (rt=0x3fffffdef0, 
    dst_host=0x3ff6df4800 "", src_pages=<optimized out>, manager_id=0, 
    stage_idx=0, tensor_id=3, timeout_ns=5000000000, 
    total_bytes=<optimized out>)
    at /home/ubuntu/chipyard/generators/gemmini/software/gemmini-rocc-tests/pipeline-runtime/src/prt_dma.c:1209
#3  0x000000000001a3c6 in prt_dma_copy_spm_pages_to_dram_prefix (
    timeout_ns=<optimized out>, tensor_id=<optimized out>, 
    stage_idx=<optimized out>, manager_id=<optimized out>, 
    bytes=<optimized out>, src_pages=<optimized out>, 
    dst_dram_addr=<optimized out>, rt=<optimized out>)
    at /home/ubuntu/chipyard/generators/gemmini/software/gemmini-rocc-tests/pipeline-runtime/src/prt_dma.c:2869
#4  0x000000000002bc1e in copy_tensor_pages_to_model_alias_target (
    rt=rt@entry=0x3fffffdef0, tensor_id=tensor_id@entry=3, 
    pages=pages@entry=0x6d0a0, src_size=src_size@entry=65536, 
    manager_id=manager_id@entry=0, stage_id=stage_id@entry=0, target_seq=0, 
    layer_index=<optimized out>, slot=slot@entry=3, 
    target_kind=target_kind@entry=0x47668 "address", 
    target_slot=target_slot@entry=3, dst_addr=274724767744)
    at /home/ubuntu/chipyard/generators/gemmini/software/gemmini-rocc-tests/pipeline-runtime/src/prt_runtime.c:1973
#5  0x000000000002e1e8 in copy_tensor_pages_to_model_aliases (stage_id=0, 
    manager_id=0, src_size=<optimized out>, pages=0x6d0a0, tensor_id=3, 
    rt=0x3fffffdef0)
    at /home/ubuntu/chipyard/generators/gemmini/software/gemmini-rocc-tests/pipeline-runtime/src/prt_runtime.c:2040
#6  sync_stage_export_aliases (rt=rt@entry=0x3fffffdef0, 
    segment_idx=segment_idx@entry=1, stage_id=0, 
    global_stage_id=global_stage_id@entry=1, subbatch_id=subbatch_id@entry=7)
    at /home/ubuntu/chipyard/generators/gemmini/software/gemmini-rocc-tests/pipeline-runtime/src/prt_runtime.c:2657
#7  0x000000000003065a in stage_worker_main (arg=0x83960)
    at /home/ubuntu/chipyard/generators/gemmini/software/gemmini-rocc-tests/pipeline-runtime/src/prt_runtime.c:4570

--- BP dma_blocking_wait ---
rt = 0x3fffffdef0
tok = 0x3ff6d74da8
timeout_ns = 5000000000
$23 = {
  id = 5010,
  stage_idx = 0,
  tensor_id = 3,
  owner_rt = 0x3fffffdef0,
  completion_flag = 0x5e000,
  completion_slot = 0,
  done = 0,
  hw_done_flag = 0,
  hw_done_flag_pa_rc = 0,
  initialized = 1,
  submit_ns = 18354207000,
  debug_src_addr = 1074798592,
  debug_dst_addr = 4372933632,
  debug_bytes = 1024,
  debug_done_flag_va = 385024,
  debug_done_flag_pa = 4342575104,
  debug_last_pending_log_ns = 0,
  debug_src_acc = 0,
  debug_dst_acc = 0,
  debug_page_idx = 1,
  debug_progress_polls = 0,
  debug_force_export_probe = 0,
  traced_complete = 0,
  status = 0,
  rr_scope_valid = 1,
  rr_scope_external = 1,
  rr_cfg_id = 0,
  rr_manager_id = 0,
  rr_opcode_id = 2,
  lock = {
    __data = {
      __lock = 0,
      __count = 0,
      __owner = 0,
      __nusers = 0,
      __kind = 0,
      __spins = 0,
      __list = {
        __prev = 0x0,
        __next = 0x0
      }
    },
    __size = '\000' <repeats 39 times>,
    __align = 0
  },
  cv = {
    __data = {
      __wseq = {
        __value64 = 0,
        __value32 = {
          __low = 0,
          __high = 0
        }
      },
      __g1_start = {
        __value64 = 0,
        __value32 = {
          __low = 0,
          __high = 0
        }
      },
      __g_refs = {0, 0},
      __g_size = {0, 0},
      __g1_orig_size = 0,
      __wrefs = 0,
      __g_signals = {0, 0}
    },
    __size = '\000' <repeats 47 times>,
    __align = 0
  }
}
#0  dma_blocking_wait (rt=0x3fffffdef0, tok=0x3ff6d74da8, 
    timeout_ns=5000000000)
    at /home/ubuntu/chipyard/generators/gemmini/software/gemmini-rocc-tests/pipeline-runtime/src/prt_dma.c:3578
#1  0x00000000000181c0 in prt_dma_wait (timeout_ns=5000000000, 
    tok=0x3ff6d74da8, rt=0x3fffffdef0)
    at /home/ubuntu/chipyard/generators/gemmini/software/gemmini-rocc-tests/pipeline-runtime/src/prt_dma.c:2708
#2  dma_submit_wait_annotated_scoped (rt=rt@entry=0x3fffffdef0, 
    req=req@entry=0x3ff6d74fc8, stage_idx=stage_idx@entry=0, 
    tensor_id=tensor_id@entry=3, timeout_ns=timeout_ns@entry=5000000000, 
    scope=scope@entry=0x3ff6d74fb0, 
    force_export_probe=force_export_probe@entry=0, 
    debug_page_idx=debug_page_idx@entry=1)
    at /home/ubuntu/chipyard/generators/gemmini/software/gemmini-rocc-tests/pipeline-runtime/src/prt_dma.c:2121
#3  0x0000000000019402 in dma_copy_spm_pages_to_host_linux (rt=0x3fffffdef0, 
    dst_host=0x3ff6df4800 "", src_pages=<optimized out>, manager_id=0, 
    stage_idx=0, tensor_id=3, timeout_ns=5000000000, 
    total_bytes=<optimized out>)
    at /home/ubuntu/chipyard/generators/gemmini/software/gemmini-rocc-tests/pipeline-runtime/src/prt_dma.c:1209
#4  0x000000000001a3c6 in prt_dma_copy_spm_pages_to_dram_prefix (
    timeout_ns=<optimized out>, tensor_id=<optimized out>, 
    stage_idx=<optimized out>, manager_id=<optimized out>, 
    bytes=<optimized out>, src_pages=<optimized out>, 
    dst_dram_addr=<optimized out>, rt=<optimized out>)
    at /home/ubuntu/chipyard/generators/gemmini/software/gemmini-rocc-tests/pipeline-runtime/src/prt_dma.c:2869
#5  0x000000000002bc1e in copy_tensor_pages_to_model_alias_target (
    rt=rt@entry=0x3fffffdef0, tensor_id=tensor_id@entry=3, 
    pages=pages@entry=0x6d0a0, src_size=src_size@entry=65536, 
    manager_id=manager_id@entry=0, stage_id=stage_id@entry=0, target_seq=0, 
    layer_index=<optimized out>, slot=slot@entry=3, 
    target_kind=target_kind@entry=0x47668 "address", 
    target_slot=target_slot@entry=3, dst_addr=274724767744)
    at /home/ubuntu/chipyard/generators/gemmini/software/gemmini-rocc-tests/pipeline-runtime/src/prt_runtime.c:1973
#6  0x000000000002e1e8 in copy_tensor_pages_to_model_aliases (stage_id=0, 
    manager_id=0, src_size=<optimized out>, pages=0x6d0a0, tensor_id=3, 
    rt=0x3fffffdef0)
    at /home/ubuntu/chipyard/generators/gemmini/software/gemmini-rocc-tests/pipeline-runtime/src/prt_runtime.c:2040
#7  sync_stage_export_aliases (rt=rt@entry=0x3fffffdef0, 
    segment_idx=segment_idx@entry=1, stage_id=0, 
    global_stage_id=global_stage_id@entry=1, subbatch_id=subbatch_id@entry=7)
    at /home/ubuntu/chipyard/generators/gemmini/software/gemmini-rocc-tests/pipeline-runtime/src/prt_runtime.c:2657

--- BP prt_rr_fence_scope ---
scope = 0x3ff6d74ce8
$24 = {
  valid = 1,
  cfg_id = 0,
  stage_id = 0,
  manager_id = 0,
  opcode_id = 2
}
#0  prt_rr_fence_scope (scope=scope@entry=0x3ff6d74ce8)
    at /home/ubuntu/chipyard/generators/gemmini/software/gemmini-rocc-tests/pipeline-runtime/src/prt_rerocc.c:371
#1  0x0000000000016302 in dma_token_fence_scope (tok=0x3ff6d74da8)
    at /home/ubuntu/chipyard/generators/gemmini/software/gemmini-rocc-tests/pipeline-runtime/src/prt_dma.c:2257
#2  dma_blocking_wait (rt=0x3fffffdef0, tok=0x3ff6d74da8, 
    timeout_ns=<optimized out>)
    at /home/ubuntu/chipyard/generators/gemmini/software/gemmini-rocc-tests/pipeline-runtime/src/prt_dma.c:3762
#3  0x00000000000181c0 in prt_dma_wait (timeout_ns=5000000000, 
    tok=0x3ff6d74da8, rt=0x3fffffdef0)
    at /home/ubuntu/chipyard/generators/gemmini/software/gemmini-rocc-tests/pipeline-runtime/src/prt_dma.c:2708
#4  dma_submit_wait_annotated_scoped (rt=rt@entry=0x3fffffdef0, 
    req=req@entry=0x3ff6d74fc8, stage_idx=stage_idx@entry=0, 
    tensor_id=tensor_id@entry=3, timeout_ns=timeout_ns@entry=5000000000, 
    scope=scope@entry=0x3ff6d74fb0, 
    force_export_probe=force_export_probe@entry=0, 
    debug_page_idx=debug_page_idx@entry=1)
    at /home/ubuntu/chipyard/generators/gemmini/software/gemmini-rocc-tests/pipeline-runtime/src/prt_dma.c:2121
#5  0x0000000000019402 in dma_copy_spm_pages_to_host_linux (rt=0x3fffffdef0, 
    dst_host=0x3ff6df4800 "", src_pages=<optimized out>, manager_id=0, 
    stage_idx=0, tensor_id=3, timeout_ns=5000000000, 
    total_bytes=<optimized out>)
    at /home/ubuntu/chipyard/generators/gemmini/software/gemmini-rocc-tests/pipeline-runtime/src/prt_dma.c:1209
#6  0x000000000001a3c6 in prt_dma_copy_spm_pages_to_dram_prefix (
    timeout_ns=<optimized out>, tensor_id=<optimized out>, 
    stage_idx=<optimized out>, manager_id=<optimized out>, 
    bytes=<optimized out>, src_pages=<optimized out>, 
    dst_dram_addr=<optimized out>, rt=<optimized out>)
    at /home/ubuntu/chipyard/generators/gemmini/software/gemmini-rocc-tests/pipeline-runtime/src/prt_dma.c:2869
#7  0x000000000002bc1e in copy_tensor_pages_to_model_alias_target (
    rt=rt@entry=0x3fffffdef0, tensor_id=tensor_id@entry=3, 
    pages=pages@entry=0x6d0a0, src_size=src_size@entry=65536, 
    manager_id=manager_id@entry=0, stage_id=stage_id@entry=0, target_seq=0, 
    layer_index=<optimized out>, slot=slot@entry=3, 
    target_kind=target_kind@entry=0x47668 "address", 
    target_slot=target_slot@entry=3, dst_addr=274724767744)
    at /home/ubuntu/chipyard/generators/gemmini/software/gemmini-rocc-tests/pipeline-runtime/src/prt_runtime.c:1973

--- BP dma_gdb_marker_wait_return ---
rc = 0
tok = 0x3ff6d74da8
$25 = {
  id = 5010,
  stage_idx = 0,
  tensor_id = 3,
  owner_rt = 0x3fffffdef0,
  completion_flag = 0x5e000,
  completion_slot = 0,
  done = 1,
  hw_done_flag = 1,
  hw_done_flag_pa_rc = 0,
  initialized = 1,
  submit_ns = 18354207000,
  debug_src_addr = 1074798592,
  debug_dst_addr = 4372933632,
  debug_bytes = 1024,
  debug_done_flag_va = 385024,
  debug_done_flag_pa = 4342575104,
  debug_last_pending_log_ns = 0,
  debug_src_acc = 0,
  debug_dst_acc = 0,
  debug_page_idx = 1,
  debug_progress_polls = 0,
  debug_force_export_probe = 0,
  traced_complete = 1,
  status = 0,
  rr_scope_valid = 1,
  rr_scope_external = 1,
  rr_cfg_id = 0,
  rr_manager_id = 0,
  rr_opcode_id = 2,
  lock = {
    __data = {
      __lock = 0,
      __count = 0,
      __owner = 0,
      __nusers = 0,
      __kind = 0,
      __spins = 0,
      __list = {
        __prev = 0x0,
        __next = 0x0
      }
    },
    __size = '\000' <repeats 39 times>,
    __align = 0
  },
  cv = {
    __data = {
      __wseq = {
        __value64 = 0,
        __value32 = {
          __low = 0,
          __high = 0
        }
      },
      __g1_start = {
        __value64 = 0,
        __value32 = {
          __low = 0,
          __high = 0
        }
      },
      __g_refs = {0, 0},
      __g_size = {0, 0},
      __g1_orig_size = 0,
      __wrefs = 0,
      __g_signals = {0, 0}
    },
    __size = '\000' <repeats 47 times>,
    __align = 0
  }
}
#0  dma_gdb_marker_wait_return (rc=0, tok=0x3ff6d74da8)
    at /home/ubuntu/chipyard/generators/gemmini/software/gemmini-rocc-tests/pipeline-runtime/src/prt_dma.c:3561
#1  dma_blocking_wait (rt=0x3fffffdef0, tok=0x3ff6d74da8, 
    timeout_ns=<optimized out>)
    at /home/ubuntu/chipyard/generators/gemmini/software/gemmini-rocc-tests/pipeline-runtime/src/prt_dma.c:3868
#2  0x00000000000181c0 in prt_dma_wait (timeout_ns=5000000000, 
    tok=0x3ff6d74da8, rt=0x3fffffdef0)
    at /home/ubuntu/chipyard/generators/gemmini/software/gemmini-rocc-tests/pipeline-runtime/src/prt_dma.c:2708
#3  dma_submit_wait_annotated_scoped (rt=rt@entry=0x3fffffdef0, 
    req=req@entry=0x3ff6d74fc8, stage_idx=stage_idx@entry=0, 
    tensor_id=tensor_id@entry=3, timeout_ns=timeout_ns@entry=5000000000, 
    scope=scope@entry=0x3ff6d74fb0, 
    force_export_probe=force_export_probe@entry=0, 
    debug_page_idx=debug_page_idx@entry=1)
    at /home/ubuntu/chipyard/generators/gemmini/software/gemmini-rocc-tests/pipeline-runtime/src/prt_dma.c:2121
#4  0x0000000000019402 in dma_copy_spm_pages_to_host_linux (rt=0x3fffffdef0, 
    dst_host=0x3ff6df4800 "", src_pages=<optimized out>, manager_id=0, 
    stage_idx=0, tensor_id=3, timeout_ns=5000000000, 
    total_bytes=<optimized out>)
    at /home/ubuntu/chipyard/generators/gemmini/software/gemmini-rocc-tests/pipeline-runtime/src/prt_dma.c:1209
#5  0x000000000001a3c6 in prt_dma_copy_spm_pages_to_dram_prefix (
    timeout_ns=<optimized out>, tensor_id=<optimized out>, 
    stage_idx=<optimized out>, manager_id=<optimized out>, 
    bytes=<optimized out>, src_pages=<optimized out>, 
    dst_dram_addr=<optimized out>, rt=<optimized out>)
    at /home/ubuntu/chipyard/generators/gemmini/software/gemmini-rocc-tests/pipeline-runtime/src/prt_dma.c:2869
#6  0x000000000002bc1e in copy_tensor_pages_to_model_alias_target (
    rt=rt@entry=0x3fffffdef0, tensor_id=tensor_id@entry=3, 
    pages=pages@entry=0x6d0a0, src_size=src_size@entry=65536, 
    manager_id=manager_id@entry=0, stage_id=stage_id@entry=0, target_seq=0, 
    layer_index=<optimized out>, slot=slot@entry=3, 
    target_kind=target_kind@entry=0x47668 "address", 
    target_slot=target_slot@entry=3, dst_addr=274724767744)
    at /home/ubuntu/chipyard/generators/gemmini/software/gemmini-rocc-tests/pipeline-runtime/src/prt_runtime.c:1973
#7  0x000000000002e1e8 in copy_tensor_pages_to_model_aliases (stage_id=0, 
    manager_id=0, src_size=<optimized out>, pages=0x6d0a0, tensor_id=3, 
    rt=0x3fffffdef0)
    at /home/ubuntu/chipyard/generators/gemmini/software/gemmini-rocc-tests/pipeline-runtime/src/prt_runtime.c:2040

--- BP prt_dma_submit ---
rt = 0x3fffffdef0
req = 0x3ff6d74fc8
tok = 0x3ff6d74da8
$26 = {
  id = 0,
  stage_idx = 0,
  tensor_id = 3,
  owner_rt = 0x0,
  completion_flag = 0x0,
  completion_slot = 0,
  done = 0,
  hw_done_flag = 0,
  hw_done_flag_pa_rc = 0,
  initialized = 0,
  submit_ns = 0,
  debug_src_addr = 0,
  debug_dst_addr = 0,
  debug_bytes = 0,
  debug_done_flag_va = 0,
  debug_done_flag_pa = 0,
  debug_last_pending_log_ns = 0,
  debug_src_acc = 0,
  debug_dst_acc = 0,
  debug_page_idx = 2,
  debug_progress_polls = 0,
  debug_force_export_probe = 0,
  traced_complete = 0,
  status = 0,
  rr_scope_valid = 1,
  rr_scope_external = 1,
  rr_cfg_id = 0,
  rr_manager_id = 0,
  rr_opcode_id = 2,
  lock = {
    __data = {
      __lock = 0,
      __count = 0,
      __owner = 0,
      __nusers = 0,
      __kind = 0,
      __spins = 0,
      __list = {
        __prev = 0x0,
        __next = 0x0
      }
    },
    __size = '\000' <repeats 39 times>,
    __align = 0
  },
  cv = {
    __data = {
      __wseq = {
        __value64 = 0,
        __value32 = {
          __low = 0,
          __high = 0
        }
      },
      __g1_start = {
        __value64 = 0,
        __value32 = {
          __low = 0,
          __high = 0
        }
      },
      __g_refs = {0, 0},
      __g_size = {0, 0},
      __g1_orig_size = 0,
      __wrefs = 0,
      __g_signals = {0, 0}
    },
    __size = '\000' <repeats 47 times>,
    __align = 0
  }
}
#0  prt_dma_submit (rt=0x3fffffdef0, req=0x3ff6d74fc8, tok=0x3ff6d74da8)
    at /home/ubuntu/chipyard/generators/gemmini/software/gemmini-rocc-tests/pipeline-runtime/src/prt_dma.c:2698
#1  0x00000000000181aa in dma_submit_wait_annotated_scoped (
    rt=rt@entry=0x3fffffdef0, req=req@entry=0x3ff6d74fc8, 
    stage_idx=stage_idx@entry=0, tensor_id=tensor_id@entry=3, 
    timeout_ns=timeout_ns@entry=5000000000, scope=scope@entry=0x3ff6d74fb0, 
    force_export_probe=force_export_probe@entry=0, 
    debug_page_idx=debug_page_idx@entry=2)
    at /home/ubuntu/chipyard/generators/gemmini/software/gemmini-rocc-tests/pipeline-runtime/src/prt_dma.c:2094
#2  0x0000000000019402 in dma_copy_spm_pages_to_host_linux (rt=0x3fffffdef0, 
    dst_host=0x3ff6df4800 "", src_pages=<optimized out>, manager_id=0, 
    stage_idx=0, tensor_id=3, timeout_ns=5000000000, 
    total_bytes=<optimized out>)
    at /home/ubuntu/chipyard/generators/gemmini/software/gemmini-rocc-tests/pipeline-runtime/src/prt_dma.c:1209
#3  0x000000000001a3c6 in prt_dma_copy_spm_pages_to_dram_prefix (
    timeout_ns=<optimized out>, tensor_id=<optimized out>, 
    stage_idx=<optimized out>, manager_id=<optimized out>, 
    bytes=<optimized out>, src_pages=<optimized out>, 
    dst_dram_addr=<optimized out>, rt=<optimized out>)
    at /home/ubuntu/chipyard/generators/gemmini/software/gemmini-rocc-tests/pipeline-runtime/src/prt_dma.c:2869
#4  0x000000000002bc1e in copy_tensor_pages_to_model_alias_target (
    rt=rt@entry=0x3fffffdef0, tensor_id=tensor_id@entry=3, 
    pages=pages@entry=0x6d0a0, src_size=src_size@entry=65536, 
    manager_id=manager_id@entry=0, stage_id=stage_id@entry=0, target_seq=0, 
    layer_index=<optimized out>, slot=slot@entry=3, 
    target_kind=target_kind@entry=0x47668 "address", 
    target_slot=target_slot@entry=3, dst_addr=274724767744)
    at /home/ubuntu/chipyard/generators/gemmini/software/gemmini-rocc-tests/pipeline-runtime/src/prt_runtime.c:1973
#5  0x000000000002e1e8 in copy_tensor_pages_to_model_aliases (stage_id=0, 
    manager_id=0, src_size=<optimized out>, pages=0x6d0a0, tensor_id=3, 
    rt=0x3fffffdef0)
    at /home/ubuntu/chipyard/generators/gemmini/software/gemmini-rocc-tests/pipeline-runtime/src/prt_runtime.c:2040
#6  sync_stage_export_aliases (rt=rt@entry=0x3fffffdef0, 
    segment_idx=segment_idx@entry=1, stage_id=0, 
    global_stage_id=global_stage_id@entry=1, subbatch_id=subbatch_id@entry=7)
    at /home/ubuntu/chipyard/generators/gemmini/software/gemmini-rocc-tests/pipeline-runtime/src/prt_runtime.c:2657
#7  0x000000000003065a in stage_worker_main (arg=0x83960)
    at /home/ubuntu/chipyard/generators/gemmini/software/gemmini-rocc-tests/pipeline-runtime/src/prt_runtime.c:4570

--- BP dma_blocking_wait ---
rt = 0x3fffffdef0
tok = 0x3ff6d74da8
timeout_ns = 5000000000
$27 = {
  id = 5011,
  stage_idx = 0,
  tensor_id = 3,
  owner_rt = 0x3fffffdef0,
  completion_flag = 0x5e000,
  completion_slot = 0,
  done = 0,
  hw_done_flag = 0,
  hw_done_flag_pa_rc = 0,
  initialized = 1,
  submit_ns = 18903497000,
  debug_src_addr = 1075847168,
  debug_dst_addr = 4372934656,
  debug_bytes = 1024,
  debug_done_flag_va = 385024,
  debug_done_flag_pa = 4342575104,
  debug_last_pending_log_ns = 0,
  debug_src_acc = 0,
  debug_dst_acc = 0,
  debug_page_idx = 2,
  debug_progress_polls = 0,
  debug_force_export_probe = 0,
  traced_complete = 0,
  status = 0,
  rr_scope_valid = 1,
  rr_scope_external = 1,
  rr_cfg_id = 0,
  rr_manager_id = 0,
  rr_opcode_id = 2,
  lock = {
    __data = {
      __lock = 0,
      __count = 0,
      __owner = 0,
      __nusers = 0,
      __kind = 0,
      __spins = 0,
      __list = {
        __prev = 0x0,
        __next = 0x0
      }
    },
    __size = '\000' <repeats 39 times>,
    __align = 0
  },
  cv = {
    __data = {
      __wseq = {
        __value64 = 0,
        __value32 = {
          __low = 0,
          __high = 0
        }
      },
      __g1_start = {
        __value64 = 0,
        __value32 = {
          __low = 0,
          __high = 0
        }
      },
      __g_refs = {0, 0},
      __g_size = {0, 0},
      __g1_orig_size = 0,
      __wrefs = 0,
      __g_signals = {0, 0}
    },
    __size = '\000' <repeats 47 times>,
    __align = 0
  }
}
#0  dma_blocking_wait (rt=0x3fffffdef0, tok=0x3ff6d74da8, 
    timeout_ns=5000000000)
    at /home/ubuntu/chipyard/generators/gemmini/software/gemmini-rocc-tests/pipeline-runtime/src/prt_dma.c:3578
#1  0x00000000000181c0 in prt_dma_wait (timeout_ns=5000000000, 
    tok=0x3ff6d74da8, rt=0x3fffffdef0)
    at /home/ubuntu/chipyard/generators/gemmini/software/gemmini-rocc-tests/pipeline-runtime/src/prt_dma.c:2708
#2  dma_submit_wait_annotated_scoped (rt=rt@entry=0x3fffffdef0, 
    req=req@entry=0x3ff6d74fc8, stage_idx=stage_idx@entry=0, 
    tensor_id=tensor_id@entry=3, timeout_ns=timeout_ns@entry=5000000000, 
    scope=scope@entry=0x3ff6d74fb0, 
    force_export_probe=force_export_probe@entry=0, 
    debug_page_idx=debug_page_idx@entry=2)
    at /home/ubuntu/chipyard/generators/gemmini/software/gemmini-rocc-tests/pipeline-runtime/src/prt_dma.c:2121
#3  0x0000000000019402 in dma_copy_spm_pages_to_host_linux (rt=0x3fffffdef0, 
    dst_host=0x3ff6df4800 "", src_pages=<optimized out>, manager_id=0, 
    stage_idx=0, tensor_id=3, timeout_ns=5000000000, 
    total_bytes=<optimized out>)
    at /home/ubuntu/chipyard/generators/gemmini/software/gemmini-rocc-tests/pipeline-runtime/src/prt_dma.c:1209
#4  0x000000000001a3c6 in prt_dma_copy_spm_pages_to_dram_prefix (
    timeout_ns=<optimized out>, tensor_id=<optimized out>, 
    stage_idx=<optimized out>, manager_id=<optimized out>, 
    bytes=<optimized out>, src_pages=<optimized out>, 
    dst_dram_addr=<optimized out>, rt=<optimized out>)
    at /home/ubuntu/chipyard/generators/gemmini/software/gemmini-rocc-tests/pipeline-runtime/src/prt_dma.c:2869
#5  0x000000000002bc1e in copy_tensor_pages_to_model_alias_target (
    rt=rt@entry=0x3fffffdef0, tensor_id=tensor_id@entry=3, 
    pages=pages@entry=0x6d0a0, src_size=src_size@entry=65536, 
    manager_id=manager_id@entry=0, stage_id=stage_id@entry=0, target_seq=0, 
    layer_index=<optimized out>, slot=slot@entry=3, 
    target_kind=target_kind@entry=0x47668 "address", 
    target_slot=target_slot@entry=3, dst_addr=274724767744)
    at /home/ubuntu/chipyard/generators/gemmini/software/gemmini-rocc-tests/pipeline-runtime/src/prt_runtime.c:1973
#6  0x000000000002e1e8 in copy_tensor_pages_to_model_aliases (stage_id=0, 
    manager_id=0, src_size=<optimized out>, pages=0x6d0a0, tensor_id=3, 
    rt=0x3fffffdef0)
    at /home/ubuntu/chipyard/generators/gemmini/software/gemmini-rocc-tests/pipeline-runtime/src/prt_runtime.c:2040
#7  sync_stage_export_aliases (rt=rt@entry=0x3fffffdef0, 
    segment_idx=segment_idx@entry=1, stage_id=0, 
    global_stage_id=global_stage_id@entry=1, subbatch_id=subbatch_id@entry=7)
    at /home/ubuntu/chipyard/generators/gemmini/software/gemmini-rocc-tests/pipeline-runtime/src/prt_runtime.c:2657

--- BP prt_rr_fence_scope ---
scope = 0x3ff6d74ce8
$28 = {
  valid = 1,
  cfg_id = 0,
  stage_id = 0,
  manager_id = 0,
  opcode_id = 2
}
#0  prt_rr_fence_scope (scope=scope@entry=0x3ff6d74ce8)
    at /home/ubuntu/chipyard/generators/gemmini/software/gemmini-rocc-tests/pipeline-runtime/src/prt_rerocc.c:371
#1  0x0000000000016302 in dma_token_fence_scope (tok=0x3ff6d74da8)
    at /home/ubuntu/chipyard/generators/gemmini/software/gemmini-rocc-tests/pipeline-runtime/src/prt_dma.c:2257
#2  dma_blocking_wait (rt=0x3fffffdef0, tok=0x3ff6d74da8, 
    timeout_ns=<optimized out>)
    at /home/ubuntu/chipyard/generators/gemmini/software/gemmini-rocc-tests/pipeline-runtime/src/prt_dma.c:3762
#3  0x00000000000181c0 in prt_dma_wait (timeout_ns=5000000000, 
    tok=0x3ff6d74da8, rt=0x3fffffdef0)
    at /home/ubuntu/chipyard/generators/gemmini/software/gemmini-rocc-tests/pipeline-runtime/src/prt_dma.c:2708
#4  dma_submit_wait_annotated_scoped (rt=rt@entry=0x3fffffdef0, 
    req=req@entry=0x3ff6d74fc8, stage_idx=stage_idx@entry=0, 
    tensor_id=tensor_id@entry=3, timeout_ns=timeout_ns@entry=5000000000, 
    scope=scope@entry=0x3ff6d74fb0, 
    force_export_probe=force_export_probe@entry=0, 
    debug_page_idx=debug_page_idx@entry=2)
    at /home/ubuntu/chipyard/generators/gemmini/software/gemmini-rocc-tests/pipeline-runtime/src/prt_dma.c:2121
#5  0x0000000000019402 in dma_copy_spm_pages_to_host_linux (rt=0x3fffffdef0, 
    dst_host=0x3ff6df4800 "", src_pages=<optimized out>, manager_id=0, 
    stage_idx=0, tensor_id=3, timeout_ns=5000000000, 
    total_bytes=<optimized out>)
    at /home/ubuntu/chipyard/generators/gemmini/software/gemmini-rocc-tests/pipeline-runtime/src/prt_dma.c:1209
#6  0x000000000001a3c6 in prt_dma_copy_spm_pages_to_dram_prefix (
    timeout_ns=<optimized out>, tensor_id=<optimized out>, 
    stage_idx=<optimized out>, manager_id=<optimized out>, 
    bytes=<optimized out>, src_pages=<optimized out>, 
    dst_dram_addr=<optimized out>, rt=<optimized out>)
    at /home/ubuntu/chipyard/generators/gemmini/software/gemmini-rocc-tests/pipeline-runtime/src/prt_dma.c:2869
#7  0x000000000002bc1e in copy_tensor_pages_to_model_alias_target (
    rt=rt@entry=0x3fffffdef0, tensor_id=tensor_id@entry=3, 
    pages=pages@entry=0x6d0a0, src_size=src_size@entry=65536, 
    manager_id=manager_id@entry=0, stage_id=stage_id@entry=0, target_seq=0, 
    layer_index=<optimized out>, slot=slot@entry=3, 
    target_kind=target_kind@entry=0x47668 "address", 
    target_slot=target_slot@entry=3, dst_addr=274724767744)
    at /home/ubuntu/chipyard/generators/gemmini/software/gemmini-rocc-tests/pipeline-runtime/src/prt_runtime.c:1973

--- BP dma_gdb_marker_wait_return ---
rc = 0
tok = 0x3ff6d74da8
$29 = {
  id = 5011,
  stage_idx = 0,
  tensor_id = 3,
  owner_rt = 0x3fffffdef0,
  completion_flag = 0x5e000,
  completion_slot = 0,
  done = 1,
  hw_done_flag = 1,
  hw_done_flag_pa_rc = 0,
  initialized = 1,
  submit_ns = 18903497000,
  debug_src_addr = 1075847168,
  debug_dst_addr = 4372934656,
  debug_bytes = 1024,
  debug_done_flag_va = 385024,
  debug_done_flag_pa = 4342575104,
  debug_last_pending_log_ns = 0,
  debug_src_acc = 0,
  debug_dst_acc = 0,
  debug_page_idx = 2,
  debug_progress_polls = 0,
  debug_force_export_probe = 0,
  traced_complete = 1,
  status = 0,
  rr_scope_valid = 1,
  rr_scope_external = 1,
  rr_cfg_id = 0,
  rr_manager_id = 0,
  rr_opcode_id = 2,
  lock = {
    __data = {
      __lock = 0,
      __count = 0,
      __owner = 0,
      __nusers = 0,
      __kind = 0,
      __spins = 0,
      __list = {
        __prev = 0x0,
        __next = 0x0
      }
    },
    __size = '\000' <repeats 39 times>,
    __align = 0
  },
  cv = {
    __data = {
      __wseq = {
        __value64 = 0,
        __value32 = {
          __low = 0,
          __high = 0
        }
      },
      __g1_start = {
        __value64 = 0,
        __value32 = {
          __low = 0,
          __high = 0
        }
      },
      __g_refs = {0, 0},
      __g_size = {0, 0},
      __g1_orig_size = 0,
      __wrefs = 0,
      __g_signals = {0, 0}
    },
    __size = '\000' <repeats 47 times>,
    __align = 0
  }
}
#0  dma_gdb_marker_wait_return (rc=0, tok=0x3ff6d74da8)
    at /home/ubuntu/chipyard/generators/gemmini/software/gemmini-rocc-tests/pipeline-runtime/src/prt_dma.c:3561
#1  dma_blocking_wait (rt=0x3fffffdef0, tok=0x3ff6d74da8, 
    timeout_ns=<optimized out>)
    at /home/ubuntu/chipyard/generators/gemmini/software/gemmini-rocc-tests/pipeline-runtime/src/prt_dma.c:3868
#2  0x00000000000181c0 in prt_dma_wait (timeout_ns=5000000000, 
    tok=0x3ff6d74da8, rt=0x3fffffdef0)
    at /home/ubuntu/chipyard/generators/gemmini/software/gemmini-rocc-tests/pipeline-runtime/src/prt_dma.c:2708
#3  dma_submit_wait_annotated_scoped (rt=rt@entry=0x3fffffdef0, 
    req=req@entry=0x3ff6d74fc8, stage_idx=stage_idx@entry=0, 
    tensor_id=tensor_id@entry=3, timeout_ns=timeout_ns@entry=5000000000, 
    scope=scope@entry=0x3ff6d74fb0, 
    force_export_probe=force_export_probe@entry=0, 
    debug_page_idx=debug_page_idx@entry=2)
    at /home/ubuntu/chipyard/generators/gemmini/software/gemmini-rocc-tests/pipeline-runtime/src/prt_dma.c:2121
#4  0x0000000000019402 in dma_copy_spm_pages_to_host_linux (rt=0x3fffffdef0, 
    dst_host=0x3ff6df4800 "", src_pages=<optimized out>, manager_id=0, 
    stage_idx=0, tensor_id=3, timeout_ns=5000000000, 
    total_bytes=<optimized out>)
    at /home/ubuntu/chipyard/generators/gemmini/software/gemmini-rocc-tests/pipeline-runtime/src/prt_dma.c:1209
#5  0x000000000001a3c6 in prt_dma_copy_spm_pages_to_dram_prefix (
    timeout_ns=<optimized out>, tensor_id=<optimized out>, 
    stage_idx=<optimized out>, manager_id=<optimized out>, 
    bytes=<optimized out>, src_pages=<optimized out>, 
    dst_dram_addr=<optimized out>, rt=<optimized out>)
    at /home/ubuntu/chipyard/generators/gemmini/software/gemmini-rocc-tests/pipeline-runtime/src/prt_dma.c:2869
#6  0x000000000002bc1e in copy_tensor_pages_to_model_alias_target (
    rt=rt@entry=0x3fffffdef0, tensor_id=tensor_id@entry=3, 
    pages=pages@entry=0x6d0a0, src_size=src_size@entry=65536, 
    manager_id=manager_id@entry=0, stage_id=stage_id@entry=0, target_seq=0, 
    layer_index=<optimized out>, slot=slot@entry=3, 
    target_kind=target_kind@entry=0x47668 "address", 
    target_slot=target_slot@entry=3, dst_addr=274724767744)
    at /home/ubuntu/chipyard/generators/gemmini/software/gemmini-rocc-tests/pipeline-runtime/src/prt_runtime.c:1973
#7  0x000000000002e1e8 in copy_tensor_pages_to_model_aliases (stage_id=0, 
    manager_id=0, src_size=<optimized out>, pages=0x6d0a0, tensor_id=3, 
    rt=0x3fffffdef0)
    at /home/ubuntu/chipyard/generators/gemmini/software/gemmini-rocc-tests/pipeline-runtime/src/prt_runtime.c:2040

--- BP prt_dma_submit ---
rt = 0x3fffffdef0
req = 0x3ff6d74fc8
tok = 0x3ff6d74da8
$30 = {
  id = 0,
  stage_idx = 0,
  tensor_id = 3,
  owner_rt = 0x0,
  completion_flag = 0x0,
  completion_slot = 0,
  done = 0,
  hw_done_flag = 0,
  hw_done_flag_pa_rc = 0,
  initialized = 0,
  submit_ns = 0,
  debug_src_addr = 0,
  debug_dst_addr = 0,
  debug_bytes = 0,
  debug_done_flag_va = 0,
  debug_done_flag_pa = 0,
  debug_last_pending_log_ns = 0,
  debug_src_acc = 0,
  debug_dst_acc = 0,
  debug_page_idx = 3,
  debug_progress_polls = 0,
  debug_force_export_probe = 0,
  traced_complete = 0,
  status = 0,
  rr_scope_valid = 1,
  rr_scope_external = 1,
  rr_cfg_id = 0,
  rr_manager_id = 0,
  rr_opcode_id = 2,
  lock = {
    __data = {
      __lock = 0,
      __count = 0,
      __owner = 0,
      __nusers = 0,
      __kind = 0,
      __spins = 0,
      __list = {
        __prev = 0x0,
        __next = 0x0
      }
    },
    __size = '\000' <repeats 39 times>,
    __align = 0
  },
  cv = {
    __data = {
      __wseq = {
        __value64 = 0,
        __value32 = {
          __low = 0,
          __high = 0
        }
      },
      __g1_start = {
        __value64 = 0,
        __value32 = {
          __low = 0,
          __high = 0
        }
      },
      __g_refs = {0, 0},
      __g_size = {0, 0},
      __g1_orig_size = 0,
      __wrefs = 0,
      __g_signals = {0, 0}
    },
    __size = '\000' <repeats 47 times>,
    __align = 0
  }
}
#0  prt_dma_submit (rt=0x3fffffdef0, req=0x3ff6d74fc8, tok=0x3ff6d74da8)
    at /home/ubuntu/chipyard/generators/gemmini/software/gemmini-rocc-tests/pipeline-runtime/src/prt_dma.c:2698
#1  0x00000000000181aa in dma_submit_wait_annotated_scoped (
    rt=rt@entry=0x3fffffdef0, req=req@entry=0x3ff6d74fc8, 
    stage_idx=stage_idx@entry=0, tensor_id=tensor_id@entry=3, 
    timeout_ns=timeout_ns@entry=5000000000, scope=scope@entry=0x3ff6d74fb0, 
    force_export_probe=force_export_probe@entry=0, 
    debug_page_idx=debug_page_idx@entry=3)
    at /home/ubuntu/chipyard/generators/gemmini/software/gemmini-rocc-tests/pipeline-runtime/src/prt_dma.c:2094
#2  0x0000000000019402 in dma_copy_spm_pages_to_host_linux (rt=0x3fffffdef0, 
    dst_host=0x3ff6df4800 "", src_pages=<optimized out>, manager_id=0, 
    stage_idx=0, tensor_id=3, timeout_ns=5000000000, 
    total_bytes=<optimized out>)
    at /home/ubuntu/chipyard/generators/gemmini/software/gemmini-rocc-tests/pipeline-runtime/src/prt_dma.c:1209
#3  0x000000000001a3c6 in prt_dma_copy_spm_pages_to_dram_prefix (
    timeout_ns=<optimized out>, tensor_id=<optimized out>, 
    stage_idx=<optimized out>, manager_id=<optimized out>, 
    bytes=<optimized out>, src_pages=<optimized out>, 
    dst_dram_addr=<optimized out>, rt=<optimized out>)
    at /home/ubuntu/chipyard/generators/gemmini/software/gemmini-rocc-tests/pipeline-runtime/src/prt_dma.c:2869
#4  0x000000000002bc1e in copy_tensor_pages_to_model_alias_target (
    rt=rt@entry=0x3fffffdef0, tensor_id=tensor_id@entry=3, 
    pages=pages@entry=0x6d0a0, src_size=src_size@entry=65536, 
    manager_id=manager_id@entry=0, stage_id=stage_id@entry=0, target_seq=0, 
    layer_index=<optimized out>, slot=slot@entry=3, 
    target_kind=target_kind@entry=0x47668 "address", 
    target_slot=target_slot@entry=3, dst_addr=274724767744)
    at /home/ubuntu/chipyard/generators/gemmini/software/gemmini-rocc-tests/pipeline-runtime/src/prt_runtime.c:1973
#5  0x000000000002e1e8 in copy_tensor_pages_to_model_aliases (stage_id=0, 
    manager_id=0, src_size=<optimized out>, pages=0x6d0a0, tensor_id=3, 
    rt=0x3fffffdef0)
    at /home/ubuntu/chipyard/generators/gemmini/software/gemmini-rocc-tests/pipeline-runtime/src/prt_runtime.c:2040
#6  sync_stage_export_aliases (rt=rt@entry=0x3fffffdef0, 
    segment_idx=segment_idx@entry=1, stage_id=0, 
    global_stage_id=global_stage_id@entry=1, subbatch_id=subbatch_id@entry=7)
    at /home/ubuntu/chipyard/generators/gemmini/software/gemmini-rocc-tests/pipeline-runtime/src/prt_runtime.c:2657
#7  0x000000000003065a in stage_worker_main (arg=0x83960)
    at /home/ubuntu/chipyard/generators/gemmini/software/gemmini-rocc-tests/pipeline-runtime/src/prt_runtime.c:4570

--- BP dma_blocking_wait ---
rt = 0x3fffffdef0
tok = 0x3ff6d74da8
timeout_ns = 5000000000
$31 = {
  id = 5012,
  stage_idx = 0,
  tensor_id = 3,
  owner_rt = 0x3fffffdef0,
  completion_flag = 0x5e000,
  completion_slot = 0,
  done = 0,
  hw_done_flag = 0,
  hw_done_flag_pa_rc = 0,
  initialized = 1,
  submit_ns = 19449777000,
  debug_src_addr = 1076895744,
  debug_dst_addr = 4372935680,
  debug_bytes = 1024,
  debug_done_flag_va = 385024,
  debug_done_flag_pa = 4342575104,
  debug_last_pending_log_ns = 0,
  debug_src_acc = 0,
  debug_dst_acc = 0,
  debug_page_idx = 3,
  debug_progress_polls = 0,
  debug_force_export_probe = 0,
  traced_complete = 0,
  status = 0,
  rr_scope_valid = 1,
  rr_scope_external = 1,
  rr_cfg_id = 0,
  rr_manager_id = 0,
  rr_opcode_id = 2,
  lock = {
    __data = {
      __lock = 0,
      __count = 0,
      __owner = 0,
      __nusers = 0,
      __kind = 0,
      __spins = 0,
      __list = {
        __prev = 0x0,
        __next = 0x0
      }
    },
    __size = '\000' <repeats 39 times>,
    __align = 0
  },
  cv = {
    __data = {
      __wseq = {
        __value64 = 0,
        __value32 = {
          __low = 0,
          __high = 0
        }
      },
      __g1_start = {
        __value64 = 0,
        __value32 = {
          __low = 0,
          __high = 0
        }
      },
      __g_refs = {0, 0},
      __g_size = {0, 0},
      __g1_orig_size = 0,
      __wrefs = 0,
      __g_signals = {0, 0}
    },
    __size = '\000' <repeats 47 times>,
    __align = 0
  }
}
#0  dma_blocking_wait (rt=0x3fffffdef0, tok=0x3ff6d74da8, 
    timeout_ns=5000000000)
    at /home/ubuntu/chipyard/generators/gemmini/software/gemmini-rocc-tests/pipeline-runtime/src/prt_dma.c:3578
#1  0x00000000000181c0 in prt_dma_wait (timeout_ns=5000000000, 
    tok=0x3ff6d74da8, rt=0x3fffffdef0)
    at /home/ubuntu/chipyard/generators/gemmini/software/gemmini-rocc-tests/pipeline-runtime/src/prt_dma.c:2708
#2  dma_submit_wait_annotated_scoped (rt=rt@entry=0x3fffffdef0, 
    req=req@entry=0x3ff6d74fc8, stage_idx=stage_idx@entry=0, 
    tensor_id=tensor_id@entry=3, timeout_ns=timeout_ns@entry=5000000000, 
    scope=scope@entry=0x3ff6d74fb0, 
    force_export_probe=force_export_probe@entry=0, 
    debug_page_idx=debug_page_idx@entry=3)
    at /home/ubuntu/chipyard/generators/gemmini/software/gemmini-rocc-tests/pipeline-runtime/src/prt_dma.c:2121
#3  0x0000000000019402 in dma_copy_spm_pages_to_host_linux (rt=0x3fffffdef0, 
    dst_host=0x3ff6df4800 "", src_pages=<optimized out>, manager_id=0, 
    stage_idx=0, tensor_id=3, timeout_ns=5000000000, 
    total_bytes=<optimized out>)
    at /home/ubuntu/chipyard/generators/gemmini/software/gemmini-rocc-tests/pipeline-runtime/src/prt_dma.c:1209
#4  0x000000000001a3c6 in prt_dma_copy_spm_pages_to_dram_prefix (
    timeout_ns=<optimized out>, tensor_id=<optimized out>, 
    stage_idx=<optimized out>, manager_id=<optimized out>, 
    bytes=<optimized out>, src_pages=<optimized out>, 
    dst_dram_addr=<optimized out>, rt=<optimized out>)
    at /home/ubuntu/chipyard/generators/gemmini/software/gemmini-rocc-tests/pipeline-runtime/src/prt_dma.c:2869
#5  0x000000000002bc1e in copy_tensor_pages_to_model_alias_target (
    rt=rt@entry=0x3fffffdef0, tensor_id=tensor_id@entry=3, 
    pages=pages@entry=0x6d0a0, src_size=src_size@entry=65536, 
    manager_id=manager_id@entry=0, stage_id=stage_id@entry=0, target_seq=0, 
    layer_index=<optimized out>, slot=slot@entry=3, 
    target_kind=target_kind@entry=0x47668 "address", 
    target_slot=target_slot@entry=3, dst_addr=274724767744)
    at /home/ubuntu/chipyard/generators/gemmini/software/gemmini-rocc-tests/pipeline-runtime/src/prt_runtime.c:1973
#6  0x000000000002e1e8 in copy_tensor_pages_to_model_aliases (stage_id=0, 
    manager_id=0, src_size=<optimized out>, pages=0x6d0a0, tensor_id=3, 
    rt=0x3fffffdef0)
    at /home/ubuntu/chipyard/generators/gemmini/software/gemmini-rocc-tests/pipeline-runtime/src/prt_runtime.c:2040
#7  sync_stage_export_aliases (rt=rt@entry=0x3fffffdef0, 
    segment_idx=segment_idx@entry=1, stage_id=0, 
    global_stage_id=global_stage_id@entry=1, subbatch_id=subbatch_id@entry=7)
    at /home/ubuntu/chipyard/generators/gemmini/software/gemmini-rocc-tests/pipeline-runtime/src/prt_runtime.c:2657

--- BP prt_rr_fence_scope ---
scope = 0x3ff6d74ce8
$32 = {
  valid = 1,
  cfg_id = 0,
  stage_id = 0,
  manager_id = 0,
  opcode_id = 2
}
#0  prt_rr_fence_scope (scope=scope@entry=0x3ff6d74ce8)
    at /home/ubuntu/chipyard/generators/gemmini/software/gemmini-rocc-tests/pipeline-runtime/src/prt_rerocc.c:371
#1  0x0000000000016302 in dma_token_fence_scope (tok=0x3ff6d74da8)
    at /home/ubuntu/chipyard/generators/gemmini/software/gemmini-rocc-tests/pipeline-runtime/src/prt_dma.c:2257
#2  dma_blocking_wait (rt=0x3fffffdef0, tok=0x3ff6d74da8, 
    timeout_ns=<optimized out>)
    at /home/ubuntu/chipyard/generators/gemmini/software/gemmini-rocc-tests/pipeline-runtime/src/prt_dma.c:3762
#3  0x00000000000181c0 in prt_dma_wait (timeout_ns=5000000000, 
    tok=0x3ff6d74da8, rt=0x3fffffdef0)
    at /home/ubuntu/chipyard/generators/gemmini/software/gemmini-rocc-tests/pipeline-runtime/src/prt_dma.c:2708
#4  dma_submit_wait_annotated_scoped (rt=rt@entry=0x3fffffdef0, 
    req=req@entry=0x3ff6d74fc8, stage_idx=stage_idx@entry=0, 
    tensor_id=tensor_id@entry=3, timeout_ns=timeout_ns@entry=5000000000, 
    scope=scope@entry=0x3ff6d74fb0, 
    force_export_probe=force_export_probe@entry=0, 
    debug_page_idx=debug_page_idx@entry=3)
    at /home/ubuntu/chipyard/generators/gemmini/software/gemmini-rocc-tests/pipeline-runtime/src/prt_dma.c:2121
#5  0x0000000000019402 in dma_copy_spm_pages_to_host_linux (rt=0x3fffffdef0, 
    dst_host=0x3ff6df4800 "", src_pages=<optimized out>, manager_id=0, 
    stage_idx=0, tensor_id=3, timeout_ns=5000000000, 
    total_bytes=<optimized out>)
    at /home/ubuntu/chipyard/generators/gemmini/software/gemmini-rocc-tests/pipeline-runtime/src/prt_dma.c:1209
#6  0x000000000001a3c6 in prt_dma_copy_spm_pages_to_dram_prefix (
    timeout_ns=<optimized out>, tensor_id=<optimized out>, 
    stage_idx=<optimized out>, manager_id=<optimized out>, 
    bytes=<optimized out>, src_pages=<optimized out>, 
    dst_dram_addr=<optimized out>, rt=<optimized out>)
    at /home/ubuntu/chipyard/generators/gemmini/software/gemmini-rocc-tests/pipeline-runtime/src/prt_dma.c:2869
#7  0x000000000002bc1e in copy_tensor_pages_to_model_alias_target (
    rt=rt@entry=0x3fffffdef0, tensor_id=tensor_id@entry=3, 
    pages=pages@entry=0x6d0a0, src_size=src_size@entry=65536, 
    manager_id=manager_id@entry=0, stage_id=stage_id@entry=0, target_seq=0, 
    layer_index=<optimized out>, slot=slot@entry=3, 
    target_kind=target_kind@entry=0x47668 "address", 
    target_slot=target_slot@entry=3, dst_addr=274724767744)
    at /home/ubuntu/chipyard/generators/gemmini/software/gemmini-rocc-tests/pipeline-runtime/src/prt_runtime.c:1973

--- BP dma_gdb_marker_wait_return ---
rc = 0
tok = 0x3ff6d74da8
$33 = {
  id = 5012,
  stage_idx = 0,
  tensor_id = 3,
  owner_rt = 0x3fffffdef0,
  completion_flag = 0x5e000,
  completion_slot = 0,
  done = 1,
  hw_done_flag = 1,
  hw_done_flag_pa_rc = 0,
  initialized = 1,
  submit_ns = 19449777000,
  debug_src_addr = 1076895744,
  debug_dst_addr = 4372935680,
  debug_bytes = 1024,
  debug_done_flag_va = 385024,
  debug_done_flag_pa = 4342575104,
  debug_last_pending_log_ns = 0,
  debug_src_acc = 0,
  debug_dst_acc = 0,
  debug_page_idx = 3,
  debug_progress_polls = 0,
  debug_force_export_probe = 0,
  traced_complete = 1,
  status = 0,
  rr_scope_valid = 1,
  rr_scope_external = 1,
  rr_cfg_id = 0,
  rr_manager_id = 0,
  rr_opcode_id = 2,
  lock = {
    __data = {
      __lock = 0,
      __count = 0,
      __owner = 0,
      __nusers = 0,
      __kind = 0,
      __spins = 0,
      __list = {
        __prev = 0x0,
        __next = 0x0
      }
    },
    __size = '\000' <repeats 39 times>,
    __align = 0
  },
  cv = {
    __data = {
      __wseq = {
        __value64 = 0,
        __value32 = {
          __low = 0,
          __high = 0
        }
      },
      __g1_start = {
        __value64 = 0,
        __value32 = {
          __low = 0,
          __high = 0
        }
      },
      __g_refs = {0, 0},
      __g_size = {0, 0},
      __g1_orig_size = 0,
      __wrefs = 0,
      __g_signals = {0, 0}
    },
    __size = '\000' <repeats 47 times>,
    __align = 0
  }
}
#0  dma_gdb_marker_wait_return (rc=0, tok=0x3ff6d74da8)
    at /home/ubuntu/chipyard/generators/gemmini/software/gemmini-rocc-tests/pipeline-runtime/src/prt_dma.c:3561
#1  dma_blocking_wait (rt=0x3fffffdef0, tok=0x3ff6d74da8, 
    timeout_ns=<optimized out>)
    at /home/ubuntu/chipyard/generators/gemmini/software/gemmini-rocc-tests/pipeline-runtime/src/prt_dma.c:3868
#2  0x00000000000181c0 in prt_dma_wait (timeout_ns=5000000000, 
    tok=0x3ff6d74da8, rt=0x3fffffdef0)
    at /home/ubuntu/chipyard/generators/gemmini/software/gemmini-rocc-tests/pipeline-runtime/src/prt_dma.c:2708
#3  dma_submit_wait_annotated_scoped (rt=rt@entry=0x3fffffdef0, 
    req=req@entry=0x3ff6d74fc8, stage_idx=stage_idx@entry=0, 
    tensor_id=tensor_id@entry=3, timeout_ns=timeout_ns@entry=5000000000, 
    scope=scope@entry=0x3ff6d74fb0, 
    force_export_probe=force_export_probe@entry=0, 
    debug_page_idx=debug_page_idx@entry=3)
    at /home/ubuntu/chipyard/generators/gemmini/software/gemmini-rocc-tests/pipeline-runtime/src/prt_dma.c:2121
#4  0x0000000000019402 in dma_copy_spm_pages_to_host_linux (rt=0x3fffffdef0, 
    dst_host=0x3ff6df4800 "", src_pages=<optimized out>, manager_id=0, 
    stage_idx=0, tensor_id=3, timeout_ns=5000000000, 
    total_bytes=<optimized out>)
    at /home/ubuntu/chipyard/generators/gemmini/software/gemmini-rocc-tests/pipeline-runtime/src/prt_dma.c:1209
#5  0x000000000001a3c6 in prt_dma_copy_spm_pages_to_dram_prefix (
    timeout_ns=<optimized out>, tensor_id=<optimized out>, 
    stage_idx=<optimized out>, manager_id=<optimized out>, 
    bytes=<optimized out>, src_pages=<optimized out>, 
    dst_dram_addr=<optimized out>, rt=<optimized out>)
    at /home/ubuntu/chipyard/generators/gemmini/software/gemmini-rocc-tests/pipeline-runtime/src/prt_dma.c:2869
#6  0x000000000002bc1e in copy_tensor_pages_to_model_alias_target (
    rt=rt@entry=0x3fffffdef0, tensor_id=tensor_id@entry=3, 
    pages=pages@entry=0x6d0a0, src_size=src_size@entry=65536, 
    manager_id=manager_id@entry=0, stage_id=stage_id@entry=0, target_seq=0, 
    layer_index=<optimized out>, slot=slot@entry=3, 
    target_kind=target_kind@entry=0x47668 "address", 
    target_slot=target_slot@entry=3, dst_addr=274724767744)
    at /home/ubuntu/chipyard/generators/gemmini/software/gemmini-rocc-tests/pipeline-runtime/src/prt_runtime.c:1973
#7  0x000000000002e1e8 in copy_tensor_pages_to_model_aliases (stage_id=0, 
    manager_id=0, src_size=<optimized out>, pages=0x6d0a0, tensor_id=3, 
    rt=0x3fffffdef0)
    at /home/ubuntu/chipyard/generators/gemmini/software/gemmini-rocc-tests/pipeline-runtime/src/prt_runtime.c:2040

--- BP prt_dma_submit ---
rt = 0x3fffffdef0
req = 0x3ff6d74fc8
tok = 0x3ff6d74da8
$34 = {
  id = 0,
  stage_idx = 0,
  tensor_id = 3,
  owner_rt = 0x0,
  completion_flag = 0x0,
  completion_slot = 0,
  done = 0,
  hw_done_flag = 0,
  hw_done_flag_pa_rc = 0,
  initialized = 0,
  submit_ns = 0,
  debug_src_addr = 0,
  debug_dst_addr = 0,
  debug_bytes = 0,
  debug_done_flag_va = 0,
  debug_done_flag_pa = 0,
  debug_last_pending_log_ns = 0,
  debug_src_acc = 0,
  debug_dst_acc = 0,
  debug_page_idx = 4,
  debug_progress_polls = 0,
  debug_force_export_probe = 0,
  traced_complete = 0,
  status = 0,
  rr_scope_valid = 1,
  rr_scope_external = 1,
  rr_cfg_id = 0,
  rr_manager_id = 0,
  rr_opcode_id = 2,
  lock = {
    __data = {
      __lock = 0,
      __count = 0,
      __owner = 0,
      __nusers = 0,
      __kind = 0,
      __spins = 0,
      __list = {
        __prev = 0x0,
        __next = 0x0
      }
    },
    __size = '\000' <repeats 39 times>,
    __align = 0
  },
  cv = {
    __data = {
      __wseq = {
        __value64 = 0,
        __value32 = {
          __low = 0,
          __high = 0
        }
      },
      __g1_start = {
        __value64 = 0,
        __value32 = {
          __low = 0,
          __high = 0
        }
      },
      __g_refs = {0, 0},
      __g_size = {0, 0},
      __g1_orig_size = 0,
      __wrefs = 0,
      __g_signals = {0, 0}
    },
    __size = '\000' <repeats 47 times>,
    __align = 0
  }
}
#0  prt_dma_submit (rt=0x3fffffdef0, req=0x3ff6d74fc8, tok=0x3ff6d74da8)
    at /home/ubuntu/chipyard/generators/gemmini/software/gemmini-rocc-tests/pipeline-runtime/src/prt_dma.c:2698
#1  0x00000000000181aa in dma_submit_wait_annotated_scoped (
    rt=rt@entry=0x3fffffdef0, req=req@entry=0x3ff6d74fc8, 
    stage_idx=stage_idx@entry=0, tensor_id=tensor_id@entry=3, 
    timeout_ns=timeout_ns@entry=5000000000, scope=scope@entry=0x3ff6d74fb0, 
    force_export_probe=force_export_probe@entry=0, 
    debug_page_idx=debug_page_idx@entry=4)
    at /home/ubuntu/chipyard/generators/gemmini/software/gemmini-rocc-tests/pipeline-runtime/src/prt_dma.c:2094
#2  0x0000000000019402 in dma_copy_spm_pages_to_host_linux (rt=0x3fffffdef0, 
    dst_host=0x3ff6df4800 "", src_pages=<optimized out>, manager_id=0, 
    stage_idx=0, tensor_id=3, timeout_ns=5000000000, 
    total_bytes=<optimized out>)
    at /home/ubuntu/chipyard/generators/gemmini/software/gemmini-rocc-tests/pipeline-runtime/src/prt_dma.c:1209
#3  0x000000000001a3c6 in prt_dma_copy_spm_pages_to_dram_prefix (
    timeout_ns=<optimized out>, tensor_id=<optimized out>, 
    stage_idx=<optimized out>, manager_id=<optimized out>, 
    bytes=<optimized out>, src_pages=<optimized out>, 
    dst_dram_addr=<optimized out>, rt=<optimized out>)
    at /home/ubuntu/chipyard/generators/gemmini/software/gemmini-rocc-tests/pipeline-runtime/src/prt_dma.c:2869
#4  0x000000000002bc1e in copy_tensor_pages_to_model_alias_target (
    rt=rt@entry=0x3fffffdef0, tensor_id=tensor_id@entry=3, 
    pages=pages@entry=0x6d0a0, src_size=src_size@entry=65536, 
    manager_id=manager_id@entry=0, stage_id=stage_id@entry=0, target_seq=0, 
    layer_index=<optimized out>, slot=slot@entry=3, 
    target_kind=target_kind@entry=0x47668 "address", 
    target_slot=target_slot@entry=3, dst_addr=274724767744)
    at /home/ubuntu/chipyard/generators/gemmini/software/gemmini-rocc-tests/pipeline-runtime/src/prt_runtime.c:1973
#5  0x000000000002e1e8 in copy_tensor_pages_to_model_aliases (stage_id=0, 
    manager_id=0, src_size=<optimized out>, pages=0x6d0a0, tensor_id=3, 
    rt=0x3fffffdef0)
    at /home/ubuntu/chipyard/generators/gemmini/software/gemmini-rocc-tests/pipeline-runtime/src/prt_runtime.c:2040
#6  sync_stage_export_aliases (rt=rt@entry=0x3fffffdef0, 
    segment_idx=segment_idx@entry=1, stage_id=0, 
    global_stage_id=global_stage_id@entry=1, subbatch_id=subbatch_id@entry=7)
    at /home/ubuntu/chipyard/generators/gemmini/software/gemmini-rocc-tests/pipeline-runtime/src/prt_runtime.c:2657
#7  0x000000000003065a in stage_worker_main (arg=0x83960)
    at /home/ubuntu/chipyard/generators/gemmini/software/gemmini-rocc-tests/pipeline-runtime/src/prt_runtime.c:4570

--- BP dma_blocking_wait ---
rt = 0x3fffffdef0
tok = 0x3ff6d74da8
timeout_ns = 5000000000
$35 = {
  id = 5013,
  stage_idx = 0,
  tensor_id = 3,
  owner_rt = 0x3fffffdef0,
  completion_flag = 0x5e000,
  completion_slot = 0,
  done = 0,
  hw_done_flag = 0,
  hw_done_flag_pa_rc = 0,
  initialized = 1,
  submit_ns = 19996508000,
  debug_src_addr = 1077944320,
  debug_dst_addr = 4372936704,
  debug_bytes = 1024,
  debug_done_flag_va = 385024,
  debug_done_flag_pa = 4342575104,
  debug_last_pending_log_ns = 0,
  debug_src_acc = 0,
  debug_dst_acc = 0,
  debug_page_idx = 4,
  debug_progress_polls = 0,
  debug_force_export_probe = 0,
  traced_complete = 0,
  status = 0,
  rr_scope_valid = 1,
  rr_scope_external = 1,
  rr_cfg_id = 0,
  rr_manager_id = 0,
  rr_opcode_id = 2,
  lock = {
    __data = {
      __lock = 0,
      __count = 0,
      __owner = 0,
      __nusers = 0,
      __kind = 0,
      __spins = 0,
      __list = {
        __prev = 0x0,
        __next = 0x0
      }
    },
    __size = '\000' <repeats 39 times>,
    __align = 0
  },
  cv = {
    __data = {
      __wseq = {
        __value64 = 0,
        __value32 = {
          __low = 0,
          __high = 0
        }
      },
      __g1_start = {
        __value64 = 0,
        __value32 = {
          __low = 0,
          __high = 0
        }
      },
      __g_refs = {0, 0},
      __g_size = {0, 0},
      __g1_orig_size = 0,
      __wrefs = 0,
      __g_signals = {0, 0}
    },
    __size = '\000' <repeats 47 times>,
    __align = 0
  }
}
#0  dma_blocking_wait (rt=0x3fffffdef0, tok=0x3ff6d74da8, 
    timeout_ns=5000000000)
    at /home/ubuntu/chipyard/generators/gemmini/software/gemmini-rocc-tests/pipeline-runtime/src/prt_dma.c:3578
#1  0x00000000000181c0 in prt_dma_wait (timeout_ns=5000000000, 
    tok=0x3ff6d74da8, rt=0x3fffffdef0)
    at /home/ubuntu/chipyard/generators/gemmini/software/gemmini-rocc-tests/pipeline-runtime/src/prt_dma.c:2708
#2  dma_submit_wait_annotated_scoped (rt=rt@entry=0x3fffffdef0, 
    req=req@entry=0x3ff6d74fc8, stage_idx=stage_idx@entry=0, 
    tensor_id=tensor_id@entry=3, timeout_ns=timeout_ns@entry=5000000000, 
    scope=scope@entry=0x3ff6d74fb0, 
    force_export_probe=force_export_probe@entry=0, 
    debug_page_idx=debug_page_idx@entry=4)
    at /home/ubuntu/chipyard/generators/gemmini/software/gemmini-rocc-tests/pipeline-runtime/src/prt_dma.c:2121
#3  0x0000000000019402 in dma_copy_spm_pages_to_host_linux (rt=0x3fffffdef0, 
    dst_host=0x3ff6df4800 "", src_pages=<optimized out>, manager_id=0, 
    stage_idx=0, tensor_id=3, timeout_ns=5000000000, 
    total_bytes=<optimized out>)
    at /home/ubuntu/chipyard/generators/gemmini/software/gemmini-rocc-tests/pipeline-runtime/src/prt_dma.c:1209
#4  0x000000000001a3c6 in prt_dma_copy_spm_pages_to_dram_prefix (
    timeout_ns=<optimized out>, tensor_id=<optimized out>, 
    stage_idx=<optimized out>, manager_id=<optimized out>, 
    bytes=<optimized out>, src_pages=<optimized out>, 
    dst_dram_addr=<optimized out>, rt=<optimized out>)
    at /home/ubuntu/chipyard/generators/gemmini/software/gemmini-rocc-tests/pipeline-runtime/src/prt_dma.c:2869
#5  0x000000000002bc1e in copy_tensor_pages_to_model_alias_target (
    rt=rt@entry=0x3fffffdef0, tensor_id=tensor_id@entry=3, 
    pages=pages@entry=0x6d0a0, src_size=src_size@entry=65536, 
    manager_id=manager_id@entry=0, stage_id=stage_id@entry=0, target_seq=0, 
    layer_index=<optimized out>, slot=slot@entry=3, 
    target_kind=target_kind@entry=0x47668 "address", 
    target_slot=target_slot@entry=3, dst_addr=274724767744)
    at /home/ubuntu/chipyard/generators/gemmini/software/gemmini-rocc-tests/pipeline-runtime/src/prt_runtime.c:1973
#6  0x000000000002e1e8 in copy_tensor_pages_to_model_aliases (stage_id=0, 
    manager_id=0, src_size=<optimized out>, pages=0x6d0a0, tensor_id=3, 
    rt=0x3fffffdef0)
    at /home/ubuntu/chipyard/generators/gemmini/software/gemmini-rocc-tests/pipeline-runtime/src/prt_runtime.c:2040
#7  sync_stage_export_aliases (rt=rt@entry=0x3fffffdef0, 
    segment_idx=segment_idx@entry=1, stage_id=0, 
    global_stage_id=global_stage_id@entry=1, subbatch_id=subbatch_id@entry=7)
    at /home/ubuntu/chipyard/generators/gemmini/software/gemmini-rocc-tests/pipeline-runtime/src/prt_runtime.c:2657

--- BP prt_rr_fence_scope ---
scope = 0x3ff6d74ce8
$36 = {
  valid = 1,
  cfg_id = 0,
  stage_id = 0,
  manager_id = 0,
  opcode_id = 2
}
#0  prt_rr_fence_scope (scope=scope@entry=0x3ff6d74ce8)
    at /home/ubuntu/chipyard/generators/gemmini/software/gemmini-rocc-tests/pipeline-runtime/src/prt_rerocc.c:371
#1  0x0000000000016302 in dma_token_fence_scope (tok=0x3ff6d74da8)
    at /home/ubuntu/chipyard/generators/gemmini/software/gemmini-rocc-tests/pipeline-runtime/src/prt_dma.c:2257
#2  dma_blocking_wait (rt=0x3fffffdef0, tok=0x3ff6d74da8, 
    timeout_ns=<optimized out>)
    at /home/ubuntu/chipyard/generators/gemmini/software/gemmini-rocc-tests/pipeline-runtime/src/prt_dma.c:3762
#3  0x00000000000181c0 in prt_dma_wait (timeout_ns=5000000000, 
    tok=0x3ff6d74da8, rt=0x3fffffdef0)
    at /home/ubuntu/chipyard/generators/gemmini/software/gemmini-rocc-tests/pipeline-runtime/src/prt_dma.c:2708
#4  dma_submit_wait_annotated_scoped (rt=rt@entry=0x3fffffdef0, 
    req=req@entry=0x3ff6d74fc8, stage_idx=stage_idx@entry=0, 
    tensor_id=tensor_id@entry=3, timeout_ns=timeout_ns@entry=5000000000, 
    scope=scope@entry=0x3ff6d74fb0, 
    force_export_probe=force_export_probe@entry=0, 
    debug_page_idx=debug_page_idx@entry=4)
    at /home/ubuntu/chipyard/generators/gemmini/software/gemmini-rocc-tests/pipeline-runtime/src/prt_dma.c:2121
#5  0x0000000000019402 in dma_copy_spm_pages_to_host_linux (rt=0x3fffffdef0, 
    dst_host=0x3ff6df4800 "", src_pages=<optimized out>, manager_id=0, 
    stage_idx=0, tensor_id=3, timeout_ns=5000000000, 
    total_bytes=<optimized out>)
    at /home/ubuntu/chipyard/generators/gemmini/software/gemmini-rocc-tests/pipeline-runtime/src/prt_dma.c:1209
#6  0x000000000001a3c6 in prt_dma_copy_spm_pages_to_dram_prefix (
    timeout_ns=<optimized out>, tensor_id=<optimized out>, 
    stage_idx=<optimized out>, manager_id=<optimized out>, 
    bytes=<optimized out>, src_pages=<optimized out>, 
    dst_dram_addr=<optimized out>, rt=<optimized out>)
    at /home/ubuntu/chipyard/generators/gemmini/software/gemmini-rocc-tests/pipeline-runtime/src/prt_dma.c:2869
#7  0x000000000002bc1e in copy_tensor_pages_to_model_alias_target (
    rt=rt@entry=0x3fffffdef0, tensor_id=tensor_id@entry=3, 
    pages=pages@entry=0x6d0a0, src_size=src_size@entry=65536, 
    manager_id=manager_id@entry=0, stage_id=stage_id@entry=0, target_seq=0, 
    layer_index=<optimized out>, slot=slot@entry=3, 
    target_kind=target_kind@entry=0x47668 "address", 
    target_slot=target_slot@entry=3, dst_addr=274724767744)
    at /home/ubuntu/chipyard/generators/gemmini/software/gemmini-rocc-tests/pipeline-runtime/src/prt_runtime.c:1973

--- BP dma_gdb_marker_wait_return ---
rc = 0
tok = 0x3ff6d74da8
$37 = {
  id = 5013,
  stage_idx = 0,
  tensor_id = 3,
  owner_rt = 0x3fffffdef0,
  completion_flag = 0x5e000,
  completion_slot = 0,
  done = 1,
  hw_done_flag = 1,
  hw_done_flag_pa_rc = 0,
  initialized = 1,
  submit_ns = 19996508000,
  debug_src_addr = 1077944320,
  debug_dst_addr = 4372936704,
  debug_bytes = 1024,
  debug_done_flag_va = 385024,
  debug_done_flag_pa = 4342575104,
  debug_last_pending_log_ns = 0,
  debug_src_acc = 0,
  debug_dst_acc = 0,
  debug_page_idx = 4,
  debug_progress_polls = 0,
  debug_force_export_probe = 0,
  traced_complete = 1,
  status = 0,
  rr_scope_valid = 1,
  rr_scope_external = 1,
  rr_cfg_id = 0,
  rr_manager_id = 0,
  rr_opcode_id = 2,
  lock = {
    __data = {
      __lock = 0,
      __count = 0,
      __owner = 0,
      __nusers = 0,
      __kind = 0,
      __spins = 0,
      __list = {
        __prev = 0x0,
        __next = 0x0
      }
    },
    __size = '\000' <repeats 39 times>,
    __align = 0
  },
  cv = {
    __data = {
      __wseq = {
        __value64 = 0,
        __value32 = {
          __low = 0,
          __high = 0
        }
      },
      __g1_start = {
        __value64 = 0,
        __value32 = {
          __low = 0,
          __high = 0
        }
      },
      __g_refs = {0, 0},
      __g_size = {0, 0},
      __g1_orig_size = 0,
      __wrefs = 0,
      __g_signals = {0, 0}
    },
    __size = '\000' <repeats 47 times>,
    __align = 0
  }
}
#0  dma_gdb_marker_wait_return (rc=0, tok=0x3ff6d74da8)
    at /home/ubuntu/chipyard/generators/gemmini/software/gemmini-rocc-tests/pipeline-runtime/src/prt_dma.c:3561
#1  dma_blocking_wait (rt=0x3fffffdef0, tok=0x3ff6d74da8, 
    timeout_ns=<optimized out>)
    at /home/ubuntu/chipyard/generators/gemmini/software/gemmini-rocc-tests/pipeline-runtime/src/prt_dma.c:3868
#2  0x00000000000181c0 in prt_dma_wait (timeout_ns=5000000000, 
    tok=0x3ff6d74da8, rt=0x3fffffdef0)
    at /home/ubuntu/chipyard/generators/gemmini/software/gemmini-rocc-tests/pipeline-runtime/src/prt_dma.c:2708
#3  dma_submit_wait_annotated_scoped (rt=rt@entry=0x3fffffdef0, 
    req=req@entry=0x3ff6d74fc8, stage_idx=stage_idx@entry=0, 
    tensor_id=tensor_id@entry=3, timeout_ns=timeout_ns@entry=5000000000, 
    scope=scope@entry=0x3ff6d74fb0, 
    force_export_probe=force_export_probe@entry=0, 
    debug_page_idx=debug_page_idx@entry=4)
    at /home/ubuntu/chipyard/generators/gemmini/software/gemmini-rocc-tests/pipeline-runtime/src/prt_dma.c:2121
#4  0x0000000000019402 in dma_copy_spm_pages_to_host_linux (rt=0x3fffffdef0, 
    dst_host=0x3ff6df4800 "", src_pages=<optimized out>, manager_id=0, 
    stage_idx=0, tensor_id=3, timeout_ns=5000000000, 
    total_bytes=<optimized out>)
    at /home/ubuntu/chipyard/generators/gemmini/software/gemmini-rocc-tests/pipeline-runtime/src/prt_dma.c:1209
#5  0x000000000001a3c6 in prt_dma_copy_spm_pages_to_dram_prefix (
    timeout_ns=<optimized out>, tensor_id=<optimized out>, 
    stage_idx=<optimized out>, manager_id=<optimized out>, 
    bytes=<optimized out>, src_pages=<optimized out>, 
    dst_dram_addr=<optimized out>, rt=<optimized out>)
    at /home/ubuntu/chipyard/generators/gemmini/software/gemmini-rocc-tests/pipeline-runtime/src/prt_dma.c:2869
#6  0x000000000002bc1e in copy_tensor_pages_to_model_alias_target (
    rt=rt@entry=0x3fffffdef0, tensor_id=tensor_id@entry=3, 
    pages=pages@entry=0x6d0a0, src_size=src_size@entry=65536, 
    manager_id=manager_id@entry=0, stage_id=stage_id@entry=0, target_seq=0, 
    layer_index=<optimized out>, slot=slot@entry=3, 
    target_kind=target_kind@entry=0x47668 "address", 
    target_slot=target_slot@entry=3, dst_addr=274724767744)
    at /home/ubuntu/chipyard/generators/gemmini/software/gemmini-rocc-tests/pipeline-runtime/src/prt_runtime.c:1973
#7  0x000000000002e1e8 in copy_tensor_pages_to_model_aliases (stage_id=0, 
    manager_id=0, src_size=<optimized out>, pages=0x6d0a0, tensor_id=3, 
    rt=0x3fffffdef0)
    at /home/ubuntu/chipyard/generators/gemmini/software/gemmini-rocc-tests/pipeline-runtime/src/prt_runtime.c:2040

--- BP prt_dma_submit ---
rt = 0x3fffffdef0
req = 0x3ff6d74fc8
tok = 0x3ff6d74da8
$38 = {
  id = 0,
  stage_idx = 0,
  tensor_id = 3,
  owner_rt = 0x0,
  completion_flag = 0x0,
  completion_slot = 0,
  done = 0,
  hw_done_flag = 0,
  hw_done_flag_pa_rc = 0,
  initialized = 0,
  submit_ns = 0,
  debug_src_addr = 0,
  debug_dst_addr = 0,
  debug_bytes = 0,
  debug_done_flag_va = 0,
  debug_done_flag_pa = 0,
  debug_last_pending_log_ns = 0,
  debug_src_acc = 0,
  debug_dst_acc = 0,
  debug_page_idx = 5,
  debug_progress_polls = 0,
  debug_force_export_probe = 0,
  traced_complete = 0,
  status = 0,
  rr_scope_valid = 1,
  rr_scope_external = 1,
  rr_cfg_id = 0,
  rr_manager_id = 0,
  rr_opcode_id = 2,
  lock = {
    __data = {
      __lock = 0,
      __count = 0,
      __owner = 0,
      __nusers = 0,
      __kind = 0,
      __spins = 0,
      __list = {
        __prev = 0x0,
        __next = 0x0
      }
    },
    __size = '\000' <repeats 39 times>,
    __align = 0
  },
  cv = {
    __data = {
      __wseq = {
        __value64 = 0,
        __value32 = {
          __low = 0,
          __high = 0
        }
      },
      __g1_start = {
        __value64 = 0,
        __value32 = {
          __low = 0,
          __high = 0
        }
      },
      __g_refs = {0, 0},
      __g_size = {0, 0},
      __g1_orig_size = 0,
      __wrefs = 0,
      __g_signals = {0, 0}
    },
    __size = '\000' <repeats 47 times>,
    __align = 0
  }
}
#0  prt_dma_submit (rt=0x3fffffdef0, req=0x3ff6d74fc8, tok=0x3ff6d74da8)
    at /home/ubuntu/chipyard/generators/gemmini/software/gemmini-rocc-tests/pipeline-runtime/src/prt_dma.c:2698
#1  0x00000000000181aa in dma_submit_wait_annotated_scoped (
    rt=rt@entry=0x3fffffdef0, req=req@entry=0x3ff6d74fc8, 
    stage_idx=stage_idx@entry=0, tensor_id=tensor_id@entry=3, 
    timeout_ns=timeout_ns@entry=5000000000, scope=scope@entry=0x3ff6d74fb0, 
    force_export_probe=force_export_probe@entry=0, 
    debug_page_idx=debug_page_idx@entry=5)
    at /home/ubuntu/chipyard/generators/gemmini/software/gemmini-rocc-tests/pipeline-runtime/src/prt_dma.c:2094
#2  0x0000000000019402 in dma_copy_spm_pages_to_host_linux (rt=0x3fffffdef0, 
    dst_host=0x3ff6df4800 "", src_pages=<optimized out>, manager_id=0, 
    stage_idx=0, tensor_id=3, timeout_ns=5000000000, 
    total_bytes=<optimized out>)
    at /home/ubuntu/chipyard/generators/gemmini/software/gemmini-rocc-tests/pipeline-runtime/src/prt_dma.c:1209
#3  0x000000000001a3c6 in prt_dma_copy_spm_pages_to_dram_prefix (
    timeout_ns=<optimized out>, tensor_id=<optimized out>, 
    stage_idx=<optimized out>, manager_id=<optimized out>, 
    bytes=<optimized out>, src_pages=<optimized out>, 
    dst_dram_addr=<optimized out>, rt=<optimized out>)
    at /home/ubuntu/chipyard/generators/gemmini/software/gemmini-rocc-tests/pipeline-runtime/src/prt_dma.c:2869
#4  0x000000000002bc1e in copy_tensor_pages_to_model_alias_target (
    rt=rt@entry=0x3fffffdef0, tensor_id=tensor_id@entry=3, 
    pages=pages@entry=0x6d0a0, src_size=src_size@entry=65536, 
    manager_id=manager_id@entry=0, stage_id=stage_id@entry=0, target_seq=0, 
    layer_index=<optimized out>, slot=slot@entry=3, 
    target_kind=target_kind@entry=0x47668 "address", 
    target_slot=target_slot@entry=3, dst_addr=274724767744)
    at /home/ubuntu/chipyard/generators/gemmini/software/gemmini-rocc-tests/pipeline-runtime/src/prt_runtime.c:1973
#5  0x000000000002e1e8 in copy_tensor_pages_to_model_aliases (stage_id=0, 
    manager_id=0, src_size=<optimized out>, pages=0x6d0a0, tensor_id=3, 
    rt=0x3fffffdef0)
    at /home/ubuntu/chipyard/generators/gemmini/software/gemmini-rocc-tests/pipeline-runtime/src/prt_runtime.c:2040
#6  sync_stage_export_aliases (rt=rt@entry=0x3fffffdef0, 
    segment_idx=segment_idx@entry=1, stage_id=0, 
    global_stage_id=global_stage_id@entry=1, subbatch_id=subbatch_id@entry=7)
    at /home/ubuntu/chipyard/generators/gemmini/software/gemmini-rocc-tests/pipeline-runtime/src/prt_runtime.c:2657
#7  0x000000000003065a in stage_worker_main (arg=0x83960)
    at /home/ubuntu/chipyard/generators/gemmini/software/gemmini-rocc-tests/pipeline-runtime/src/prt_runtime.c:4570

--- BP dma_blocking_wait ---
rt = 0x3fffffdef0
tok = 0x3ff6d74da8
timeout_ns = 5000000000
$39 = {
  id = 5014,
  stage_idx = 0,
  tensor_id = 3,
  owner_rt = 0x3fffffdef0,
  completion_flag = 0x5e000,
  completion_slot = 0,
  done = 0,
  hw_done_flag = 0,
  hw_done_flag_pa_rc = 0,
  initialized = 1,
  submit_ns = 20544502000,
  debug_src_addr = 1078992896,
  debug_dst_addr = 4372937728,
  debug_bytes = 1024,
  debug_done_flag_va = 385024,
  debug_done_flag_pa = 4342575104,
  debug_last_pending_log_ns = 0,
  debug_src_acc = 0,
  debug_dst_acc = 0,
  debug_page_idx = 5,
  debug_progress_polls = 0,
  debug_force_export_probe = 0,
  traced_complete = 0,
  status = 0,
  rr_scope_valid = 1,
  rr_scope_external = 1,
  rr_cfg_id = 0,
  rr_manager_id = 0,
  rr_opcode_id = 2,
  lock = {
    __data = {
      __lock = 0,
      __count = 0,
      __owner = 0,
      __nusers = 0,
      __kind = 0,
      __spins = 0,
      __list = {
        __prev = 0x0,
        __next = 0x0
      }
    },
    __size = '\000' <repeats 39 times>,
    __align = 0
  },
  cv = {
    __data = {
      __wseq = {
        __value64 = 0,
        __value32 = {
          __low = 0,
          __high = 0
        }
      },
      __g1_start = {
        __value64 = 0,
        __value32 = {
          __low = 0,
          __high = 0
        }
      },
      __g_refs = {0, 0},
      __g_size = {0, 0},
      __g1_orig_size = 0,
      __wrefs = 0,
      __g_signals = {0, 0}
    },
    __size = '\000' <repeats 47 times>,
    __align = 0
  }
}
#0  dma_blocking_wait (rt=0x3fffffdef0, tok=0x3ff6d74da8, 
    timeout_ns=5000000000)
    at /home/ubuntu/chipyard/generators/gemmini/software/gemmini-rocc-tests/pipeline-runtime/src/prt_dma.c:3578
#1  0x00000000000181c0 in prt_dma_wait (timeout_ns=5000000000, 
    tok=0x3ff6d74da8, rt=0x3fffffdef0)
    at /home/ubuntu/chipyard/generators/gemmini/software/gemmini-rocc-tests/pipeline-runtime/src/prt_dma.c:2708
#2  dma_submit_wait_annotated_scoped (rt=rt@entry=0x3fffffdef0, 
    req=req@entry=0x3ff6d74fc8, stage_idx=stage_idx@entry=0, 
    tensor_id=tensor_id@entry=3, timeout_ns=timeout_ns@entry=5000000000, 
    scope=scope@entry=0x3ff6d74fb0, 
    force_export_probe=force_export_probe@entry=0, 
    debug_page_idx=debug_page_idx@entry=5)
    at /home/ubuntu/chipyard/generators/gemmini/software/gemmini-rocc-tests/pipeline-runtime/src/prt_dma.c:2121
#3  0x0000000000019402 in dma_copy_spm_pages_to_host_linux (rt=0x3fffffdef0, 
    dst_host=0x3ff6df4800 "", src_pages=<optimized out>, manager_id=0, 
    stage_idx=0, tensor_id=3, timeout_ns=5000000000, 
    total_bytes=<optimized out>)
    at /home/ubuntu/chipyard/generators/gemmini/software/gemmini-rocc-tests/pipeline-runtime/src/prt_dma.c:1209
#4  0x000000000001a3c6 in prt_dma_copy_spm_pages_to_dram_prefix (
    timeout_ns=<optimized out>, tensor_id=<optimized out>, 
    stage_idx=<optimized out>, manager_id=<optimized out>, 
    bytes=<optimized out>, src_pages=<optimized out>, 
    dst_dram_addr=<optimized out>, rt=<optimized out>)
    at /home/ubuntu/chipyard/generators/gemmini/software/gemmini-rocc-tests/pipeline-runtime/src/prt_dma.c:2869
#5  0x000000000002bc1e in copy_tensor_pages_to_model_alias_target (
    rt=rt@entry=0x3fffffdef0, tensor_id=tensor_id@entry=3, 
    pages=pages@entry=0x6d0a0, src_size=src_size@entry=65536, 
    manager_id=manager_id@entry=0, stage_id=stage_id@entry=0, target_seq=0, 
    layer_index=<optimized out>, slot=slot@entry=3, 
    target_kind=target_kind@entry=0x47668 "address", 
    target_slot=target_slot@entry=3, dst_addr=274724767744)
    at /home/ubuntu/chipyard/generators/gemmini/software/gemmini-rocc-tests/pipeline-runtime/src/prt_runtime.c:1973
#6  0x000000000002e1e8 in copy_tensor_pages_to_model_aliases (stage_id=0, 
    manager_id=0, src_size=<optimized out>, pages=0x6d0a0, tensor_id=3, 
    rt=0x3fffffdef0)
    at /home/ubuntu/chipyard/generators/gemmini/software/gemmini-rocc-tests/pipeline-runtime/src/prt_runtime.c:2040
#7  sync_stage_export_aliases (rt=rt@entry=0x3fffffdef0, 
    segment_idx=segment_idx@entry=1, stage_id=0, 
    global_stage_id=global_stage_id@entry=1, subbatch_id=subbatch_id@entry=7)
    at /home/ubuntu/chipyard/generators/gemmini/software/gemmini-rocc-tests/pipeline-runtime/src/prt_runtime.c:2657

--- BP prt_rr_fence_scope ---
scope = 0x3ff6d74ce8
$40 = {
  valid = 1,
  cfg_id = 0,
  stage_id = 0,
  manager_id = 0,
  opcode_id = 2
}
#0  prt_rr_fence_scope (scope=scope@entry=0x3ff6d74ce8)
    at /home/ubuntu/chipyard/generators/gemmini/software/gemmini-rocc-tests/pipeline-runtime/src/prt_rerocc.c:371
#1  0x0000000000016302 in dma_token_fence_scope (tok=0x3ff6d74da8)
    at /home/ubuntu/chipyard/generators/gemmini/software/gemmini-rocc-tests/pipeline-runtime/src/prt_dma.c:2257
#2  dma_blocking_wait (rt=0x3fffffdef0, tok=0x3ff6d74da8, 
    timeout_ns=<optimized out>)
    at /home/ubuntu/chipyard/generators/gemmini/software/gemmini-rocc-tests/pipeline-runtime/src/prt_dma.c:3762
#3  0x00000000000181c0 in prt_dma_wait (timeout_ns=5000000000, 
    tok=0x3ff6d74da8, rt=0x3fffffdef0)
    at /home/ubuntu/chipyard/generators/gemmini/software/gemmini-rocc-tests/pipeline-runtime/src/prt_dma.c:2708
#4  dma_submit_wait_annotated_scoped (rt=rt@entry=0x3fffffdef0, 
    req=req@entry=0x3ff6d74fc8, stage_idx=stage_idx@entry=0, 
    tensor_id=tensor_id@entry=3, timeout_ns=timeout_ns@entry=5000000000, 
    scope=scope@entry=0x3ff6d74fb0, 
    force_export_probe=force_export_probe@entry=0, 
    debug_page_idx=debug_page_idx@entry=5)
    at /home/ubuntu/chipyard/generators/gemmini/software/gemmini-rocc-tests/pipeline-runtime/src/prt_dma.c:2121
#5  0x0000000000019402 in dma_copy_spm_pages_to_host_linux (rt=0x3fffffdef0, 
    dst_host=0x3ff6df4800 "", src_pages=<optimized out>, manager_id=0, 
    stage_idx=0, tensor_id=3, timeout_ns=5000000000, 
    total_bytes=<optimized out>)
    at /home/ubuntu/chipyard/generators/gemmini/software/gemmini-rocc-tests/pipeline-runtime/src/prt_dma.c:1209
#6  0x000000000001a3c6 in prt_dma_copy_spm_pages_to_dram_prefix (
    timeout_ns=<optimized out>, tensor_id=<optimized out>, 
    stage_idx=<optimized out>, manager_id=<optimized out>, 
    bytes=<optimized out>, src_pages=<optimized out>, 
    dst_dram_addr=<optimized out>, rt=<optimized out>)
    at /home/ubuntu/chipyard/generators/gemmini/software/gemmini-rocc-tests/pipeline-runtime/src/prt_dma.c:2869
#7  0x000000000002bc1e in copy_tensor_pages_to_model_alias_target (
    rt=rt@entry=0x3fffffdef0, tensor_id=tensor_id@entry=3, 
    pages=pages@entry=0x6d0a0, src_size=src_size@entry=65536, 
    manager_id=manager_id@entry=0, stage_id=stage_id@entry=0, target_seq=0, 
    layer_index=<optimized out>, slot=slot@entry=3, 
    target_kind=target_kind@entry=0x47668 "address", 
    target_slot=target_slot@entry=3, dst_addr=274724767744)
    at /home/ubuntu/chipyard/generators/gemmini/software/gemmini-rocc-tests/pipeline-runtime/src/prt_runtime.c:1973

--- BP dma_gdb_marker_wait_return ---
rc = 0
tok = 0x3ff6d74da8
$41 = {
  id = 5014,
  stage_idx = 0,
  tensor_id = 3,
  owner_rt = 0x3fffffdef0,
  completion_flag = 0x5e000,
  completion_slot = 0,
  done = 1,
  hw_done_flag = 1,
  hw_done_flag_pa_rc = 0,
  initialized = 1,
  submit_ns = 20544502000,
  debug_src_addr = 1078992896,
  debug_dst_addr = 4372937728,
  debug_bytes = 1024,
  debug_done_flag_va = 385024,
  debug_done_flag_pa = 4342575104,
  debug_last_pending_log_ns = 0,
  debug_src_acc = 0,
  debug_dst_acc = 0,
  debug_page_idx = 5,
  debug_progress_polls = 0,
  debug_force_export_probe = 0,
  traced_complete = 1,
  status = 0,
  rr_scope_valid = 1,
  rr_scope_external = 1,
  rr_cfg_id = 0,
  rr_manager_id = 0,
  rr_opcode_id = 2,
  lock = {
    __data = {
      __lock = 0,
      __count = 0,
      __owner = 0,
      __nusers = 0,
      __kind = 0,
      __spins = 0,
      __list = {
        __prev = 0x0,
        __next = 0x0
      }
    },
    __size = '\000' <repeats 39 times>,
    __align = 0
  },
  cv = {
    __data = {
      __wseq = {
        __value64 = 0,
        __value32 = {
          __low = 0,
          __high = 0
        }
      },
      __g1_start = {
        __value64 = 0,
        __value32 = {
          __low = 0,
          __high = 0
        }
      },
      __g_refs = {0, 0},
      __g_size = {0, 0},
      __g1_orig_size = 0,
      __wrefs = 0,
      __g_signals = {0, 0}
    },
    __size = '\000' <repeats 47 times>,
    __align = 0
  }
}
#0  dma_gdb_marker_wait_return (rc=0, tok=0x3ff6d74da8)
    at /home/ubuntu/chipyard/generators/gemmini/software/gemmini-rocc-tests/pipeline-runtime/src/prt_dma.c:3561
#1  dma_blocking_wait (rt=0x3fffffdef0, tok=0x3ff6d74da8, 
    timeout_ns=<optimized out>)
    at /home/ubuntu/chipyard/generators/gemmini/software/gemmini-rocc-tests/pipeline-runtime/src/prt_dma.c:3868
#2  0x00000000000181c0 in prt_dma_wait (timeout_ns=5000000000, 
    tok=0x3ff6d74da8, rt=0x3fffffdef0)
    at /home/ubuntu/chipyard/generators/gemmini/software/gemmini-rocc-tests/pipeline-runtime/src/prt_dma.c:2708
#3  dma_submit_wait_annotated_scoped (rt=rt@entry=0x3fffffdef0, 
    req=req@entry=0x3ff6d74fc8, stage_idx=stage_idx@entry=0, 
    tensor_id=tensor_id@entry=3, timeout_ns=timeout_ns@entry=5000000000, 
    scope=scope@entry=0x3ff6d74fb0, 
    force_export_probe=force_export_probe@entry=0, 
    debug_page_idx=debug_page_idx@entry=5)
    at /home/ubuntu/chipyard/generators/gemmini/software/gemmini-rocc-tests/pipeline-runtime/src/prt_dma.c:2121
#4  0x0000000000019402 in dma_copy_spm_pages_to_host_linux (rt=0x3fffffdef0, 
    dst_host=0x3ff6df4800 "", src_pages=<optimized out>, manager_id=0, 
    stage_idx=0, tensor_id=3, timeout_ns=5000000000, 
    total_bytes=<optimized out>)
    at /home/ubuntu/chipyard/generators/gemmini/software/gemmini-rocc-tests/pipeline-runtime/src/prt_dma.c:1209
#5  0x000000000001a3c6 in prt_dma_copy_spm_pages_to_dram_prefix (
    timeout_ns=<optimized out>, tensor_id=<optimized out>, 
    stage_idx=<optimized out>, manager_id=<optimized out>, 
    bytes=<optimized out>, src_pages=<optimized out>, 
    dst_dram_addr=<optimized out>, rt=<optimized out>)
    at /home/ubuntu/chipyard/generators/gemmini/software/gemmini-rocc-tests/pipeline-runtime/src/prt_dma.c:2869
#6  0x000000000002bc1e in copy_tensor_pages_to_model_alias_target (
    rt=rt@entry=0x3fffffdef0, tensor_id=tensor_id@entry=3, 
    pages=pages@entry=0x6d0a0, src_size=src_size@entry=65536, 
    manager_id=manager_id@entry=0, stage_id=stage_id@entry=0, target_seq=0, 
    layer_index=<optimized out>, slot=slot@entry=3, 
    target_kind=target_kind@entry=0x47668 "address", 
    target_slot=target_slot@entry=3, dst_addr=274724767744)
    at /home/ubuntu/chipyard/generators/gemmini/software/gemmini-rocc-tests/pipeline-runtime/src/prt_runtime.c:1973
#7  0x000000000002e1e8 in copy_tensor_pages_to_model_aliases (stage_id=0, 
    manager_id=0, src_size=<optimized out>, pages=0x6d0a0, tensor_id=3, 
    rt=0x3fffffdef0)
    at /home/ubuntu/chipyard/generators/gemmini/software/gemmini-rocc-tests/pipeline-runtime/src/prt_runtime.c:2040

--- BP prt_dma_submit ---
rt = 0x3fffffdef0
req = 0x3ff6d74fc8
tok = 0x3ff6d74da8
$42 = {
  id = 0,
  stage_idx = 0,
  tensor_id = 3,
  owner_rt = 0x0,
  completion_flag = 0x0,
  completion_slot = 0,
  done = 0,
  hw_done_flag = 0,
  hw_done_flag_pa_rc = 0,
  initialized = 0,
  submit_ns = 0,
  debug_src_addr = 0,
  debug_dst_addr = 0,
  debug_bytes = 0,
  debug_done_flag_va = 0,
  debug_done_flag_pa = 0,
  debug_last_pending_log_ns = 0,
  debug_src_acc = 0,
  debug_dst_acc = 0,
  debug_page_idx = 6,
  debug_progress_polls = 0,
  debug_force_export_probe = 0,
  traced_complete = 0,
  status = 0,
  rr_scope_valid = 1,
  rr_scope_external = 1,
  rr_cfg_id = 0,
  rr_manager_id = 0,
  rr_opcode_id = 2,
  lock = {
    __data = {
      __lock = 0,
      __count = 0,
      __owner = 0,
      __nusers = 0,
      __kind = 0,
      __spins = 0,
      __list = {
        __prev = 0x0,
        __next = 0x0
      }
    },
    __size = '\000' <repeats 39 times>,
    __align = 0
  },
  cv = {
    __data = {
      __wseq = {
        __value64 = 0,
        __value32 = {
          __low = 0,
          __high = 0
        }
      },
      __g1_start = {
        __value64 = 0,
        __value32 = {
          __low = 0,
          __high = 0
        }
      },
      __g_refs = {0, 0},
      __g_size = {0, 0},
      __g1_orig_size = 0,
      __wrefs = 0,
      __g_signals = {0, 0}
    },
    __size = '\000' <repeats 47 times>,
    __align = 0
  }
}
#0  prt_dma_submit (rt=0x3fffffdef0, req=0x3ff6d74fc8, tok=0x3ff6d74da8)
    at /home/ubuntu/chipyard/generators/gemmini/software/gemmini-rocc-tests/pipeline-runtime/src/prt_dma.c:2698
#1  0x00000000000181aa in dma_submit_wait_annotated_scoped (
    rt=rt@entry=0x3fffffdef0, req=req@entry=0x3ff6d74fc8, 
    stage_idx=stage_idx@entry=0, tensor_id=tensor_id@entry=3, 
    timeout_ns=timeout_ns@entry=5000000000, scope=scope@entry=0x3ff6d74fb0, 
    force_export_probe=force_export_probe@entry=0, 
    debug_page_idx=debug_page_idx@entry=6)
    at /home/ubuntu/chipyard/generators/gemmini/software/gemmini-rocc-tests/pipeline-runtime/src/prt_dma.c:2094
#2  0x0000000000019402 in dma_copy_spm_pages_to_host_linux (rt=0x3fffffdef0, 
    dst_host=0x3ff6df4800 "", src_pages=<optimized out>, manager_id=0, 
    stage_idx=0, tensor_id=3, timeout_ns=5000000000, 
    total_bytes=<optimized out>)
    at /home/ubuntu/chipyard/generators/gemmini/software/gemmini-rocc-tests/pipeline-runtime/src/prt_dma.c:1209
#3  0x000000000001a3c6 in prt_dma_copy_spm_pages_to_dram_prefix (
    timeout_ns=<optimized out>, tensor_id=<optimized out>, 
    stage_idx=<optimized out>, manager_id=<optimized out>, 
    bytes=<optimized out>, src_pages=<optimized out>, 
    dst_dram_addr=<optimized out>, rt=<optimized out>)
    at /home/ubuntu/chipyard/generators/gemmini/software/gemmini-rocc-tests/pipeline-runtime/src/prt_dma.c:2869
#4  0x000000000002bc1e in copy_tensor_pages_to_model_alias_target (
    rt=rt@entry=0x3fffffdef0, tensor_id=tensor_id@entry=3, 
    pages=pages@entry=0x6d0a0, src_size=src_size@entry=65536, 
    manager_id=manager_id@entry=0, stage_id=stage_id@entry=0, target_seq=0, 
    layer_index=<optimized out>, slot=slot@entry=3, 
    target_kind=target_kind@entry=0x47668 "address", 
    target_slot=target_slot@entry=3, dst_addr=274724767744)
    at /home/ubuntu/chipyard/generators/gemmini/software/gemmini-rocc-tests/pipeline-runtime/src/prt_runtime.c:1973
#5  0x000000000002e1e8 in copy_tensor_pages_to_model_aliases (stage_id=0, 
    manager_id=0, src_size=<optimized out>, pages=0x6d0a0, tensor_id=3, 
    rt=0x3fffffdef0)
    at /home/ubuntu/chipyard/generators/gemmini/software/gemmini-rocc-tests/pipeline-runtime/src/prt_runtime.c:2040
#6  sync_stage_export_aliases (rt=rt@entry=0x3fffffdef0, 
    segment_idx=segment_idx@entry=1, stage_id=0, 
    global_stage_id=global_stage_id@entry=1, subbatch_id=subbatch_id@entry=7)
    at /home/ubuntu/chipyard/generators/gemmini/software/gemmini-rocc-tests/pipeline-runtime/src/prt_runtime.c:2657
#7  0x000000000003065a in stage_worker_main (arg=0x83960)
    at /home/ubuntu/chipyard/generators/gemmini/software/gemmini-rocc-tests/pipeline-runtime/src/prt_runtime.c:4570

--- BP dma_blocking_wait ---
rt = 0x3fffffdef0
tok = 0x3ff6d74da8
timeout_ns = 5000000000
$43 = {
  id = 5015,
  stage_idx = 0,
  tensor_id = 3,
  owner_rt = 0x3fffffdef0,
  completion_flag = 0x5e000,
  completion_slot = 0,
  done = 0,
  hw_done_flag = 0,
  hw_done_flag_pa_rc = 0,
  initialized = 1,
  submit_ns = 21095669000,
  debug_src_addr = 1080041472,
  debug_dst_addr = 4372938752,
  debug_bytes = 1024,
  debug_done_flag_va = 385024,
  debug_done_flag_pa = 4342575104,
  debug_last_pending_log_ns = 0,
  debug_src_acc = 0,
  debug_dst_acc = 0,
  debug_page_idx = 6,
  debug_progress_polls = 0,
  debug_force_export_probe = 0,
  traced_complete = 0,
  status = 0,
  rr_scope_valid = 1,
  rr_scope_external = 1,
  rr_cfg_id = 0,
  rr_manager_id = 0,
  rr_opcode_id = 2,
  lock = {
    __data = {
      __lock = 0,
      __count = 0,
      __owner = 0,
      __nusers = 0,
      __kind = 0,
      __spins = 0,
      __list = {
        __prev = 0x0,
        __next = 0x0
      }
    },
    __size = '\000' <repeats 39 times>,
    __align = 0
  },
  cv = {
    __data = {
      __wseq = {
        __value64 = 0,
        __value32 = {
          __low = 0,
          __high = 0
        }
      },
      __g1_start = {
        __value64 = 0,
        __value32 = {
          __low = 0,
          __high = 0
        }
      },
      __g_refs = {0, 0},
      __g_size = {0, 0},
      __g1_orig_size = 0,
      __wrefs = 0,
      __g_signals = {0, 0}
    },
    __size = '\000' <repeats 47 times>,
    __align = 0
  }
}
#0  dma_blocking_wait (rt=0x3fffffdef0, tok=0x3ff6d74da8, 
    timeout_ns=5000000000)
    at /home/ubuntu/chipyard/generators/gemmini/software/gemmini-rocc-tests/pipeline-runtime/src/prt_dma.c:3578
#1  0x00000000000181c0 in prt_dma_wait (timeout_ns=5000000000, 
    tok=0x3ff6d74da8, rt=0x3fffffdef0)
    at /home/ubuntu/chipyard/generators/gemmini/software/gemmini-rocc-tests/pipeline-runtime/src/prt_dma.c:2708
#2  dma_submit_wait_annotated_scoped (rt=rt@entry=0x3fffffdef0, 
    req=req@entry=0x3ff6d74fc8, stage_idx=stage_idx@entry=0, 
    tensor_id=tensor_id@entry=3, timeout_ns=timeout_ns@entry=5000000000, 
    scope=scope@entry=0x3ff6d74fb0, 
    force_export_probe=force_export_probe@entry=0, 
    debug_page_idx=debug_page_idx@entry=6)
    at /home/ubuntu/chipyard/generators/gemmini/software/gemmini-rocc-tests/pipeline-runtime/src/prt_dma.c:2121
#3  0x0000000000019402 in dma_copy_spm_pages_to_host_linux (rt=0x3fffffdef0, 
    dst_host=0x3ff6df4800 "", src_pages=<optimized out>, manager_id=0, 
    stage_idx=0, tensor_id=3, timeout_ns=5000000000, 
    total_bytes=<optimized out>)
    at /home/ubuntu/chipyard/generators/gemmini/software/gemmini-rocc-tests/pipeline-runtime/src/prt_dma.c:1209
#4  0x000000000001a3c6 in prt_dma_copy_spm_pages_to_dram_prefix (
    timeout_ns=<optimized out>, tensor_id=<optimized out>, 
    stage_idx=<optimized out>, manager_id=<optimized out>, 
    bytes=<optimized out>, src_pages=<optimized out>, 
    dst_dram_addr=<optimized out>, rt=<optimized out>)
    at /home/ubuntu/chipyard/generators/gemmini/software/gemmini-rocc-tests/pipeline-runtime/src/prt_dma.c:2869
#5  0x000000000002bc1e in copy_tensor_pages_to_model_alias_target (
    rt=rt@entry=0x3fffffdef0, tensor_id=tensor_id@entry=3, 
    pages=pages@entry=0x6d0a0, src_size=src_size@entry=65536, 
    manager_id=manager_id@entry=0, stage_id=stage_id@entry=0, target_seq=0, 
    layer_index=<optimized out>, slot=slot@entry=3, 
    target_kind=target_kind@entry=0x47668 "address", 
    target_slot=target_slot@entry=3, dst_addr=274724767744)
    at /home/ubuntu/chipyard/generators/gemmini/software/gemmini-rocc-tests/pipeline-runtime/src/prt_runtime.c:1973
#6  0x000000000002e1e8 in copy_tensor_pages_to_model_aliases (stage_id=0, 
    manager_id=0, src_size=<optimized out>, pages=0x6d0a0, tensor_id=3, 
    rt=0x3fffffdef0)
    at /home/ubuntu/chipyard/generators/gemmini/software/gemmini-rocc-tests/pipeline-runtime/src/prt_runtime.c:2040
#7  sync_stage_export_aliases (rt=rt@entry=0x3fffffdef0, 
    segment_idx=segment_idx@entry=1, stage_id=0, 
    global_stage_id=global_stage_id@entry=1, subbatch_id=subbatch_id@entry=7)
    at /home/ubuntu/chipyard/generators/gemmini/software/gemmini-rocc-tests/pipeline-runtime/src/prt_runtime.c:2657

--- BP prt_rr_fence_scope ---
scope = 0x3ff6d74ce8
$44 = {
  valid = 1,
  cfg_id = 0,
  stage_id = 0,
  manager_id = 0,
  opcode_id = 2
}
#0  prt_rr_fence_scope (scope=scope@entry=0x3ff6d74ce8)
    at /home/ubuntu/chipyard/generators/gemmini/software/gemmini-rocc-tests/pipeline-runtime/src/prt_rerocc.c:371
#1  0x0000000000016302 in dma_token_fence_scope (tok=0x3ff6d74da8)
    at /home/ubuntu/chipyard/generators/gemmini/software/gemmini-rocc-tests/pipeline-runtime/src/prt_dma.c:2257
#2  dma_blocking_wait (rt=0x3fffffdef0, tok=0x3ff6d74da8, 
    timeout_ns=<optimized out>)
    at /home/ubuntu/chipyard/generators/gemmini/software/gemmini-rocc-tests/pipeline-runtime/src/prt_dma.c:3762
#3  0x00000000000181c0 in prt_dma_wait (timeout_ns=5000000000, 
    tok=0x3ff6d74da8, rt=0x3fffffdef0)
    at /home/ubuntu/chipyard/generators/gemmini/software/gemmini-rocc-tests/pipeline-runtime/src/prt_dma.c:2708
#4  dma_submit_wait_annotated_scoped (rt=rt@entry=0x3fffffdef0, 
    req=req@entry=0x3ff6d74fc8, stage_idx=stage_idx@entry=0, 
    tensor_id=tensor_id@entry=3, timeout_ns=timeout_ns@entry=5000000000, 
    scope=scope@entry=0x3ff6d74fb0, 
    force_export_probe=force_export_probe@entry=0, 
    debug_page_idx=debug_page_idx@entry=6)
    at /home/ubuntu/chipyard/generators/gemmini/software/gemmini-rocc-tests/pipeline-runtime/src/prt_dma.c:2121
#5  0x0000000000019402 in dma_copy_spm_pages_to_host_linux (rt=0x3fffffdef0, 
    dst_host=0x3ff6df4800 "", src_pages=<optimized out>, manager_id=0, 
    stage_idx=0, tensor_id=3, timeout_ns=5000000000, 
    total_bytes=<optimized out>)
    at /home/ubuntu/chipyard/generators/gemmini/software/gemmini-rocc-tests/pipeline-runtime/src/prt_dma.c:1209
#6  0x000000000001a3c6 in prt_dma_copy_spm_pages_to_dram_prefix (
    timeout_ns=<optimized out>, tensor_id=<optimized out>, 
    stage_idx=<optimized out>, manager_id=<optimized out>, 
    bytes=<optimized out>, src_pages=<optimized out>, 
    dst_dram_addr=<optimized out>, rt=<optimized out>)
    at /home/ubuntu/chipyard/generators/gemmini/software/gemmini-rocc-tests/pipeline-runtime/src/prt_dma.c:2869
#7  0x000000000002bc1e in copy_tensor_pages_to_model_alias_target (
    rt=rt@entry=0x3fffffdef0, tensor_id=tensor_id@entry=3, 
    pages=pages@entry=0x6d0a0, src_size=src_size@entry=65536, 
    manager_id=manager_id@entry=0, stage_id=stage_id@entry=0, target_seq=0, 
    layer_index=<optimized out>, slot=slot@entry=3, 
    target_kind=target_kind@entry=0x47668 "address", 
    target_slot=target_slot@entry=3, dst_addr=274724767744)
    at /home/ubuntu/chipyard/generators/gemmini/software/gemmini-rocc-tests/pipeline-runtime/src/prt_runtime.c:1973

--- BP dma_gdb_marker_wait_return ---
rc = 0
tok = 0x3ff6d74da8
$45 = {
  id = 5015,
  stage_idx = 0,
  tensor_id = 3,
  owner_rt = 0x3fffffdef0,
  completion_flag = 0x5e000,
  completion_slot = 0,
  done = 1,
  hw_done_flag = 1,
  hw_done_flag_pa_rc = 0,
  initialized = 1,
  submit_ns = 21095669000,
  debug_src_addr = 1080041472,
  debug_dst_addr = 4372938752,
  debug_bytes = 1024,
  debug_done_flag_va = 385024,
  debug_done_flag_pa = 4342575104,
  debug_last_pending_log_ns = 0,
  debug_src_acc = 0,
  debug_dst_acc = 0,
  debug_page_idx = 6,
  debug_progress_polls = 0,
  debug_force_export_probe = 0,
  traced_complete = 1,
  status = 0,
  rr_scope_valid = 1,
  rr_scope_external = 1,
  rr_cfg_id = 0,
  rr_manager_id = 0,
  rr_opcode_id = 2,
  lock = {
    __data = {
      __lock = 0,
      __count = 0,
      __owner = 0,
      __nusers = 0,
      __kind = 0,
      __spins = 0,
      __list = {
        __prev = 0x0,
        __next = 0x0
      }
    },
    __size = '\000' <repeats 39 times>,
    __align = 0
  },
  cv = {
    __data = {
      __wseq = {
        __value64 = 0,
        __value32 = {
          __low = 0,
          __high = 0
        }
      },
      __g1_start = {
        __value64 = 0,
        __value32 = {
          __low = 0,
          __high = 0
        }
      },
      __g_refs = {0, 0},
      __g_size = {0, 0},
      __g1_orig_size = 0,
      __wrefs = 0,
      __g_signals = {0, 0}
    },
    __size = '\000' <repeats 47 times>,
    __align = 0
  }
}
#0  dma_gdb_marker_wait_return (rc=0, tok=0x3ff6d74da8)
    at /home/ubuntu/chipyard/generators/gemmini/software/gemmini-rocc-tests/pipeline-runtime/src/prt_dma.c:3561
#1  dma_blocking_wait (rt=0x3fffffdef0, tok=0x3ff6d74da8, 
    timeout_ns=<optimized out>)
    at /home/ubuntu/chipyard/generators/gemmini/software/gemmini-rocc-tests/pipeline-runtime/src/prt_dma.c:3868
#2  0x00000000000181c0 in prt_dma_wait (timeout_ns=5000000000, 
    tok=0x3ff6d74da8, rt=0x3fffffdef0)
    at /home/ubuntu/chipyard/generators/gemmini/software/gemmini-rocc-tests/pipeline-runtime/src/prt_dma.c:2708
#3  dma_submit_wait_annotated_scoped (rt=rt@entry=0x3fffffdef0, 
    req=req@entry=0x3ff6d74fc8, stage_idx=stage_idx@entry=0, 
    tensor_id=tensor_id@entry=3, timeout_ns=timeout_ns@entry=5000000000, 
    scope=scope@entry=0x3ff6d74fb0, 
    force_export_probe=force_export_probe@entry=0, 
    debug_page_idx=debug_page_idx@entry=6)
    at /home/ubuntu/chipyard/generators/gemmini/software/gemmini-rocc-tests/pipeline-runtime/src/prt_dma.c:2121
#4  0x0000000000019402 in dma_copy_spm_pages_to_host_linux (rt=0x3fffffdef0, 
    dst_host=0x3ff6df4800 "", src_pages=<optimized out>, manager_id=0, 
    stage_idx=0, tensor_id=3, timeout_ns=5000000000, 
    total_bytes=<optimized out>)
    at /home/ubuntu/chipyard/generators/gemmini/software/gemmini-rocc-tests/pipeline-runtime/src/prt_dma.c:1209
#5  0x000000000001a3c6 in prt_dma_copy_spm_pages_to_dram_prefix (
    timeout_ns=<optimized out>, tensor_id=<optimized out>, 
    stage_idx=<optimized out>, manager_id=<optimized out>, 
    bytes=<optimized out>, src_pages=<optimized out>, 
    dst_dram_addr=<optimized out>, rt=<optimized out>)
    at /home/ubuntu/chipyard/generators/gemmini/software/gemmini-rocc-tests/pipeline-runtime/src/prt_dma.c:2869
#6  0x000000000002bc1e in copy_tensor_pages_to_model_alias_target (
    rt=rt@entry=0x3fffffdef0, tensor_id=tensor_id@entry=3, 
    pages=pages@entry=0x6d0a0, src_size=src_size@entry=65536, 
    manager_id=manager_id@entry=0, stage_id=stage_id@entry=0, target_seq=0, 
    layer_index=<optimized out>, slot=slot@entry=3, 
    target_kind=target_kind@entry=0x47668 "address", 
    target_slot=target_slot@entry=3, dst_addr=274724767744)
    at /home/ubuntu/chipyard/generators/gemmini/software/gemmini-rocc-tests/pipeline-runtime/src/prt_runtime.c:1973
#7  0x000000000002e1e8 in copy_tensor_pages_to_model_aliases (stage_id=0, 
    manager_id=0, src_size=<optimized out>, pages=0x6d0a0, tensor_id=3, 
    rt=0x3fffffdef0)
    at /home/ubuntu/chipyard/generators/gemmini/software/gemmini-rocc-tests/pipeline-runtime/src/prt_runtime.c:2040

--- BP prt_dma_submit ---
rt = 0x3fffffdef0
req = 0x3ff6d74fc8
tok = 0x3ff6d74da8
$46 = {
  id = 0,
  stage_idx = 0,
  tensor_id = 3,
  owner_rt = 0x0,
  completion_flag = 0x0,
  completion_slot = 0,
  done = 0,
  hw_done_flag = 0,
  hw_done_flag_pa_rc = 0,
  initialized = 0,
  submit_ns = 0,
  debug_src_addr = 0,
  debug_dst_addr = 0,
  debug_bytes = 0,
  debug_done_flag_va = 0,
  debug_done_flag_pa = 0,
  debug_last_pending_log_ns = 0,
  debug_src_acc = 0,
  debug_dst_acc = 0,
  debug_page_idx = 7,
  debug_progress_polls = 0,
  debug_force_export_probe = 0,
  traced_complete = 0,
  status = 0,
  rr_scope_valid = 1,
  rr_scope_external = 1,
  rr_cfg_id = 0,
  rr_manager_id = 0,
  rr_opcode_id = 2,
  lock = {
    __data = {
      __lock = 0,
      __count = 0,
      __owner = 0,
      __nusers = 0,
      __kind = 0,
      __spins = 0,
      __list = {
        __prev = 0x0,
        __next = 0x0
      }
    },
    __size = '\000' <repeats 39 times>,
    __align = 0
  },
  cv = {
    __data = {
      __wseq = {
        __value64 = 0,
        __value32 = {
          __low = 0,
          __high = 0
        }
      },
      __g1_start = {
        __value64 = 0,
        __value32 = {
          __low = 0,
          __high = 0
        }
      },
      __g_refs = {0, 0},
      __g_size = {0, 0},
      __g1_orig_size = 0,
      __wrefs = 0,
      __g_signals = {0, 0}
    },
    __size = '\000' <repeats 47 times>,
    __align = 0
  }
}
#0  prt_dma_submit (rt=0x3fffffdef0, req=0x3ff6d74fc8, tok=0x3ff6d74da8)
    at /home/ubuntu/chipyard/generators/gemmini/software/gemmini-rocc-tests/pipeline-runtime/src/prt_dma.c:2698
#1  0x00000000000181aa in dma_submit_wait_annotated_scoped (
    rt=rt@entry=0x3fffffdef0, req=req@entry=0x3ff6d74fc8, 
    stage_idx=stage_idx@entry=0, tensor_id=tensor_id@entry=3, 
    timeout_ns=timeout_ns@entry=5000000000, scope=scope@entry=0x3ff6d74fb0, 
    force_export_probe=force_export_probe@entry=0, 
    debug_page_idx=debug_page_idx@entry=7)
    at /home/ubuntu/chipyard/generators/gemmini/software/gemmini-rocc-tests/pipeline-runtime/src/prt_dma.c:2094
#2  0x0000000000019402 in dma_copy_spm_pages_to_host_linux (rt=0x3fffffdef0, 
    dst_host=0x3ff6df4800 "", src_pages=<optimized out>, manager_id=0, 
    stage_idx=0, tensor_id=3, timeout_ns=5000000000, 
    total_bytes=<optimized out>)
    at /home/ubuntu/chipyard/generators/gemmini/software/gemmini-rocc-tests/pipeline-runtime/src/prt_dma.c:1209
#3  0x000000000001a3c6 in prt_dma_copy_spm_pages_to_dram_prefix (
    timeout_ns=<optimized out>, tensor_id=<optimized out>, 
    stage_idx=<optimized out>, manager_id=<optimized out>, 
    bytes=<optimized out>, src_pages=<optimized out>, 
    dst_dram_addr=<optimized out>, rt=<optimized out>)
    at /home/ubuntu/chipyard/generators/gemmini/software/gemmini-rocc-tests/pipeline-runtime/src/prt_dma.c:2869
#4  0x000000000002bc1e in copy_tensor_pages_to_model_alias_target (
    rt=rt@entry=0x3fffffdef0, tensor_id=tensor_id@entry=3, 
    pages=pages@entry=0x6d0a0, src_size=src_size@entry=65536, 
    manager_id=manager_id@entry=0, stage_id=stage_id@entry=0, target_seq=0, 
    layer_index=<optimized out>, slot=slot@entry=3, 
    target_kind=target_kind@entry=0x47668 "address", 
    target_slot=target_slot@entry=3, dst_addr=274724767744)
    at /home/ubuntu/chipyard/generators/gemmini/software/gemmini-rocc-tests/pipeline-runtime/src/prt_runtime.c:1973
#5  0x000000000002e1e8 in copy_tensor_pages_to_model_aliases (stage_id=0, 
    manager_id=0, src_size=<optimized out>, pages=0x6d0a0, tensor_id=3, 
    rt=0x3fffffdef0)
    at /home/ubuntu/chipyard/generators/gemmini/software/gemmini-rocc-tests/pipeline-runtime/src/prt_runtime.c:2040
#6  sync_stage_export_aliases (rt=rt@entry=0x3fffffdef0, 
    segment_idx=segment_idx@entry=1, stage_id=0, 
    global_stage_id=global_stage_id@entry=1, subbatch_id=subbatch_id@entry=7)
    at /home/ubuntu/chipyard/generators/gemmini/software/gemmini-rocc-tests/pipeline-runtime/src/prt_runtime.c:2657
#7  0x000000000003065a in stage_worker_main (arg=0x83960)
    at /home/ubuntu/chipyard/generators/gemmini/software/gemmini-rocc-tests/pipeline-runtime/src/prt_runtime.c:4570

--- BP dma_blocking_wait ---
rt = 0x3fffffdef0
tok = 0x3ff6d74da8
timeout_ns = 5000000000
$47 = {
  id = 5016,
  stage_idx = 0,
  tensor_id = 3,
  owner_rt = 0x3fffffdef0,
  completion_flag = 0x5e000,
  completion_slot = 0,
  done = 0,
  hw_done_flag = 0,
  hw_done_flag_pa_rc = 0,
  initialized = 1,
  submit_ns = 21643250000,
  debug_src_addr = 1081090048,
  debug_dst_addr = 4372939776,
  debug_bytes = 1024,
  debug_done_flag_va = 385024,
  debug_done_flag_pa = 4342575104,
  debug_last_pending_log_ns = 0,
  debug_src_acc = 0,
  debug_dst_acc = 0,
  debug_page_idx = 7,
  debug_progress_polls = 0,
  debug_force_export_probe = 0,
  traced_complete = 0,
  status = 0,
  rr_scope_valid = 1,
  rr_scope_external = 1,
  rr_cfg_id = 0,
  rr_manager_id = 0,
  rr_opcode_id = 2,
  lock = {
    __data = {
      __lock = 0,
      __count = 0,
      __owner = 0,
      __nusers = 0,
      __kind = 0,
      __spins = 0,
      __list = {
        __prev = 0x0,
        __next = 0x0
      }
    },
    __size = '\000' <repeats 39 times>,
    __align = 0
  },
  cv = {
    __data = {
      __wseq = {
        __value64 = 0,
        __value32 = {
          __low = 0,
          __high = 0
        }
      },
      __g1_start = {
        __value64 = 0,
        __value32 = {
          __low = 0,
          __high = 0
        }
      },
      __g_refs = {0, 0},
      __g_size = {0, 0},
      __g1_orig_size = 0,
      __wrefs = 0,
      __g_signals = {0, 0}
    },
    __size = '\000' <repeats 47 times>,
    __align = 0
  }
}
#0  dma_blocking_wait (rt=0x3fffffdef0, tok=0x3ff6d74da8, 
    timeout_ns=5000000000)
    at /home/ubuntu/chipyard/generators/gemmini/software/gemmini-rocc-tests/pipeline-runtime/src/prt_dma.c:3578
#1  0x00000000000181c0 in prt_dma_wait (timeout_ns=5000000000, 
    tok=0x3ff6d74da8, rt=0x3fffffdef0)
    at /home/ubuntu/chipyard/generators/gemmini/software/gemmini-rocc-tests/pipeline-runtime/src/prt_dma.c:2708
#2  dma_submit_wait_annotated_scoped (rt=rt@entry=0x3fffffdef0, 
    req=req@entry=0x3ff6d74fc8, stage_idx=stage_idx@entry=0, 
    tensor_id=tensor_id@entry=3, timeout_ns=timeout_ns@entry=5000000000, 
    scope=scope@entry=0x3ff6d74fb0, 
    force_export_probe=force_export_probe@entry=0, 
    debug_page_idx=debug_page_idx@entry=7)
    at /home/ubuntu/chipyard/generators/gemmini/software/gemmini-rocc-tests/pipeline-runtime/src/prt_dma.c:2121
#3  0x0000000000019402 in dma_copy_spm_pages_to_host_linux (rt=0x3fffffdef0, 
    dst_host=0x3ff6df4800 "", src_pages=<optimized out>, manager_id=0, 
    stage_idx=0, tensor_id=3, timeout_ns=5000000000, 
    total_bytes=<optimized out>)
    at /home/ubuntu/chipyard/generators/gemmini/software/gemmini-rocc-tests/pipeline-runtime/src/prt_dma.c:1209
#4  0x000000000001a3c6 in prt_dma_copy_spm_pages_to_dram_prefix (
    timeout_ns=<optimized out>, tensor_id=<optimized out>, 
    stage_idx=<optimized out>, manager_id=<optimized out>, 
    bytes=<optimized out>, src_pages=<optimized out>, 
    dst_dram_addr=<optimized out>, rt=<optimized out>)
    at /home/ubuntu/chipyard/generators/gemmini/software/gemmini-rocc-tests/pipeline-runtime/src/prt_dma.c:2869
#5  0x000000000002bc1e in copy_tensor_pages_to_model_alias_target (
    rt=rt@entry=0x3fffffdef0, tensor_id=tensor_id@entry=3, 
    pages=pages@entry=0x6d0a0, src_size=src_size@entry=65536, 
    manager_id=manager_id@entry=0, stage_id=stage_id@entry=0, target_seq=0, 
    layer_index=<optimized out>, slot=slot@entry=3, 
    target_kind=target_kind@entry=0x47668 "address", 
    target_slot=target_slot@entry=3, dst_addr=274724767744)
    at /home/ubuntu/chipyard/generators/gemmini/software/gemmini-rocc-tests/pipeline-runtime/src/prt_runtime.c:1973
#6  0x000000000002e1e8 in copy_tensor_pages_to_model_aliases (stage_id=0, 
    manager_id=0, src_size=<optimized out>, pages=0x6d0a0, tensor_id=3, 
    rt=0x3fffffdef0)
    at /home/ubuntu/chipyard/generators/gemmini/software/gemmini-rocc-tests/pipeline-runtime/src/prt_runtime.c:2040
#7  sync_stage_export_aliases (rt=rt@entry=0x3fffffdef0, 
    segment_idx=segment_idx@entry=1, stage_id=0, 
    global_stage_id=global_stage_id@entry=1, subbatch_id=subbatch_id@entry=7)
    at /home/ubuntu/chipyard/generators/gemmini/software/gemmini-rocc-tests/pipeline-runtime/src/prt_runtime.c:2657

--- BP prt_rr_fence_scope ---
scope = 0x3ff6d74ce8
$48 = {
  valid = 1,
  cfg_id = 0,
  stage_id = 0,
  manager_id = 0,
  opcode_id = 2
}
#0  prt_rr_fence_scope (scope=scope@entry=0x3ff6d74ce8)
    at /home/ubuntu/chipyard/generators/gemmini/software/gemmini-rocc-tests/pipeline-runtime/src/prt_rerocc.c:371
#1  0x0000000000016302 in dma_token_fence_scope (tok=0x3ff6d74da8)
    at /home/ubuntu/chipyard/generators/gemmini/software/gemmini-rocc-tests/pipeline-runtime/src/prt_dma.c:2257
#2  dma_blocking_wait (rt=0x3fffffdef0, tok=0x3ff6d74da8, 
    timeout_ns=<optimized out>)
    at /home/ubuntu/chipyard/generators/gemmini/software/gemmini-rocc-tests/pipeline-runtime/src/prt_dma.c:3762
#3  0x00000000000181c0 in prt_dma_wait (timeout_ns=5000000000, 
    tok=0x3ff6d74da8, rt=0x3fffffdef0)
    at /home/ubuntu/chipyard/generators/gemmini/software/gemmini-rocc-tests/pipeline-runtime/src/prt_dma.c:2708
#4  dma_submit_wait_annotated_scoped (rt=rt@entry=0x3fffffdef0, 
    req=req@entry=0x3ff6d74fc8, stage_idx=stage_idx@entry=0, 
    tensor_id=tensor_id@entry=3, timeout_ns=timeout_ns@entry=5000000000, 
    scope=scope@entry=0x3ff6d74fb0, 
    force_export_probe=force_export_probe@entry=0, 
    debug_page_idx=debug_page_idx@entry=7)
    at /home/ubuntu/chipyard/generators/gemmini/software/gemmini-rocc-tests/pipeline-runtime/src/prt_dma.c:2121
#5  0x0000000000019402 in dma_copy_spm_pages_to_host_linux (rt=0x3fffffdef0, 
    dst_host=0x3ff6df4800 "", src_pages=<optimized out>, manager_id=0, 
    stage_idx=0, tensor_id=3, timeout_ns=5000000000, 
    total_bytes=<optimized out>)
    at /home/ubuntu/chipyard/generators/gemmini/software/gemmini-rocc-tests/pipeline-runtime/src/prt_dma.c:1209
#6  0x000000000001a3c6 in prt_dma_copy_spm_pages_to_dram_prefix (
    timeout_ns=<optimized out>, tensor_id=<optimized out>, 
    stage_idx=<optimized out>, manager_id=<optimized out>, 
    bytes=<optimized out>, src_pages=<optimized out>, 
    dst_dram_addr=<optimized out>, rt=<optimized out>)
    at /home/ubuntu/chipyard/generators/gemmini/software/gemmini-rocc-tests/pipeline-runtime/src/prt_dma.c:2869
#7  0x000000000002bc1e in copy_tensor_pages_to_model_alias_target (
    rt=rt@entry=0x3fffffdef0, tensor_id=tensor_id@entry=3, 
    pages=pages@entry=0x6d0a0, src_size=src_size@entry=65536, 
    manager_id=manager_id@entry=0, stage_id=stage_id@entry=0, target_seq=0, 
    layer_index=<optimized out>, slot=slot@entry=3, 
    target_kind=target_kind@entry=0x47668 "address", 
    target_slot=target_slot@entry=3, dst_addr=274724767744)
    at /home/ubuntu/chipyard/generators/gemmini/software/gemmini-rocc-tests/pipeline-runtime/src/prt_runtime.c:1973

--- BP dma_gdb_marker_wait_return ---
rc = 0
tok = 0x3ff6d74da8
$49 = {
  id = 5016,
  stage_idx = 0,
  tensor_id = 3,
  owner_rt = 0x3fffffdef0,
  completion_flag = 0x5e000,
  completion_slot = 0,
  done = 1,
  hw_done_flag = 1,
  hw_done_flag_pa_rc = 0,
  initialized = 1,
  submit_ns = 21643250000,
  debug_src_addr = 1081090048,
  debug_dst_addr = 4372939776,
  debug_bytes = 1024,
  debug_done_flag_va = 385024,
  debug_done_flag_pa = 4342575104,
  debug_last_pending_log_ns = 0,
  debug_src_acc = 0,
  debug_dst_acc = 0,
  debug_page_idx = 7,
  debug_progress_polls = 0,
  debug_force_export_probe = 0,
  traced_complete = 1,
  status = 0,
  rr_scope_valid = 1,
  rr_scope_external = 1,
  rr_cfg_id = 0,
  rr_manager_id = 0,
  rr_opcode_id = 2,
  lock = {
    __data = {
      __lock = 0,
      __count = 0,
      __owner = 0,
      __nusers = 0,
      __kind = 0,
      __spins = 0,
      __list = {
        __prev = 0x0,
        __next = 0x0
      }
    },
    __size = '\000' <repeats 39 times>,
    __align = 0
  },
  cv = {
    __data = {
      __wseq = {
        __value64 = 0,
        __value32 = {
          __low = 0,
          __high = 0
        }
      },
      __g1_start = {
        __value64 = 0,
        __value32 = {
          __low = 0,
          __high = 0
        }
      },
      __g_refs = {0, 0},
      __g_size = {0, 0},
      __g1_orig_size = 0,
      __wrefs = 0,
      __g_signals = {0, 0}
    },
    __size = '\000' <repeats 47 times>,
    __align = 0
  }
}
#0  dma_gdb_marker_wait_return (rc=0, tok=0x3ff6d74da8)
    at /home/ubuntu/chipyard/generators/gemmini/software/gemmini-rocc-tests/pipeline-runtime/src/prt_dma.c:3561
#1  dma_blocking_wait (rt=0x3fffffdef0, tok=0x3ff6d74da8, 
    timeout_ns=<optimized out>)
    at /home/ubuntu/chipyard/generators/gemmini/software/gemmini-rocc-tests/pipeline-runtime/src/prt_dma.c:3868
#2  0x00000000000181c0 in prt_dma_wait (timeout_ns=5000000000, 
    tok=0x3ff6d74da8, rt=0x3fffffdef0)
    at /home/ubuntu/chipyard/generators/gemmini/software/gemmini-rocc-tests/pipeline-runtime/src/prt_dma.c:2708
#3  dma_submit_wait_annotated_scoped (rt=rt@entry=0x3fffffdef0, 
    req=req@entry=0x3ff6d74fc8, stage_idx=stage_idx@entry=0, 
    tensor_id=tensor_id@entry=3, timeout_ns=timeout_ns@entry=5000000000, 
    scope=scope@entry=0x3ff6d74fb0, 
    force_export_probe=force_export_probe@entry=0, 
    debug_page_idx=debug_page_idx@entry=7)
    at /home/ubuntu/chipyard/generators/gemmini/software/gemmini-rocc-tests/pipeline-runtime/src/prt_dma.c:2121
#4  0x0000000000019402 in dma_copy_spm_pages_to_host_linux (rt=0x3fffffdef0, 
    dst_host=0x3ff6df4800 "", src_pages=<optimized out>, manager_id=0, 
    stage_idx=0, tensor_id=3, timeout_ns=5000000000, 
    total_bytes=<optimized out>)
    at /home/ubuntu/chipyard/generators/gemmini/software/gemmini-rocc-tests/pipeline-runtime/src/prt_dma.c:1209
#5  0x000000000001a3c6 in prt_dma_copy_spm_pages_to_dram_prefix (
    timeout_ns=<optimized out>, tensor_id=<optimized out>, 
    stage_idx=<optimized out>, manager_id=<optimized out>, 
    bytes=<optimized out>, src_pages=<optimized out>, 
    dst_dram_addr=<optimized out>, rt=<optimized out>)
    at /home/ubuntu/chipyard/generators/gemmini/software/gemmini-rocc-tests/pipeline-runtime/src/prt_dma.c:2869
#6  0x000000000002bc1e in copy_tensor_pages_to_model_alias_target (
    rt=rt@entry=0x3fffffdef0, tensor_id=tensor_id@entry=3, 
    pages=pages@entry=0x6d0a0, src_size=src_size@entry=65536, 
    manager_id=manager_id@entry=0, stage_id=stage_id@entry=0, target_seq=0, 
    layer_index=<optimized out>, slot=slot@entry=3, 
    target_kind=target_kind@entry=0x47668 "address", 
    target_slot=target_slot@entry=3, dst_addr=274724767744)
    at /home/ubuntu/chipyard/generators/gemmini/software/gemmini-rocc-tests/pipeline-runtime/src/prt_runtime.c:1973
#7  0x000000000002e1e8 in copy_tensor_pages_to_model_aliases (stage_id=0, 
    manager_id=0, src_size=<optimized out>, pages=0x6d0a0, tensor_id=3, 
    rt=0x3fffffdef0)
    at /home/ubuntu/chipyard/generators/gemmini/software/gemmini-rocc-tests/pipeline-runtime/src/prt_runtime.c:2040

--- BP prt_dma_submit ---
rt = 0x3fffffdef0
req = 0x3ff6d74fc8
tok = 0x3ff6d74da8
$50 = {
  id = 0,
  stage_idx = 0,
  tensor_id = 3,
  owner_rt = 0x0,
  completion_flag = 0x0,
  completion_slot = 0,
  done = 0,
  hw_done_flag = 0,
  hw_done_flag_pa_rc = 0,
  initialized = 0,
  submit_ns = 0,
  debug_src_addr = 0,
  debug_dst_addr = 0,
  debug_bytes = 0,
  debug_done_flag_va = 0,
  debug_done_flag_pa = 0,
  debug_last_pending_log_ns = 0,
  debug_src_acc = 0,
  debug_dst_acc = 0,
  debug_page_idx = 8,
  debug_progress_polls = 0,
  debug_force_export_probe = 0,
  traced_complete = 0,
  status = 0,
  rr_scope_valid = 1,
  rr_scope_external = 1,
  rr_cfg_id = 0,
  rr_manager_id = 0,
  rr_opcode_id = 2,
  lock = {
    __data = {
      __lock = 0,
      __count = 0,
      __owner = 0,
      __nusers = 0,
      __kind = 0,
      __spins = 0,
      __list = {
        __prev = 0x0,
        __next = 0x0
      }
    },
    __size = '\000' <repeats 39 times>,
    __align = 0
  },
  cv = {
    __data = {
      __wseq = {
        __value64 = 0,
        __value32 = {
          __low = 0,
          __high = 0
        }
      },
      __g1_start = {
        __value64 = 0,
        __value32 = {
          __low = 0,
          __high = 0
        }
      },
      __g_refs = {0, 0},
      __g_size = {0, 0},
      __g1_orig_size = 0,
      __wrefs = 0,
      __g_signals = {0, 0}
    },
    __size = '\000' <repeats 47 times>,
    __align = 0
  }
}
#0  prt_dma_submit (rt=0x3fffffdef0, req=0x3ff6d74fc8, tok=0x3ff6d74da8)
    at /home/ubuntu/chipyard/generators/gemmini/software/gemmini-rocc-tests/pipeline-runtime/src/prt_dma.c:2698
#1  0x00000000000181aa in dma_submit_wait_annotated_scoped (
    rt=rt@entry=0x3fffffdef0, req=req@entry=0x3ff6d74fc8, 
    stage_idx=stage_idx@entry=0, tensor_id=tensor_id@entry=3, 
    timeout_ns=timeout_ns@entry=5000000000, scope=scope@entry=0x3ff6d74fb0, 
    force_export_probe=force_export_probe@entry=0, 
    debug_page_idx=debug_page_idx@entry=8)
    at /home/ubuntu/chipyard/generators/gemmini/software/gemmini-rocc-tests/pipeline-runtime/src/prt_dma.c:2094
#2  0x0000000000019402 in dma_copy_spm_pages_to_host_linux (rt=0x3fffffdef0, 
    dst_host=0x3ff6df4800 "", src_pages=<optimized out>, manager_id=0, 
    stage_idx=0, tensor_id=3, timeout_ns=5000000000, 
    total_bytes=<optimized out>)
    at /home/ubuntu/chipyard/generators/gemmini/software/gemmini-rocc-tests/pipeline-runtime/src/prt_dma.c:1209
#3  0x000000000001a3c6 in prt_dma_copy_spm_pages_to_dram_prefix (
    timeout_ns=<optimized out>, tensor_id=<optimized out>, 
    stage_idx=<optimized out>, manager_id=<optimized out>, 
    bytes=<optimized out>, src_pages=<optimized out>, 
    dst_dram_addr=<optimized out>, rt=<optimized out>)
    at /home/ubuntu/chipyard/generators/gemmini/software/gemmini-rocc-tests/pipeline-runtime/src/prt_dma.c:2869
#4  0x000000000002bc1e in copy_tensor_pages_to_model_alias_target (
    rt=rt@entry=0x3fffffdef0, tensor_id=tensor_id@entry=3, 
    pages=pages@entry=0x6d0a0, src_size=src_size@entry=65536, 
    manager_id=manager_id@entry=0, stage_id=stage_id@entry=0, target_seq=0, 
    layer_index=<optimized out>, slot=slot@entry=3, 
    target_kind=target_kind@entry=0x47668 "address", 
    target_slot=target_slot@entry=3, dst_addr=274724767744)
    at /home/ubuntu/chipyard/generators/gemmini/software/gemmini-rocc-tests/pipeline-runtime/src/prt_runtime.c:1973
#5  0x000000000002e1e8 in copy_tensor_pages_to_model_aliases (stage_id=0, 
    manager_id=0, src_size=<optimized out>, pages=0x6d0a0, tensor_id=3, 
    rt=0x3fffffdef0)
    at /home/ubuntu/chipyard/generators/gemmini/software/gemmini-rocc-tests/pipeline-runtime/src/prt_runtime.c:2040
#6  sync_stage_export_aliases (rt=rt@entry=0x3fffffdef0, 
    segment_idx=segment_idx@entry=1, stage_id=0, 
    global_stage_id=global_stage_id@entry=1, subbatch_id=subbatch_id@entry=7)
    at /home/ubuntu/chipyard/generators/gemmini/software/gemmini-rocc-tests/pipeline-runtime/src/prt_runtime.c:2657
#7  0x000000000003065a in stage_worker_main (arg=0x83960)
    at /home/ubuntu/chipyard/generators/gemmini/software/gemmini-rocc-tests/pipeline-runtime/src/prt_runtime.c:4570

--- BP dma_blocking_wait ---
rt = 0x3fffffdef0
tok = 0x3ff6d74da8
timeout_ns = 5000000000
$51 = {
  id = 5017,
  stage_idx = 0,
  tensor_id = 3,
  owner_rt = 0x3fffffdef0,
  completion_flag = 0x5e000,
  completion_slot = 0,
  done = 0,
  hw_done_flag = 0,
  hw_done_flag_pa_rc = 0,
  initialized = 1,
  submit_ns = 22190958000,
  debug_src_addr = 1073751040,
  debug_dst_addr = 4372940800,
  debug_bytes = 1024,
  debug_done_flag_va = 385024,
  debug_done_flag_pa = 4342575104,
  debug_last_pending_log_ns = 0,
  debug_src_acc = 0,
  debug_dst_acc = 0,
  debug_page_idx = 8,
  debug_progress_polls = 0,
  debug_force_export_probe = 0,
  traced_complete = 0,
  status = 0,
  rr_scope_valid = 1,
  rr_scope_external = 1,
  rr_cfg_id = 0,
  rr_manager_id = 0,
  rr_opcode_id = 2,
  lock = {
    __data = {
      __lock = 0,
      __count = 0,
      __owner = 0,
      __nusers = 0,
      __kind = 0,
      __spins = 0,
      __list = {
        __prev = 0x0,
        __next = 0x0
      }
    },
    __size = '\000' <repeats 39 times>,
    __align = 0
  },
  cv = {
    __data = {
      __wseq = {
        __value64 = 0,
        __value32 = {
          __low = 0,
          __high = 0
        }
      },
      __g1_start = {
        __value64 = 0,
        __value32 = {
          __low = 0,
          __high = 0
        }
      },
      __g_refs = {0, 0},
      __g_size = {0, 0},
      __g1_orig_size = 0,
      __wrefs = 0,
      __g_signals = {0, 0}
    },
    __size = '\000' <repeats 47 times>,
    __align = 0
  }
}
#0  dma_blocking_wait (rt=0x3fffffdef0, tok=0x3ff6d74da8, 
    timeout_ns=5000000000)
    at /home/ubuntu/chipyard/generators/gemmini/software/gemmini-rocc-tests/pipeline-runtime/src/prt_dma.c:3578
#1  0x00000000000181c0 in prt_dma_wait (timeout_ns=5000000000, 
    tok=0x3ff6d74da8, rt=0x3fffffdef0)
    at /home/ubuntu/chipyard/generators/gemmini/software/gemmini-rocc-tests/pipeline-runtime/src/prt_dma.c:2708
#2  dma_submit_wait_annotated_scoped (rt=rt@entry=0x3fffffdef0, 
    req=req@entry=0x3ff6d74fc8, stage_idx=stage_idx@entry=0, 
    tensor_id=tensor_id@entry=3, timeout_ns=timeout_ns@entry=5000000000, 
    scope=scope@entry=0x3ff6d74fb0, 
    force_export_probe=force_export_probe@entry=0, 
    debug_page_idx=debug_page_idx@entry=8)
    at /home/ubuntu/chipyard/generators/gemmini/software/gemmini-rocc-tests/pipeline-runtime/src/prt_dma.c:2121
#3  0x0000000000019402 in dma_copy_spm_pages_to_host_linux (rt=0x3fffffdef0, 
    dst_host=0x3ff6df4800 "", src_pages=<optimized out>, manager_id=0, 
    stage_idx=0, tensor_id=3, timeout_ns=5000000000, 
    total_bytes=<optimized out>)
    at /home/ubuntu/chipyard/generators/gemmini/software/gemmini-rocc-tests/pipeline-runtime/src/prt_dma.c:1209
#4  0x000000000001a3c6 in prt_dma_copy_spm_pages_to_dram_prefix (
    timeout_ns=<optimized out>, tensor_id=<optimized out>, 
    stage_idx=<optimized out>, manager_id=<optimized out>, 
    bytes=<optimized out>, src_pages=<optimized out>, 
    dst_dram_addr=<optimized out>, rt=<optimized out>)
    at /home/ubuntu/chipyard/generators/gemmini/software/gemmini-rocc-tests/pipeline-runtime/src/prt_dma.c:2869
#5  0x000000000002bc1e in copy_tensor_pages_to_model_alias_target (
    rt=rt@entry=0x3fffffdef0, tensor_id=tensor_id@entry=3, 
    pages=pages@entry=0x6d0a0, src_size=src_size@entry=65536, 
    manager_id=manager_id@entry=0, stage_id=stage_id@entry=0, target_seq=0, 
    layer_index=<optimized out>, slot=slot@entry=3, 
    target_kind=target_kind@entry=0x47668 "address", 
    target_slot=target_slot@entry=3, dst_addr=274724767744)
    at /home/ubuntu/chipyard/generators/gemmini/software/gemmini-rocc-tests/pipeline-runtime/src/prt_runtime.c:1973
#6  0x000000000002e1e8 in copy_tensor_pages_to_model_aliases (stage_id=0, 
    manager_id=0, src_size=<optimized out>, pages=0x6d0a0, tensor_id=3, 
    rt=0x3fffffdef0)
    at /home/ubuntu/chipyard/generators/gemmini/software/gemmini-rocc-tests/pipeline-runtime/src/prt_runtime.c:2040
#7  sync_stage_export_aliases (rt=rt@entry=0x3fffffdef0, 
    segment_idx=segment_idx@entry=1, stage_id=0, 
    global_stage_id=global_stage_id@entry=1, subbatch_id=subbatch_id@entry=7)
    at /home/ubuntu/chipyard/generators/gemmini/software/gemmini-rocc-tests/pipeline-runtime/src/prt_runtime.c:2657

--- BP prt_rr_fence_scope ---
scope = 0x3ff6d74ce8
$52 = {
  valid = 1,
  cfg_id = 0,
  stage_id = 0,
  manager_id = 0,
  opcode_id = 2
}
#0  prt_rr_fence_scope (scope=scope@entry=0x3ff6d74ce8)
    at /home/ubuntu/chipyard/generators/gemmini/software/gemmini-rocc-tests/pipeline-runtime/src/prt_rerocc.c:371
#1  0x0000000000016302 in dma_token_fence_scope (tok=0x3ff6d74da8)
    at /home/ubuntu/chipyard/generators/gemmini/software/gemmini-rocc-tests/pipeline-runtime/src/prt_dma.c:2257
#2  dma_blocking_wait (rt=0x3fffffdef0, tok=0x3ff6d74da8, 
    timeout_ns=<optimized out>)
    at /home/ubuntu/chipyard/generators/gemmini/software/gemmini-rocc-tests/pipeline-runtime/src/prt_dma.c:3762
#3  0x00000000000181c0 in prt_dma_wait (timeout_ns=5000000000, 
    tok=0x3ff6d74da8, rt=0x3fffffdef0)
    at /home/ubuntu/chipyard/generators/gemmini/software/gemmini-rocc-tests/pipeline-runtime/src/prt_dma.c:2708
#4  dma_submit_wait_annotated_scoped (rt=rt@entry=0x3fffffdef0, 
    req=req@entry=0x3ff6d74fc8, stage_idx=stage_idx@entry=0, 
    tensor_id=tensor_id@entry=3, timeout_ns=timeout_ns@entry=5000000000, 
    scope=scope@entry=0x3ff6d74fb0, 
    force_export_probe=force_export_probe@entry=0, 
    debug_page_idx=debug_page_idx@entry=8)
    at /home/ubuntu/chipyard/generators/gemmini/software/gemmini-rocc-tests/pipeline-runtime/src/prt_dma.c:2121
#5  0x0000000000019402 in dma_copy_spm_pages_to_host_linux (rt=0x3fffffdef0, 
    dst_host=0x3ff6df4800 "", src_pages=<optimized out>, manager_id=0, 
    stage_idx=0, tensor_id=3, timeout_ns=5000000000, 
    total_bytes=<optimized out>)
    at /home/ubuntu/chipyard/generators/gemmini/software/gemmini-rocc-tests/pipeline-runtime/src/prt_dma.c:1209
#6  0x000000000001a3c6 in prt_dma_copy_spm_pages_to_dram_prefix (
    timeout_ns=<optimized out>, tensor_id=<optimized out>, 
    stage_idx=<optimized out>, manager_id=<optimized out>, 
    bytes=<optimized out>, src_pages=<optimized out>, 
    dst_dram_addr=<optimized out>, rt=<optimized out>)
    at /home/ubuntu/chipyard/generators/gemmini/software/gemmini-rocc-tests/pipeline-runtime/src/prt_dma.c:2869
#7  0x000000000002bc1e in copy_tensor_pages_to_model_alias_target (
    rt=rt@entry=0x3fffffdef0, tensor_id=tensor_id@entry=3, 
    pages=pages@entry=0x6d0a0, src_size=src_size@entry=65536, 
    manager_id=manager_id@entry=0, stage_id=stage_id@entry=0, target_seq=0, 
    layer_index=<optimized out>, slot=slot@entry=3, 
    target_kind=target_kind@entry=0x47668 "address", 
    target_slot=target_slot@entry=3, dst_addr=274724767744)
    at /home/ubuntu/chipyard/generators/gemmini/software/gemmini-rocc-tests/pipeline-runtime/src/prt_runtime.c:1973

--- BP dma_gdb_marker_wait_return ---
rc = 0
tok = 0x3ff6d74da8
$53 = {
  id = 5017,
  stage_idx = 0,
  tensor_id = 3,
  owner_rt = 0x3fffffdef0,
  completion_flag = 0x5e000,
  completion_slot = 0,
  done = 1,
  hw_done_flag = 1,
  hw_done_flag_pa_rc = 0,
  initialized = 1,
  submit_ns = 22190958000,
  debug_src_addr = 1073751040,
  debug_dst_addr = 4372940800,
  debug_bytes = 1024,
  debug_done_flag_va = 385024,
  debug_done_flag_pa = 4342575104,
  debug_last_pending_log_ns = 0,
  debug_src_acc = 0,
  debug_dst_acc = 0,
  debug_page_idx = 8,
  debug_progress_polls = 0,
  debug_force_export_probe = 0,
  traced_complete = 1,
  status = 0,
  rr_scope_valid = 1,
  rr_scope_external = 1,
  rr_cfg_id = 0,
  rr_manager_id = 0,
  rr_opcode_id = 2,
  lock = {
    __data = {
      __lock = 0,
      __count = 0,
      __owner = 0,
      __nusers = 0,
      __kind = 0,
      __spins = 0,
      __list = {
        __prev = 0x0,
        __next = 0x0
      }
    },
    __size = '\000' <repeats 39 times>,
    __align = 0
  },
  cv = {
    __data = {
      __wseq = {
        __value64 = 0,
        __value32 = {
          __low = 0,
          __high = 0
        }
      },
      __g1_start = {
        __value64 = 0,
        __value32 = {
          __low = 0,
          __high = 0
        }
      },
      __g_refs = {0, 0},
      __g_size = {0, 0},
      __g1_orig_size = 0,
      __wrefs = 0,
      __g_signals = {0, 0}
    },
    __size = '\000' <repeats 47 times>,
    __align = 0
  }
}
#0  dma_gdb_marker_wait_return (rc=0, tok=0x3ff6d74da8)
    at /home/ubuntu/chipyard/generators/gemmini/software/gemmini-rocc-tests/pipeline-runtime/src/prt_dma.c:3561
#1  dma_blocking_wait (rt=0x3fffffdef0, tok=0x3ff6d74da8, 
    timeout_ns=<optimized out>)
    at /home/ubuntu/chipyard/generators/gemmini/software/gemmini-rocc-tests/pipeline-runtime/src/prt_dma.c:3868
#2  0x00000000000181c0 in prt_dma_wait (timeout_ns=5000000000, 
    tok=0x3ff6d74da8, rt=0x3fffffdef0)
    at /home/ubuntu/chipyard/generators/gemmini/software/gemmini-rocc-tests/pipeline-runtime/src/prt_dma.c:2708
#3  dma_submit_wait_annotated_scoped (rt=rt@entry=0x3fffffdef0, 
    req=req@entry=0x3ff6d74fc8, stage_idx=stage_idx@entry=0, 
    tensor_id=tensor_id@entry=3, timeout_ns=timeout_ns@entry=5000000000, 
    scope=scope@entry=0x3ff6d74fb0, 
    force_export_probe=force_export_probe@entry=0, 
    debug_page_idx=debug_page_idx@entry=8)
    at /home/ubuntu/chipyard/generators/gemmini/software/gemmini-rocc-tests/pipeline-runtime/src/prt_dma.c:2121
#4  0x0000000000019402 in dma_copy_spm_pages_to_host_linux (rt=0x3fffffdef0, 
    dst_host=0x3ff6df4800 "", src_pages=<optimized out>, manager_id=0, 
    stage_idx=0, tensor_id=3, timeout_ns=5000000000, 
    total_bytes=<optimized out>)
    at /home/ubuntu/chipyard/generators/gemmini/software/gemmini-rocc-tests/pipeline-runtime/src/prt_dma.c:1209
#5  0x000000000001a3c6 in prt_dma_copy_spm_pages_to_dram_prefix (
    timeout_ns=<optimized out>, tensor_id=<optimized out>, 
    stage_idx=<optimized out>, manager_id=<optimized out>, 
    bytes=<optimized out>, src_pages=<optimized out>, 
    dst_dram_addr=<optimized out>, rt=<optimized out>)
    at /home/ubuntu/chipyard/generators/gemmini/software/gemmini-rocc-tests/pipeline-runtime/src/prt_dma.c:2869
#6  0x000000000002bc1e in copy_tensor_pages_to_model_alias_target (
    rt=rt@entry=0x3fffffdef0, tensor_id=tensor_id@entry=3, 
    pages=pages@entry=0x6d0a0, src_size=src_size@entry=65536, 
    manager_id=manager_id@entry=0, stage_id=stage_id@entry=0, target_seq=0, 
    layer_index=<optimized out>, slot=slot@entry=3, 
    target_kind=target_kind@entry=0x47668 "address", 
    target_slot=target_slot@entry=3, dst_addr=274724767744)
    at /home/ubuntu/chipyard/generators/gemmini/software/gemmini-rocc-tests/pipeline-runtime/src/prt_runtime.c:1973
#7  0x000000000002e1e8 in copy_tensor_pages_to_model_aliases (stage_id=0, 
    manager_id=0, src_size=<optimized out>, pages=0x6d0a0, tensor_id=3, 
    rt=0x3fffffdef0)
    at /home/ubuntu/chipyard/generators/gemmini/software/gemmini-rocc-tests/pipeline-runtime/src/prt_runtime.c:2040

--- BP prt_dma_submit ---
rt = 0x3fffffdef0
req = 0x3ff6d74fc8
tok = 0x3ff6d74da8
$54 = {
  id = 0,
  stage_idx = 0,
  tensor_id = 3,
  owner_rt = 0x0,
  completion_flag = 0x0,
  completion_slot = 0,
  done = 0,
  hw_done_flag = 0,
  hw_done_flag_pa_rc = 0,
  initialized = 0,
  submit_ns = 0,
  debug_src_addr = 0,
  debug_dst_addr = 0,
  debug_bytes = 0,
  debug_done_flag_va = 0,
  debug_done_flag_pa = 0,
  debug_last_pending_log_ns = 0,
  debug_src_acc = 0,
  debug_dst_acc = 0,
  debug_page_idx = 9,
  debug_progress_polls = 0,
  debug_force_export_probe = 0,
  traced_complete = 0,
  status = 0,
  rr_scope_valid = 1,
  rr_scope_external = 1,
  rr_cfg_id = 0,
  rr_manager_id = 0,
  rr_opcode_id = 2,
  lock = {
    __data = {
      __lock = 0,
      __count = 0,
      __owner = 0,
      __nusers = 0,
      __kind = 0,
      __spins = 0,
      __list = {
        __prev = 0x0,
        __next = 0x0
      }
    },
    __size = '\000' <repeats 39 times>,
    __align = 0
  },
  cv = {
    __data = {
      __wseq = {
        __value64 = 0,
        __value32 = {
          __low = 0,
          __high = 0
        }
      },
      __g1_start = {
        __value64 = 0,
        __value32 = {
          __low = 0,
          __high = 0
        }
      },
      __g_refs = {0, 0},
      __g_size = {0, 0},
      __g1_orig_size = 0,
      __wrefs = 0,
      __g_signals = {0, 0}
    },
    __size = '\000' <repeats 47 times>,
    __align = 0
  }
}
#0  prt_dma_submit (rt=0x3fffffdef0, req=0x3ff6d74fc8, tok=0x3ff6d74da8)
    at /home/ubuntu/chipyard/generators/gemmini/software/gemmini-rocc-tests/pipeline-runtime/src/prt_dma.c:2698
#1  0x00000000000181aa in dma_submit_wait_annotated_scoped (
    rt=rt@entry=0x3fffffdef0, req=req@entry=0x3ff6d74fc8, 
    stage_idx=stage_idx@entry=0, tensor_id=tensor_id@entry=3, 
    timeout_ns=timeout_ns@entry=5000000000, scope=scope@entry=0x3ff6d74fb0, 
    force_export_probe=force_export_probe@entry=0, 
    debug_page_idx=debug_page_idx@entry=9)
    at /home/ubuntu/chipyard/generators/gemmini/software/gemmini-rocc-tests/pipeline-runtime/src/prt_dma.c:2094
#2  0x0000000000019402 in dma_copy_spm_pages_to_host_linux (rt=0x3fffffdef0, 
    dst_host=0x3ff6df4800 "", src_pages=<optimized out>, manager_id=0, 
    stage_idx=0, tensor_id=3, timeout_ns=5000000000, 
    total_bytes=<optimized out>)
    at /home/ubuntu/chipyard/generators/gemmini/software/gemmini-rocc-tests/pipeline-runtime/src/prt_dma.c:1209
#3  0x000000000001a3c6 in prt_dma_copy_spm_pages_to_dram_prefix (
    timeout_ns=<optimized out>, tensor_id=<optimized out>, 
    stage_idx=<optimized out>, manager_id=<optimized out>, 
    bytes=<optimized out>, src_pages=<optimized out>, 
    dst_dram_addr=<optimized out>, rt=<optimized out>)
    at /home/ubuntu/chipyard/generators/gemmini/software/gemmini-rocc-tests/pipeline-runtime/src/prt_dma.c:2869
#4  0x000000000002bc1e in copy_tensor_pages_to_model_alias_target (
    rt=rt@entry=0x3fffffdef0, tensor_id=tensor_id@entry=3, 
    pages=pages@entry=0x6d0a0, src_size=src_size@entry=65536, 
    manager_id=manager_id@entry=0, stage_id=stage_id@entry=0, target_seq=0, 
    layer_index=<optimized out>, slot=slot@entry=3, 
    target_kind=target_kind@entry=0x47668 "address", 
    target_slot=target_slot@entry=3, dst_addr=274724767744)
    at /home/ubuntu/chipyard/generators/gemmini/software/gemmini-rocc-tests/pipeline-runtime/src/prt_runtime.c:1973
#5  0x000000000002e1e8 in copy_tensor_pages_to_model_aliases (stage_id=0, 
    manager_id=0, src_size=<optimized out>, pages=0x6d0a0, tensor_id=3, 
    rt=0x3fffffdef0)
    at /home/ubuntu/chipyard/generators/gemmini/software/gemmini-rocc-tests/pipeline-runtime/src/prt_runtime.c:2040
#6  sync_stage_export_aliases (rt=rt@entry=0x3fffffdef0, 
    segment_idx=segment_idx@entry=1, stage_id=0, 
    global_stage_id=global_stage_id@entry=1, subbatch_id=subbatch_id@entry=7)
    at /home/ubuntu/chipyard/generators/gemmini/software/gemmini-rocc-tests/pipeline-runtime/src/prt_runtime.c:2657
#7  0x000000000003065a in stage_worker_main (arg=0x83960)
    at /home/ubuntu/chipyard/generators/gemmini/software/gemmini-rocc-tests/pipeline-runtime/src/prt_runtime.c:4570

--- BP dma_blocking_wait ---
rt = 0x3fffffdef0
tok = 0x3ff6d74da8
timeout_ns = 5000000000
$55 = {
  id = 5018,
  stage_idx = 0,
  tensor_id = 3,
  owner_rt = 0x3fffffdef0,
  completion_flag = 0x5e000,
  completion_slot = 0,
  done = 0,
  hw_done_flag = 0,
  hw_done_flag_pa_rc = 0,
  initialized = 1,
  submit_ns = 22738152000,
  debug_src_addr = 1074799616,
  debug_dst_addr = 4372941824,
  debug_bytes = 1024,
  debug_done_flag_va = 385024,
  debug_done_flag_pa = 4342575104,
  debug_last_pending_log_ns = 0,
  debug_src_acc = 0,
  debug_dst_acc = 0,
  debug_page_idx = 9,
  debug_progress_polls = 0,
  debug_force_export_probe = 0,
  traced_complete = 0,
  status = 0,
  rr_scope_valid = 1,
  rr_scope_external = 1,
  rr_cfg_id = 0,
  rr_manager_id = 0,
  rr_opcode_id = 2,
  lock = {
    __data = {
      __lock = 0,
      __count = 0,
      __owner = 0,
      __nusers = 0,
      __kind = 0,
      __spins = 0,
      __list = {
        __prev = 0x0,
        __next = 0x0
      }
    },
    __size = '\000' <repeats 39 times>,
    __align = 0
  },
  cv = {
    __data = {
      __wseq = {
        __value64 = 0,
        __value32 = {
          __low = 0,
          __high = 0
        }
      },
      __g1_start = {
        __value64 = 0,
        __value32 = {
          __low = 0,
          __high = 0
        }
      },
      __g_refs = {0, 0},
      __g_size = {0, 0},
      __g1_orig_size = 0,
      __wrefs = 0,
      __g_signals = {0, 0}
    },
    __size = '\000' <repeats 47 times>,
    __align = 0
  }
}
#0  dma_blocking_wait (rt=0x3fffffdef0, tok=0x3ff6d74da8, 
    timeout_ns=5000000000)
    at /home/ubuntu/chipyard/generators/gemmini/software/gemmini-rocc-tests/pipeline-runtime/src/prt_dma.c:3578
#1  0x00000000000181c0 in prt_dma_wait (timeout_ns=5000000000, 
    tok=0x3ff6d74da8, rt=0x3fffffdef0)
    at /home/ubuntu/chipyard/generators/gemmini/software/gemmini-rocc-tests/pipeline-runtime/src/prt_dma.c:2708
#2  dma_submit_wait_annotated_scoped (rt=rt@entry=0x3fffffdef0, 
    req=req@entry=0x3ff6d74fc8, stage_idx=stage_idx@entry=0, 
    tensor_id=tensor_id@entry=3, timeout_ns=timeout_ns@entry=5000000000, 
    scope=scope@entry=0x3ff6d74fb0, 
    force_export_probe=force_export_probe@entry=0, 
    debug_page_idx=debug_page_idx@entry=9)
    at /home/ubuntu/chipyard/generators/gemmini/software/gemmini-rocc-tests/pipeline-runtime/src/prt_dma.c:2121
#3  0x0000000000019402 in dma_copy_spm_pages_to_host_linux (rt=0x3fffffdef0, 
    dst_host=0x3ff6df4800 "", src_pages=<optimized out>, manager_id=0, 
    stage_idx=0, tensor_id=3, timeout_ns=5000000000, 
    total_bytes=<optimized out>)
    at /home/ubuntu/chipyard/generators/gemmini/software/gemmini-rocc-tests/pipeline-runtime/src/prt_dma.c:1209
#4  0x000000000001a3c6 in prt_dma_copy_spm_pages_to_dram_prefix (
    timeout_ns=<optimized out>, tensor_id=<optimized out>, 
    stage_idx=<optimized out>, manager_id=<optimized out>, 
    bytes=<optimized out>, src_pages=<optimized out>, 
    dst_dram_addr=<optimized out>, rt=<optimized out>)
    at /home/ubuntu/chipyard/generators/gemmini/software/gemmini-rocc-tests/pipeline-runtime/src/prt_dma.c:2869
#5  0x000000000002bc1e in copy_tensor_pages_to_model_alias_target (
    rt=rt@entry=0x3fffffdef0, tensor_id=tensor_id@entry=3, 
    pages=pages@entry=0x6d0a0, src_size=src_size@entry=65536, 
    manager_id=manager_id@entry=0, stage_id=stage_id@entry=0, target_seq=0, 
    layer_index=<optimized out>, slot=slot@entry=3, 
    target_kind=target_kind@entry=0x47668 "address", 
    target_slot=target_slot@entry=3, dst_addr=274724767744)
    at /home/ubuntu/chipyard/generators/gemmini/software/gemmini-rocc-tests/pipeline-runtime/src/prt_runtime.c:1973
#6  0x000000000002e1e8 in copy_tensor_pages_to_model_aliases (stage_id=0, 
    manager_id=0, src_size=<optimized out>, pages=0x6d0a0, tensor_id=3, 
    rt=0x3fffffdef0)
    at /home/ubuntu/chipyard/generators/gemmini/software/gemmini-rocc-tests/pipeline-runtime/src/prt_runtime.c:2040
#7  sync_stage_export_aliases (rt=rt@entry=0x3fffffdef0, 
    segment_idx=segment_idx@entry=1, stage_id=0, 
    global_stage_id=global_stage_id@entry=1, subbatch_id=subbatch_id@entry=7)
    at /home/ubuntu/chipyard/generators/gemmini/software/gemmini-rocc-tests/pipeline-runtime/src/prt_runtime.c:2657

--- BP prt_rr_fence_scope ---
scope = 0x3ff6d74ce8
$56 = {
  valid = 1,
  cfg_id = 0,
  stage_id = 0,
  manager_id = 0,
  opcode_id = 2
}
#0  prt_rr_fence_scope (scope=scope@entry=0x3ff6d74ce8)
    at /home/ubuntu/chipyard/generators/gemmini/software/gemmini-rocc-tests/pipeline-runtime/src/prt_rerocc.c:371
#1  0x0000000000016302 in dma_token_fence_scope (tok=0x3ff6d74da8)
    at /home/ubuntu/chipyard/generators/gemmini/software/gemmini-rocc-tests/pipeline-runtime/src/prt_dma.c:2257
#2  dma_blocking_wait (rt=0x3fffffdef0, tok=0x3ff6d74da8, 
    timeout_ns=<optimized out>)
    at /home/ubuntu/chipyard/generators/gemmini/software/gemmini-rocc-tests/pipeline-runtime/src/prt_dma.c:3762
#3  0x00000000000181c0 in prt_dma_wait (timeout_ns=5000000000, 
    tok=0x3ff6d74da8, rt=0x3fffffdef0)
    at /home/ubuntu/chipyard/generators/gemmini/software/gemmini-rocc-tests/pipeline-runtime/src/prt_dma.c:2708
#4  dma_submit_wait_annotated_scoped (rt=rt@entry=0x3fffffdef0, 
    req=req@entry=0x3ff6d74fc8, stage_idx=stage_idx@entry=0, 
    tensor_id=tensor_id@entry=3, timeout_ns=timeout_ns@entry=5000000000, 
    scope=scope@entry=0x3ff6d74fb0, 
    force_export_probe=force_export_probe@entry=0, 
    debug_page_idx=debug_page_idx@entry=9)
    at /home/ubuntu/chipyard/generators/gemmini/software/gemmini-rocc-tests/pipeline-runtime/src/prt_dma.c:2121
#5  0x0000000000019402 in dma_copy_spm_pages_to_host_linux (rt=0x3fffffdef0, 
    dst_host=0x3ff6df4800 "", src_pages=<optimized out>, manager_id=0, 
    stage_idx=0, tensor_id=3, timeout_ns=5000000000, 
    total_bytes=<optimized out>)
    at /home/ubuntu/chipyard/generators/gemmini/software/gemmini-rocc-tests/pipeline-runtime/src/prt_dma.c:1209
#6  0x000000000001a3c6 in prt_dma_copy_spm_pages_to_dram_prefix (
    timeout_ns=<optimized out>, tensor_id=<optimized out>, 
    stage_idx=<optimized out>, manager_id=<optimized out>, 
    bytes=<optimized out>, src_pages=<optimized out>, 
    dst_dram_addr=<optimized out>, rt=<optimized out>)
    at /home/ubuntu/chipyard/generators/gemmini/software/gemmini-rocc-tests/pipeline-runtime/src/prt_dma.c:2869
#7  0x000000000002bc1e in copy_tensor_pages_to_model_alias_target (
    rt=rt@entry=0x3fffffdef0, tensor_id=tensor_id@entry=3, 
    pages=pages@entry=0x6d0a0, src_size=src_size@entry=65536, 
    manager_id=manager_id@entry=0, stage_id=stage_id@entry=0, target_seq=0, 
    layer_index=<optimized out>, slot=slot@entry=3, 
    target_kind=target_kind@entry=0x47668 "address", 
    target_slot=target_slot@entry=3, dst_addr=274724767744)
    at /home/ubuntu/chipyard/generators/gemmini/software/gemmini-rocc-tests/pipeline-runtime/src/prt_runtime.c:1973

--- BP dma_gdb_marker_wait_return ---
rc = 0
tok = 0x3ff6d74da8
$57 = {
  id = 5018,
  stage_idx = 0,
  tensor_id = 3,
  owner_rt = 0x3fffffdef0,
  completion_flag = 0x5e000,
  completion_slot = 0,
  done = 1,
  hw_done_flag = 1,
  hw_done_flag_pa_rc = 0,
  initialized = 1,
  submit_ns = 22738152000,
  debug_src_addr = 1074799616,
  debug_dst_addr = 4372941824,
  debug_bytes = 1024,
  debug_done_flag_va = 385024,
  debug_done_flag_pa = 4342575104,
  debug_last_pending_log_ns = 0,
  debug_src_acc = 0,
  debug_dst_acc = 0,
  debug_page_idx = 9,
  debug_progress_polls = 0,
  debug_force_export_probe = 0,
  traced_complete = 1,
  status = 0,
  rr_scope_valid = 1,
  rr_scope_external = 1,
  rr_cfg_id = 0,
  rr_manager_id = 0,
  rr_opcode_id = 2,
  lock = {
    __data = {
      __lock = 0,
      __count = 0,
      __owner = 0,
      __nusers = 0,
      __kind = 0,
      __spins = 0,
      __list = {
        __prev = 0x0,
        __next = 0x0
      }
    },
    __size = '\000' <repeats 39 times>,
    __align = 0
  },
  cv = {
    __data = {
      __wseq = {
        __value64 = 0,
        __value32 = {
          __low = 0,
          __high = 0
        }
      },
      __g1_start = {
        __value64 = 0,
        __value32 = {
          __low = 0,
          __high = 0
        }
      },
      __g_refs = {0, 0},
      __g_size = {0, 0},
      __g1_orig_size = 0,
      __wrefs = 0,
      __g_signals = {0, 0}
    },
    __size = '\000' <repeats 47 times>,
    __align = 0
  }
}
#0  dma_gdb_marker_wait_return (rc=0, tok=0x3ff6d74da8)
    at /home/ubuntu/chipyard/generators/gemmini/software/gemmini-rocc-tests/pipeline-runtime/src/prt_dma.c:3561
#1  dma_blocking_wait (rt=0x3fffffdef0, tok=0x3ff6d74da8, 
    timeout_ns=<optimized out>)
    at /home/ubuntu/chipyard/generators/gemmini/software/gemmini-rocc-tests/pipeline-runtime/src/prt_dma.c:3868
#2  0x00000000000181c0 in prt_dma_wait (timeout_ns=5000000000, 
    tok=0x3ff6d74da8, rt=0x3fffffdef0)
    at /home/ubuntu/chipyard/generators/gemmini/software/gemmini-rocc-tests/pipeline-runtime/src/prt_dma.c:2708
#3  dma_submit_wait_annotated_scoped (rt=rt@entry=0x3fffffdef0, 
    req=req@entry=0x3ff6d74fc8, stage_idx=stage_idx@entry=0, 
    tensor_id=tensor_id@entry=3, timeout_ns=timeout_ns@entry=5000000000, 
    scope=scope@entry=0x3ff6d74fb0, 
    force_export_probe=force_export_probe@entry=0, 
    debug_page_idx=debug_page_idx@entry=9)
    at /home/ubuntu/chipyard/generators/gemmini/software/gemmini-rocc-tests/pipeline-runtime/src/prt_dma.c:2121
#4  0x0000000000019402 in dma_copy_spm_pages_to_host_linux (rt=0x3fffffdef0, 
    dst_host=0x3ff6df4800 "", src_pages=<optimized out>, manager_id=0, 
    stage_idx=0, tensor_id=3, timeout_ns=5000000000, 
    total_bytes=<optimized out>)
    at /home/ubuntu/chipyard/generators/gemmini/software/gemmini-rocc-tests/pipeline-runtime/src/prt_dma.c:1209
#5  0x000000000001a3c6 in prt_dma_copy_spm_pages_to_dram_prefix (
    timeout_ns=<optimized out>, tensor_id=<optimized out>, 
    stage_idx=<optimized out>, manager_id=<optimized out>, 
    bytes=<optimized out>, src_pages=<optimized out>, 
    dst_dram_addr=<optimized out>, rt=<optimized out>)
    at /home/ubuntu/chipyard/generators/gemmini/software/gemmini-rocc-tests/pipeline-runtime/src/prt_dma.c:2869
#6  0x000000000002bc1e in copy_tensor_pages_to_model_alias_target (
    rt=rt@entry=0x3fffffdef0, tensor_id=tensor_id@entry=3, 
    pages=pages@entry=0x6d0a0, src_size=src_size@entry=65536, 
    manager_id=manager_id@entry=0, stage_id=stage_id@entry=0, target_seq=0, 
    layer_index=<optimized out>, slot=slot@entry=3, 
    target_kind=target_kind@entry=0x47668 "address", 
    target_slot=target_slot@entry=3, dst_addr=274724767744)
    at /home/ubuntu/chipyard/generators/gemmini/software/gemmini-rocc-tests/pipeline-runtime/src/prt_runtime.c:1973
#7  0x000000000002e1e8 in copy_tensor_pages_to_model_aliases (stage_id=0, 
    manager_id=0, src_size=<optimized out>, pages=0x6d0a0, tensor_id=3, 
    rt=0x3fffffdef0)
    at /home/ubuntu/chipyard/generators/gemmini/software/gemmini-rocc-tests/pipeline-runtime/src/prt_runtime.c:2040

--- BP prt_dma_submit ---
rt = 0x3fffffdef0
req = 0x3ff6d74fc8
tok = 0x3ff6d74da8
$58 = {
  id = 0,
  stage_idx = 0,
  tensor_id = 3,
  owner_rt = 0x0,
  completion_flag = 0x0,
  completion_slot = 0,
  done = 0,
  hw_done_flag = 0,
  hw_done_flag_pa_rc = 0,
  initialized = 0,
  submit_ns = 0,
  debug_src_addr = 0,
  debug_dst_addr = 0,
  debug_bytes = 0,
  debug_done_flag_va = 0,
  debug_done_flag_pa = 0,
  debug_last_pending_log_ns = 0,
  debug_src_acc = 0,
  debug_dst_acc = 0,
  debug_page_idx = 10,
  debug_progress_polls = 0,
  debug_force_export_probe = 0,
  traced_complete = 0,
  status = 0,
  rr_scope_valid = 1,
  rr_scope_external = 1,
  rr_cfg_id = 0,
  rr_manager_id = 0,
  rr_opcode_id = 2,
  lock = {
    __data = {
      __lock = 0,
      __count = 0,
      __owner = 0,
      __nusers = 0,
      __kind = 0,
      __spins = 0,
      __list = {
        __prev = 0x0,
        __next = 0x0
      }
    },
    __size = '\000' <repeats 39 times>,
    __align = 0
  },
  cv = {
    __data = {
      __wseq = {
        __value64 = 0,
        __value32 = {
          __low = 0,
          __high = 0
        }
      },
      __g1_start = {
        __value64 = 0,
        __value32 = {
          __low = 0,
          __high = 0
        }
      },
      __g_refs = {0, 0},
      __g_size = {0, 0},
      __g1_orig_size = 0,
      __wrefs = 0,
      __g_signals = {0, 0}
    },
    __size = '\000' <repeats 47 times>,
    __align = 0
  }
}
#0  prt_dma_submit (rt=0x3fffffdef0, req=0x3ff6d74fc8, tok=0x3ff6d74da8)
    at /home/ubuntu/chipyard/generators/gemmini/software/gemmini-rocc-tests/pipeline-runtime/src/prt_dma.c:2698
#1  0x00000000000181aa in dma_submit_wait_annotated_scoped (
    rt=rt@entry=0x3fffffdef0, req=req@entry=0x3ff6d74fc8, 
    stage_idx=stage_idx@entry=0, tensor_id=tensor_id@entry=3, 
    timeout_ns=timeout_ns@entry=5000000000, scope=scope@entry=0x3ff6d74fb0, 
    force_export_probe=force_export_probe@entry=0, 
    debug_page_idx=debug_page_idx@entry=10)
    at /home/ubuntu/chipyard/generators/gemmini/software/gemmini-rocc-tests/pipeline-runtime/src/prt_dma.c:2094
#2  0x0000000000019402 in dma_copy_spm_pages_to_host_linux (rt=0x3fffffdef0, 
    dst_host=0x3ff6df4800 "", src_pages=<optimized out>, manager_id=0, 
    stage_idx=0, tensor_id=3, timeout_ns=5000000000, 
    total_bytes=<optimized out>)
    at /home/ubuntu/chipyard/generators/gemmini/software/gemmini-rocc-tests/pipeline-runtime/src/prt_dma.c:1209
#3  0x000000000001a3c6 in prt_dma_copy_spm_pages_to_dram_prefix (
    timeout_ns=<optimized out>, tensor_id=<optimized out>, 
    stage_idx=<optimized out>, manager_id=<optimized out>, 
    bytes=<optimized out>, src_pages=<optimized out>, 
    dst_dram_addr=<optimized out>, rt=<optimized out>)
    at /home/ubuntu/chipyard/generators/gemmini/software/gemmini-rocc-tests/pipeline-runtime/src/prt_dma.c:2869
#4  0x000000000002bc1e in copy_tensor_pages_to_model_alias_target (
    rt=rt@entry=0x3fffffdef0, tensor_id=tensor_id@entry=3, 
    pages=pages@entry=0x6d0a0, src_size=src_size@entry=65536, 
    manager_id=manager_id@entry=0, stage_id=stage_id@entry=0, target_seq=0, 
    layer_index=<optimized out>, slot=slot@entry=3, 
    target_kind=target_kind@entry=0x47668 "address", 
    target_slot=target_slot@entry=3, dst_addr=274724767744)
    at /home/ubuntu/chipyard/generators/gemmini/software/gemmini-rocc-tests/pipeline-runtime/src/prt_runtime.c:1973
#5  0x000000000002e1e8 in copy_tensor_pages_to_model_aliases (stage_id=0, 
    manager_id=0, src_size=<optimized out>, pages=0x6d0a0, tensor_id=3, 
    rt=0x3fffffdef0)
    at /home/ubuntu/chipyard/generators/gemmini/software/gemmini-rocc-tests/pipeline-runtime/src/prt_runtime.c:2040
#6  sync_stage_export_aliases (rt=rt@entry=0x3fffffdef0, 
    segment_idx=segment_idx@entry=1, stage_id=0, 
    global_stage_id=global_stage_id@entry=1, subbatch_id=subbatch_id@entry=7)
    at /home/ubuntu/chipyard/generators/gemmini/software/gemmini-rocc-tests/pipeline-runtime/src/prt_runtime.c:2657
#7  0x000000000003065a in stage_worker_main (arg=0x83960)
    at /home/ubuntu/chipyard/generators/gemmini/software/gemmini-rocc-tests/pipeline-runtime/src/prt_runtime.c:4570

--- BP dma_blocking_wait ---
rt = 0x3fffffdef0
tok = 0x3ff6d74da8
timeout_ns = 5000000000
$59 = {
  id = 5019,
  stage_idx = 0,
  tensor_id = 3,
  owner_rt = 0x3fffffdef0,
  completion_flag = 0x5e000,
  completion_slot = 0,
  done = 0,
  hw_done_flag = 0,
  hw_done_flag_pa_rc = 0,
  initialized = 1,
  submit_ns = 23286254000,
  debug_src_addr = 1075848192,
  debug_dst_addr = 4372942848,
  debug_bytes = 1024,
  debug_done_flag_va = 385024,
  debug_done_flag_pa = 4342575104,
  debug_last_pending_log_ns = 0,
  debug_src_acc = 0,
  debug_dst_acc = 0,
  debug_page_idx = 10,
  debug_progress_polls = 0,
  debug_force_export_probe = 0,
  traced_complete = 0,
  status = 0,
  rr_scope_valid = 1,
  rr_scope_external = 1,
  rr_cfg_id = 0,
  rr_manager_id = 0,
  rr_opcode_id = 2,
  lock = {
    __data = {
      __lock = 0,
      __count = 0,
      __owner = 0,
      __nusers = 0,
      __kind = 0,
      __spins = 0,
      __list = {
        __prev = 0x0,
        __next = 0x0
      }
    },
    __size = '\000' <repeats 39 times>,
    __align = 0
  },
  cv = {
    __data = {
      __wseq = {
        __value64 = 0,
        __value32 = {
          __low = 0,
          __high = 0
        }
      },
      __g1_start = {
        __value64 = 0,
        __value32 = {
          __low = 0,
          __high = 0
        }
      },
      __g_refs = {0, 0},
      __g_size = {0, 0},
      __g1_orig_size = 0,
      __wrefs = 0,
      __g_signals = {0, 0}
    },
    __size = '\000' <repeats 47 times>,
    __align = 0
  }
}
#0  dma_blocking_wait (rt=0x3fffffdef0, tok=0x3ff6d74da8, 
    timeout_ns=5000000000)
    at /home/ubuntu/chipyard/generators/gemmini/software/gemmini-rocc-tests/pipeline-runtime/src/prt_dma.c:3578
#1  0x00000000000181c0 in prt_dma_wait (timeout_ns=5000000000, 
    tok=0x3ff6d74da8, rt=0x3fffffdef0)
    at /home/ubuntu/chipyard/generators/gemmini/software/gemmini-rocc-tests/pipeline-runtime/src/prt_dma.c:2708
#2  dma_submit_wait_annotated_scoped (rt=rt@entry=0x3fffffdef0, 
    req=req@entry=0x3ff6d74fc8, stage_idx=stage_idx@entry=0, 
    tensor_id=tensor_id@entry=3, timeout_ns=timeout_ns@entry=5000000000, 
    scope=scope@entry=0x3ff6d74fb0, 
    force_export_probe=force_export_probe@entry=0, 
    debug_page_idx=debug_page_idx@entry=10)
    at /home/ubuntu/chipyard/generators/gemmini/software/gemmini-rocc-tests/pipeline-runtime/src/prt_dma.c:2121
#3  0x0000000000019402 in dma_copy_spm_pages_to_host_linux (rt=0x3fffffdef0, 
    dst_host=0x3ff6df4800 "", src_pages=<optimized out>, manager_id=0, 
    stage_idx=0, tensor_id=3, timeout_ns=5000000000, 
    total_bytes=<optimized out>)
    at /home/ubuntu/chipyard/generators/gemmini/software/gemmini-rocc-tests/pipeline-runtime/src/prt_dma.c:1209
#4  0x000000000001a3c6 in prt_dma_copy_spm_pages_to_dram_prefix (
    timeout_ns=<optimized out>, tensor_id=<optimized out>, 
    stage_idx=<optimized out>, manager_id=<optimized out>, 
    bytes=<optimized out>, src_pages=<optimized out>, 
    dst_dram_addr=<optimized out>, rt=<optimized out>)
    at /home/ubuntu/chipyard/generators/gemmini/software/gemmini-rocc-tests/pipeline-runtime/src/prt_dma.c:2869
#5  0x000000000002bc1e in copy_tensor_pages_to_model_alias_target (
    rt=rt@entry=0x3fffffdef0, tensor_id=tensor_id@entry=3, 
    pages=pages@entry=0x6d0a0, src_size=src_size@entry=65536, 
    manager_id=manager_id@entry=0, stage_id=stage_id@entry=0, target_seq=0, 
    layer_index=<optimized out>, slot=slot@entry=3, 
    target_kind=target_kind@entry=0x47668 "address", 
    target_slot=target_slot@entry=3, dst_addr=274724767744)
    at /home/ubuntu/chipyard/generators/gemmini/software/gemmini-rocc-tests/pipeline-runtime/src/prt_runtime.c:1973
#6  0x000000000002e1e8 in copy_tensor_pages_to_model_aliases (stage_id=0, 
    manager_id=0, src_size=<optimized out>, pages=0x6d0a0, tensor_id=3, 
    rt=0x3fffffdef0)
    at /home/ubuntu/chipyard/generators/gemmini/software/gemmini-rocc-tests/pipeline-runtime/src/prt_runtime.c:2040
#7  sync_stage_export_aliases (rt=rt@entry=0x3fffffdef0, 
    segment_idx=segment_idx@entry=1, stage_id=0, 
    global_stage_id=global_stage_id@entry=1, subbatch_id=subbatch_id@entry=7)
    at /home/ubuntu/chipyard/generators/gemmini/software/gemmini-rocc-tests/pipeline-runtime/src/prt_runtime.c:2657

--- BP prt_rr_fence_scope ---
scope = 0x3ff6d74ce8
$60 = {
  valid = 1,
  cfg_id = 0,
  stage_id = 0,
  manager_id = 0,
  opcode_id = 2
}
#0  prt_rr_fence_scope (scope=scope@entry=0x3ff6d74ce8)
    at /home/ubuntu/chipyard/generators/gemmini/software/gemmini-rocc-tests/pipeline-runtime/src/prt_rerocc.c:371
#1  0x0000000000016302 in dma_token_fence_scope (tok=0x3ff6d74da8)
    at /home/ubuntu/chipyard/generators/gemmini/software/gemmini-rocc-tests/pipeline-runtime/src/prt_dma.c:2257
#2  dma_blocking_wait (rt=0x3fffffdef0, tok=0x3ff6d74da8, 
    timeout_ns=<optimized out>)
    at /home/ubuntu/chipyard/generators/gemmini/software/gemmini-rocc-tests/pipeline-runtime/src/prt_dma.c:3762
#3  0x00000000000181c0 in prt_dma_wait (timeout_ns=5000000000, 
    tok=0x3ff6d74da8, rt=0x3fffffdef0)
    at /home/ubuntu/chipyard/generators/gemmini/software/gemmini-rocc-tests/pipeline-runtime/src/prt_dma.c:2708
#4  dma_submit_wait_annotated_scoped (rt=rt@entry=0x3fffffdef0, 
    req=req@entry=0x3ff6d74fc8, stage_idx=stage_idx@entry=0, 
    tensor_id=tensor_id@entry=3, timeout_ns=timeout_ns@entry=5000000000, 
    scope=scope@entry=0x3ff6d74fb0, 
    force_export_probe=force_export_probe@entry=0, 
    debug_page_idx=debug_page_idx@entry=10)
    at /home/ubuntu/chipyard/generators/gemmini/software/gemmini-rocc-tests/pipeline-runtime/src/prt_dma.c:2121
#5  0x0000000000019402 in dma_copy_spm_pages_to_host_linux (rt=0x3fffffdef0, 
    dst_host=0x3ff6df4800 "", src_pages=<optimized out>, manager_id=0, 
    stage_idx=0, tensor_id=3, timeout_ns=5000000000, 
    total_bytes=<optimized out>)
    at /home/ubuntu/chipyard/generators/gemmini/software/gemmini-rocc-tests/pipeline-runtime/src/prt_dma.c:1209
#6  0x000000000001a3c6 in prt_dma_copy_spm_pages_to_dram_prefix (
    timeout_ns=<optimized out>, tensor_id=<optimized out>, 
    stage_idx=<optimized out>, manager_id=<optimized out>, 
    bytes=<optimized out>, src_pages=<optimized out>, 
    dst_dram_addr=<optimized out>, rt=<optimized out>)
    at /home/ubuntu/chipyard/generators/gemmini/software/gemmini-rocc-tests/pipeline-runtime/src/prt_dma.c:2869
#7  0x000000000002bc1e in copy_tensor_pages_to_model_alias_target (
    rt=rt@entry=0x3fffffdef0, tensor_id=tensor_id@entry=3, 
    pages=pages@entry=0x6d0a0, src_size=src_size@entry=65536, 
    manager_id=manager_id@entry=0, stage_id=stage_id@entry=0, target_seq=0, 
    layer_index=<optimized out>, slot=slot@entry=3, 
    target_kind=target_kind@entry=0x47668 "address", 
    target_slot=target_slot@entry=3, dst_addr=274724767744)
    at /home/ubuntu/chipyard/generators/gemmini/software/gemmini-rocc-tests/pipeline-runtime/src/prt_runtime.c:1973

--- BP dma_gdb_marker_wait_return ---
rc = 0
tok = 0x3ff6d74da8
$61 = {
  id = 5019,
  stage_idx = 0,
  tensor_id = 3,
  owner_rt = 0x3fffffdef0,
  completion_flag = 0x5e000,
  completion_slot = 0,
  done = 1,
  hw_done_flag = 1,
  hw_done_flag_pa_rc = 0,
  initialized = 1,
  submit_ns = 23286254000,
  debug_src_addr = 1075848192,
  debug_dst_addr = 4372942848,
  debug_bytes = 1024,
  debug_done_flag_va = 385024,
  debug_done_flag_pa = 4342575104,
  debug_last_pending_log_ns = 0,
  debug_src_acc = 0,
  debug_dst_acc = 0,
  debug_page_idx = 10,
  debug_progress_polls = 0,
  debug_force_export_probe = 0,
  traced_complete = 1,
  status = 0,
  rr_scope_valid = 1,
  rr_scope_external = 1,
  rr_cfg_id = 0,
  rr_manager_id = 0,
  rr_opcode_id = 2,
  lock = {
    __data = {
      __lock = 0,
      __count = 0,
      __owner = 0,
      __nusers = 0,
      __kind = 0,
      __spins = 0,
      __list = {
        __prev = 0x0,
        __next = 0x0
      }
    },
    __size = '\000' <repeats 39 times>,
    __align = 0
  },
  cv = {
    __data = {
      __wseq = {
        __value64 = 0,
        __value32 = {
          __low = 0,
          __high = 0
        }
      },
      __g1_start = {
        __value64 = 0,
        __value32 = {
          __low = 0,
          __high = 0
        }
      },
      __g_refs = {0, 0},
      __g_size = {0, 0},
      __g1_orig_size = 0,
      __wrefs = 0,
      __g_signals = {0, 0}
    },
    __size = '\000' <repeats 47 times>,
    __align = 0
  }
}
#0  dma_gdb_marker_wait_return (rc=0, tok=0x3ff6d74da8)
    at /home/ubuntu/chipyard/generators/gemmini/software/gemmini-rocc-tests/pipeline-runtime/src/prt_dma.c:3561
#1  dma_blocking_wait (rt=0x3fffffdef0, tok=0x3ff6d74da8, 
    timeout_ns=<optimized out>)
    at /home/ubuntu/chipyard/generators/gemmini/software/gemmini-rocc-tests/pipeline-runtime/src/prt_dma.c:3868
#2  0x00000000000181c0 in prt_dma_wait (timeout_ns=5000000000, 
    tok=0x3ff6d74da8, rt=0x3fffffdef0)
    at /home/ubuntu/chipyard/generators/gemmini/software/gemmini-rocc-tests/pipeline-runtime/src/prt_dma.c:2708
#3  dma_submit_wait_annotated_scoped (rt=rt@entry=0x3fffffdef0, 
    req=req@entry=0x3ff6d74fc8, stage_idx=stage_idx@entry=0, 
    tensor_id=tensor_id@entry=3, timeout_ns=timeout_ns@entry=5000000000, 
    scope=scope@entry=0x3ff6d74fb0, 
    force_export_probe=force_export_probe@entry=0, 
    debug_page_idx=debug_page_idx@entry=10)
    at /home/ubuntu/chipyard/generators/gemmini/software/gemmini-rocc-tests/pipeline-runtime/src/prt_dma.c:2121
#4  0x0000000000019402 in dma_copy_spm_pages_to_host_linux (rt=0x3fffffdef0, 
    dst_host=0x3ff6df4800 "", src_pages=<optimized out>, manager_id=0, 
    stage_idx=0, tensor_id=3, timeout_ns=5000000000, 
    total_bytes=<optimized out>)
    at /home/ubuntu/chipyard/generators/gemmini/software/gemmini-rocc-tests/pipeline-runtime/src/prt_dma.c:1209
#5  0x000000000001a3c6 in prt_dma_copy_spm_pages_to_dram_prefix (
    timeout_ns=<optimized out>, tensor_id=<optimized out>, 
    stage_idx=<optimized out>, manager_id=<optimized out>, 
    bytes=<optimized out>, src_pages=<optimized out>, 
    dst_dram_addr=<optimized out>, rt=<optimized out>)
    at /home/ubuntu/chipyard/generators/gemmini/software/gemmini-rocc-tests/pipeline-runtime/src/prt_dma.c:2869
#6  0x000000000002bc1e in copy_tensor_pages_to_model_alias_target (
    rt=rt@entry=0x3fffffdef0, tensor_id=tensor_id@entry=3, 
    pages=pages@entry=0x6d0a0, src_size=src_size@entry=65536, 
    manager_id=manager_id@entry=0, stage_id=stage_id@entry=0, target_seq=0, 
    layer_index=<optimized out>, slot=slot@entry=3, 
    target_kind=target_kind@entry=0x47668 "address", 
    target_slot=target_slot@entry=3, dst_addr=274724767744)
    at /home/ubuntu/chipyard/generators/gemmini/software/gemmini-rocc-tests/pipeline-runtime/src/prt_runtime.c:1973
#7  0x000000000002e1e8 in copy_tensor_pages_to_model_aliases (stage_id=0, 
    manager_id=0, src_size=<optimized out>, pages=0x6d0a0, tensor_id=3, 
    rt=0x3fffffdef0)
    at /home/ubuntu/chipyard/generators/gemmini/software/gemmini-rocc-tests/pipeline-runtime/src/prt_runtime.c:2040

--- BP prt_dma_submit ---
rt = 0x3fffffdef0
req = 0x3ff6d74fc8
tok = 0x3ff6d74da8
$62 = {
  id = 0,
  stage_idx = 0,
  tensor_id = 3,
  owner_rt = 0x0,
  completion_flag = 0x0,
  completion_slot = 0,
  done = 0,
  hw_done_flag = 0,
  hw_done_flag_pa_rc = 0,
  initialized = 0,
  submit_ns = 0,
  debug_src_addr = 0,
  debug_dst_addr = 0,
  debug_bytes = 0,
  debug_done_flag_va = 0,
  debug_done_flag_pa = 0,
  debug_last_pending_log_ns = 0,
  debug_src_acc = 0,
  debug_dst_acc = 0,
  debug_page_idx = 11,
  debug_progress_polls = 0,
  debug_force_export_probe = 0,
  traced_complete = 0,
  status = 0,
  rr_scope_valid = 1,
  rr_scope_external = 1,
  rr_cfg_id = 0,
  rr_manager_id = 0,
  rr_opcode_id = 2,
  lock = {
    __data = {
      __lock = 0,
      __count = 0,
      __owner = 0,
      __nusers = 0,
      __kind = 0,
      __spins = 0,
      __list = {
        __prev = 0x0,
        __next = 0x0
      }
    },
    __size = '\000' <repeats 39 times>,
    __align = 0
  },
  cv = {
    __data = {
      __wseq = {
        __value64 = 0,
        __value32 = {
          __low = 0,
          __high = 0
        }
      },
      __g1_start = {
        __value64 = 0,
        __value32 = {
          __low = 0,
          __high = 0
        }
      },
      __g_refs = {0, 0},
      __g_size = {0, 0},
      __g1_orig_size = 0,
      __wrefs = 0,
      __g_signals = {0, 0}
    },
    __size = '\000' <repeats 47 times>,
    __align = 0
  }
}
#0  prt_dma_submit (rt=0x3fffffdef0, req=0x3ff6d74fc8, tok=0x3ff6d74da8)
    at /home/ubuntu/chipyard/generators/gemmini/software/gemmini-rocc-tests/pipeline-runtime/src/prt_dma.c:2698
#1  0x00000000000181aa in dma_submit_wait_annotated_scoped (
    rt=rt@entry=0x3fffffdef0, req=req@entry=0x3ff6d74fc8, 
    stage_idx=stage_idx@entry=0, tensor_id=tensor_id@entry=3, 
    timeout_ns=timeout_ns@entry=5000000000, scope=scope@entry=0x3ff6d74fb0, 
    force_export_probe=force_export_probe@entry=0, 
    debug_page_idx=debug_page_idx@entry=11)
    at /home/ubuntu/chipyard/generators/gemmini/software/gemmini-rocc-tests/pipeline-runtime/src/prt_dma.c:2094
#2  0x0000000000019402 in dma_copy_spm_pages_to_host_linux (rt=0x3fffffdef0, 
    dst_host=0x3ff6df4800 "", src_pages=<optimized out>, manager_id=0, 
    stage_idx=0, tensor_id=3, timeout_ns=5000000000, 
    total_bytes=<optimized out>)
    at /home/ubuntu/chipyard/generators/gemmini/software/gemmini-rocc-tests/pipeline-runtime/src/prt_dma.c:1209
#3  0x000000000001a3c6 in prt_dma_copy_spm_pages_to_dram_prefix (
    timeout_ns=<optimized out>, tensor_id=<optimized out>, 
    stage_idx=<optimized out>, manager_id=<optimized out>, 
    bytes=<optimized out>, src_pages=<optimized out>, 
    dst_dram_addr=<optimized out>, rt=<optimized out>)
    at /home/ubuntu/chipyard/generators/gemmini/software/gemmini-rocc-tests/pipeline-runtime/src/prt_dma.c:2869
#4  0x000000000002bc1e in copy_tensor_pages_to_model_alias_target (
    rt=rt@entry=0x3fffffdef0, tensor_id=tensor_id@entry=3, 
    pages=pages@entry=0x6d0a0, src_size=src_size@entry=65536, 
    manager_id=manager_id@entry=0, stage_id=stage_id@entry=0, target_seq=0, 
    layer_index=<optimized out>, slot=slot@entry=3, 
    target_kind=target_kind@entry=0x47668 "address", 
    target_slot=target_slot@entry=3, dst_addr=274724767744)
    at /home/ubuntu/chipyard/generators/gemmini/software/gemmini-rocc-tests/pipeline-runtime/src/prt_runtime.c:1973
#5  0x000000000002e1e8 in copy_tensor_pages_to_model_aliases (stage_id=0, 
    manager_id=0, src_size=<optimized out>, pages=0x6d0a0, tensor_id=3, 
    rt=0x3fffffdef0)
    at /home/ubuntu/chipyard/generators/gemmini/software/gemmini-rocc-tests/pipeline-runtime/src/prt_runtime.c:2040
#6  sync_stage_export_aliases (rt=rt@entry=0x3fffffdef0, 
    segment_idx=segment_idx@entry=1, stage_id=0, 
    global_stage_id=global_stage_id@entry=1, subbatch_id=subbatch_id@entry=7)
    at /home/ubuntu/chipyard/generators/gemmini/software/gemmini-rocc-tests/pipeline-runtime/src/prt_runtime.c:2657
#7  0x000000000003065a in stage_worker_main (arg=0x83960)
    at /home/ubuntu/chipyard/generators/gemmini/software/gemmini-rocc-tests/pipeline-runtime/src/prt_runtime.c:4570

--- BP dma_blocking_wait ---
rt = 0x3fffffdef0
tok = 0x3ff6d74da8
timeout_ns = 5000000000
$63 = {
  id = 5020,
  stage_idx = 0,
  tensor_id = 3,
  owner_rt = 0x3fffffdef0,
  completion_flag = 0x5e000,
  completion_slot = 0,
  done = 0,
  hw_done_flag = 0,
  hw_done_flag_pa_rc = 0,
  initialized = 1,
  submit_ns = 23836749000,
  debug_src_addr = 1076896768,
  debug_dst_addr = 4372943872,
  debug_bytes = 1024,
  debug_done_flag_va = 385024,
  debug_done_flag_pa = 4342575104,
  debug_last_pending_log_ns = 0,
  debug_src_acc = 0,
  debug_dst_acc = 0,
  debug_page_idx = 11,
  debug_progress_polls = 0,
  debug_force_export_probe = 0,
  traced_complete = 0,
  status = 0,
  rr_scope_valid = 1,
  rr_scope_external = 1,
  rr_cfg_id = 0,
  rr_manager_id = 0,
  rr_opcode_id = 2,
  lock = {
    __data = {
      __lock = 0,
      __count = 0,
      __owner = 0,
      __nusers = 0,
      __kind = 0,
      __spins = 0,
      __list = {
        __prev = 0x0,
        __next = 0x0
      }
    },
    __size = '\000' <repeats 39 times>,
    __align = 0
  },
  cv = {
    __data = {
      __wseq = {
        __value64 = 0,
        __value32 = {
          __low = 0,
          __high = 0
        }
      },
      __g1_start = {
        __value64 = 0,
        __value32 = {
          __low = 0,
          __high = 0
        }
      },
      __g_refs = {0, 0},
      __g_size = {0, 0},
      __g1_orig_size = 0,
      __wrefs = 0,
      __g_signals = {0, 0}
    },
    __size = '\000' <repeats 47 times>,
    __align = 0
  }
}
#0  dma_blocking_wait (rt=0x3fffffdef0, tok=0x3ff6d74da8, 
    timeout_ns=5000000000)
    at /home/ubuntu/chipyard/generators/gemmini/software/gemmini-rocc-tests/pipeline-runtime/src/prt_dma.c:3578
#1  0x00000000000181c0 in prt_dma_wait (timeout_ns=5000000000, 
    tok=0x3ff6d74da8, rt=0x3fffffdef0)
    at /home/ubuntu/chipyard/generators/gemmini/software/gemmini-rocc-tests/pipeline-runtime/src/prt_dma.c:2708
#2  dma_submit_wait_annotated_scoped (rt=rt@entry=0x3fffffdef0, 
    req=req@entry=0x3ff6d74fc8, stage_idx=stage_idx@entry=0, 
    tensor_id=tensor_id@entry=3, timeout_ns=timeout_ns@entry=5000000000, 
    scope=scope@entry=0x3ff6d74fb0, 
    force_export_probe=force_export_probe@entry=0, 
    debug_page_idx=debug_page_idx@entry=11)
    at /home/ubuntu/chipyard/generators/gemmini/software/gemmini-rocc-tests/pipeline-runtime/src/prt_dma.c:2121
#3  0x0000000000019402 in dma_copy_spm_pages_to_host_linux (rt=0x3fffffdef0, 
    dst_host=0x3ff6df4800 "", src_pages=<optimized out>, manager_id=0, 
    stage_idx=0, tensor_id=3, timeout_ns=5000000000, 
    total_bytes=<optimized out>)
    at /home/ubuntu/chipyard/generators/gemmini/software/gemmini-rocc-tests/pipeline-runtime/src/prt_dma.c:1209
#4  0x000000000001a3c6 in prt_dma_copy_spm_pages_to_dram_prefix (
    timeout_ns=<optimized out>, tensor_id=<optimized out>, 
    stage_idx=<optimized out>, manager_id=<optimized out>, 
    bytes=<optimized out>, src_pages=<optimized out>, 
    dst_dram_addr=<optimized out>, rt=<optimized out>)
    at /home/ubuntu/chipyard/generators/gemmini/software/gemmini-rocc-tests/pipeline-runtime/src/prt_dma.c:2869
#5  0x000000000002bc1e in copy_tensor_pages_to_model_alias_target (
    rt=rt@entry=0x3fffffdef0, tensor_id=tensor_id@entry=3, 
    pages=pages@entry=0x6d0a0, src_size=src_size@entry=65536, 
    manager_id=manager_id@entry=0, stage_id=stage_id@entry=0, target_seq=0, 
    layer_index=<optimized out>, slot=slot@entry=3, 
    target_kind=target_kind@entry=0x47668 "address", 
    target_slot=target_slot@entry=3, dst_addr=274724767744)
    at /home/ubuntu/chipyard/generators/gemmini/software/gemmini-rocc-tests/pipeline-runtime/src/prt_runtime.c:1973
#6  0x000000000002e1e8 in copy_tensor_pages_to_model_aliases (stage_id=0, 
    manager_id=0, src_size=<optimized out>, pages=0x6d0a0, tensor_id=3, 
    rt=0x3fffffdef0)
    at /home/ubuntu/chipyard/generators/gemmini/software/gemmini-rocc-tests/pipeline-runtime/src/prt_runtime.c:2040
#7  sync_stage_export_aliases (rt=rt@entry=0x3fffffdef0, 
    segment_idx=segment_idx@entry=1, stage_id=0, 
    global_stage_id=global_stage_id@entry=1, subbatch_id=subbatch_id@entry=7)
    at /home/ubuntu/chipyard/generators/gemmini/software/gemmini-rocc-tests/pipeline-runtime/src/prt_runtime.c:2657

--- BP prt_rr_fence_scope ---
scope = 0x3ff6d74ce8
$64 = {
  valid = 1,
  cfg_id = 0,
  stage_id = 0,
  manager_id = 0,
  opcode_id = 2
}
#0  prt_rr_fence_scope (scope=scope@entry=0x3ff6d74ce8)
    at /home/ubuntu/chipyard/generators/gemmini/software/gemmini-rocc-tests/pipeline-runtime/src/prt_rerocc.c:371
#1  0x0000000000016302 in dma_token_fence_scope (tok=0x3ff6d74da8)
    at /home/ubuntu/chipyard/generators/gemmini/software/gemmini-rocc-tests/pipeline-runtime/src/prt_dma.c:2257
#2  dma_blocking_wait (rt=0x3fffffdef0, tok=0x3ff6d74da8, 
    timeout_ns=<optimized out>)
    at /home/ubuntu/chipyard/generators/gemmini/software/gemmini-rocc-tests/pipeline-runtime/src/prt_dma.c:3762
#3  0x00000000000181c0 in prt_dma_wait (timeout_ns=5000000000, 
    tok=0x3ff6d74da8, rt=0x3fffffdef0)
    at /home/ubuntu/chipyard/generators/gemmini/software/gemmini-rocc-tests/pipeline-runtime/src/prt_dma.c:2708
#4  dma_submit_wait_annotated_scoped (rt=rt@entry=0x3fffffdef0, 
    req=req@entry=0x3ff6d74fc8, stage_idx=stage_idx@entry=0, 
    tensor_id=tensor_id@entry=3, timeout_ns=timeout_ns@entry=5000000000, 
    scope=scope@entry=0x3ff6d74fb0, 
    force_export_probe=force_export_probe@entry=0, 
    debug_page_idx=debug_page_idx@entry=11)
    at /home/ubuntu/chipyard/generators/gemmini/software/gemmini-rocc-tests/pipeline-runtime/src/prt_dma.c:2121
#5  0x0000000000019402 in dma_copy_spm_pages_to_host_linux (rt=0x3fffffdef0, 
    dst_host=0x3ff6df4800 "", src_pages=<optimized out>, manager_id=0, 
    stage_idx=0, tensor_id=3, timeout_ns=5000000000, 
    total_bytes=<optimized out>)
    at /home/ubuntu/chipyard/generators/gemmini/software/gemmini-rocc-tests/pipeline-runtime/src/prt_dma.c:1209
#6  0x000000000001a3c6 in prt_dma_copy_spm_pages_to_dram_prefix (
    timeout_ns=<optimized out>, tensor_id=<optimized out>, 
    stage_idx=<optimized out>, manager_id=<optimized out>, 
    bytes=<optimized out>, src_pages=<optimized out>, 
    dst_dram_addr=<optimized out>, rt=<optimized out>)
    at /home/ubuntu/chipyard/generators/gemmini/software/gemmini-rocc-tests/pipeline-runtime/src/prt_dma.c:2869
#7  0x000000000002bc1e in copy_tensor_pages_to_model_alias_target (
    rt=rt@entry=0x3fffffdef0, tensor_id=tensor_id@entry=3, 
    pages=pages@entry=0x6d0a0, src_size=src_size@entry=65536, 
    manager_id=manager_id@entry=0, stage_id=stage_id@entry=0, target_seq=0, 
    layer_index=<optimized out>, slot=slot@entry=3, 
    target_kind=target_kind@entry=0x47668 "address", 
    target_slot=target_slot@entry=3, dst_addr=274724767744)
    at /home/ubuntu/chipyard/generators/gemmini/software/gemmini-rocc-tests/pipeline-runtime/src/prt_runtime.c:1973

--- BP dma_gdb_marker_wait_return ---
rc = 0
tok = 0x3ff6d74da8
$65 = {
  id = 5020,
  stage_idx = 0,
  tensor_id = 3,
  owner_rt = 0x3fffffdef0,
  completion_flag = 0x5e000,
  completion_slot = 0,
  done = 1,
  hw_done_flag = 1,
  hw_done_flag_pa_rc = 0,
  initialized = 1,
  submit_ns = 23836749000,
  debug_src_addr = 1076896768,
  debug_dst_addr = 4372943872,
  debug_bytes = 1024,
  debug_done_flag_va = 385024,
  debug_done_flag_pa = 4342575104,
  debug_last_pending_log_ns = 0,
  debug_src_acc = 0,
  debug_dst_acc = 0,
  debug_page_idx = 11,
  debug_progress_polls = 0,
  debug_force_export_probe = 0,
  traced_complete = 1,
  status = 0,
  rr_scope_valid = 1,
  rr_scope_external = 1,
  rr_cfg_id = 0,
  rr_manager_id = 0,
  rr_opcode_id = 2,
  lock = {
    __data = {
      __lock = 0,
      __count = 0,
      __owner = 0,
      __nusers = 0,
      __kind = 0,
      __spins = 0,
      __list = {
        __prev = 0x0,
        __next = 0x0
      }
    },
    __size = '\000' <repeats 39 times>,
    __align = 0
  },
  cv = {
    __data = {
      __wseq = {
        __value64 = 0,
        __value32 = {
          __low = 0,
          __high = 0
        }
      },
      __g1_start = {
        __value64 = 0,
        __value32 = {
          __low = 0,
          __high = 0
        }
      },
      __g_refs = {0, 0},
      __g_size = {0, 0},
      __g1_orig_size = 0,
      __wrefs = 0,
      __g_signals = {0, 0}
    },
    __size = '\000' <repeats 47 times>,
    __align = 0
  }
}
#0  dma_gdb_marker_wait_return (rc=0, tok=0x3ff6d74da8)
    at /home/ubuntu/chipyard/generators/gemmini/software/gemmini-rocc-tests/pipeline-runtime/src/prt_dma.c:3561
#1  dma_blocking_wait (rt=0x3fffffdef0, tok=0x3ff6d74da8, 
    timeout_ns=<optimized out>)
    at /home/ubuntu/chipyard/generators/gemmini/software/gemmini-rocc-tests/pipeline-runtime/src/prt_dma.c:3868
#2  0x00000000000181c0 in prt_dma_wait (timeout_ns=5000000000, 
    tok=0x3ff6d74da8, rt=0x3fffffdef0)
    at /home/ubuntu/chipyard/generators/gemmini/software/gemmini-rocc-tests/pipeline-runtime/src/prt_dma.c:2708
#3  dma_submit_wait_annotated_scoped (rt=rt@entry=0x3fffffdef0, 
    req=req@entry=0x3ff6d74fc8, stage_idx=stage_idx@entry=0, 
    tensor_id=tensor_id@entry=3, timeout_ns=timeout_ns@entry=5000000000, 
    scope=scope@entry=0x3ff6d74fb0, 
    force_export_probe=force_export_probe@entry=0, 
    debug_page_idx=debug_page_idx@entry=11)
    at /home/ubuntu/chipyard/generators/gemmini/software/gemmini-rocc-tests/pipeline-runtime/src/prt_dma.c:2121
#4  0x0000000000019402 in dma_copy_spm_pages_to_host_linux (rt=0x3fffffdef0, 
    dst_host=0x3ff6df4800 "", src_pages=<optimized out>, manager_id=0, 
    stage_idx=0, tensor_id=3, timeout_ns=5000000000, 
    total_bytes=<optimized out>)
    at /home/ubuntu/chipyard/generators/gemmini/software/gemmini-rocc-tests/pipeline-runtime/src/prt_dma.c:1209
#5  0x000000000001a3c6 in prt_dma_copy_spm_pages_to_dram_prefix (
    timeout_ns=<optimized out>, tensor_id=<optimized out>, 
    stage_idx=<optimized out>, manager_id=<optimized out>, 
    bytes=<optimized out>, src_pages=<optimized out>, 
    dst_dram_addr=<optimized out>, rt=<optimized out>)
    at /home/ubuntu/chipyard/generators/gemmini/software/gemmini-rocc-tests/pipeline-runtime/src/prt_dma.c:2869
#6  0x000000000002bc1e in copy_tensor_pages_to_model_alias_target (
    rt=rt@entry=0x3fffffdef0, tensor_id=tensor_id@entry=3, 
    pages=pages@entry=0x6d0a0, src_size=src_size@entry=65536, 
    manager_id=manager_id@entry=0, stage_id=stage_id@entry=0, target_seq=0, 
    layer_index=<optimized out>, slot=slot@entry=3, 
    target_kind=target_kind@entry=0x47668 "address", 
    target_slot=target_slot@entry=3, dst_addr=274724767744)
    at /home/ubuntu/chipyard/generators/gemmini/software/gemmini-rocc-tests/pipeline-runtime/src/prt_runtime.c:1973
#7  0x000000000002e1e8 in copy_tensor_pages_to_model_aliases (stage_id=0, 
    manager_id=0, src_size=<optimized out>, pages=0x6d0a0, tensor_id=3, 
    rt=0x3fffffdef0)
    at /home/ubuntu/chipyard/generators/gemmini/software/gemmini-rocc-tests/pipeline-runtime/src/prt_runtime.c:2040

--- BP prt_dma_submit ---
rt = 0x3fffffdef0
req = 0x3ff6d74fc8
tok = 0x3ff6d74da8
$66 = {
  id = 0,
  stage_idx = 0,
  tensor_id = 3,
  owner_rt = 0x0,
  completion_flag = 0x0,
  completion_slot = 0,
  done = 0,
  hw_done_flag = 0,
  hw_done_flag_pa_rc = 0,
  initialized = 0,
  submit_ns = 0,
  debug_src_addr = 0,
  debug_dst_addr = 0,
  debug_bytes = 0,
  debug_done_flag_va = 0,
  debug_done_flag_pa = 0,
  debug_last_pending_log_ns = 0,
  debug_src_acc = 0,
  debug_dst_acc = 0,
  debug_page_idx = 12,
  debug_progress_polls = 0,
  debug_force_export_probe = 0,
  traced_complete = 0,
  status = 0,
  rr_scope_valid = 1,
  rr_scope_external = 1,
  rr_cfg_id = 0,
  rr_manager_id = 0,
  rr_opcode_id = 2,
  lock = {
    __data = {
      __lock = 0,
      __count = 0,
      __owner = 0,
      __nusers = 0,
      __kind = 0,
      __spins = 0,
      __list = {
        __prev = 0x0,
        __next = 0x0
      }
    },
    __size = '\000' <repeats 39 times>,
    __align = 0
  },
  cv = {
    __data = {
      __wseq = {
        __value64 = 0,
        __value32 = {
          __low = 0,
          __high = 0
        }
      },
      __g1_start = {
        __value64 = 0,
        __value32 = {
          __low = 0,
          __high = 0
        }
      },
      __g_refs = {0, 0},
      __g_size = {0, 0},
      __g1_orig_size = 0,
      __wrefs = 0,
      __g_signals = {0, 0}
    },
    __size = '\000' <repeats 47 times>,
    __align = 0
  }
}
#0  prt_dma_submit (rt=0x3fffffdef0, req=0x3ff6d74fc8, tok=0x3ff6d74da8)
    at /home/ubuntu/chipyard/generators/gemmini/software/gemmini-rocc-tests/pipeline-runtime/src/prt_dma.c:2698
#1  0x00000000000181aa in dma_submit_wait_annotated_scoped (
    rt=rt@entry=0x3fffffdef0, req=req@entry=0x3ff6d74fc8, 
    stage_idx=stage_idx@entry=0, tensor_id=tensor_id@entry=3, 
    timeout_ns=timeout_ns@entry=5000000000, scope=scope@entry=0x3ff6d74fb0, 
    force_export_probe=force_export_probe@entry=0, 
    debug_page_idx=debug_page_idx@entry=12)
    at /home/ubuntu/chipyard/generators/gemmini/software/gemmini-rocc-tests/pipeline-runtime/src/prt_dma.c:2094
#2  0x0000000000019402 in dma_copy_spm_pages_to_host_linux (rt=0x3fffffdef0, 
    dst_host=0x3ff6df4800 "", src_pages=<optimized out>, manager_id=0, 
    stage_idx=0, tensor_id=3, timeout_ns=5000000000, 
    total_bytes=<optimized out>)
    at /home/ubuntu/chipyard/generators/gemmini/software/gemmini-rocc-tests/pipeline-runtime/src/prt_dma.c:1209
#3  0x000000000001a3c6 in prt_dma_copy_spm_pages_to_dram_prefix (
    timeout_ns=<optimized out>, tensor_id=<optimized out>, 
    stage_idx=<optimized out>, manager_id=<optimized out>, 
    bytes=<optimized out>, src_pages=<optimized out>, 
    dst_dram_addr=<optimized out>, rt=<optimized out>)
    at /home/ubuntu/chipyard/generators/gemmini/software/gemmini-rocc-tests/pipeline-runtime/src/prt_dma.c:2869
#4  0x000000000002bc1e in copy_tensor_pages_to_model_alias_target (
    rt=rt@entry=0x3fffffdef0, tensor_id=tensor_id@entry=3, 
    pages=pages@entry=0x6d0a0, src_size=src_size@entry=65536, 
    manager_id=manager_id@entry=0, stage_id=stage_id@entry=0, target_seq=0, 
    layer_index=<optimized out>, slot=slot@entry=3, 
    target_kind=target_kind@entry=0x47668 "address", 
    target_slot=target_slot@entry=3, dst_addr=274724767744)
    at /home/ubuntu/chipyard/generators/gemmini/software/gemmini-rocc-tests/pipeline-runtime/src/prt_runtime.c:1973
#5  0x000000000002e1e8 in copy_tensor_pages_to_model_aliases (stage_id=0, 
    manager_id=0, src_size=<optimized out>, pages=0x6d0a0, tensor_id=3, 
    rt=0x3fffffdef0)
    at /home/ubuntu/chipyard/generators/gemmini/software/gemmini-rocc-tests/pipeline-runtime/src/prt_runtime.c:2040
#6  sync_stage_export_aliases (rt=rt@entry=0x3fffffdef0, 
    segment_idx=segment_idx@entry=1, stage_id=0, 
    global_stage_id=global_stage_id@entry=1, subbatch_id=subbatch_id@entry=7)
    at /home/ubuntu/chipyard/generators/gemmini/software/gemmini-rocc-tests/pipeline-runtime/src/prt_runtime.c:2657
#7  0x000000000003065a in stage_worker_main (arg=0x83960)
    at /home/ubuntu/chipyard/generators/gemmini/software/gemmini-rocc-tests/pipeline-runtime/src/prt_runtime.c:4570

--- BP dma_blocking_wait ---
rt = 0x3fffffdef0
tok = 0x3ff6d74da8
timeout_ns = 5000000000
$67 = {
  id = 5021,
  stage_idx = 0,
  tensor_id = 3,
  owner_rt = 0x3fffffdef0,
  completion_flag = 0x5e000,
  completion_slot = 0,
  done = 0,
  hw_done_flag = 0,
  hw_done_flag_pa_rc = 0,
  initialized = 1,
  submit_ns = 24385187000,
  debug_src_addr = 1077945344,
  debug_dst_addr = 4372944896,
  debug_bytes = 1024,
  debug_done_flag_va = 385024,
  debug_done_flag_pa = 4342575104,
  debug_last_pending_log_ns = 0,
  debug_src_acc = 0,
  debug_dst_acc = 0,
  debug_page_idx = 12,
  debug_progress_polls = 0,
  debug_force_export_probe = 0,
  traced_complete = 0,
  status = 0,
  rr_scope_valid = 1,
  rr_scope_external = 1,
  rr_cfg_id = 0,
  rr_manager_id = 0,
  rr_opcode_id = 2,
  lock = {
    __data = {
      __lock = 0,
      __count = 0,
      __owner = 0,
      __nusers = 0,
      __kind = 0,
      __spins = 0,
      __list = {
        __prev = 0x0,
        __next = 0x0
      }
    },
    __size = '\000' <repeats 39 times>,
    __align = 0
  },
  cv = {
    __data = {
      __wseq = {
        __value64 = 0,
        __value32 = {
          __low = 0,
          __high = 0
        }
      },
      __g1_start = {
        __value64 = 0,
        __value32 = {
          __low = 0,
          __high = 0
        }
      },
      __g_refs = {0, 0},
      __g_size = {0, 0},
      __g1_orig_size = 0,
      __wrefs = 0,
      __g_signals = {0, 0}
    },
    __size = '\000' <repeats 47 times>,
    __align = 0
  }
}
#0  dma_blocking_wait (rt=0x3fffffdef0, tok=0x3ff6d74da8, 
    timeout_ns=5000000000)
    at /home/ubuntu/chipyard/generators/gemmini/software/gemmini-rocc-tests/pipeline-runtime/src/prt_dma.c:3578
#1  0x00000000000181c0 in prt_dma_wait (timeout_ns=5000000000, 
    tok=0x3ff6d74da8, rt=0x3fffffdef0)
    at /home/ubuntu/chipyard/generators/gemmini/software/gemmini-rocc-tests/pipeline-runtime/src/prt_dma.c:2708
#2  dma_submit_wait_annotated_scoped (rt=rt@entry=0x3fffffdef0, 
    req=req@entry=0x3ff6d74fc8, stage_idx=stage_idx@entry=0, 
    tensor_id=tensor_id@entry=3, timeout_ns=timeout_ns@entry=5000000000, 
    scope=scope@entry=0x3ff6d74fb0, 
    force_export_probe=force_export_probe@entry=0, 
    debug_page_idx=debug_page_idx@entry=12)
    at /home/ubuntu/chipyard/generators/gemmini/software/gemmini-rocc-tests/pipeline-runtime/src/prt_dma.c:2121
#3  0x0000000000019402 in dma_copy_spm_pages_to_host_linux (rt=0x3fffffdef0, 
    dst_host=0x3ff6df4800 "", src_pages=<optimized out>, manager_id=0, 
    stage_idx=0, tensor_id=3, timeout_ns=5000000000, 
    total_bytes=<optimized out>)
    at /home/ubuntu/chipyard/generators/gemmini/software/gemmini-rocc-tests/pipeline-runtime/src/prt_dma.c:1209
#4  0x000000000001a3c6 in prt_dma_copy_spm_pages_to_dram_prefix (
    timeout_ns=<optimized out>, tensor_id=<optimized out>, 
    stage_idx=<optimized out>, manager_id=<optimized out>, 
    bytes=<optimized out>, src_pages=<optimized out>, 
    dst_dram_addr=<optimized out>, rt=<optimized out>)
    at /home/ubuntu/chipyard/generators/gemmini/software/gemmini-rocc-tests/pipeline-runtime/src/prt_dma.c:2869
#5  0x000000000002bc1e in copy_tensor_pages_to_model_alias_target (
    rt=rt@entry=0x3fffffdef0, tensor_id=tensor_id@entry=3, 
    pages=pages@entry=0x6d0a0, src_size=src_size@entry=65536, 
    manager_id=manager_id@entry=0, stage_id=stage_id@entry=0, target_seq=0, 
    layer_index=<optimized out>, slot=slot@entry=3, 
    target_kind=target_kind@entry=0x47668 "address", 
    target_slot=target_slot@entry=3, dst_addr=274724767744)
    at /home/ubuntu/chipyard/generators/gemmini/software/gemmini-rocc-tests/pipeline-runtime/src/prt_runtime.c:1973
#6  0x000000000002e1e8 in copy_tensor_pages_to_model_aliases (stage_id=0, 
    manager_id=0, src_size=<optimized out>, pages=0x6d0a0, tensor_id=3, 
    rt=0x3fffffdef0)
    at /home/ubuntu/chipyard/generators/gemmini/software/gemmini-rocc-tests/pipeline-runtime/src/prt_runtime.c:2040
#7  sync_stage_export_aliases (rt=rt@entry=0x3fffffdef0, 
    segment_idx=segment_idx@entry=1, stage_id=0, 
    global_stage_id=global_stage_id@entry=1, subbatch_id=subbatch_id@entry=7)
    at /home/ubuntu/chipyard/generators/gemmini/software/gemmini-rocc-tests/pipeline-runtime/src/prt_runtime.c:2657

--- BP prt_rr_fence_scope ---
scope = 0x3ff6d74ce8
$68 = {
  valid = 1,
  cfg_id = 0,
  stage_id = 0,
  manager_id = 0,
  opcode_id = 2
}
#0  prt_rr_fence_scope (scope=scope@entry=0x3ff6d74ce8)
    at /home/ubuntu/chipyard/generators/gemmini/software/gemmini-rocc-tests/pipeline-runtime/src/prt_rerocc.c:371
#1  0x0000000000016302 in dma_token_fence_scope (tok=0x3ff6d74da8)
    at /home/ubuntu/chipyard/generators/gemmini/software/gemmini-rocc-tests/pipeline-runtime/src/prt_dma.c:2257
#2  dma_blocking_wait (rt=0x3fffffdef0, tok=0x3ff6d74da8, 
    timeout_ns=<optimized out>)
    at /home/ubuntu/chipyard/generators/gemmini/software/gemmini-rocc-tests/pipeline-runtime/src/prt_dma.c:3762
#3  0x00000000000181c0 in prt_dma_wait (timeout_ns=5000000000, 
    tok=0x3ff6d74da8, rt=0x3fffffdef0)
    at /home/ubuntu/chipyard/generators/gemmini/software/gemmini-rocc-tests/pipeline-runtime/src/prt_dma.c:2708
#4  dma_submit_wait_annotated_scoped (rt=rt@entry=0x3fffffdef0, 
    req=req@entry=0x3ff6d74fc8, stage_idx=stage_idx@entry=0, 
    tensor_id=tensor_id@entry=3, timeout_ns=timeout_ns@entry=5000000000, 
    scope=scope@entry=0x3ff6d74fb0, 
    force_export_probe=force_export_probe@entry=0, 
    debug_page_idx=debug_page_idx@entry=12)
    at /home/ubuntu/chipyard/generators/gemmini/software/gemmini-rocc-tests/pipeline-runtime/src/prt_dma.c:2121
#5  0x0000000000019402 in dma_copy_spm_pages_to_host_linux (rt=0x3fffffdef0, 
    dst_host=0x3ff6df4800 "", src_pages=<optimized out>, manager_id=0, 
    stage_idx=0, tensor_id=3, timeout_ns=5000000000, 
    total_bytes=<optimized out>)
    at /home/ubuntu/chipyard/generators/gemmini/software/gemmini-rocc-tests/pipeline-runtime/src/prt_dma.c:1209
#6  0x000000000001a3c6 in prt_dma_copy_spm_pages_to_dram_prefix (
    timeout_ns=<optimized out>, tensor_id=<optimized out>, 
    stage_idx=<optimized out>, manager_id=<optimized out>, 
    bytes=<optimized out>, src_pages=<optimized out>, 
    dst_dram_addr=<optimized out>, rt=<optimized out>)
    at /home/ubuntu/chipyard/generators/gemmini/software/gemmini-rocc-tests/pipeline-runtime/src/prt_dma.c:2869
#7  0x000000000002bc1e in copy_tensor_pages_to_model_alias_target (
    rt=rt@entry=0x3fffffdef0, tensor_id=tensor_id@entry=3, 
    pages=pages@entry=0x6d0a0, src_size=src_size@entry=65536, 
    manager_id=manager_id@entry=0, stage_id=stage_id@entry=0, target_seq=0, 
    layer_index=<optimized out>, slot=slot@entry=3, 
    target_kind=target_kind@entry=0x47668 "address", 
    target_slot=target_slot@entry=3, dst_addr=274724767744)
    at /home/ubuntu/chipyard/generators/gemmini/software/gemmini-rocc-tests/pipeline-runtime/src/prt_runtime.c:1973

--- BP dma_gdb_marker_wait_return ---
rc = 0
tok = 0x3ff6d74da8
$69 = {
  id = 5021,
  stage_idx = 0,
  tensor_id = 3,
  owner_rt = 0x3fffffdef0,
  completion_flag = 0x5e000,
  completion_slot = 0,
  done = 1,
  hw_done_flag = 1,
  hw_done_flag_pa_rc = 0,
  initialized = 1,
  submit_ns = 24385187000,
  debug_src_addr = 1077945344,
  debug_dst_addr = 4372944896,
  debug_bytes = 1024,
  debug_done_flag_va = 385024,
  debug_done_flag_pa = 4342575104,
  debug_last_pending_log_ns = 0,
  debug_src_acc = 0,
  debug_dst_acc = 0,
  debug_page_idx = 12,
  debug_progress_polls = 0,
  debug_force_export_probe = 0,
  traced_complete = 1,
  status = 0,
  rr_scope_valid = 1,
  rr_scope_external = 1,
  rr_cfg_id = 0,
  rr_manager_id = 0,
  rr_opcode_id = 2,
  lock = {
    __data = {
      __lock = 0,
      __count = 0,
      __owner = 0,
      __nusers = 0,
      __kind = 0,
      __spins = 0,
      __list = {
        __prev = 0x0,
        __next = 0x0
      }
    },
    __size = '\000' <repeats 39 times>,
    __align = 0
  },
  cv = {
    __data = {
      __wseq = {
        __value64 = 0,
        __value32 = {
          __low = 0,
          __high = 0
        }
      },
      __g1_start = {
        __value64 = 0,
        __value32 = {
          __low = 0,
          __high = 0
        }
      },
      __g_refs = {0, 0},
      __g_size = {0, 0},
      __g1_orig_size = 0,
      __wrefs = 0,
      __g_signals = {0, 0}
    },
    __size = '\000' <repeats 47 times>,
    __align = 0
  }
}
#0  dma_gdb_marker_wait_return (rc=0, tok=0x3ff6d74da8)
    at /home/ubuntu/chipyard/generators/gemmini/software/gemmini-rocc-tests/pipeline-runtime/src/prt_dma.c:3561
#1  dma_blocking_wait (rt=0x3fffffdef0, tok=0x3ff6d74da8, 
    timeout_ns=<optimized out>)
    at /home/ubuntu/chipyard/generators/gemmini/software/gemmini-rocc-tests/pipeline-runtime/src/prt_dma.c:3868
#2  0x00000000000181c0 in prt_dma_wait (timeout_ns=5000000000, 
    tok=0x3ff6d74da8, rt=0x3fffffdef0)
    at /home/ubuntu/chipyard/generators/gemmini/software/gemmini-rocc-tests/pipeline-runtime/src/prt_dma.c:2708
#3  dma_submit_wait_annotated_scoped (rt=rt@entry=0x3fffffdef0, 
    req=req@entry=0x3ff6d74fc8, stage_idx=stage_idx@entry=0, 
    tensor_id=tensor_id@entry=3, timeout_ns=timeout_ns@entry=5000000000, 
    scope=scope@entry=0x3ff6d74fb0, 
    force_export_probe=force_export_probe@entry=0, 
    debug_page_idx=debug_page_idx@entry=12)
    at /home/ubuntu/chipyard/generators/gemmini/software/gemmini-rocc-tests/pipeline-runtime/src/prt_dma.c:2121
#4  0x0000000000019402 in dma_copy_spm_pages_to_host_linux (rt=0x3fffffdef0, 
    dst_host=0x3ff6df4800 "", src_pages=<optimized out>, manager_id=0, 
    stage_idx=0, tensor_id=3, timeout_ns=5000000000, 
    total_bytes=<optimized out>)
    at /home/ubuntu/chipyard/generators/gemmini/software/gemmini-rocc-tests/pipeline-runtime/src/prt_dma.c:1209
#5  0x000000000001a3c6 in prt_dma_copy_spm_pages_to_dram_prefix (
    timeout_ns=<optimized out>, tensor_id=<optimized out>, 
    stage_idx=<optimized out>, manager_id=<optimized out>, 
    bytes=<optimized out>, src_pages=<optimized out>, 
    dst_dram_addr=<optimized out>, rt=<optimized out>)
    at /home/ubuntu/chipyard/generators/gemmini/software/gemmini-rocc-tests/pipeline-runtime/src/prt_dma.c:2869
#6  0x000000000002bc1e in copy_tensor_pages_to_model_alias_target (
    rt=rt@entry=0x3fffffdef0, tensor_id=tensor_id@entry=3, 
    pages=pages@entry=0x6d0a0, src_size=src_size@entry=65536, 
    manager_id=manager_id@entry=0, stage_id=stage_id@entry=0, target_seq=0, 
    layer_index=<optimized out>, slot=slot@entry=3, 
    target_kind=target_kind@entry=0x47668 "address", 
    target_slot=target_slot@entry=3, dst_addr=274724767744)
    at /home/ubuntu/chipyard/generators/gemmini/software/gemmini-rocc-tests/pipeline-runtime/src/prt_runtime.c:1973
#7  0x000000000002e1e8 in copy_tensor_pages_to_model_aliases (stage_id=0, 
    manager_id=0, src_size=<optimized out>, pages=0x6d0a0, tensor_id=3, 
    rt=0x3fffffdef0)
    at /home/ubuntu/chipyard/generators/gemmini/software/gemmini-rocc-tests/pipeline-runtime/src/prt_runtime.c:2040

--- BP prt_dma_submit ---
rt = 0x3fffffdef0
req = 0x3ff6d74fc8
tok = 0x3ff6d74da8
$70 = {
  id = 0,
  stage_idx = 0,
  tensor_id = 3,
  owner_rt = 0x0,
  completion_flag = 0x0,
  completion_slot = 0,
  done = 0,
  hw_done_flag = 0,
  hw_done_flag_pa_rc = 0,
  initialized = 0,
  submit_ns = 0,
  debug_src_addr = 0,
  debug_dst_addr = 0,
  debug_bytes = 0,
  debug_done_flag_va = 0,
  debug_done_flag_pa = 0,
  debug_last_pending_log_ns = 0,
  debug_src_acc = 0,
  debug_dst_acc = 0,
  debug_page_idx = 13,
  debug_progress_polls = 0,
  debug_force_export_probe = 0,
  traced_complete = 0,
  status = 0,
  rr_scope_valid = 1,
  rr_scope_external = 1,
  rr_cfg_id = 0,
  rr_manager_id = 0,
  rr_opcode_id = 2,
  lock = {
    __data = {
      __lock = 0,
      __count = 0,
      __owner = 0,
      __nusers = 0,
      __kind = 0,
      __spins = 0,
      __list = {
        __prev = 0x0,
        __next = 0x0
      }
    },
    __size = '\000' <repeats 39 times>,
    __align = 0
  },
  cv = {
    __data = {
      __wseq = {
        __value64 = 0,
        __value32 = {
          __low = 0,
          __high = 0
        }
      },
      __g1_start = {
        __value64 = 0,
        __value32 = {
          __low = 0,
          __high = 0
        }
      },
      __g_refs = {0, 0},
      __g_size = {0, 0},
      __g1_orig_size = 0,
      __wrefs = 0,
      __g_signals = {0, 0}
    },
    __size = '\000' <repeats 47 times>,
    __align = 0
  }
}
#0  prt_dma_submit (rt=0x3fffffdef0, req=0x3ff6d74fc8, tok=0x3ff6d74da8)
    at /home/ubuntu/chipyard/generators/gemmini/software/gemmini-rocc-tests/pipeline-runtime/src/prt_dma.c:2698
#1  0x00000000000181aa in dma_submit_wait_annotated_scoped (
    rt=rt@entry=0x3fffffdef0, req=req@entry=0x3ff6d74fc8, 
    stage_idx=stage_idx@entry=0, tensor_id=tensor_id@entry=3, 
    timeout_ns=timeout_ns@entry=5000000000, scope=scope@entry=0x3ff6d74fb0, 
    force_export_probe=force_export_probe@entry=0, 
    debug_page_idx=debug_page_idx@entry=13)
    at /home/ubuntu/chipyard/generators/gemmini/software/gemmini-rocc-tests/pipeline-runtime/src/prt_dma.c:2094
#2  0x0000000000019402 in dma_copy_spm_pages_to_host_linux (rt=0x3fffffdef0, 
    dst_host=0x3ff6df4800 "", src_pages=<optimized out>, manager_id=0, 
    stage_idx=0, tensor_id=3, timeout_ns=5000000000, 
    total_bytes=<optimized out>)
    at /home/ubuntu/chipyard/generators/gemmini/software/gemmini-rocc-tests/pipeline-runtime/src/prt_dma.c:1209
#3  0x000000000001a3c6 in prt_dma_copy_spm_pages_to_dram_prefix (
    timeout_ns=<optimized out>, tensor_id=<optimized out>, 
    stage_idx=<optimized out>, manager_id=<optimized out>, 
    bytes=<optimized out>, src_pages=<optimized out>, 
    dst_dram_addr=<optimized out>, rt=<optimized out>)
    at /home/ubuntu/chipyard/generators/gemmini/software/gemmini-rocc-tests/pipeline-runtime/src/prt_dma.c:2869
#4  0x000000000002bc1e in copy_tensor_pages_to_model_alias_target (
    rt=rt@entry=0x3fffffdef0, tensor_id=tensor_id@entry=3, 
    pages=pages@entry=0x6d0a0, src_size=src_size@entry=65536, 
    manager_id=manager_id@entry=0, stage_id=stage_id@entry=0, target_seq=0, 
    layer_index=<optimized out>, slot=slot@entry=3, 
    target_kind=target_kind@entry=0x47668 "address", 
    target_slot=target_slot@entry=3, dst_addr=274724767744)
    at /home/ubuntu/chipyard/generators/gemmini/software/gemmini-rocc-tests/pipeline-runtime/src/prt_runtime.c:1973
#5  0x000000000002e1e8 in copy_tensor_pages_to_model_aliases (stage_id=0, 
    manager_id=0, src_size=<optimized out>, pages=0x6d0a0, tensor_id=3, 
    rt=0x3fffffdef0)
    at /home/ubuntu/chipyard/generators/gemmini/software/gemmini-rocc-tests/pipeline-runtime/src/prt_runtime.c:2040
#6  sync_stage_export_aliases (rt=rt@entry=0x3fffffdef0, 
    segment_idx=segment_idx@entry=1, stage_id=0, 
    global_stage_id=global_stage_id@entry=1, subbatch_id=subbatch_id@entry=7)
    at /home/ubuntu/chipyard/generators/gemmini/software/gemmini-rocc-tests/pipeline-runtime/src/prt_runtime.c:2657
#7  0x000000000003065a in stage_worker_main (arg=0x83960)
    at /home/ubuntu/chipyard/generators/gemmini/software/gemmini-rocc-tests/pipeline-runtime/src/prt_runtime.c:4570

--- BP dma_blocking_wait ---
rt = 0x3fffffdef0
tok = 0x3ff6d74da8
timeout_ns = 5000000000
$71 = {
  id = 5022,
  stage_idx = 0,
  tensor_id = 3,
  owner_rt = 0x3fffffdef0,
  completion_flag = 0x5e000,
  completion_slot = 0,
  done = 0,
  hw_done_flag = 0,
  hw_done_flag_pa_rc = 0,
  initialized = 1,
  submit_ns = 24933868000,
  debug_src_addr = 1078993920,
  debug_dst_addr = 4372945920,
  debug_bytes = 1024,
  debug_done_flag_va = 385024,
  debug_done_flag_pa = 4342575104,
  debug_last_pending_log_ns = 0,
  debug_src_acc = 0,
  debug_dst_acc = 0,
  debug_page_idx = 13,
  debug_progress_polls = 0,
  debug_force_export_probe = 0,
  traced_complete = 0,
  status = 0,
  rr_scope_valid = 1,
  rr_scope_external = 1,
  rr_cfg_id = 0,
  rr_manager_id = 0,
  rr_opcode_id = 2,
  lock = {
    __data = {
      __lock = 0,
      __count = 0,
      __owner = 0,
      __nusers = 0,
      __kind = 0,
      __spins = 0,
      __list = {
        __prev = 0x0,
        __next = 0x0
      }
    },
    __size = '\000' <repeats 39 times>,
    __align = 0
  },
  cv = {
    __data = {
      __wseq = {
        __value64 = 0,
        __value32 = {
          __low = 0,
          __high = 0
        }
      },
      __g1_start = {
        __value64 = 0,
        __value32 = {
          __low = 0,
          __high = 0
        }
      },
      __g_refs = {0, 0},
      __g_size = {0, 0},
      __g1_orig_size = 0,
      __wrefs = 0,
      __g_signals = {0, 0}
    },
    __size = '\000' <repeats 47 times>,
    __align = 0
  }
}
#0  dma_blocking_wait (rt=0x3fffffdef0, tok=0x3ff6d74da8, 
    timeout_ns=5000000000)
    at /home/ubuntu/chipyard/generators/gemmini/software/gemmini-rocc-tests/pipeline-runtime/src/prt_dma.c:3578
#1  0x00000000000181c0 in prt_dma_wait (timeout_ns=5000000000, 
    tok=0x3ff6d74da8, rt=0x3fffffdef0)
    at /home/ubuntu/chipyard/generators/gemmini/software/gemmini-rocc-tests/pipeline-runtime/src/prt_dma.c:2708
#2  dma_submit_wait_annotated_scoped (rt=rt@entry=0x3fffffdef0, 
    req=req@entry=0x3ff6d74fc8, stage_idx=stage_idx@entry=0, 
    tensor_id=tensor_id@entry=3, timeout_ns=timeout_ns@entry=5000000000, 
    scope=scope@entry=0x3ff6d74fb0, 
    force_export_probe=force_export_probe@entry=0, 
    debug_page_idx=debug_page_idx@entry=13)
    at /home/ubuntu/chipyard/generators/gemmini/software/gemmini-rocc-tests/pipeline-runtime/src/prt_dma.c:2121
#3  0x0000000000019402 in dma_copy_spm_pages_to_host_linux (rt=0x3fffffdef0, 
    dst_host=0x3ff6df4800 "", src_pages=<optimized out>, manager_id=0, 
    stage_idx=0, tensor_id=3, timeout_ns=5000000000, 
    total_bytes=<optimized out>)
    at /home/ubuntu/chipyard/generators/gemmini/software/gemmini-rocc-tests/pipeline-runtime/src/prt_dma.c:1209
#4  0x000000000001a3c6 in prt_dma_copy_spm_pages_to_dram_prefix (
    timeout_ns=<optimized out>, tensor_id=<optimized out>, 
    stage_idx=<optimized out>, manager_id=<optimized out>, 
    bytes=<optimized out>, src_pages=<optimized out>, 
    dst_dram_addr=<optimized out>, rt=<optimized out>)
    at /home/ubuntu/chipyard/generators/gemmini/software/gemmini-rocc-tests/pipeline-runtime/src/prt_dma.c:2869
#5  0x000000000002bc1e in copy_tensor_pages_to_model_alias_target (
    rt=rt@entry=0x3fffffdef0, tensor_id=tensor_id@entry=3, 
    pages=pages@entry=0x6d0a0, src_size=src_size@entry=65536, 
    manager_id=manager_id@entry=0, stage_id=stage_id@entry=0, target_seq=0, 
    layer_index=<optimized out>, slot=slot@entry=3, 
    target_kind=target_kind@entry=0x47668 "address", 
    target_slot=target_slot@entry=3, dst_addr=274724767744)
    at /home/ubuntu/chipyard/generators/gemmini/software/gemmini-rocc-tests/pipeline-runtime/src/prt_runtime.c:1973
#6  0x000000000002e1e8 in copy_tensor_pages_to_model_aliases (stage_id=0, 
    manager_id=0, src_size=<optimized out>, pages=0x6d0a0, tensor_id=3, 
    rt=0x3fffffdef0)
    at /home/ubuntu/chipyard/generators/gemmini/software/gemmini-rocc-tests/pipeline-runtime/src/prt_runtime.c:2040
#7  sync_stage_export_aliases (rt=rt@entry=0x3fffffdef0, 
    segment_idx=segment_idx@entry=1, stage_id=0, 
    global_stage_id=global_stage_id@entry=1, subbatch_id=subbatch_id@entry=7)
    at /home/ubuntu/chipyard/generators/gemmini/software/gemmini-rocc-tests/pipeline-runtime/src/prt_runtime.c:2657

--- BP prt_rr_fence_scope ---
scope = 0x3ff6d74ce8
$72 = {
  valid = 1,
  cfg_id = 0,
  stage_id = 0,
  manager_id = 0,
  opcode_id = 2
}
#0  prt_rr_fence_scope (scope=scope@entry=0x3ff6d74ce8)
    at /home/ubuntu/chipyard/generators/gemmini/software/gemmini-rocc-tests/pipeline-runtime/src/prt_rerocc.c:371
#1  0x0000000000016302 in dma_token_fence_scope (tok=0x3ff6d74da8)
    at /home/ubuntu/chipyard/generators/gemmini/software/gemmini-rocc-tests/pipeline-runtime/src/prt_dma.c:2257
#2  dma_blocking_wait (rt=0x3fffffdef0, tok=0x3ff6d74da8, 
    timeout_ns=<optimized out>)
    at /home/ubuntu/chipyard/generators/gemmini/software/gemmini-rocc-tests/pipeline-runtime/src/prt_dma.c:3762
#3  0x00000000000181c0 in prt_dma_wait (timeout_ns=5000000000, 
    tok=0x3ff6d74da8, rt=0x3fffffdef0)
    at /home/ubuntu/chipyard/generators/gemmini/software/gemmini-rocc-tests/pipeline-runtime/src/prt_dma.c:2708
#4  dma_submit_wait_annotated_scoped (rt=rt@entry=0x3fffffdef0, 
    req=req@entry=0x3ff6d74fc8, stage_idx=stage_idx@entry=0, 
    tensor_id=tensor_id@entry=3, timeout_ns=timeout_ns@entry=5000000000, 
    scope=scope@entry=0x3ff6d74fb0, 
    force_export_probe=force_export_probe@entry=0, 
    debug_page_idx=debug_page_idx@entry=13)
    at /home/ubuntu/chipyard/generators/gemmini/software/gemmini-rocc-tests/pipeline-runtime/src/prt_dma.c:2121
#5  0x0000000000019402 in dma_copy_spm_pages_to_host_linux (rt=0x3fffffdef0, 
    dst_host=0x3ff6df4800 "", src_pages=<optimized out>, manager_id=0, 
    stage_idx=0, tensor_id=3, timeout_ns=5000000000, 
    total_bytes=<optimized out>)
    at /home/ubuntu/chipyard/generators/gemmini/software/gemmini-rocc-tests/pipeline-runtime/src/prt_dma.c:1209
#6  0x000000000001a3c6 in prt_dma_copy_spm_pages_to_dram_prefix (
    timeout_ns=<optimized out>, tensor_id=<optimized out>, 
    stage_idx=<optimized out>, manager_id=<optimized out>, 
    bytes=<optimized out>, src_pages=<optimized out>, 
    dst_dram_addr=<optimized out>, rt=<optimized out>)
    at /home/ubuntu/chipyard/generators/gemmini/software/gemmini-rocc-tests/pipeline-runtime/src/prt_dma.c:2869
#7  0x000000000002bc1e in copy_tensor_pages_to_model_alias_target (
    rt=rt@entry=0x3fffffdef0, tensor_id=tensor_id@entry=3, 
    pages=pages@entry=0x6d0a0, src_size=src_size@entry=65536, 
    manager_id=manager_id@entry=0, stage_id=stage_id@entry=0, target_seq=0, 
    layer_index=<optimized out>, slot=slot@entry=3, 
    target_kind=target_kind@entry=0x47668 "address", 
    target_slot=target_slot@entry=3, dst_addr=274724767744)
    at /home/ubuntu/chipyard/generators/gemmini/software/gemmini-rocc-tests/pipeline-runtime/src/prt_runtime.c:1973

--- BP dma_gdb_marker_wait_return ---
rc = 0
tok = 0x3ff6d74da8
$73 = {
  id = 5022,
  stage_idx = 0,
  tensor_id = 3,
  owner_rt = 0x3fffffdef0,
  completion_flag = 0x5e000,
  completion_slot = 0,
  done = 1,
  hw_done_flag = 1,
  hw_done_flag_pa_rc = 0,
  initialized = 1,
  submit_ns = 24933868000,
  debug_src_addr = 1078993920,
  debug_dst_addr = 4372945920,
  debug_bytes = 1024,
  debug_done_flag_va = 385024,
  debug_done_flag_pa = 4342575104,
  debug_last_pending_log_ns = 0,
  debug_src_acc = 0,
  debug_dst_acc = 0,
  debug_page_idx = 13,
  debug_progress_polls = 0,
  debug_force_export_probe = 0,
  traced_complete = 1,
  status = 0,
  rr_scope_valid = 1,
  rr_scope_external = 1,
  rr_cfg_id = 0,
  rr_manager_id = 0,
  rr_opcode_id = 2,
  lock = {
    __data = {
      __lock = 0,
      __count = 0,
      __owner = 0,
      __nusers = 0,
      __kind = 0,
      __spins = 0,
      __list = {
        __prev = 0x0,
        __next = 0x0
      }
    },
    __size = '\000' <repeats 39 times>,
    __align = 0
  },
  cv = {
    __data = {
      __wseq = {
        __value64 = 0,
        __value32 = {
          __low = 0,
          __high = 0
        }
      },
      __g1_start = {
        __value64 = 0,
        __value32 = {
          __low = 0,
          __high = 0
        }
      },
      __g_refs = {0, 0},
      __g_size = {0, 0},
      __g1_orig_size = 0,
      __wrefs = 0,
      __g_signals = {0, 0}
    },
    __size = '\000' <repeats 47 times>,
    __align = 0
  }
}
#0  dma_gdb_marker_wait_return (rc=0, tok=0x3ff6d74da8)
    at /home/ubuntu/chipyard/generators/gemmini/software/gemmini-rocc-tests/pipeline-runtime/src/prt_dma.c:3561
#1  dma_blocking_wait (rt=0x3fffffdef0, tok=0x3ff6d74da8, 
    timeout_ns=<optimized out>)
    at /home/ubuntu/chipyard/generators/gemmini/software/gemmini-rocc-tests/pipeline-runtime/src/prt_dma.c:3868
#2  0x00000000000181c0 in prt_dma_wait (timeout_ns=5000000000, 
    tok=0x3ff6d74da8, rt=0x3fffffdef0)
    at /home/ubuntu/chipyard/generators/gemmini/software/gemmini-rocc-tests/pipeline-runtime/src/prt_dma.c:2708
#3  dma_submit_wait_annotated_scoped (rt=rt@entry=0x3fffffdef0, 
    req=req@entry=0x3ff6d74fc8, stage_idx=stage_idx@entry=0, 
    tensor_id=tensor_id@entry=3, timeout_ns=timeout_ns@entry=5000000000, 
    scope=scope@entry=0x3ff6d74fb0, 
    force_export_probe=force_export_probe@entry=0, 
    debug_page_idx=debug_page_idx@entry=13)
    at /home/ubuntu/chipyard/generators/gemmini/software/gemmini-rocc-tests/pipeline-runtime/src/prt_dma.c:2121
#4  0x0000000000019402 in dma_copy_spm_pages_to_host_linux (rt=0x3fffffdef0, 
    dst_host=0x3ff6df4800 "", src_pages=<optimized out>, manager_id=0, 
    stage_idx=0, tensor_id=3, timeout_ns=5000000000, 
    total_bytes=<optimized out>)
    at /home/ubuntu/chipyard/generators/gemmini/software/gemmini-rocc-tests/pipeline-runtime/src/prt_dma.c:1209
#5  0x000000000001a3c6 in prt_dma_copy_spm_pages_to_dram_prefix (
    timeout_ns=<optimized out>, tensor_id=<optimized out>, 
    stage_idx=<optimized out>, manager_id=<optimized out>, 
    bytes=<optimized out>, src_pages=<optimized out>, 
    dst_dram_addr=<optimized out>, rt=<optimized out>)
    at /home/ubuntu/chipyard/generators/gemmini/software/gemmini-rocc-tests/pipeline-runtime/src/prt_dma.c:2869
#6  0x000000000002bc1e in copy_tensor_pages_to_model_alias_target (
    rt=rt@entry=0x3fffffdef0, tensor_id=tensor_id@entry=3, 
    pages=pages@entry=0x6d0a0, src_size=src_size@entry=65536, 
    manager_id=manager_id@entry=0, stage_id=stage_id@entry=0, target_seq=0, 
    layer_index=<optimized out>, slot=slot@entry=3, 
    target_kind=target_kind@entry=0x47668 "address", 
    target_slot=target_slot@entry=3, dst_addr=274724767744)
    at /home/ubuntu/chipyard/generators/gemmini/software/gemmini-rocc-tests/pipeline-runtime/src/prt_runtime.c:1973
#7  0x000000000002e1e8 in copy_tensor_pages_to_model_aliases (stage_id=0, 
    manager_id=0, src_size=<optimized out>, pages=0x6d0a0, tensor_id=3, 
    rt=0x3fffffdef0)
    at /home/ubuntu/chipyard/generators/gemmini/software/gemmini-rocc-tests/pipeline-runtime/src/prt_runtime.c:2040

--- BP prt_dma_submit ---
rt = 0x3fffffdef0
req = 0x3ff6d74fc8
tok = 0x3ff6d74da8
$74 = {
  id = 0,
  stage_idx = 0,
  tensor_id = 3,
  owner_rt = 0x0,
  completion_flag = 0x0,
  completion_slot = 0,
  done = 0,
  hw_done_flag = 0,
  hw_done_flag_pa_rc = 0,
  initialized = 0,
  submit_ns = 0,
  debug_src_addr = 0,
  debug_dst_addr = 0,
  debug_bytes = 0,
  debug_done_flag_va = 0,
  debug_done_flag_pa = 0,
  debug_last_pending_log_ns = 0,
  debug_src_acc = 0,
  debug_dst_acc = 0,
  debug_page_idx = 14,
  debug_progress_polls = 0,
  debug_force_export_probe = 0,
  traced_complete = 0,
  status = 0,
  rr_scope_valid = 1,
  rr_scope_external = 1,
  rr_cfg_id = 0,
  rr_manager_id = 0,
  rr_opcode_id = 2,
  lock = {
    __data = {
      __lock = 0,
      __count = 0,
      __owner = 0,
      __nusers = 0,
      __kind = 0,
      __spins = 0,
      __list = {
        __prev = 0x0,
        __next = 0x0
      }
    },
    __size = '\000' <repeats 39 times>,
    __align = 0
  },
  cv = {
    __data = {
      __wseq = {
        __value64 = 0,
        __value32 = {
          __low = 0,
          __high = 0
        }
      },
      __g1_start = {
        __value64 = 0,
        __value32 = {
          __low = 0,
          __high = 0
        }
      },
      __g_refs = {0, 0},
      __g_size = {0, 0},
      __g1_orig_size = 0,
      __wrefs = 0,
      __g_signals = {0, 0}
    },
    __size = '\000' <repeats 47 times>,
    __align = 0
  }
}
#0  prt_dma_submit (rt=0x3fffffdef0, req=0x3ff6d74fc8, tok=0x3ff6d74da8)
    at /home/ubuntu/chipyard/generators/gemmini/software/gemmini-rocc-tests/pipeline-runtime/src/prt_dma.c:2698
#1  0x00000000000181aa in dma_submit_wait_annotated_scoped (
    rt=rt@entry=0x3fffffdef0, req=req@entry=0x3ff6d74fc8, 
    stage_idx=stage_idx@entry=0, tensor_id=tensor_id@entry=3, 
    timeout_ns=timeout_ns@entry=5000000000, scope=scope@entry=0x3ff6d74fb0, 
    force_export_probe=force_export_probe@entry=0, 
    debug_page_idx=debug_page_idx@entry=14)
    at /home/ubuntu/chipyard/generators/gemmini/software/gemmini-rocc-tests/pipeline-runtime/src/prt_dma.c:2094
#2  0x0000000000019402 in dma_copy_spm_pages_to_host_linux (rt=0x3fffffdef0, 
    dst_host=0x3ff6df4800 "", src_pages=<optimized out>, manager_id=0, 
    stage_idx=0, tensor_id=3, timeout_ns=5000000000, 
    total_bytes=<optimized out>)
    at /home/ubuntu/chipyard/generators/gemmini/software/gemmini-rocc-tests/pipeline-runtime/src/prt_dma.c:1209
#3  0x000000000001a3c6 in prt_dma_copy_spm_pages_to_dram_prefix (
    timeout_ns=<optimized out>, tensor_id=<optimized out>, 
    stage_idx=<optimized out>, manager_id=<optimized out>, 
    bytes=<optimized out>, src_pages=<optimized out>, 
    dst_dram_addr=<optimized out>, rt=<optimized out>)
    at /home/ubuntu/chipyard/generators/gemmini/software/gemmini-rocc-tests/pipeline-runtime/src/prt_dma.c:2869
#4  0x000000000002bc1e in copy_tensor_pages_to_model_alias_target (
    rt=rt@entry=0x3fffffdef0, tensor_id=tensor_id@entry=3, 
    pages=pages@entry=0x6d0a0, src_size=src_size@entry=65536, 
    manager_id=manager_id@entry=0, stage_id=stage_id@entry=0, target_seq=0, 
    layer_index=<optimized out>, slot=slot@entry=3, 
    target_kind=target_kind@entry=0x47668 "address", 
    target_slot=target_slot@entry=3, dst_addr=274724767744)
    at /home/ubuntu/chipyard/generators/gemmini/software/gemmini-rocc-tests/pipeline-runtime/src/prt_runtime.c:1973
#5  0x000000000002e1e8 in copy_tensor_pages_to_model_aliases (stage_id=0, 
    manager_id=0, src_size=<optimized out>, pages=0x6d0a0, tensor_id=3, 
    rt=0x3fffffdef0)
    at /home/ubuntu/chipyard/generators/gemmini/software/gemmini-rocc-tests/pipeline-runtime/src/prt_runtime.c:2040
#6  sync_stage_export_aliases (rt=rt@entry=0x3fffffdef0, 
    segment_idx=segment_idx@entry=1, stage_id=0, 
    global_stage_id=global_stage_id@entry=1, subbatch_id=subbatch_id@entry=7)
    at /home/ubuntu/chipyard/generators/gemmini/software/gemmini-rocc-tests/pipeline-runtime/src/prt_runtime.c:2657
#7  0x000000000003065a in stage_worker_main (arg=0x83960)
    at /home/ubuntu/chipyard/generators/gemmini/software/gemmini-rocc-tests/pipeline-runtime/src/prt_runtime.c:4570

--- BP dma_blocking_wait ---
rt = 0x3fffffdef0
tok = 0x3ff6d74da8
timeout_ns = 5000000000
$75 = {
  id = 5023,
  stage_idx = 0,
  tensor_id = 3,
  owner_rt = 0x3fffffdef0,
  completion_flag = 0x5e000,
  completion_slot = 0,
  done = 0,
  hw_done_flag = 0,
  hw_done_flag_pa_rc = 0,
  initialized = 1,
  submit_ns = 25482385000,
  debug_src_addr = 1080042496,
  debug_dst_addr = 4372946944,
  debug_bytes = 1024,
  debug_done_flag_va = 385024,
  debug_done_flag_pa = 4342575104,
  debug_last_pending_log_ns = 0,
  debug_src_acc = 0,
  debug_dst_acc = 0,
  debug_page_idx = 14,
  debug_progress_polls = 0,
  debug_force_export_probe = 0,
  traced_complete = 0,
  status = 0,
  rr_scope_valid = 1,
  rr_scope_external = 1,
  rr_cfg_id = 0,
  rr_manager_id = 0,
  rr_opcode_id = 2,
  lock = {
    __data = {
      __lock = 0,
      __count = 0,
      __owner = 0,
      __nusers = 0,
      __kind = 0,
      __spins = 0,
      __list = {
        __prev = 0x0,
        __next = 0x0
      }
    },
    __size = '\000' <repeats 39 times>,
    __align = 0
  },
  cv = {
    __data = {
      __wseq = {
        __value64 = 0,
        __value32 = {
          __low = 0,
          __high = 0
        }
      },
      __g1_start = {
        __value64 = 0,
        __value32 = {
          __low = 0,
          __high = 0
        }
      },
      __g_refs = {0, 0},
      __g_size = {0, 0},
      __g1_orig_size = 0,
      __wrefs = 0,
      __g_signals = {0, 0}
    },
    __size = '\000' <repeats 47 times>,
    __align = 0
  }
}
#0  dma_blocking_wait (rt=0x3fffffdef0, tok=0x3ff6d74da8, 
    timeout_ns=5000000000)
    at /home/ubuntu/chipyard/generators/gemmini/software/gemmini-rocc-tests/pipeline-runtime/src/prt_dma.c:3578
#1  0x00000000000181c0 in prt_dma_wait (timeout_ns=5000000000, 
    tok=0x3ff6d74da8, rt=0x3fffffdef0)
    at /home/ubuntu/chipyard/generators/gemmini/software/gemmini-rocc-tests/pipeline-runtime/src/prt_dma.c:2708
#2  dma_submit_wait_annotated_scoped (rt=rt@entry=0x3fffffdef0, 
    req=req@entry=0x3ff6d74fc8, stage_idx=stage_idx@entry=0, 
    tensor_id=tensor_id@entry=3, timeout_ns=timeout_ns@entry=5000000000, 
    scope=scope@entry=0x3ff6d74fb0, 
    force_export_probe=force_export_probe@entry=0, 
    debug_page_idx=debug_page_idx@entry=14)
    at /home/ubuntu/chipyard/generators/gemmini/software/gemmini-rocc-tests/pipeline-runtime/src/prt_dma.c:2121
#3  0x0000000000019402 in dma_copy_spm_pages_to_host_linux (rt=0x3fffffdef0, 
    dst_host=0x3ff6df4800 "", src_pages=<optimized out>, manager_id=0, 
    stage_idx=0, tensor_id=3, timeout_ns=5000000000, 
    total_bytes=<optimized out>)
    at /home/ubuntu/chipyard/generators/gemmini/software/gemmini-rocc-tests/pipeline-runtime/src/prt_dma.c:1209
#4  0x000000000001a3c6 in prt_dma_copy_spm_pages_to_dram_prefix (
    timeout_ns=<optimized out>, tensor_id=<optimized out>, 
    stage_idx=<optimized out>, manager_id=<optimized out>, 
    bytes=<optimized out>, src_pages=<optimized out>, 
    dst_dram_addr=<optimized out>, rt=<optimized out>)
    at /home/ubuntu/chipyard/generators/gemmini/software/gemmini-rocc-tests/pipeline-runtime/src/prt_dma.c:2869
#5  0x000000000002bc1e in copy_tensor_pages_to_model_alias_target (
    rt=rt@entry=0x3fffffdef0, tensor_id=tensor_id@entry=3, 
    pages=pages@entry=0x6d0a0, src_size=src_size@entry=65536, 
    manager_id=manager_id@entry=0, stage_id=stage_id@entry=0, target_seq=0, 
    layer_index=<optimized out>, slot=slot@entry=3, 
    target_kind=target_kind@entry=0x47668 "address", 
    target_slot=target_slot@entry=3, dst_addr=274724767744)
    at /home/ubuntu/chipyard/generators/gemmini/software/gemmini-rocc-tests/pipeline-runtime/src/prt_runtime.c:1973
#6  0x000000000002e1e8 in copy_tensor_pages_to_model_aliases (stage_id=0, 
    manager_id=0, src_size=<optimized out>, pages=0x6d0a0, tensor_id=3, 
    rt=0x3fffffdef0)
    at /home/ubuntu/chipyard/generators/gemmini/software/gemmini-rocc-tests/pipeline-runtime/src/prt_runtime.c:2040
#7  sync_stage_export_aliases (rt=rt@entry=0x3fffffdef0, 
    segment_idx=segment_idx@entry=1, stage_id=0, 
    global_stage_id=global_stage_id@entry=1, subbatch_id=subbatch_id@entry=7)
    at /home/ubuntu/chipyard/generators/gemmini/software/gemmini-rocc-tests/pipeline-runtime/src/prt_runtime.c:2657

--- BP prt_rr_fence_scope ---
scope = 0x3ff6d74ce8
$76 = {
  valid = 1,
  cfg_id = 0,
  stage_id = 0,
  manager_id = 0,
  opcode_id = 2
}
#0  prt_rr_fence_scope (scope=scope@entry=0x3ff6d74ce8)
    at /home/ubuntu/chipyard/generators/gemmini/software/gemmini-rocc-tests/pipeline-runtime/src/prt_rerocc.c:371
#1  0x0000000000016302 in dma_token_fence_scope (tok=0x3ff6d74da8)
    at /home/ubuntu/chipyard/generators/gemmini/software/gemmini-rocc-tests/pipeline-runtime/src/prt_dma.c:2257
#2  dma_blocking_wait (rt=0x3fffffdef0, tok=0x3ff6d74da8, 
    timeout_ns=<optimized out>)
    at /home/ubuntu/chipyard/generators/gemmini/software/gemmini-rocc-tests/pipeline-runtime/src/prt_dma.c:3762
#3  0x00000000000181c0 in prt_dma_wait (timeout_ns=5000000000, 
    tok=0x3ff6d74da8, rt=0x3fffffdef0)
    at /home/ubuntu/chipyard/generators/gemmini/software/gemmini-rocc-tests/pipeline-runtime/src/prt_dma.c:2708
#4  dma_submit_wait_annotated_scoped (rt=rt@entry=0x3fffffdef0, 
    req=req@entry=0x3ff6d74fc8, stage_idx=stage_idx@entry=0, 
    tensor_id=tensor_id@entry=3, timeout_ns=timeout_ns@entry=5000000000, 
    scope=scope@entry=0x3ff6d74fb0, 
    force_export_probe=force_export_probe@entry=0, 
    debug_page_idx=debug_page_idx@entry=14)
    at /home/ubuntu/chipyard/generators/gemmini/software/gemmini-rocc-tests/pipeline-runtime/src/prt_dma.c:2121
#5  0x0000000000019402 in dma_copy_spm_pages_to_host_linux (rt=0x3fffffdef0, 
    dst_host=0x3ff6df4800 "", src_pages=<optimized out>, manager_id=0, 
    stage_idx=0, tensor_id=3, timeout_ns=5000000000, 
    total_bytes=<optimized out>)
    at /home/ubuntu/chipyard/generators/gemmini/software/gemmini-rocc-tests/pipeline-runtime/src/prt_dma.c:1209
#6  0x000000000001a3c6 in prt_dma_copy_spm_pages_to_dram_prefix (
    timeout_ns=<optimized out>, tensor_id=<optimized out>, 
    stage_idx=<optimized out>, manager_id=<optimized out>, 
    bytes=<optimized out>, src_pages=<optimized out>, 
    dst_dram_addr=<optimized out>, rt=<optimized out>)
    at /home/ubuntu/chipyard/generators/gemmini/software/gemmini-rocc-tests/pipeline-runtime/src/prt_dma.c:2869
#7  0x000000000002bc1e in copy_tensor_pages_to_model_alias_target (
    rt=rt@entry=0x3fffffdef0, tensor_id=tensor_id@entry=3, 
    pages=pages@entry=0x6d0a0, src_size=src_size@entry=65536, 
    manager_id=manager_id@entry=0, stage_id=stage_id@entry=0, target_seq=0, 
    layer_index=<optimized out>, slot=slot@entry=3, 
    target_kind=target_kind@entry=0x47668 "address", 
    target_slot=target_slot@entry=3, dst_addr=274724767744)
    at /home/ubuntu/chipyard/generators/gemmini/software/gemmini-rocc-tests/pipeline-runtime/src/prt_runtime.c:1973

--- BP dma_gdb_marker_wait_return ---
rc = 0
tok = 0x3ff6d74da8
$77 = {
  id = 5023,
  stage_idx = 0,
  tensor_id = 3,
  owner_rt = 0x3fffffdef0,
  completion_flag = 0x5e000,
  completion_slot = 0,
  done = 1,
  hw_done_flag = 1,
  hw_done_flag_pa_rc = 0,
  initialized = 1,
  submit_ns = 25482385000,
  debug_src_addr = 1080042496,
  debug_dst_addr = 4372946944,
  debug_bytes = 1024,
  debug_done_flag_va = 385024,
  debug_done_flag_pa = 4342575104,
  debug_last_pending_log_ns = 0,
  debug_src_acc = 0,
  debug_dst_acc = 0,
  debug_page_idx = 14,
  debug_progress_polls = 0,
  debug_force_export_probe = 0,
  traced_complete = 1,
  status = 0,
  rr_scope_valid = 1,
  rr_scope_external = 1,
  rr_cfg_id = 0,
  rr_manager_id = 0,
  rr_opcode_id = 2,
  lock = {
    __data = {
      __lock = 0,
      __count = 0,
      __owner = 0,
      __nusers = 0,
      __kind = 0,
      __spins = 0,
      __list = {
        __prev = 0x0,
        __next = 0x0
      }
    },
    __size = '\000' <repeats 39 times>,
    __align = 0
  },
  cv = {
    __data = {
      __wseq = {
        __value64 = 0,
        __value32 = {
          __low = 0,
          __high = 0
        }
      },
      __g1_start = {
        __value64 = 0,
        __value32 = {
          __low = 0,
          __high = 0
        }
      },
      __g_refs = {0, 0},
      __g_size = {0, 0},
      __g1_orig_size = 0,
      __wrefs = 0,
      __g_signals = {0, 0}
    },
    __size = '\000' <repeats 47 times>,
    __align = 0
  }
}
#0  dma_gdb_marker_wait_return (rc=0, tok=0x3ff6d74da8)
    at /home/ubuntu/chipyard/generators/gemmini/software/gemmini-rocc-tests/pipeline-runtime/src/prt_dma.c:3561
#1  dma_blocking_wait (rt=0x3fffffdef0, tok=0x3ff6d74da8, 
    timeout_ns=<optimized out>)
    at /home/ubuntu/chipyard/generators/gemmini/software/gemmini-rocc-tests/pipeline-runtime/src/prt_dma.c:3868
#2  0x00000000000181c0 in prt_dma_wait (timeout_ns=5000000000, 
    tok=0x3ff6d74da8, rt=0x3fffffdef0)
    at /home/ubuntu/chipyard/generators/gemmini/software/gemmini-rocc-tests/pipeline-runtime/src/prt_dma.c:2708
#3  dma_submit_wait_annotated_scoped (rt=rt@entry=0x3fffffdef0, 
    req=req@entry=0x3ff6d74fc8, stage_idx=stage_idx@entry=0, 
    tensor_id=tensor_id@entry=3, timeout_ns=timeout_ns@entry=5000000000, 
    scope=scope@entry=0x3ff6d74fb0, 
    force_export_probe=force_export_probe@entry=0, 
    debug_page_idx=debug_page_idx@entry=14)
    at /home/ubuntu/chipyard/generators/gemmini/software/gemmini-rocc-tests/pipeline-runtime/src/prt_dma.c:2121
#4  0x0000000000019402 in dma_copy_spm_pages_to_host_linux (rt=0x3fffffdef0, 
    dst_host=0x3ff6df4800 "", src_pages=<optimized out>, manager_id=0, 
    stage_idx=0, tensor_id=3, timeout_ns=5000000000, 
    total_bytes=<optimized out>)
    at /home/ubuntu/chipyard/generators/gemmini/software/gemmini-rocc-tests/pipeline-runtime/src/prt_dma.c:1209
#5  0x000000000001a3c6 in prt_dma_copy_spm_pages_to_dram_prefix (
    timeout_ns=<optimized out>, tensor_id=<optimized out>, 
    stage_idx=<optimized out>, manager_id=<optimized out>, 
    bytes=<optimized out>, src_pages=<optimized out>, 
    dst_dram_addr=<optimized out>, rt=<optimized out>)
    at /home/ubuntu/chipyard/generators/gemmini/software/gemmini-rocc-tests/pipeline-runtime/src/prt_dma.c:2869
#6  0x000000000002bc1e in copy_tensor_pages_to_model_alias_target (
    rt=rt@entry=0x3fffffdef0, tensor_id=tensor_id@entry=3, 
    pages=pages@entry=0x6d0a0, src_size=src_size@entry=65536, 
    manager_id=manager_id@entry=0, stage_id=stage_id@entry=0, target_seq=0, 
    layer_index=<optimized out>, slot=slot@entry=3, 
    target_kind=target_kind@entry=0x47668 "address", 
    target_slot=target_slot@entry=3, dst_addr=274724767744)
    at /home/ubuntu/chipyard/generators/gemmini/software/gemmini-rocc-tests/pipeline-runtime/src/prt_runtime.c:1973
#7  0x000000000002e1e8 in copy_tensor_pages_to_model_aliases (stage_id=0, 
    manager_id=0, src_size=<optimized out>, pages=0x6d0a0, tensor_id=3, 
    rt=0x3fffffdef0)
    at /home/ubuntu/chipyard/generators/gemmini/software/gemmini-rocc-tests/pipeline-runtime/src/prt_runtime.c:2040

--- BP prt_dma_submit ---
rt = 0x3fffffdef0
req = 0x3ff6d74fc8
tok = 0x3ff6d74da8
$78 = {
  id = 0,
  stage_idx = 0,
  tensor_id = 3,
  owner_rt = 0x0,
  completion_flag = 0x0,
  completion_slot = 0,
  done = 0,
  hw_done_flag = 0,
  hw_done_flag_pa_rc = 0,
  initialized = 0,
  submit_ns = 0,
  debug_src_addr = 0,
  debug_dst_addr = 0,
  debug_bytes = 0,
  debug_done_flag_va = 0,
  debug_done_flag_pa = 0,
  debug_last_pending_log_ns = 0,
  debug_src_acc = 0,
  debug_dst_acc = 0,
  debug_page_idx = 15,
  debug_progress_polls = 0,
  debug_force_export_probe = 0,
  traced_complete = 0,
  status = 0,
  rr_scope_valid = 1,
  rr_scope_external = 1,
  rr_cfg_id = 0,
  rr_manager_id = 0,
  rr_opcode_id = 2,
  lock = {
    __data = {
      __lock = 0,
      __count = 0,
      __owner = 0,
      __nusers = 0,
      __kind = 0,
      __spins = 0,
      __list = {
        __prev = 0x0,
        __next = 0x0
      }
    },
    __size = '\000' <repeats 39 times>,
    __align = 0
  },
  cv = {
    __data = {
      __wseq = {
        __value64 = 0,
        __value32 = {
          __low = 0,
          __high = 0
        }
      },
      __g1_start = {
        __value64 = 0,
        __value32 = {
          __low = 0,
          __high = 0
        }
      },
      __g_refs = {0, 0},
      __g_size = {0, 0},
      __g1_orig_size = 0,
      __wrefs = 0,
      __g_signals = {0, 0}
    },
    __size = '\000' <repeats 47 times>,
    __align = 0
  }
}
#0  prt_dma_submit (rt=0x3fffffdef0, req=0x3ff6d74fc8, tok=0x3ff6d74da8)
    at /home/ubuntu/chipyard/generators/gemmini/software/gemmini-rocc-tests/pipeline-runtime/src/prt_dma.c:2698
#1  0x00000000000181aa in dma_submit_wait_annotated_scoped (
    rt=rt@entry=0x3fffffdef0, req=req@entry=0x3ff6d74fc8, 
    stage_idx=stage_idx@entry=0, tensor_id=tensor_id@entry=3, 
    timeout_ns=timeout_ns@entry=5000000000, scope=scope@entry=0x3ff6d74fb0, 
    force_export_probe=force_export_probe@entry=0, 
    debug_page_idx=debug_page_idx@entry=15)
    at /home/ubuntu/chipyard/generators/gemmini/software/gemmini-rocc-tests/pipeline-runtime/src/prt_dma.c:2094
#2  0x0000000000019402 in dma_copy_spm_pages_to_host_linux (rt=0x3fffffdef0, 
    dst_host=0x3ff6df4800 "", src_pages=<optimized out>, manager_id=0, 
    stage_idx=0, tensor_id=3, timeout_ns=5000000000, 
    total_bytes=<optimized out>)
    at /home/ubuntu/chipyard/generators/gemmini/software/gemmini-rocc-tests/pipeline-runtime/src/prt_dma.c:1209
#3  0x000000000001a3c6 in prt_dma_copy_spm_pages_to_dram_prefix (
    timeout_ns=<optimized out>, tensor_id=<optimized out>, 
    stage_idx=<optimized out>, manager_id=<optimized out>, 
    bytes=<optimized out>, src_pages=<optimized out>, 
    dst_dram_addr=<optimized out>, rt=<optimized out>)
    at /home/ubuntu/chipyard/generators/gemmini/software/gemmini-rocc-tests/pipeline-runtime/src/prt_dma.c:2869
#4  0x000000000002bc1e in copy_tensor_pages_to_model_alias_target (
    rt=rt@entry=0x3fffffdef0, tensor_id=tensor_id@entry=3, 
    pages=pages@entry=0x6d0a0, src_size=src_size@entry=65536, 
    manager_id=manager_id@entry=0, stage_id=stage_id@entry=0, target_seq=0, 
    layer_index=<optimized out>, slot=slot@entry=3, 
    target_kind=target_kind@entry=0x47668 "address", 
    target_slot=target_slot@entry=3, dst_addr=274724767744)
    at /home/ubuntu/chipyard/generators/gemmini/software/gemmini-rocc-tests/pipeline-runtime/src/prt_runtime.c:1973
#5  0x000000000002e1e8 in copy_tensor_pages_to_model_aliases (stage_id=0, 
    manager_id=0, src_size=<optimized out>, pages=0x6d0a0, tensor_id=3, 
    rt=0x3fffffdef0)
    at /home/ubuntu/chipyard/generators/gemmini/software/gemmini-rocc-tests/pipeline-runtime/src/prt_runtime.c:2040
#6  sync_stage_export_aliases (rt=rt@entry=0x3fffffdef0, 
    segment_idx=segment_idx@entry=1, stage_id=0, 
    global_stage_id=global_stage_id@entry=1, subbatch_id=subbatch_id@entry=7)
    at /home/ubuntu/chipyard/generators/gemmini/software/gemmini-rocc-tests/pipeline-runtime/src/prt_runtime.c:2657
#7  0x000000000003065a in stage_worker_main (arg=0x83960)
    at /home/ubuntu/chipyard/generators/gemmini/software/gemmini-rocc-tests/pipeline-runtime/src/prt_runtime.c:4570
^C
Thread 2 "rerocc_pipeline" received signal SIGINT, Interrupt.
prt_dma_submit (rt=0x3fffffdef0, req=0x3ff6d74fc8, tok=0x3ff6d74da8)
    at /home/ubuntu/chipyard/generators/gemmini/software/gemmini-rocc-tests/pipeline-runtime/src/prt_dma.c:2698
2698	  if (!rt || !req || !tok || !rt->dma_ops.submit) return PRT_ERR_INVAL;
[?2004h[?2004l[?2004h(gdb) printf "\n--- timeout diagnostic: threads ---\n"
[?2004l
--- timeout diagnostic: threads ---
[?2004h(gdb) info threads
[?2004l  Id   Target Id                        Frame 
  1    Thread 228.228 "rerocc_pipeline" 0x0000003ff7e952a6 in clock_nanosleep
    () from /home/ubuntu/chipyard/.conda-env/riscv-tools/sysroot/lib/libc.so.6
* 2    Thread 228.260 "rerocc_pipeline" prt_dma_submit (rt=0x3fffffdef0, 
    req=0x3ff6d74fc8, tok=0x3ff6d74da8)
    at /home/ubuntu/chipyard/generators/gemmini/software/gemmini-rocc-tests/pipeline-runtime/src/prt_dma.c:2698
[?2004h(gdb) printf "\n--- timeout diagnostic: all bt full ---\n"
[?2004l
--- timeout diagnostic: all bt full ---
[?2004h(gdb) thread apply all bt full
[?2004l
Thread 2 (Thread 228.260 "rerocc_pipeline"):
#0  prt_dma_submit (rt=0x3fffffdef0, req=0x3ff6d74fc8, tok=0x3ff6d74da8) at /home/ubuntu/chipyard/generators/gemmini/software/gemmini-rocc-tests/pipeline-runtime/src/prt_dma.c:2698
        rc = <optimized out>
#1  0x00000000000181aa in dma_submit_wait_annotated_scoped (rt=rt@entry=0x3fffffdef0, req=req@entry=0x3ff6d74fc8, stage_idx=stage_idx@entry=0, tensor_id=tensor_id@entry=3, timeout_ns=timeout_ns@entry=5000000000, scope=scope@entry=0x3ff6d74fb0, force_export_probe=force_export_probe@entry=0, debug_page_idx=debug_page_idx@entry=15) at /home/ubuntu/chipyard/generators/gemmini/software/gemmini-rocc-tests/pipeline-runtime/src/prt_dma.c:2094
        rc = <optimized out>
        tok = {
          id = 0,
          stage_idx = 0,
          tensor_id = 3,
          owner_rt = 0x0,
          completion_flag = 0x0,
          completion_slot = 0,
          done = 0,
          hw_done_flag = 0,
          hw_done_flag_pa_rc = 0,
          initialized = 0,
          submit_ns = 0,
          debug_src_addr = 0,
          debug_dst_addr = 0,
          debug_bytes = 0,
          debug_done_flag_va = 0,
          debug_done_flag_pa = 0,
          debug_last_pending_log_ns = 0,
          debug_src_acc = 0,
          debug_dst_acc = 0,
          debug_page_idx = 15,
          debug_progress_polls = 0,
          debug_force_export_probe = 0,
          traced_complete = 0,
          status = 0,
          rr_scope_valid = 1,
          rr_scope_external = 1,
          rr_cfg_id = 0,
          rr_manager_id = 0,
          rr_opcode_id = 2,
          lock = {
            __data = {
              __lock = 0,
              __count = 0,
              __owner = 0,
              __nusers = 0,
              __kind = 0,
              __spins = 0,
              __list = {
                __prev = 0x0,
                __next = 0x0
              }
            },
            __size = '\000' <repeats 39 times>,
            __align = 0
          },
          cv = {
            __data = {
              __wseq = {
                __value64 = 0,
                __value32 = {
                  __low = 0,
                  __high = 0
                }
              },
              __g1_start = {
                __value64 = 0,
                __value32 = {
                  __low = 0,
                  __high = 0
                }
              },
              __g_refs = {0, 0},
              __g_size = {0, 0},
              __g1_orig_size = 0,
              __wrefs = 0,
              __g_signals = {0, 0}
            },
            __size = '\000' <repeats 47 times>,
            __align = 0
          }
        }
        cleanup_token_id = 0
        cleanup_manager_id = 4294967295
        cleanup_page_idx = 4294967295
        cleanup_flags = 0
        cleanup_src_addr = 0
        cleanup_dst_addr = 0
        cleanup_done_flag_pa = 0
        trace_submit = <optimized out>
#2  0x0000000000019402 in dma_copy_spm_pages_to_host_linux (rt=0x3fffffdef0, dst_host=0x3ff6df4800 "", src_pages=<optimized out>, manager_id=0, stage_idx=0, tensor_id=3, timeout_ns=5000000000, total_bytes=<optimized out>) at /home/ubuntu/chipyard/generators/gemmini/software/gemmini-rocc-tests/pipeline-runtime/src/prt_dma.c:1209
        host_page_room = 3072
        chunk = 1024
        dst_pa = 4372947968
        used_bounce = 0
        first_chunk_probe = 0
        page_probe = <optimized out>
        dst_off = 15360
        dst_ptr = 0x3ff6df8400 ""
        host_page_off = 1024
        src_addr = 1081091072
        log_chunk_marker = <optimized out>
        src_page_base = <optimized out>
        copied = 0
        i = 15
        req = {
          src_addr = 1081091072,
          dst_addr = 4372947968,
          bytes = 1024,
          src_acc = 0,
          dst_acc = 0
        }
        scope = {
          valid = 1,
          cfg_id = 0,
          stage_id = 0,
          manager_id = 0,
          opcode_id = 2
        }
        host_page_bytes = 4096
        page_bytes = <optimized out>
        remaining = 50176
        rc = <optimized out>
        tracerv_release_page_idx = 4294967295
        tracerv_release_copied_bytes = 0
#3  0x000000000001a3c6 in prt_dma_copy_spm_pages_to_dram_prefix (timeout_ns=<optimized out>, tensor_id=<optimized out>, stage_idx=<optimized out>, manager_id=<optimized out>, bytes=<optimized out>, src_pages=<optimized out>, dst_dram_addr=<optimized out>, rt=<optimized out>) at /home/ubuntu/chipyard/generators/gemmini/software/gemmini-rocc-tests/pipeline-runtime/src/prt_dma.c:2869
        req = <optimized out>
        scope = <optimized out>
        page_bytes = <optimized out>
        src_capacity = <optimized out>
        remaining = <optimized out>
        req = <optimized out>
        scope = <optimized out>
        page_bytes = <optimized out>
        src_capacity = <optimized out>
        remaining = <optimized out>
        rc = <optimized out>
        i = <optimized out>
        rc = <optimized out>
#4  0x000000000002bc1e in copy_tensor_pages_to_model_alias_target (rt=rt@entry=0x3fffffdef0, tensor_id=tensor_id@entry=3, pages=pages@entry=0x6d0a0, src_size=src_size@entry=65536, manager_id=manager_id@entry=0, stage_id=stage_id@entry=0, target_seq=0, layer_index=<optimized out>, slot=slot@entry=3, target_kind=target_kind@entry=0x47668 "address", target_slot=target_slot@entry=3, dst_addr=274724767744) at /home/ubuntu/chipyard/generators/gemmini/software/gemmini-rocc-tests/pipeline-runtime/src/prt_runtime.c:1973
        timeout_ns = <optimized out>
        breadcrumb_token_id = <optimized out>
        rc = <optimized out>
#5  0x000000000002e1e8 in copy_tensor_pages_to_model_aliases (stage_id=0, manager_id=0, src_size=<optimized out>, pages=0x6d0a0, tensor_id=3, rt=0x3fffffdef0) at /home/ubuntu/chipyard/generators/gemmini/software/gemmini-rocc-tests/pipeline-runtime/src/prt_runtime.c:2040
        seen_idx = <optimized out>
        rc = <optimized out>
        dst_addr = 274724767744
        expect_size = 65536
        j = 3
        layer = 0x66738
        i = 1
        first_error = 0
        max_targets = <optimized out>
        seen_addrs = 0x3ff0001d60
        seen_sizes = 0x3ff0001ff0
        copied_any = 0
        seen_count = 1
        copied_any = <optimized out>
        first_error = <optimized out>
        max_targets = <optimized out>
        seen_addrs = <optimized out>
        seen_sizes = <optimized out>
        seen_count = <optimized out>
        out = <optimized out>
        i = <optimized out>
        layer = <optimized out>
        j = <optimized out>
        expect_size = <optimized out>
        dst_addr = <optimized out>
        seen_idx = <optimized out>
        rc = <optimized out>
        dst_addr = <optimized out>
        seen_idx = <optimized out>
        rc = <optimized out>
#6  sync_stage_export_aliases (rt=rt@entry=0x3fffffdef0, segment_idx=segment_idx@entry=1, stage_id=0, global_stage_id=global_stage_id@entry=1, subbatch_id=subbatch_id@entry=7) at /home/ubuntu/chipyard/generators/gemmini/software/gemmini-rocc-tests/pipeline-runtime/src/prt_runtime.c:2657
        src_size = <optimized out>
        model_addr0 = 274724767744
        have_model_addr0 = <optimized out>
        pipebuf_dram = 0
        pipebuf_idx = 0
        pages = 0x6d0a0
        model_addr1 = 274733295616
        have_model_addr1 = <optimized out>
        pipebuf_has_dram = 0
        export_buf = <optimized out>
        slot = <optimized out>
        rc = <optimized out>
        i = <optimized out>
        exec = 0x83960
        stage = <optimized out>
        layer = <optimized out>
        seg = <optimized out>
        emit_deep = 0
        emit_audit = <optimized out>
#7  0x000000000003065a in stage_worker_main (arg=0x83960) at /home/ubuntu/chipyard/generators/gemmini/software/gemmini-rocc-tests/pipeline-runtime/src/prt_runtime.c:4570
        resadd_desc = {
          I = 0,
          J = 0,
          A_scale = 0,
          B_scale = 0,
          C_scale = 0,
          stride = 0,
          A = 0x0,
          B = 0x0,
          C = 0x0,
          relu = 0,
          tiled_type = 0
        }
        task = {
          stage_id = 0,
          acc_id = 0,
          num_managers = 8,
          manager_ids = {0, 1, 2, 3, 4, 5, 6, 7, 0 <repeats 56 times>},
          tile_count = 8,
          split_kind = PRT_LAYER_SPLIT_OC,
          op_kind = PRT_STAGE_OP_CONV,
          opaque_task = 0x3ff6d75550
        }
        conv_desc = {
          batch_size = 1,
          in_row_dim = 256,
          in_col_dim = 1,
          in_channels = 256,
          out_channels = 256,
          out_row_dim = 256,
          out_col_dim = 1,
          in_stride = 256,
          weight_stride = 256,
          out_stride = 256,
          groups = 1,
          stride = 1,
          input_dilation = 1,
          kernel_dilation = 1,
          padding = 0,
          kernel_dim = 1,
          wrot180 = 0,
          trans_output_1203 = 0,
          trans_input_3120 = 0,
          trans_weight_1203 = 0,
          trans_weight_0132 = 0,
          input = 0x3ff6d93400,
          weights = 0x3ff6d83400,
          bias = 0x3ff6d83000,
          output = 0x3ff6da3400,
          act = 1,
          output_scale = 1,
          pool_size = 1,
          pool_stride = 0,
          pool_padding = 0,
          tiled_type = 1
        }
        overlap_mode = <optimized out>
        gemm_begin_ns = <optimized out>
        progress_sbatch = <optimized out>
        segment_idx = <optimized out>
        rc = <optimized out>
        retry = <optimized out>
        global_stage_id = <optimized out>
        ctx = 0x83960
        rt = 0x3fffffdef0
        exec = <optimized out>
        timeout_ns = <optimized out>
        wait_timeout_ns = <optimized out>
        entry_bufs = {0x6cd60, 0x0 <repeats 1023 times>}
        export_bufs = {0x6d078, 0x0 <repeats 1023 times>}
        iso_pairs = {0x0 <repeats 1024 times>}
        shared_pairs = {0x1, 0x0 <repeats 818 times>, 0x3ff7f10858, 0x3ff6d7d668, 0x17, 0x3, 0x3ff7e4a1c6, 0x0, 0x3ff7f06dd0, 0x1, 0x3ff6d7d750, 0x3ff6d7d668, 0x3ff7e4f71a, 0x0, 0x0, 0x0, 0x0, 0x0, 0x0, 0x0, 0x0, 0xa, 0x0, 0x20, 0x3ff6d7d5ed, 0x0, 0x0, 0x0, 0x0, 0x3ff7f10858, 0x3ff7f1086f, 0x4160, 0x0, 0x4150, 0x0, 0xffffffffffffffff, 0x0, 0x8ff, 0x0, 0x0, 0x3ff7f10871, 0x3ff6d7d748, 0x0 <repeats 130 times>...}
        entry_count = <optimized out>
        export_count = <optimized out>
        iso_pair_count = <optimized out>
        shared_pair_count = <optimized out>
        last_wait_log_ms = 0
#8  0x0000003ff7e6cf46 in ?? () from /home/ubuntu/chipyard/.conda-env/riscv-tools/sysroot/lib/libc.so.6
No symbol table info available.
#9  0x0000003ff7eb5fcc in ?? () from /home/ubuntu/chipyard/.conda-env/riscv-tools/sysroot/lib/libc.so.6
No symbol table info available.

Thread 1 (Thread 228.228 "rerocc_pipeline"):
#0  0x0000003ff7e952a6 in clock_nanosleep () from /home/ubuntu/chipyard/.conda-env/riscv-tools/sysroot/lib/libc.so.6
No symbol table info available.
#1  0x0000003ff7e9c262 in nanosleep () from /home/ubuntu/chipyard/.conda-env/riscv-tools/sysroot/lib/libc.so.6
No symbol table info available.
#2  0x0000000000034b30 in prt_runtime_run (rt=rt@entry=0x3fffffdef0, args=args@entry=0x3fffffde08) at /home/ubuntu/chipyard/generators/gemmini/software/gemmini-rocc-tests/pipeline-runtime/src/prt_runtime.c:5408
        done_subbatch = 7
        now = 25893
        ts = {
          tv_sec = 0,
          tv_nsec = 10000000
        }
        seg = 0x81c18
        missing_model_sinks = <optimized out>
        is_last_segment = 0
        stage_thread_attr = {
          __size = '\000' <repeats 17 times>, "\020\000\000\000\000\000\000\000\000\000\000\000\000\000\000\000\000\004", '\000' <repeats 20 times>,
          __align = 0
        }
        stage_thread_attr_ready = <optimized out>
        stage_stack_bytes = <optimized out>
        exec = 0x83960
        start_ms = <optimized out>
        last_watchdog_log_ms = 25482
        init_step_start_ms = <optimized out>
        model_input_ids = 0x65880
        model_input_count = <optimized out>
        model_output_ids = 0x612d0
        model_output_count = 1
        sink_bufs = 0x625d0
        sink_count = 1
        sink_cap = 4
        subbatch_size = <optimized out>
        target_batch = <optimized out>
        target_subbatch = <optimized out>
        input_blob = 0x0
        input_blob_size = 0
        golden_blob = 0x0
        golden_blob_size = 0
        created_threads = <optimized out>
        all_segments = <optimized out>
        all_num_segments = 15
        all_subbatch_size = 1
        seg_idx = <optimized out>
        pipeline_swizzled = 1
        run_rc = 0
        action = 0x6a860
        rc = <optimized out>
#3  0x0000000000012366 in prt_main_entry (argc=34, argv=0x3fffffe548) at /home/ubuntu/chipyard/generators/gemmini/software/gemmini-rocc-tests/pipeline-runtime/src/main.c:341
        cfg = {
          num_cores = 4,
          num_gemmini_mgrs = 12,
          num_dma_mgrs = 12,
          gemmini_mgr_base_id = 0,
          dma_mgr_base_id = 0,
          pair_manager_mode = 1,
          backend = PRT_BACKEND_FPGA,
          page_size_bytes = 1024,
          spm_xlate_enable = 1,
          spm_page_shift = 0,
          pages_per_acc = 1024,
          spm_xlate_range_base = 0,
          spm_xlate_range_size = 0,
          spm_pt_pool_prealloc_hugepages = 0,
          spm_pt_pool_max_hugepages = 0,
          spm_pt_require_hugetlb = 1,
          dma_backend = PRT_DMA_BACKEND_POLL_PROGRESS_THREAD,
          gemmini_mode = PRT_GEMMINI_MODE_ASYNC_EXPERIMENTAL,
          sync_mode = PRT_SYNC_MODE_ASYNC,
          watchdog_timeout_ms = 600000,
          export_dma_timeout_ms = 5000,
          hw_validate_only = 0,
          deep_log_gate_enable = 0,
          deep_log_segment = 4294967295,
          deep_log_global_stage = 4294967295,
          deep_log_local_stage = 4294967295,
          deep_log_subbatch = 4294967295,
          deep_log_stage_radius = 0,
          deep_log_subbatch_radius = 0,
          trace_path = 0x0
        }
        args = {
          model_yaml = 0x3fffffebec "/root/rerocc-linux-tests/pipeline-runtime/bertmini/model.layers."...,
          layer_mapping_yaml = 0x3fffffec46 "/root/rerocc-linux-tests/pipeline-runtime/bertmini/gemmini_layer"...,
          model_bin = 0x0,
          model_offset_bytes = 0,
          skip_model_bin_load = 1,
          pipeline_yaml = 0x3fffffecfa "/root/rerocc-linux-tests/pipeline-runtime/bertmini/pipeline_mapp"...,
          input_path = 0x0,
          skip_input_load = 1,
          golden_path = 0x0,
          skip_golden_check = 1,
          golden_out_path = 0x0,
          batch = 8
        }
        rt = {
          cfg = {
            num_cores = 4,
            num_gemmini_mgrs = 12,
            num_dma_mgrs = 12,
            gemmini_mgr_base_id = 0,
            dma_mgr_base_id = 0,
            pair_manager_mode = 1,
            backend = PRT_BACKEND_FPGA,
            page_size_bytes = 1024,
            spm_xlate_enable = 1,
            spm_page_shift = 10,
            pages_per_acc = 1024,
            spm_xlate_range_base = 0,
            spm_xlate_range_size = 100663296,
            spm_pt_pool_prealloc_hugepages = 0,
            spm_pt_pool_max_hugepages = 0,
            spm_pt_require_hugetlb = 1,
            dma_backend = PRT_DMA_BACKEND_BLOCKING_FENCE,
            gemmini_mode = PRT_GEMMINI_MODE_BLOCKING_FENCE,
            sync_mode = PRT_SYNC_MODE_BLOCKING_DEBUG,
            watchdog_timeout_ms = 600000,
            export_dma_timeout_ms = 5000,
            hw_validate_only = 0,
            deep_log_gate_enable = 0,
            deep_log_segment = 4294967295,
            deep_log_global_stage = 4294967295,
            deep_log_local_stage = 4294967295,
            deep_log_subbatch = 4294967295,
            deep_log_stage_radius = 0,
            deep_log_subbatch_radius = 0,
            trace_path = 0x0
          },
          dma_ops = {
            submit = 0x1673e <dma_blocking_submit>,
            wait = 0x16068 <dma_blocking_wait>,
            submit_and_wait = 0x18086 <dma_blocking_submit_and_wait>,
            name = 0x3eb40 "blocking_fence"
          },
          gemm_ops = {
            conv_run = 0x22790 <gemm_blocking_conv_run>,
            fence = 0x1e2b8 <gemm_blocking_fence>,
            name = 0x3eb40 "blocking_fence"
          },
          state_lock = {
            __data = {
              __lock = 0,
              __count = 0,
              __owner = 0,
              __nusers = 0,
              __kind = 0,
              __spins = 0,
              __list = {
                __prev = 0x0,
                __next = 0x0
              }
            },
            __size = '\000' <repeats 39 times>,
            __align = 0
          },
          state_cv = {
            __data = {
              __wseq = {
                __value64 = 0,
                __value32 = {
                  __low = 0,
                  __high = 0
                }
              },
              __g1_start = {
                __value64 = 0,
                __value32 = {
                  __low = 0,
                  __high = 0
                }
              },
              __g_refs = {0, 0},
              __g_size = {0, 0},
              __g1_orig_size = 0,
              __wrefs = 0,
              __g_signals = {0, 0}
            },
            __size = '\000' <repeats 47 times>,
            __align = 0
          },
          stop_requested = 0,
          fatal_error = 0,
          next_dma_token_id = 5023,
          model = {
            addr_base = 0,
            addr_end = 17055744,
            num_layers = 40,
            layers = 0x665e0,
            num_tensors = 0,
            tensors = 0x0,
            num_stages = 0,
            stages = 0x0
          },
          pipeline = {
            num_segments = 15,
            subbatch_size = 1,
            segments = 0x81b70
          },
          model_blob = 0x3ff6db4000,
          model_blob_size = 17055744,
          model_blob_offset = 0,
          model_blob_is_mmap = 1,
          active_action = 0x6a860,
          action_queue = {0x0, 0x0, 0x0, 0x0, 0x0, 0x0},
          action_count = 0,
          action_to_hart = {0, 0, 0, 0, 0, 0},
          action_queue_lock = {
            __data = {
              __lock = 0,
              __count = 0,
              __owner = 0,
              __nusers = 0,
              __kind = 0,
              __spins = 0,
              __list = {
                __prev = 0x0,
                __next = 0x0
              }
            },
            __size = '\000' <repeats 39 times>,
            __align = 0
          },
          progress_thread = {
            thread = 0,
            rt = 0x0,
            stop = 0
          },
          progress_thread_enabled = 0,
          dma_pending_lock = {
            __data = {
              __lock = 0,
              __count = 0,
              __owner = 0,
              __nusers = 0,
              __kind = 0,
              __spins = 0,
              __list = {
                __prev = 0x0,
                __next = 0x0
              }
            },
            __size = '\000' <repeats 39 times>,
            __align = 0
          },
          dma_pending_cv = {
            __data = {
              __wseq = {
                __value64 = 0,
                __value32 = {
                  __low = 0,
                  __high = 0
                }
              },
              __g1_start = {
                __value64 = 0,
                __value32 = {
                  __low = 0,
                  __high = 0
                }
              },
              __g_refs = {0, 0},
              __g_size = {0, 0},
              __g1_orig_size = 0,
              __wrefs = 0,
              __g_signals = {0, 0}
            },
            __size = '\000' <repeats 47 times>,
            __align = 0
          },
          dma_pending_head = 0x0,
          dma_pending_tail = 0x0,
          dma_pending_count = 0,
          dma_completion_lock = {
            __data = {
              __lock = 0,
              __count = 0,
              __owner = 0,
              __nusers = 0,
              __kind = 0,
              __spins = 0,
              __list = {
                __prev = 0x0,
                __next = 0x0
              }
            },
            __size = '\000' <repeats 39 times>,
            __align = 0
          },
          dma_completion_flags = 0x5e000,
          dma_completion_flag_pas = 0x5f010,
          dma_completion_flag_used = 0x5d8a0 "",
          dma_completion_flag_count = 1024,
          dma_completion_flag_alloc_bytes = 4096,
          page_lock = {
            __data = {
              __lock = 0,
              __count = 0,
              __owner = 0,
              __nusers = 0,
              __kind = 0,
              __spins = 0,
              __list = {
                __prev = 0x0,
                __next = 0x0
              }
            },
            __size = '\000' <repeats 39 times>,
            __align = 0
          },
          page_used = 0x5a2a0 '\001' <repeats 25 times>,
          tensor_allocs = 0x69d30,
          tensor_alloc_count = 4,
          tensor_alloc_cap = 64,
          spm_pt_chunks = 0x80d00,
          spm_pt_chunk_count = 1,
          spm_pt_chunk_cap = 2,
          spm_pt_hugepage_bytes = 2097152,
          spm_pte = 0x0,
          spm_pte_cap = 0,
          spm_next_vpage = 0,
          spm_free_vpages = 0x0,
          spm_free_vpage_count = 0,
          spm_free_vpage_cap = 0,
          spm_ptbr_pa = 0,
          spm_pte_alloc = 0x0,
          spm_pte_alloc_bytes = 0,
          spm_alias_map = 0x0,
          spm_alias_map_bytes = 0,
          spm_fault_count = 0,
          spm_last_fault_vaddr = 0,
          spm_last_fault_cause = 0,
          spm_tensor_maps = 0x0,
          spm_tensor_map_count = 0,
          spm_tensor_map_cap = 0,
          trace_run_start_ns = 5133623000,
          trace_run_end_ns = 0,
          trace_dma_submit_count = 5023,
          trace_dma_complete_count = 5023,
          trace_dma_inflight = 0,
          trace_dma_inflight_peak = 1,
          trace_dma_busy_ns = 4375325000,
          trace_gemm_issue_count = 16,
          trace_gemm_fence_count = 0,
          trace_gemm_busy_ns = 8723020000,
          trace_prefetch_attempt_count = 0,
          trace_prefetch_success_count = 0,
          trace_export_submit_ahead_count = 0,
          trace_export_retire_count = 0,
          trace_cycle_overhead = 0,
          trace_cycle_ref = 6722660486,
          trace_ns_ref = 5133623000,
          trace_events = 0x0,
          trace_event_cap = 0,
          trace_event_count = 0,
          trace_event_drop_count = 0
        }
        rc = <optimized out>
        user_set_dma_base = 1
        backend_set = 1
        watchdog_set = 1
#4  0x0000003ff7e2b636 in ?? () from /home/ubuntu/chipyard/.conda-env/riscv-tools/sysroot/lib/libc.so.6
No symbol table info available.
#5  0x0000003ff7e2b6de in __libc_start_main () from /home/ubuntu/chipyard/.conda-env/riscv-tools/sysroot/lib/libc.so.6
No symbol table info available.
#6  0x000000000001204c in _start ()
No symbol table info available.
[?2004h(gdb) printf "\n--- timeout diagnostic: registers ---\n"
[?2004l
--- timeout diagnostic: registers ---
[?2004h(gdb) info registers pc sp ra a0 a1 a2 a3 a4 a5 a6 a7
[?2004lpc             0x17efc	0x17efc <prt_dma_submit>
sp             0x3ff6d74d70	0x3ff6d74d70
ra             0x181aa	0x181aa <dma_submit_wait_annotated_scoped+204>
a0             0x3fffffdef0	274877898480
a1             0x3ff6d74fc8	274724245448
a2             0x3ff6d74da8	274724244904
a3             0x0	0
a4             0x2	2
a5             0x1	1
a6             0x3ff6d74e68	274724245096
a7             0x3ff6d74da8	274724244904
[?2004h(gdb) printf "\n--- timeout diagnostic: pc window ---\n"
[?2004l
--- timeout diagnostic: pc window ---
[?2004h(gdb) x/32i $pc-64
[?2004l   0x17ebc <prt_dma_backend_destroy+240>:	ld	s3,40(sp)
   0x17ebe <prt_dma_backend_destroy+242>:	mv	a0,s4
   0x17ec0 <prt_dma_backend_destroy+244>:	sd	zero,656(s1)
   0x17ec4 <prt_dma_backend_destroy+248>:	sd	zero,664(s1)
   0x17ec8 <prt_dma_backend_destroy+252>:	sw	zero,672(s1)
   0x17ecc <prt_dma_backend_destroy+256>:	
    jal	0x11cf0 <pthread_mutex_unlock@plt>
   0x17ed0 <prt_dma_backend_destroy+260>:	mv	a0,s5
   0x17ed2 <prt_dma_backend_destroy+262>:	
    jal	0x11de0 <pthread_cond_destroy@plt>
   0x17ed6 <prt_dma_backend_destroy+266>:	mv	a0,s4
   0x17ed8 <prt_dma_backend_destroy+268>:	
    jal	0x11c40 <pthread_mutex_destroy@plt>
   0x17edc <prt_dma_backend_destroy+272>:	ld	s2,48(sp)
   0x17ede <prt_dma_backend_destroy+274>:	ld	s4,32(sp)
   0x17ee0 <prt_dma_backend_destroy+276>:	ld	s5,24(sp)
   0x17ee2 <prt_dma_backend_destroy+278>:	ld	s6,16(sp)
   0x17ee4 <prt_dma_backend_destroy+280>:	ld	s7,8(sp)
   0x17ee6 <prt_dma_backend_destroy+282>:	sw	zero,560(s1)
   0x17eea <prt_dma_backend_destroy+286>:	
    j	0x17de2 <prt_dma_backend_destroy+22>
   0x17eec <prt_dma_backend_destroy+288>:	jal	0x11e80 <munlock@plt>
   0x17ef0 <prt_dma_backend_destroy+292>:	ld	a0,720(s1)
   0x17ef4 <prt_dma_backend_destroy+296>:	jal	0x12000 <free@plt>
   0x17ef8 <prt_dma_backend_destroy+300>:	
    j	0x17df0 <prt_dma_backend_destroy+36>
   0x17efa <prt_dma_backend_destroy+302>:	ret
=> 0x17efc <prt_dma_submit>:	beqz	a0,0x17f7c <prt_dma_submit+128>
   0x17efe <prt_dma_submit+2>:	addi	sp,sp,-48
   0x17f00 <prt_dma_submit+4>:	sd	s0,32(sp)
   0x17f02 <prt_dma_submit+6>:	sd	s2,16(sp)
   0x17f04 <prt_dma_submit+8>:	sd	ra,40(sp)
   0x17f06 <prt_dma_submit+10>:	addi	s0,sp,48
   0x17f08 <prt_dma_submit+12>:	mv	s2,a1
   0x17f0a <prt_dma_submit+14>:	beqz	a1,0x17f78 <prt_dma_submit+124>
   0x17f0c <prt_dma_submit+16>:	sd	s3,8(sp)
   0x17f0e <prt_dma_submit+18>:	mv	s3,a2
[?2004h(gdb) printf "\n--- timeout diagnostic: marker/debug state ---\n"
[?2004l
--- timeout diagnostic: marker/debug state ---
[?2004h(gdb) print g_prt_gdb_marker_state
[?2004l$79 = {
  site_id = 5,
  segment_idx = 1,
  global_stage_id = 1,
  local_stage_id = 0,
  subbatch_id = 7,
  manager_id = 0,
  tensor_id = 4294967295,
  page_idx = 4294967295,
  token_id = 4294967295,
  rc = 0,
  aux0 = 1,
  aux1 = 8,
  hit_count = 1,
  line = 4513
}
[?2004h(gdb) print g_prt_debug_state
[?2004l$80 = {
  segment_idx = 1,
  global_stage_id = 1,
  local_stage_id = 0,
  subbatch_id = 7,
  phase_id = 8,
  wait_phase_id = 0,
  tensor_id = 4294967295,
  pipebuf_idx = 4294967295,
  pipebuf_kind = 4294967295,
  pipebuf_in_use_idx = 4294967295,
  pipebuf_no_use_idx = 4294967295,
  pipebuf_addr = 0,
  ring_addr = 0,
  manager_id = 0,
  opcode_id = 2,
  rr_stage_id = 0,
  rr_manager_id = 0,
  rr_opcode_id = 2,
  rr_cfg_id = 0,
  last_rc = 0,
  event_seq = 237
}
[?2004h(gdb) print g_prt_debug_tls_state
[?2004lCannot find thread-local storage for Thread 228.260, executable file /home/ubuntu/chipyard/generators/gemmini/software/gemmini-rocc-tests/build/rerocc-linux-tests/rerocc_pipeline_runtime-linux:
Remote target failed to process qGetTLSAddr request
[?2004h(gdb) detach
[?2004lDetaching from program: /home/ubuntu/chipyard/generators/gemmini/software/gemmini-rocc-tests/build/rerocc-linux-tests/rerocc_pipeline_runtime-linux, process 228
Ending remote debugging.
[Inferior 1 (process 228) detached]
[?2004h(gdb) quit
[?2004l