[firesim-tmux] started at 2026-05-05T03:38:38Z
[firesim-tmux] working directory: /home/ubuntu/chipyard/sims/firesim/deploy
[firesim-tmux] command: firesim runworkload -c config_runtime_f2_rocket_singlecore_nic_gdbserver_smoke_notrace_clean1bp_recovereddriver_30mhz.yaml -a config_hwdb_f2_rocket_singlecore_nic_notrace_30mhz_agfi0079_recovered_driver.yaml -r config_build_recipes_f2_rocket_singlecore_nic_notrace_30mhz.yaml
[firesim-tmux] propagated FIRESIM env vars:  
[firesim-watchdog] armed timeout=10800s log=/home/ubuntu/chipyard/tmp/firesim-aws-f2/tmux/oldagfi0079-recovereddriver-runworkload-20260505-0339.watchdog.log
/home/ubuntu/chipyard/.conda-env/lib/python3.10/site-packages/paramiko/transport.py:178: CryptographyDeprecationWarning: Blowfish has been deprecated
  'class': algorithms.Blowfish,
FireSim Manager. Docs: https://docs.fires.im
Running: runworkload

run_farm_hosts_dict defaultdict(<class 'list'>, {'f2.6xlarge': [(<runtools.run_farm.Inst object at 0x79b3f2b9b850>, None)], 'f2.12xlarge': [], 'f2.48xlarge': [], 'm4.16xlarge': [], 'z1d.3xlarge': [], 'z1d.6xlarge': [], 'z1d.12xlarge': []})
set_server_hardware_config 0 None
Creating the directory: /home/ubuntu/chipyard/sims/firesim/deploy/results-workload/2026-05-05--03-38-38-rocket-singlecore-nic-gdbserver-smoke-f2-rocket-singlecore-nic-gdbserver-smoke-notrace-clean1bp-recovereddriver/
[192.168.1.139] Checking if host instance is up...
[192.168.1.139] Starting switch simulation for switch slot: 0.
start_simulations_instance 1
[192.168.1.139] Starting FPGA simulation for slot: 0.
[192.168.1.139] Preflighting FireSim driver readiness for slot 0 (attempt 1/3).
Warning: run() received nonzero return code 1 while executing 'sudo pkill -SIGKILL FireSim-f2'!
[192.168.1.139] FireSim driver readiness preflight passed for slot 0.
start_sim_slot slotno: 0 server_id 0 remote_sim_dir /home/ubuntu/sim_slot_0/ /home/ubuntu
ul <runtools.firesim_topology_elements.FireSimLink object at 0x79b3f2b9bfa0>, ul.uplink_size <runtools.firesim_topology_elements.FireSimSwitchNode object at 0x79b403aa8b20>
self <runtools.firesim_topology_elements.FireSimServerNode object at 0x79b3f2b9bbe0> id_internal 0  [] slotno 0
[2J
FireSim Simulation Status @ 2026-05-05 03:38:50.434466
--------------------------------------------------------------------------------
This workload's output is located in:
/home/ubuntu/chipyard/sims/firesim/deploy/results-workload/2026-05-05--03-38-38-rocket-singlecore-nic-gdbserver-smoke-f2-rocket-singlecore-nic-gdbserver-smoke-notrace-clean1bp-recovereddriver/
This run's log is located in:
/home/ubuntu/chipyard/sims/firesim/deploy/logs/2026-05-05--03-38-38-runworkload-KQCX7OMJRKCM26ZH.log
This status will update every 10s.
--------------------------------------------------------------------------------
Instances
--------------------------------------------------------------------------------
Hostname/IP: 192.168.1.139 | Terminated: [33mFalse[0m
--------------------------------------------------------------------------------
Simulated Switches
--------------------------------------------------------------------------------
Hostname/IP: 192.168.1.139 | Switch name: switch0 | Switch running: [32mTrue [0m
--------------------------------------------------------------------------------
Simulated Pipes
--------------------------------------------------------------------------------
--------------------------------------------------------------------------------
Simulated Nodes/Jobs
--------------------------------------------------------------------------------
Hostname/IP: 192.168.1.139 | Job: rocket-singlecore-nic-gdbserver-smoke0 | Sim running: [33mTrue [0m
--------------------------------------------------------------------------------
Summary
--------------------------------------------------------------------------------
1/1 instances are still running.
1/1 simulations are still running.
--------------------------------------------------------------------------------
[2J
FireSim Simulation Status @ 2026-05-05 03:39:00.733393
--------------------------------------------------------------------------------
This workload's output is located in:
/home/ubuntu/chipyard/sims/firesim/deploy/results-workload/2026-05-05--03-38-38-rocket-singlecore-nic-gdbserver-smoke-f2-rocket-singlecore-nic-gdbserver-smoke-notrace-clean1bp-recovereddriver/
This run's log is located in:
/home/ubuntu/chipyard/sims/firesim/deploy/logs/2026-05-05--03-38-38-runworkload-KQCX7OMJRKCM26ZH.log
This status will update every 10s.
--------------------------------------------------------------------------------
Instances
--------------------------------------------------------------------------------
Hostname/IP: 192.168.1.139 | Terminated: [33mFalse[0m
--------------------------------------------------------------------------------
Simulated Switches
--------------------------------------------------------------------------------
Hostname/IP: 192.168.1.139 | Switch name: switch0 | Switch running: [32mTrue [0m
--------------------------------------------------------------------------------
Simulated Pipes
--------------------------------------------------------------------------------
--------------------------------------------------------------------------------
Simulated Nodes/Jobs
--------------------------------------------------------------------------------
Hostname/IP: 192.168.1.139 | Job: rocket-singlecore-nic-gdbserver-smoke0 | Sim running: [33mTrue [0m
--------------------------------------------------------------------------------
Summary
--------------------------------------------------------------------------------
1/1 instances are still running.
1/1 simulations are still running.
--------------------------------------------------------------------------------
[2J
FireSim Simulation Status @ 2026-05-05 03:39:11.042093
--------------------------------------------------------------------------------
This workload's output is located in:
/home/ubuntu/chipyard/sims/firesim/deploy/results-workload/2026-05-05--03-38-38-rocket-singlecore-nic-gdbserver-smoke-f2-rocket-singlecore-nic-gdbserver-smoke-notrace-clean1bp-recovereddriver/
This run's log is located in:
/home/ubuntu/chipyard/sims/firesim/deploy/logs/2026-05-05--03-38-38-runworkload-KQCX7OMJRKCM26ZH.log
This status will update every 10s.
--------------------------------------------------------------------------------
Instances
--------------------------------------------------------------------------------
Hostname/IP: 192.168.1.139 | Terminated: [33mFalse[0m
--------------------------------------------------------------------------------
Simulated Switches
--------------------------------------------------------------------------------
Hostname/IP: 192.168.1.139 | Switch name: switch0 | Switch running: [32mTrue [0m
--------------------------------------------------------------------------------
Simulated Pipes
--------------------------------------------------------------------------------
--------------------------------------------------------------------------------
Simulated Nodes/Jobs
--------------------------------------------------------------------------------
Hostname/IP: 192.168.1.139 | Job: rocket-singlecore-nic-gdbserver-smoke0 | Sim running: [33mTrue [0m
--------------------------------------------------------------------------------
Summary
--------------------------------------------------------------------------------
1/1 instances are still running.
1/1 simulations are still running.
--------------------------------------------------------------------------------
[2J
FireSim Simulation Status @ 2026-05-05 03:39:21.341558
--------------------------------------------------------------------------------
This workload's output is located in:
/home/ubuntu/chipyard/sims/firesim/deploy/results-workload/2026-05-05--03-38-38-rocket-singlecore-nic-gdbserver-smoke-f2-rocket-singlecore-nic-gdbserver-smoke-notrace-clean1bp-recovereddriver/
This run's log is located in:
/home/ubuntu/chipyard/sims/firesim/deploy/logs/2026-05-05--03-38-38-runworkload-KQCX7OMJRKCM26ZH.log
This status will update every 10s.
--------------------------------------------------------------------------------
Instances
--------------------------------------------------------------------------------
Hostname/IP: 192.168.1.139 | Terminated: [33mFalse[0m
--------------------------------------------------------------------------------
Simulated Switches
--------------------------------------------------------------------------------
Hostname/IP: 192.168.1.139 | Switch name: switch0 | Switch running: [32mTrue [0m
--------------------------------------------------------------------------------
Simulated Pipes
--------------------------------------------------------------------------------
--------------------------------------------------------------------------------
Simulated Nodes/Jobs
--------------------------------------------------------------------------------
Hostname/IP: 192.168.1.139 | Job: rocket-singlecore-nic-gdbserver-smoke0 | Sim running: [33mTrue [0m
--------------------------------------------------------------------------------
Summary
--------------------------------------------------------------------------------
1/1 instances are still running.
1/1 simulations are still running.
--------------------------------------------------------------------------------
[2J
FireSim Simulation Status @ 2026-05-05 03:39:31.645305
--------------------------------------------------------------------------------
This workload's output is located in:
/home/ubuntu/chipyard/sims/firesim/deploy/results-workload/2026-05-05--03-38-38-rocket-singlecore-nic-gdbserver-smoke-f2-rocket-singlecore-nic-gdbserver-smoke-notrace-clean1bp-recovereddriver/
This run's log is located in:
/home/ubuntu/chipyard/sims/firesim/deploy/logs/2026-05-05--03-38-38-runworkload-KQCX7OMJRKCM26ZH.log
This status will update every 10s.
--------------------------------------------------------------------------------
Instances
--------------------------------------------------------------------------------
Hostname/IP: 192.168.1.139 | Terminated: [33mFalse[0m
--------------------------------------------------------------------------------
Simulated Switches
--------------------------------------------------------------------------------
Hostname/IP: 192.168.1.139 | Switch name: switch0 | Switch running: [32mTrue [0m
--------------------------------------------------------------------------------
Simulated Pipes
--------------------------------------------------------------------------------
--------------------------------------------------------------------------------
Simulated Nodes/Jobs
--------------------------------------------------------------------------------
Hostname/IP: 192.168.1.139 | Job: rocket-singlecore-nic-gdbserver-smoke0 | Sim running: [33mTrue [0m
--------------------------------------------------------------------------------
Summary
--------------------------------------------------------------------------------
1/1 instances are still running.
1/1 simulations are still running.
--------------------------------------------------------------------------------
[2J
FireSim Simulation Status @ 2026-05-05 03:39:42.186627
--------------------------------------------------------------------------------
This workload's output is located in:
/home/ubuntu/chipyard/sims/firesim/deploy/results-workload/2026-05-05--03-38-38-rocket-singlecore-nic-gdbserver-smoke-f2-rocket-singlecore-nic-gdbserver-smoke-notrace-clean1bp-recovereddriver/
This run's log is located in:
/home/ubuntu/chipyard/sims/firesim/deploy/logs/2026-05-05--03-38-38-runworkload-KQCX7OMJRKCM26ZH.log
This status will update every 10s.
--------------------------------------------------------------------------------
Instances
--------------------------------------------------------------------------------
Hostname/IP: 192.168.1.139 | Terminated: [33mFalse[0m
--------------------------------------------------------------------------------
Simulated Switches
--------------------------------------------------------------------------------
Hostname/IP: 192.168.1.139 | Switch name: switch0 | Switch running: [32mTrue [0m
--------------------------------------------------------------------------------
Simulated Pipes
--------------------------------------------------------------------------------
--------------------------------------------------------------------------------
Simulated Nodes/Jobs
--------------------------------------------------------------------------------
Hostname/IP: 192.168.1.139 | Job: rocket-singlecore-nic-gdbserver-smoke0 | Sim running: [33mTrue [0m
--------------------------------------------------------------------------------
Summary
--------------------------------------------------------------------------------
1/1 instances are still running.
1/1 simulations are still running.
--------------------------------------------------------------------------------
[2J
FireSim Simulation Status @ 2026-05-05 03:39:52.502722
--------------------------------------------------------------------------------
This workload's output is located in:
/home/ubuntu/chipyard/sims/firesim/deploy/results-workload/2026-05-05--03-38-38-rocket-singlecore-nic-gdbserver-smoke-f2-rocket-singlecore-nic-gdbserver-smoke-notrace-clean1bp-recovereddriver/
This run's log is located in:
/home/ubuntu/chipyard/sims/firesim/deploy/logs/2026-05-05--03-38-38-runworkload-KQCX7OMJRKCM26ZH.log
This status will update every 10s.
--------------------------------------------------------------------------------
Instances
--------------------------------------------------------------------------------
Hostname/IP: 192.168.1.139 | Terminated: [33mFalse[0m
--------------------------------------------------------------------------------
Simulated Switches
--------------------------------------------------------------------------------
Hostname/IP: 192.168.1.139 | Switch name: switch0 | Switch running: [32mTrue [0m
--------------------------------------------------------------------------------
Simulated Pipes
--------------------------------------------------------------------------------
--------------------------------------------------------------------------------
Simulated Nodes/Jobs
--------------------------------------------------------------------------------
Hostname/IP: 192.168.1.139 | Job: rocket-singlecore-nic-gdbserver-smoke0 | Sim running: [33mTrue [0m
--------------------------------------------------------------------------------
Summary
--------------------------------------------------------------------------------
1/1 instances are still running.
1/1 simulations are still running.
--------------------------------------------------------------------------------
[2J
FireSim Simulation Status @ 2026-05-05 03:40:02.801907
--------------------------------------------------------------------------------
This workload's output is located in:
/home/ubuntu/chipyard/sims/firesim/deploy/results-workload/2026-05-05--03-38-38-rocket-singlecore-nic-gdbserver-smoke-f2-rocket-singlecore-nic-gdbserver-smoke-notrace-clean1bp-recovereddriver/
This run's log is located in:
/home/ubuntu/chipyard/sims/firesim/deploy/logs/2026-05-05--03-38-38-runworkload-KQCX7OMJRKCM26ZH.log
This status will update every 10s.
--------------------------------------------------------------------------------
Instances
--------------------------------------------------------------------------------
Hostname/IP: 192.168.1.139 | Terminated: [33mFalse[0m
--------------------------------------------------------------------------------
Simulated Switches
--------------------------------------------------------------------------------
Hostname/IP: 192.168.1.139 | Switch name: switch0 | Switch running: [32mTrue [0m
--------------------------------------------------------------------------------
Simulated Pipes
--------------------------------------------------------------------------------
--------------------------------------------------------------------------------
Simulated Nodes/Jobs
--------------------------------------------------------------------------------
Hostname/IP: 192.168.1.139 | Job: rocket-singlecore-nic-gdbserver-smoke0 | Sim running: [33mTrue [0m
--------------------------------------------------------------------------------
Summary
--------------------------------------------------------------------------------
1/1 instances are still running.
1/1 simulations are still running.
--------------------------------------------------------------------------------
[2J
FireSim Simulation Status @ 2026-05-05 03:40:13.110793
--------------------------------------------------------------------------------
This workload's output is located in:
/home/ubuntu/chipyard/sims/firesim/deploy/results-workload/2026-05-05--03-38-38-rocket-singlecore-nic-gdbserver-smoke-f2-rocket-singlecore-nic-gdbserver-smoke-notrace-clean1bp-recovereddriver/
This run's log is located in:
/home/ubuntu/chipyard/sims/firesim/deploy/logs/2026-05-05--03-38-38-runworkload-KQCX7OMJRKCM26ZH.log
This status will update every 10s.
--------------------------------------------------------------------------------
Instances
--------------------------------------------------------------------------------
Hostname/IP: 192.168.1.139 | Terminated: [33mFalse[0m
--------------------------------------------------------------------------------
Simulated Switches
--------------------------------------------------------------------------------
Hostname/IP: 192.168.1.139 | Switch name: switch0 | Switch running: [32mTrue [0m
--------------------------------------------------------------------------------
Simulated Pipes
--------------------------------------------------------------------------------
--------------------------------------------------------------------------------
Simulated Nodes/Jobs
--------------------------------------------------------------------------------
Hostname/IP: 192.168.1.139 | Job: rocket-singlecore-nic-gdbserver-smoke0 | Sim running: [33mTrue [0m
--------------------------------------------------------------------------------
Summary
--------------------------------------------------------------------------------
1/1 instances are still running.
1/1 simulations are still running.
--------------------------------------------------------------------------------
[2J
FireSim Simulation Status @ 2026-05-05 03:40:23.418390
--------------------------------------------------------------------------------
This workload's output is located in:
/home/ubuntu/chipyard/sims/firesim/deploy/results-workload/2026-05-05--03-38-38-rocket-singlecore-nic-gdbserver-smoke-f2-rocket-singlecore-nic-gdbserver-smoke-notrace-clean1bp-recovereddriver/
This run's log is located in:
/home/ubuntu/chipyard/sims/firesim/deploy/logs/2026-05-05--03-38-38-runworkload-KQCX7OMJRKCM26ZH.log
This status will update every 10s.
--------------------------------------------------------------------------------
Instances
--------------------------------------------------------------------------------
Hostname/IP: 192.168.1.139 | Terminated: [33mFalse[0m
--------------------------------------------------------------------------------
Simulated Switches
--------------------------------------------------------------------------------
Hostname/IP: 192.168.1.139 | Switch name: switch0 | Switch running: [32mTrue [0m
--------------------------------------------------------------------------------
Simulated Pipes
--------------------------------------------------------------------------------
--------------------------------------------------------------------------------
Simulated Nodes/Jobs
--------------------------------------------------------------------------------
Hostname/IP: 192.168.1.139 | Job: rocket-singlecore-nic-gdbserver-smoke0 | Sim running: [33mTrue [0m
--------------------------------------------------------------------------------
Summary
--------------------------------------------------------------------------------
1/1 instances are still running.
1/1 simulations are still running.
--------------------------------------------------------------------------------
[2J
FireSim Simulation Status @ 2026-05-05 03:40:33.732951
--------------------------------------------------------------------------------
This workload's output is located in:
/home/ubuntu/chipyard/sims/firesim/deploy/results-workload/2026-05-05--03-38-38-rocket-singlecore-nic-gdbserver-smoke-f2-rocket-singlecore-nic-gdbserver-smoke-notrace-clean1bp-recovereddriver/
This run's log is located in:
/home/ubuntu/chipyard/sims/firesim/deploy/logs/2026-05-05--03-38-38-runworkload-KQCX7OMJRKCM26ZH.log
This status will update every 10s.
--------------------------------------------------------------------------------
Instances
--------------------------------------------------------------------------------
Hostname/IP: 192.168.1.139 | Terminated: [33mFalse[0m
--------------------------------------------------------------------------------
Simulated Switches
--------------------------------------------------------------------------------
Hostname/IP: 192.168.1.139 | Switch name: switch0 | Switch running: [32mTrue [0m
--------------------------------------------------------------------------------
Simulated Pipes
--------------------------------------------------------------------------------
--------------------------------------------------------------------------------
Simulated Nodes/Jobs
--------------------------------------------------------------------------------
Hostname/IP: 192.168.1.139 | Job: rocket-singlecore-nic-gdbserver-smoke0 | Sim running: [33mTrue [0m
--------------------------------------------------------------------------------
Summary
--------------------------------------------------------------------------------
1/1 instances are still running.
1/1 simulations are still running.
--------------------------------------------------------------------------------
[2J
FireSim Simulation Status @ 2026-05-05 03:40:44.266607
--------------------------------------------------------------------------------
This workload's output is located in:
/home/ubuntu/chipyard/sims/firesim/deploy/results-workload/2026-05-05--03-38-38-rocket-singlecore-nic-gdbserver-smoke-f2-rocket-singlecore-nic-gdbserver-smoke-notrace-clean1bp-recovereddriver/
This run's log is located in:
/home/ubuntu/chipyard/sims/firesim/deploy/logs/2026-05-05--03-38-38-runworkload-KQCX7OMJRKCM26ZH.log
This status will update every 10s.
--------------------------------------------------------------------------------
Instances
--------------------------------------------------------------------------------
Hostname/IP: 192.168.1.139 | Terminated: [33mFalse[0m
--------------------------------------------------------------------------------
Simulated Switches
--------------------------------------------------------------------------------
Hostname/IP: 192.168.1.139 | Switch name: switch0 | Switch running: [32mTrue [0m
--------------------------------------------------------------------------------
Simulated Pipes
--------------------------------------------------------------------------------
--------------------------------------------------------------------------------
Simulated Nodes/Jobs
--------------------------------------------------------------------------------
Hostname/IP: 192.168.1.139 | Job: rocket-singlecore-nic-gdbserver-smoke0 | Sim running: [33mTrue [0m
--------------------------------------------------------------------------------
Summary
--------------------------------------------------------------------------------
1/1 instances are still running.
1/1 simulations are still running.
--------------------------------------------------------------------------------
[2J
FireSim Simulation Status @ 2026-05-05 03:40:54.572068
--------------------------------------------------------------------------------
This workload's output is located in:
/home/ubuntu/chipyard/sims/firesim/deploy/results-workload/2026-05-05--03-38-38-rocket-singlecore-nic-gdbserver-smoke-f2-rocket-singlecore-nic-gdbserver-smoke-notrace-clean1bp-recovereddriver/
This run's log is located in:
/home/ubuntu/chipyard/sims/firesim/deploy/logs/2026-05-05--03-38-38-runworkload-KQCX7OMJRKCM26ZH.log
This status will update every 10s.
--------------------------------------------------------------------------------
Instances
--------------------------------------------------------------------------------
Hostname/IP: 192.168.1.139 | Terminated: [33mFalse[0m
--------------------------------------------------------------------------------
Simulated Switches
--------------------------------------------------------------------------------
Hostname/IP: 192.168.1.139 | Switch name: switch0 | Switch running: [32mTrue [0m
--------------------------------------------------------------------------------
Simulated Pipes
--------------------------------------------------------------------------------
--------------------------------------------------------------------------------
Simulated Nodes/Jobs
--------------------------------------------------------------------------------
Hostname/IP: 192.168.1.139 | Job: rocket-singlecore-nic-gdbserver-smoke0 | Sim running: [33mTrue [0m
--------------------------------------------------------------------------------
Summary
--------------------------------------------------------------------------------
1/1 instances are still running.
1/1 simulations are still running.
--------------------------------------------------------------------------------
[2J
FireSim Simulation Status @ 2026-05-05 03:41:04.890774
--------------------------------------------------------------------------------
This workload's output is located in:
/home/ubuntu/chipyard/sims/firesim/deploy/results-workload/2026-05-05--03-38-38-rocket-singlecore-nic-gdbserver-smoke-f2-rocket-singlecore-nic-gdbserver-smoke-notrace-clean1bp-recovereddriver/
This run's log is located in:
/home/ubuntu/chipyard/sims/firesim/deploy/logs/2026-05-05--03-38-38-runworkload-KQCX7OMJRKCM26ZH.log
This status will update every 10s.
--------------------------------------------------------------------------------
Instances
--------------------------------------------------------------------------------
Hostname/IP: 192.168.1.139 | Terminated: [33mFalse[0m
--------------------------------------------------------------------------------
Simulated Switches
--------------------------------------------------------------------------------
Hostname/IP: 192.168.1.139 | Switch name: switch0 | Switch running: [32mTrue [0m
--------------------------------------------------------------------------------
Simulated Pipes
--------------------------------------------------------------------------------
--------------------------------------------------------------------------------
Simulated Nodes/Jobs
--------------------------------------------------------------------------------
Hostname/IP: 192.168.1.139 | Job: rocket-singlecore-nic-gdbserver-smoke0 | Sim running: [33mTrue [0m
--------------------------------------------------------------------------------
Summary
--------------------------------------------------------------------------------
1/1 instances are still running.
1/1 simulations are still running.
--------------------------------------------------------------------------------
[2J
FireSim Simulation Status @ 2026-05-05 03:41:15.209639
--------------------------------------------------------------------------------
This workload's output is located in:
/home/ubuntu/chipyard/sims/firesim/deploy/results-workload/2026-05-05--03-38-38-rocket-singlecore-nic-gdbserver-smoke-f2-rocket-singlecore-nic-gdbserver-smoke-notrace-clean1bp-recovereddriver/
This run's log is located in:
/home/ubuntu/chipyard/sims/firesim/deploy/logs/2026-05-05--03-38-38-runworkload-KQCX7OMJRKCM26ZH.log
This status will update every 10s.
--------------------------------------------------------------------------------
Instances
--------------------------------------------------------------------------------
Hostname/IP: 192.168.1.139 | Terminated: [33mFalse[0m
--------------------------------------------------------------------------------
Simulated Switches
--------------------------------------------------------------------------------
Hostname/IP: 192.168.1.139 | Switch name: switch0 | Switch running: [32mTrue [0m
--------------------------------------------------------------------------------
Simulated Pipes
--------------------------------------------------------------------------------
--------------------------------------------------------------------------------
Simulated Nodes/Jobs
--------------------------------------------------------------------------------
Hostname/IP: 192.168.1.139 | Job: rocket-singlecore-nic-gdbserver-smoke0 | Sim running: [33mTrue [0m
--------------------------------------------------------------------------------
Summary
--------------------------------------------------------------------------------
1/1 instances are still running.
1/1 simulations are still running.
--------------------------------------------------------------------------------
[2J
FireSim Simulation Status @ 2026-05-05 03:41:25.521292
--------------------------------------------------------------------------------
This workload's output is located in:
/home/ubuntu/chipyard/sims/firesim/deploy/results-workload/2026-05-05--03-38-38-rocket-singlecore-nic-gdbserver-smoke-f2-rocket-singlecore-nic-gdbserver-smoke-notrace-clean1bp-recovereddriver/
This run's log is located in:
/home/ubuntu/chipyard/sims/firesim/deploy/logs/2026-05-05--03-38-38-runworkload-KQCX7OMJRKCM26ZH.log
This status will update every 10s.
--------------------------------------------------------------------------------
Instances
--------------------------------------------------------------------------------
Hostname/IP: 192.168.1.139 | Terminated: [33mFalse[0m
--------------------------------------------------------------------------------
Simulated Switches
--------------------------------------------------------------------------------
Hostname/IP: 192.168.1.139 | Switch name: switch0 | Switch running: [32mTrue [0m
--------------------------------------------------------------------------------
Simulated Pipes
--------------------------------------------------------------------------------
--------------------------------------------------------------------------------
Simulated Nodes/Jobs
--------------------------------------------------------------------------------
Hostname/IP: 192.168.1.139 | Job: rocket-singlecore-nic-gdbserver-smoke0 | Sim running: [33mTrue [0m
--------------------------------------------------------------------------------
Summary
--------------------------------------------------------------------------------
1/1 instances are still running.
1/1 simulations are still running.
--------------------------------------------------------------------------------
[2J
FireSim Simulation Status @ 2026-05-05 03:41:35.819509
--------------------------------------------------------------------------------
This workload's output is located in:
/home/ubuntu/chipyard/sims/firesim/deploy/results-workload/2026-05-05--03-38-38-rocket-singlecore-nic-gdbserver-smoke-f2-rocket-singlecore-nic-gdbserver-smoke-notrace-clean1bp-recovereddriver/
This run's log is located in:
/home/ubuntu/chipyard/sims/firesim/deploy/logs/2026-05-05--03-38-38-runworkload-KQCX7OMJRKCM26ZH.log
This status will update every 10s.
--------------------------------------------------------------------------------
Instances
--------------------------------------------------------------------------------
Hostname/IP: 192.168.1.139 | Terminated: [33mFalse[0m
--------------------------------------------------------------------------------
Simulated Switches
--------------------------------------------------------------------------------
Hostname/IP: 192.168.1.139 | Switch name: switch0 | Switch running: [32mTrue [0m
--------------------------------------------------------------------------------
Simulated Pipes
--------------------------------------------------------------------------------
--------------------------------------------------------------------------------
Simulated Nodes/Jobs
--------------------------------------------------------------------------------
Hostname/IP: 192.168.1.139 | Job: rocket-singlecore-nic-gdbserver-smoke0 | Sim running: [33mTrue [0m
--------------------------------------------------------------------------------
Summary
--------------------------------------------------------------------------------
1/1 instances are still running.
1/1 simulations are still running.
--------------------------------------------------------------------------------
[2J
FireSim Simulation Status @ 2026-05-05 03:41:46.359910
--------------------------------------------------------------------------------
This workload's output is located in:
/home/ubuntu/chipyard/sims/firesim/deploy/results-workload/2026-05-05--03-38-38-rocket-singlecore-nic-gdbserver-smoke-f2-rocket-singlecore-nic-gdbserver-smoke-notrace-clean1bp-recovereddriver/
This run's log is located in:
/home/ubuntu/chipyard/sims/firesim/deploy/logs/2026-05-05--03-38-38-runworkload-KQCX7OMJRKCM26ZH.log
This status will update every 10s.
--------------------------------------------------------------------------------
Instances
--------------------------------------------------------------------------------
Hostname/IP: 192.168.1.139 | Terminated: [33mFalse[0m
--------------------------------------------------------------------------------
Simulated Switches
--------------------------------------------------------------------------------
Hostname/IP: 192.168.1.139 | Switch name: switch0 | Switch running: [32mTrue [0m
--------------------------------------------------------------------------------
Simulated Pipes
--------------------------------------------------------------------------------
--------------------------------------------------------------------------------
Simulated Nodes/Jobs
--------------------------------------------------------------------------------
Hostname/IP: 192.168.1.139 | Job: rocket-singlecore-nic-gdbserver-smoke0 | Sim running: [33mTrue [0m
--------------------------------------------------------------------------------
Summary
--------------------------------------------------------------------------------
1/1 instances are still running.
1/1 simulations are still running.
--------------------------------------------------------------------------------
[2J
FireSim Simulation Status @ 2026-05-05 03:41:56.668693
--------------------------------------------------------------------------------
This workload's output is located in:
/home/ubuntu/chipyard/sims/firesim/deploy/results-workload/2026-05-05--03-38-38-rocket-singlecore-nic-gdbserver-smoke-f2-rocket-singlecore-nic-gdbserver-smoke-notrace-clean1bp-recovereddriver/
This run's log is located in:
/home/ubuntu/chipyard/sims/firesim/deploy/logs/2026-05-05--03-38-38-runworkload-KQCX7OMJRKCM26ZH.log
This status will update every 10s.
--------------------------------------------------------------------------------
Instances
--------------------------------------------------------------------------------
Hostname/IP: 192.168.1.139 | Terminated: [33mFalse[0m
--------------------------------------------------------------------------------
Simulated Switches
--------------------------------------------------------------------------------
Hostname/IP: 192.168.1.139 | Switch name: switch0 | Switch running: [32mTrue [0m
--------------------------------------------------------------------------------
Simulated Pipes
--------------------------------------------------------------------------------
--------------------------------------------------------------------------------
Simulated Nodes/Jobs
--------------------------------------------------------------------------------
Hostname/IP: 192.168.1.139 | Job: rocket-singlecore-nic-gdbserver-smoke0 | Sim running: [33mTrue [0m
--------------------------------------------------------------------------------
Summary
--------------------------------------------------------------------------------
1/1 instances are still running.
1/1 simulations are still running.
--------------------------------------------------------------------------------
[2J
FireSim Simulation Status @ 2026-05-05 03:42:06.977348
--------------------------------------------------------------------------------
This workload's output is located in:
/home/ubuntu/chipyard/sims/firesim/deploy/results-workload/2026-05-05--03-38-38-rocket-singlecore-nic-gdbserver-smoke-f2-rocket-singlecore-nic-gdbserver-smoke-notrace-clean1bp-recovereddriver/
This run's log is located in:
/home/ubuntu/chipyard/sims/firesim/deploy/logs/2026-05-05--03-38-38-runworkload-KQCX7OMJRKCM26ZH.log
This status will update every 10s.
--------------------------------------------------------------------------------
Instances
--------------------------------------------------------------------------------
Hostname/IP: 192.168.1.139 | Terminated: [33mFalse[0m
--------------------------------------------------------------------------------
Simulated Switches
--------------------------------------------------------------------------------
Hostname/IP: 192.168.1.139 | Switch name: switch0 | Switch running: [32mTrue [0m
--------------------------------------------------------------------------------
Simulated Pipes
--------------------------------------------------------------------------------
--------------------------------------------------------------------------------
Simulated Nodes/Jobs
--------------------------------------------------------------------------------
Hostname/IP: 192.168.1.139 | Job: rocket-singlecore-nic-gdbserver-smoke0 | Sim running: [33mTrue [0m
--------------------------------------------------------------------------------
Summary
--------------------------------------------------------------------------------
1/1 instances are still running.
1/1 simulations are still running.
--------------------------------------------------------------------------------
[2J
FireSim Simulation Status @ 2026-05-05 03:42:17.296500
--------------------------------------------------------------------------------
This workload's output is located in:
/home/ubuntu/chipyard/sims/firesim/deploy/results-workload/2026-05-05--03-38-38-rocket-singlecore-nic-gdbserver-smoke-f2-rocket-singlecore-nic-gdbserver-smoke-notrace-clean1bp-recovereddriver/
This run's log is located in:
/home/ubuntu/chipyard/sims/firesim/deploy/logs/2026-05-05--03-38-38-runworkload-KQCX7OMJRKCM26ZH.log
This status will update every 10s.
--------------------------------------------------------------------------------
Instances
--------------------------------------------------------------------------------
Hostname/IP: 192.168.1.139 | Terminated: [33mFalse[0m
--------------------------------------------------------------------------------
Simulated Switches
--------------------------------------------------------------------------------
Hostname/IP: 192.168.1.139 | Switch name: switch0 | Switch running: [32mTrue [0m
--------------------------------------------------------------------------------
Simulated Pipes
--------------------------------------------------------------------------------
--------------------------------------------------------------------------------
Simulated Nodes/Jobs
--------------------------------------------------------------------------------
Hostname/IP: 192.168.1.139 | Job: rocket-singlecore-nic-gdbserver-smoke0 | Sim running: [33mTrue [0m
--------------------------------------------------------------------------------
Summary
--------------------------------------------------------------------------------
1/1 instances are still running.
1/1 simulations are still running.
--------------------------------------------------------------------------------
[2J
FireSim Simulation Status @ 2026-05-05 03:42:27.613302
--------------------------------------------------------------------------------
This workload's output is located in:
/home/ubuntu/chipyard/sims/firesim/deploy/results-workload/2026-05-05--03-38-38-rocket-singlecore-nic-gdbserver-smoke-f2-rocket-singlecore-nic-gdbserver-smoke-notrace-clean1bp-recovereddriver/
This run's log is located in:
/home/ubuntu/chipyard/sims/firesim/deploy/logs/2026-05-05--03-38-38-runworkload-KQCX7OMJRKCM26ZH.log
This status will update every 10s.
--------------------------------------------------------------------------------
Instances
--------------------------------------------------------------------------------
Hostname/IP: 192.168.1.139 | Terminated: [33mFalse[0m
--------------------------------------------------------------------------------
Simulated Switches
--------------------------------------------------------------------------------
Hostname/IP: 192.168.1.139 | Switch name: switch0 | Switch running: [32mTrue [0m
--------------------------------------------------------------------------------
Simulated Pipes
--------------------------------------------------------------------------------
--------------------------------------------------------------------------------
Simulated Nodes/Jobs
--------------------------------------------------------------------------------
Hostname/IP: 192.168.1.139 | Job: rocket-singlecore-nic-gdbserver-smoke0 | Sim running: [33mTrue [0m
--------------------------------------------------------------------------------
Summary
--------------------------------------------------------------------------------
1/1 instances are still running.
1/1 simulations are still running.
--------------------------------------------------------------------------------
[2J
FireSim Simulation Status @ 2026-05-05 03:42:37.921893
--------------------------------------------------------------------------------
This workload's output is located in:
/home/ubuntu/chipyard/sims/firesim/deploy/results-workload/2026-05-05--03-38-38-rocket-singlecore-nic-gdbserver-smoke-f2-rocket-singlecore-nic-gdbserver-smoke-notrace-clean1bp-recovereddriver/
This run's log is located in:
/home/ubuntu/chipyard/sims/firesim/deploy/logs/2026-05-05--03-38-38-runworkload-KQCX7OMJRKCM26ZH.log
This status will update every 10s.
--------------------------------------------------------------------------------
Instances
--------------------------------------------------------------------------------
Hostname/IP: 192.168.1.139 | Terminated: [33mFalse[0m
--------------------------------------------------------------------------------
Simulated Switches
--------------------------------------------------------------------------------
Hostname/IP: 192.168.1.139 | Switch name: switch0 | Switch running: [32mTrue [0m
--------------------------------------------------------------------------------
Simulated Pipes
--------------------------------------------------------------------------------
--------------------------------------------------------------------------------
Simulated Nodes/Jobs
--------------------------------------------------------------------------------
Hostname/IP: 192.168.1.139 | Job: rocket-singlecore-nic-gdbserver-smoke0 | Sim running: [33mTrue [0m
--------------------------------------------------------------------------------
Summary
--------------------------------------------------------------------------------
1/1 instances are still running.
1/1 simulations are still running.
--------------------------------------------------------------------------------
[2J
FireSim Simulation Status @ 2026-05-05 03:42:48.473319
--------------------------------------------------------------------------------
This workload's output is located in:
/home/ubuntu/chipyard/sims/firesim/deploy/results-workload/2026-05-05--03-38-38-rocket-singlecore-nic-gdbserver-smoke-f2-rocket-singlecore-nic-gdbserver-smoke-notrace-clean1bp-recovereddriver/
This run's log is located in:
/home/ubuntu/chipyard/sims/firesim/deploy/logs/2026-05-05--03-38-38-runworkload-KQCX7OMJRKCM26ZH.log
This status will update every 10s.
--------------------------------------------------------------------------------
Instances
--------------------------------------------------------------------------------
Hostname/IP: 192.168.1.139 | Terminated: [33mFalse[0m
--------------------------------------------------------------------------------
Simulated Switches
--------------------------------------------------------------------------------
Hostname/IP: 192.168.1.139 | Switch name: switch0 | Switch running: [32mTrue [0m
--------------------------------------------------------------------------------
Simulated Pipes
--------------------------------------------------------------------------------
--------------------------------------------------------------------------------
Simulated Nodes/Jobs
--------------------------------------------------------------------------------
Hostname/IP: 192.168.1.139 | Job: rocket-singlecore-nic-gdbserver-smoke0 | Sim running: [33mTrue [0m
--------------------------------------------------------------------------------
Summary
--------------------------------------------------------------------------------
1/1 instances are still running.
1/1 simulations are still running.
--------------------------------------------------------------------------------
[2J
FireSim Simulation Status @ 2026-05-05 03:42:58.778492
--------------------------------------------------------------------------------
This workload's output is located in:
/home/ubuntu/chipyard/sims/firesim/deploy/results-workload/2026-05-05--03-38-38-rocket-singlecore-nic-gdbserver-smoke-f2-rocket-singlecore-nic-gdbserver-smoke-notrace-clean1bp-recovereddriver/
This run's log is located in:
/home/ubuntu/chipyard/sims/firesim/deploy/logs/2026-05-05--03-38-38-runworkload-KQCX7OMJRKCM26ZH.log
This status will update every 10s.
--------------------------------------------------------------------------------
Instances
--------------------------------------------------------------------------------
Hostname/IP: 192.168.1.139 | Terminated: [33mFalse[0m
--------------------------------------------------------------------------------
Simulated Switches
--------------------------------------------------------------------------------
Hostname/IP: 192.168.1.139 | Switch name: switch0 | Switch running: [32mTrue [0m
--------------------------------------------------------------------------------
Simulated Pipes
--------------------------------------------------------------------------------
--------------------------------------------------------------------------------
Simulated Nodes/Jobs
--------------------------------------------------------------------------------
Hostname/IP: 192.168.1.139 | Job: rocket-singlecore-nic-gdbserver-smoke0 | Sim running: [33mTrue [0m
--------------------------------------------------------------------------------
Summary
--------------------------------------------------------------------------------
1/1 instances are still running.
1/1 simulations are still running.
--------------------------------------------------------------------------------
[2J
FireSim Simulation Status @ 2026-05-05 03:43:09.097646
--------------------------------------------------------------------------------
This workload's output is located in:
/home/ubuntu/chipyard/sims/firesim/deploy/results-workload/2026-05-05--03-38-38-rocket-singlecore-nic-gdbserver-smoke-f2-rocket-singlecore-nic-gdbserver-smoke-notrace-clean1bp-recovereddriver/
This run's log is located in:
/home/ubuntu/chipyard/sims/firesim/deploy/logs/2026-05-05--03-38-38-runworkload-KQCX7OMJRKCM26ZH.log
This status will update every 10s.
--------------------------------------------------------------------------------
Instances
--------------------------------------------------------------------------------
Hostname/IP: 192.168.1.139 | Terminated: [33mFalse[0m
--------------------------------------------------------------------------------
Simulated Switches
--------------------------------------------------------------------------------
Hostname/IP: 192.168.1.139 | Switch name: switch0 | Switch running: [32mTrue [0m
--------------------------------------------------------------------------------
Simulated Pipes
--------------------------------------------------------------------------------
--------------------------------------------------------------------------------
Simulated Nodes/Jobs
--------------------------------------------------------------------------------
Hostname/IP: 192.168.1.139 | Job: rocket-singlecore-nic-gdbserver-smoke0 | Sim running: [33mTrue [0m
--------------------------------------------------------------------------------
Summary
--------------------------------------------------------------------------------
1/1 instances are still running.
1/1 simulations are still running.
--------------------------------------------------------------------------------
[2J
FireSim Simulation Status @ 2026-05-05 03:43:19.403322
--------------------------------------------------------------------------------
This workload's output is located in:
/home/ubuntu/chipyard/sims/firesim/deploy/results-workload/2026-05-05--03-38-38-rocket-singlecore-nic-gdbserver-smoke-f2-rocket-singlecore-nic-gdbserver-smoke-notrace-clean1bp-recovereddriver/
This run's log is located in:
/home/ubuntu/chipyard/sims/firesim/deploy/logs/2026-05-05--03-38-38-runworkload-KQCX7OMJRKCM26ZH.log
This status will update every 10s.
--------------------------------------------------------------------------------
Instances
--------------------------------------------------------------------------------
Hostname/IP: 192.168.1.139 | Terminated: [33mFalse[0m
--------------------------------------------------------------------------------
Simulated Switches
--------------------------------------------------------------------------------
Hostname/IP: 192.168.1.139 | Switch name: switch0 | Switch running: [32mTrue [0m
--------------------------------------------------------------------------------
Simulated Pipes
--------------------------------------------------------------------------------
--------------------------------------------------------------------------------
Simulated Nodes/Jobs
--------------------------------------------------------------------------------
Hostname/IP: 192.168.1.139 | Job: rocket-singlecore-nic-gdbserver-smoke0 | Sim running: [33mTrue [0m
--------------------------------------------------------------------------------
Summary
--------------------------------------------------------------------------------
1/1 instances are still running.
1/1 simulations are still running.
--------------------------------------------------------------------------------
[2J
FireSim Simulation Status @ 2026-05-05 03:43:29.709530
--------------------------------------------------------------------------------
This workload's output is located in:
/home/ubuntu/chipyard/sims/firesim/deploy/results-workload/2026-05-05--03-38-38-rocket-singlecore-nic-gdbserver-smoke-f2-rocket-singlecore-nic-gdbserver-smoke-notrace-clean1bp-recovereddriver/
This run's log is located in:
/home/ubuntu/chipyard/sims/firesim/deploy/logs/2026-05-05--03-38-38-runworkload-KQCX7OMJRKCM26ZH.log
This status will update every 10s.
--------------------------------------------------------------------------------
Instances
--------------------------------------------------------------------------------
Hostname/IP: 192.168.1.139 | Terminated: [33mFalse[0m
--------------------------------------------------------------------------------
Simulated Switches
--------------------------------------------------------------------------------
Hostname/IP: 192.168.1.139 | Switch name: switch0 | Switch running: [32mTrue [0m
--------------------------------------------------------------------------------
Simulated Pipes
--------------------------------------------------------------------------------
--------------------------------------------------------------------------------
Simulated Nodes/Jobs
--------------------------------------------------------------------------------
Hostname/IP: 192.168.1.139 | Job: rocket-singlecore-nic-gdbserver-smoke0 | Sim running: [33mTrue [0m
--------------------------------------------------------------------------------
Summary
--------------------------------------------------------------------------------
1/1 instances are still running.
1/1 simulations are still running.
--------------------------------------------------------------------------------
[2J
FireSim Simulation Status @ 2026-05-05 03:43:40.018161
--------------------------------------------------------------------------------
This workload's output is located in:
/home/ubuntu/chipyard/sims/firesim/deploy/results-workload/2026-05-05--03-38-38-rocket-singlecore-nic-gdbserver-smoke-f2-rocket-singlecore-nic-gdbserver-smoke-notrace-clean1bp-recovereddriver/
This run's log is located in:
/home/ubuntu/chipyard/sims/firesim/deploy/logs/2026-05-05--03-38-38-runworkload-KQCX7OMJRKCM26ZH.log
This status will update every 10s.
--------------------------------------------------------------------------------
Instances
--------------------------------------------------------------------------------
Hostname/IP: 192.168.1.139 | Terminated: [33mFalse[0m
--------------------------------------------------------------------------------
Simulated Switches
--------------------------------------------------------------------------------
Hostname/IP: 192.168.1.139 | Switch name: switch0 | Switch running: [32mTrue [0m
--------------------------------------------------------------------------------
Simulated Pipes
--------------------------------------------------------------------------------
--------------------------------------------------------------------------------
Simulated Nodes/Jobs
--------------------------------------------------------------------------------
Hostname/IP: 192.168.1.139 | Job: rocket-singlecore-nic-gdbserver-smoke0 | Sim running: [33mTrue [0m
--------------------------------------------------------------------------------
Summary
--------------------------------------------------------------------------------
1/1 instances are still running.
1/1 simulations are still running.
--------------------------------------------------------------------------------
[2J
FireSim Simulation Status @ 2026-05-05 03:43:50.559447
--------------------------------------------------------------------------------
This workload's output is located in:
/home/ubuntu/chipyard/sims/firesim/deploy/results-workload/2026-05-05--03-38-38-rocket-singlecore-nic-gdbserver-smoke-f2-rocket-singlecore-nic-gdbserver-smoke-notrace-clean1bp-recovereddriver/
This run's log is located in:
/home/ubuntu/chipyard/sims/firesim/deploy/logs/2026-05-05--03-38-38-runworkload-KQCX7OMJRKCM26ZH.log
This status will update every 10s.
--------------------------------------------------------------------------------
Instances
--------------------------------------------------------------------------------
Hostname/IP: 192.168.1.139 | Terminated: [33mFalse[0m
--------------------------------------------------------------------------------
Simulated Switches
--------------------------------------------------------------------------------
Hostname/IP: 192.168.1.139 | Switch name: switch0 | Switch running: [32mTrue [0m
--------------------------------------------------------------------------------
Simulated Pipes
--------------------------------------------------------------------------------
--------------------------------------------------------------------------------
Simulated Nodes/Jobs
--------------------------------------------------------------------------------
Hostname/IP: 192.168.1.139 | Job: rocket-singlecore-nic-gdbserver-smoke0 | Sim running: [33mTrue [0m
--------------------------------------------------------------------------------
Summary
--------------------------------------------------------------------------------
1/1 instances are still running.
1/1 simulations are still running.
--------------------------------------------------------------------------------
[2J
FireSim Simulation Status @ 2026-05-05 03:44:00.868549
--------------------------------------------------------------------------------
This workload's output is located in:
/home/ubuntu/chipyard/sims/firesim/deploy/results-workload/2026-05-05--03-38-38-rocket-singlecore-nic-gdbserver-smoke-f2-rocket-singlecore-nic-gdbserver-smoke-notrace-clean1bp-recovereddriver/
This run's log is located in:
/home/ubuntu/chipyard/sims/firesim/deploy/logs/2026-05-05--03-38-38-runworkload-KQCX7OMJRKCM26ZH.log
This status will update every 10s.
--------------------------------------------------------------------------------
Instances
--------------------------------------------------------------------------------
Hostname/IP: 192.168.1.139 | Terminated: [33mFalse[0m
--------------------------------------------------------------------------------
Simulated Switches
--------------------------------------------------------------------------------
Hostname/IP: 192.168.1.139 | Switch name: switch0 | Switch running: [32mTrue [0m
--------------------------------------------------------------------------------
Simulated Pipes
--------------------------------------------------------------------------------
--------------------------------------------------------------------------------
Simulated Nodes/Jobs
--------------------------------------------------------------------------------
Hostname/IP: 192.168.1.139 | Job: rocket-singlecore-nic-gdbserver-smoke0 | Sim running: [33mTrue [0m
--------------------------------------------------------------------------------
Summary
--------------------------------------------------------------------------------
1/1 instances are still running.
1/1 simulations are still running.
--------------------------------------------------------------------------------
[2J
FireSim Simulation Status @ 2026-05-05 03:44:11.187754
--------------------------------------------------------------------------------
This workload's output is located in:
/home/ubuntu/chipyard/sims/firesim/deploy/results-workload/2026-05-05--03-38-38-rocket-singlecore-nic-gdbserver-smoke-f2-rocket-singlecore-nic-gdbserver-smoke-notrace-clean1bp-recovereddriver/
This run's log is located in:
/home/ubuntu/chipyard/sims/firesim/deploy/logs/2026-05-05--03-38-38-runworkload-KQCX7OMJRKCM26ZH.log
This status will update every 10s.
--------------------------------------------------------------------------------
Instances
--------------------------------------------------------------------------------
Hostname/IP: 192.168.1.139 | Terminated: [33mFalse[0m
--------------------------------------------------------------------------------
Simulated Switches
--------------------------------------------------------------------------------
Hostname/IP: 192.168.1.139 | Switch name: switch0 | Switch running: [32mTrue [0m
--------------------------------------------------------------------------------
Simulated Pipes
--------------------------------------------------------------------------------
--------------------------------------------------------------------------------
Simulated Nodes/Jobs
--------------------------------------------------------------------------------
Hostname/IP: 192.168.1.139 | Job: rocket-singlecore-nic-gdbserver-smoke0 | Sim running: [33mTrue [0m
--------------------------------------------------------------------------------
Summary
--------------------------------------------------------------------------------
1/1 instances are still running.
1/1 simulations are still running.
--------------------------------------------------------------------------------
[2J
FireSim Simulation Status @ 2026-05-05 03:44:21.496678
--------------------------------------------------------------------------------
This workload's output is located in:
/home/ubuntu/chipyard/sims/firesim/deploy/results-workload/2026-05-05--03-38-38-rocket-singlecore-nic-gdbserver-smoke-f2-rocket-singlecore-nic-gdbserver-smoke-notrace-clean1bp-recovereddriver/
This run's log is located in:
/home/ubuntu/chipyard/sims/firesim/deploy/logs/2026-05-05--03-38-38-runworkload-KQCX7OMJRKCM26ZH.log
This status will update every 10s.
--------------------------------------------------------------------------------
Instances
--------------------------------------------------------------------------------
Hostname/IP: 192.168.1.139 | Terminated: [33mFalse[0m
--------------------------------------------------------------------------------
Simulated Switches
--------------------------------------------------------------------------------
Hostname/IP: 192.168.1.139 | Switch name: switch0 | Switch running: [32mTrue [0m
--------------------------------------------------------------------------------
Simulated Pipes
--------------------------------------------------------------------------------
--------------------------------------------------------------------------------
Simulated Nodes/Jobs
--------------------------------------------------------------------------------
Hostname/IP: 192.168.1.139 | Job: rocket-singlecore-nic-gdbserver-smoke0 | Sim running: [33mTrue [0m
--------------------------------------------------------------------------------
Summary
--------------------------------------------------------------------------------
1/1 instances are still running.
1/1 simulations are still running.
--------------------------------------------------------------------------------
[2J
FireSim Simulation Status @ 2026-05-05 03:44:31.835801
--------------------------------------------------------------------------------
This workload's output is located in:
/home/ubuntu/chipyard/sims/firesim/deploy/results-workload/2026-05-05--03-38-38-rocket-singlecore-nic-gdbserver-smoke-f2-rocket-singlecore-nic-gdbserver-smoke-notrace-clean1bp-recovereddriver/
This run's log is located in:
/home/ubuntu/chipyard/sims/firesim/deploy/logs/2026-05-05--03-38-38-runworkload-KQCX7OMJRKCM26ZH.log
This status will update every 10s.
--------------------------------------------------------------------------------
Instances
--------------------------------------------------------------------------------
Hostname/IP: 192.168.1.139 | Terminated: [33mFalse[0m
--------------------------------------------------------------------------------
Simulated Switches
--------------------------------------------------------------------------------
Hostname/IP: 192.168.1.139 | Switch name: switch0 | Switch running: [32mTrue [0m
--------------------------------------------------------------------------------
Simulated Pipes
--------------------------------------------------------------------------------
--------------------------------------------------------------------------------
Simulated Nodes/Jobs
--------------------------------------------------------------------------------
Hostname/IP: 192.168.1.139 | Job: rocket-singlecore-nic-gdbserver-smoke0 | Sim running: [33mTrue [0m
--------------------------------------------------------------------------------
Summary
--------------------------------------------------------------------------------
1/1 instances are still running.
1/1 simulations are still running.
--------------------------------------------------------------------------------
[2J
FireSim Simulation Status @ 2026-05-05 03:44:42.143366
--------------------------------------------------------------------------------
This workload's output is located in:
/home/ubuntu/chipyard/sims/firesim/deploy/results-workload/2026-05-05--03-38-38-rocket-singlecore-nic-gdbserver-smoke-f2-rocket-singlecore-nic-gdbserver-smoke-notrace-clean1bp-recovereddriver/
This run's log is located in:
/home/ubuntu/chipyard/sims/firesim/deploy/logs/2026-05-05--03-38-38-runworkload-KQCX7OMJRKCM26ZH.log
This status will update every 10s.
--------------------------------------------------------------------------------
Instances
--------------------------------------------------------------------------------
Hostname/IP: 192.168.1.139 | Terminated: [33mFalse[0m
--------------------------------------------------------------------------------
Simulated Switches
--------------------------------------------------------------------------------
Hostname/IP: 192.168.1.139 | Switch name: switch0 | Switch running: [32mTrue [0m
--------------------------------------------------------------------------------
Simulated Pipes
--------------------------------------------------------------------------------
--------------------------------------------------------------------------------
Simulated Nodes/Jobs
--------------------------------------------------------------------------------
Hostname/IP: 192.168.1.139 | Job: rocket-singlecore-nic-gdbserver-smoke0 | Sim running: [33mTrue [0m
--------------------------------------------------------------------------------
Summary
--------------------------------------------------------------------------------
1/1 instances are still running.
1/1 simulations are still running.
--------------------------------------------------------------------------------
[2J
FireSim Simulation Status @ 2026-05-05 03:44:52.444249
--------------------------------------------------------------------------------
This workload's output is located in:
/home/ubuntu/chipyard/sims/firesim/deploy/results-workload/2026-05-05--03-38-38-rocket-singlecore-nic-gdbserver-smoke-f2-rocket-singlecore-nic-gdbserver-smoke-notrace-clean1bp-recovereddriver/
This run's log is located in:
/home/ubuntu/chipyard/sims/firesim/deploy/logs/2026-05-05--03-38-38-runworkload-KQCX7OMJRKCM26ZH.log
This status will update every 10s.
--------------------------------------------------------------------------------
Instances
--------------------------------------------------------------------------------
Hostname/IP: 192.168.1.139 | Terminated: [33mFalse[0m
--------------------------------------------------------------------------------
Simulated Switches
--------------------------------------------------------------------------------
Hostname/IP: 192.168.1.139 | Switch name: switch0 | Switch running: [32mTrue [0m
--------------------------------------------------------------------------------
Simulated Pipes
--------------------------------------------------------------------------------
--------------------------------------------------------------------------------
Simulated Nodes/Jobs
--------------------------------------------------------------------------------
Hostname/IP: 192.168.1.139 | Job: rocket-singlecore-nic-gdbserver-smoke0 | Sim running: [33mTrue [0m
--------------------------------------------------------------------------------
Summary
--------------------------------------------------------------------------------
1/1 instances are still running.
1/1 simulations are still running.
--------------------------------------------------------------------------------
[2J
FireSim Simulation Status @ 2026-05-05 03:45:02.750847
--------------------------------------------------------------------------------
This workload's output is located in:
/home/ubuntu/chipyard/sims/firesim/deploy/results-workload/2026-05-05--03-38-38-rocket-singlecore-nic-gdbserver-smoke-f2-rocket-singlecore-nic-gdbserver-smoke-notrace-clean1bp-recovereddriver/
This run's log is located in:
/home/ubuntu/chipyard/sims/firesim/deploy/logs/2026-05-05--03-38-38-runworkload-KQCX7OMJRKCM26ZH.log
This status will update every 10s.
--------------------------------------------------------------------------------
Instances
--------------------------------------------------------------------------------
Hostname/IP: 192.168.1.139 | Terminated: [33mFalse[0m
--------------------------------------------------------------------------------
Simulated Switches
--------------------------------------------------------------------------------
Hostname/IP: 192.168.1.139 | Switch name: switch0 | Switch running: [32mTrue [0m
--------------------------------------------------------------------------------
Simulated Pipes
--------------------------------------------------------------------------------
--------------------------------------------------------------------------------
Simulated Nodes/Jobs
--------------------------------------------------------------------------------
Hostname/IP: 192.168.1.139 | Job: rocket-singlecore-nic-gdbserver-smoke0 | Sim running: [33mTrue [0m
--------------------------------------------------------------------------------
Summary
--------------------------------------------------------------------------------
1/1 instances are still running.
1/1 simulations are still running.
--------------------------------------------------------------------------------
[2J
FireSim Simulation Status @ 2026-05-05 03:45:13.059295
--------------------------------------------------------------------------------
This workload's output is located in:
/home/ubuntu/chipyard/sims/firesim/deploy/results-workload/2026-05-05--03-38-38-rocket-singlecore-nic-gdbserver-smoke-f2-rocket-singlecore-nic-gdbserver-smoke-notrace-clean1bp-recovereddriver/
This run's log is located in:
/home/ubuntu/chipyard/sims/firesim/deploy/logs/2026-05-05--03-38-38-runworkload-KQCX7OMJRKCM26ZH.log
This status will update every 10s.
--------------------------------------------------------------------------------
Instances
--------------------------------------------------------------------------------
Hostname/IP: 192.168.1.139 | Terminated: [33mFalse[0m
--------------------------------------------------------------------------------
Simulated Switches
--------------------------------------------------------------------------------
Hostname/IP: 192.168.1.139 | Switch name: switch0 | Switch running: [32mTrue [0m
--------------------------------------------------------------------------------
Simulated Pipes
--------------------------------------------------------------------------------
--------------------------------------------------------------------------------
Simulated Nodes/Jobs
--------------------------------------------------------------------------------
Hostname/IP: 192.168.1.139 | Job: rocket-singlecore-nic-gdbserver-smoke0 | Sim running: [33mTrue [0m
--------------------------------------------------------------------------------
Summary
--------------------------------------------------------------------------------
1/1 instances are still running.
1/1 simulations are still running.
--------------------------------------------------------------------------------
[2J
FireSim Simulation Status @ 2026-05-05 03:45:23.367834
--------------------------------------------------------------------------------
This workload's output is located in:
/home/ubuntu/chipyard/sims/firesim/deploy/results-workload/2026-05-05--03-38-38-rocket-singlecore-nic-gdbserver-smoke-f2-rocket-singlecore-nic-gdbserver-smoke-notrace-clean1bp-recovereddriver/
This run's log is located in:
/home/ubuntu/chipyard/sims/firesim/deploy/logs/2026-05-05--03-38-38-runworkload-KQCX7OMJRKCM26ZH.log
This status will update every 10s.
--------------------------------------------------------------------------------
Instances
--------------------------------------------------------------------------------
Hostname/IP: 192.168.1.139 | Terminated: [33mFalse[0m
--------------------------------------------------------------------------------
Simulated Switches
--------------------------------------------------------------------------------
Hostname/IP: 192.168.1.139 | Switch name: switch0 | Switch running: [32mTrue [0m
--------------------------------------------------------------------------------
Simulated Pipes
--------------------------------------------------------------------------------
--------------------------------------------------------------------------------
Simulated Nodes/Jobs
--------------------------------------------------------------------------------
Hostname/IP: 192.168.1.139 | Job: rocket-singlecore-nic-gdbserver-smoke0 | Sim running: [33mTrue [0m
--------------------------------------------------------------------------------
Summary
--------------------------------------------------------------------------------
1/1 instances are still running.
1/1 simulations are still running.
--------------------------------------------------------------------------------
[2J
FireSim Simulation Status @ 2026-05-05 03:45:33.686584
--------------------------------------------------------------------------------
This workload's output is located in:
/home/ubuntu/chipyard/sims/firesim/deploy/results-workload/2026-05-05--03-38-38-rocket-singlecore-nic-gdbserver-smoke-f2-rocket-singlecore-nic-gdbserver-smoke-notrace-clean1bp-recovereddriver/
This run's log is located in:
/home/ubuntu/chipyard/sims/firesim/deploy/logs/2026-05-05--03-38-38-runworkload-KQCX7OMJRKCM26ZH.log
This status will update every 10s.
--------------------------------------------------------------------------------
Instances
--------------------------------------------------------------------------------
Hostname/IP: 192.168.1.139 | Terminated: [33mFalse[0m
--------------------------------------------------------------------------------
Simulated Switches
--------------------------------------------------------------------------------
Hostname/IP: 192.168.1.139 | Switch name: switch0 | Switch running: [32mTrue [0m
--------------------------------------------------------------------------------
Simulated Pipes
--------------------------------------------------------------------------------
--------------------------------------------------------------------------------
Simulated Nodes/Jobs
--------------------------------------------------------------------------------
Hostname/IP: 192.168.1.139 | Job: rocket-singlecore-nic-gdbserver-smoke0 | Sim running: [33mTrue [0m
--------------------------------------------------------------------------------
Summary
--------------------------------------------------------------------------------
1/1 instances are still running.
1/1 simulations are still running.
--------------------------------------------------------------------------------
[2J
FireSim Simulation Status @ 2026-05-05 03:45:43.995711
--------------------------------------------------------------------------------
This workload's output is located in:
/home/ubuntu/chipyard/sims/firesim/deploy/results-workload/2026-05-05--03-38-38-rocket-singlecore-nic-gdbserver-smoke-f2-rocket-singlecore-nic-gdbserver-smoke-notrace-clean1bp-recovereddriver/
This run's log is located in:
/home/ubuntu/chipyard/sims/firesim/deploy/logs/2026-05-05--03-38-38-runworkload-KQCX7OMJRKCM26ZH.log
This status will update every 10s.
--------------------------------------------------------------------------------
Instances
--------------------------------------------------------------------------------
Hostname/IP: 192.168.1.139 | Terminated: [33mFalse[0m
--------------------------------------------------------------------------------
Simulated Switches
--------------------------------------------------------------------------------
Hostname/IP: 192.168.1.139 | Switch name: switch0 | Switch running: [32mTrue [0m
--------------------------------------------------------------------------------
Simulated Pipes
--------------------------------------------------------------------------------
--------------------------------------------------------------------------------
Simulated Nodes/Jobs
--------------------------------------------------------------------------------
Hostname/IP: 192.168.1.139 | Job: rocket-singlecore-nic-gdbserver-smoke0 | Sim running: [33mTrue [0m
--------------------------------------------------------------------------------
Summary
--------------------------------------------------------------------------------
1/1 instances are still running.
1/1 simulations are still running.
--------------------------------------------------------------------------------
[2J
FireSim Simulation Status @ 2026-05-05 03:45:54.536948
--------------------------------------------------------------------------------
This workload's output is located in:
/home/ubuntu/chipyard/sims/firesim/deploy/results-workload/2026-05-05--03-38-38-rocket-singlecore-nic-gdbserver-smoke-f2-rocket-singlecore-nic-gdbserver-smoke-notrace-clean1bp-recovereddriver/
This run's log is located in:
/home/ubuntu/chipyard/sims/firesim/deploy/logs/2026-05-05--03-38-38-runworkload-KQCX7OMJRKCM26ZH.log
This status will update every 10s.
--------------------------------------------------------------------------------
Instances
--------------------------------------------------------------------------------
Hostname/IP: 192.168.1.139 | Terminated: [33mFalse[0m
--------------------------------------------------------------------------------
Simulated Switches
--------------------------------------------------------------------------------
Hostname/IP: 192.168.1.139 | Switch name: switch0 | Switch running: [32mTrue [0m
--------------------------------------------------------------------------------
Simulated Pipes
--------------------------------------------------------------------------------
--------------------------------------------------------------------------------
Simulated Nodes/Jobs
--------------------------------------------------------------------------------
Hostname/IP: 192.168.1.139 | Job: rocket-singlecore-nic-gdbserver-smoke0 | Sim running: [33mTrue [0m
--------------------------------------------------------------------------------
Summary
--------------------------------------------------------------------------------
1/1 instances are still running.
1/1 simulations are still running.
--------------------------------------------------------------------------------
[2J
FireSim Simulation Status @ 2026-05-05 03:46:04.848724
--------------------------------------------------------------------------------
This workload's output is located in:
/home/ubuntu/chipyard/sims/firesim/deploy/results-workload/2026-05-05--03-38-38-rocket-singlecore-nic-gdbserver-smoke-f2-rocket-singlecore-nic-gdbserver-smoke-notrace-clean1bp-recovereddriver/
This run's log is located in:
/home/ubuntu/chipyard/sims/firesim/deploy/logs/2026-05-05--03-38-38-runworkload-KQCX7OMJRKCM26ZH.log
This status will update every 10s.
--------------------------------------------------------------------------------
Instances
--------------------------------------------------------------------------------
Hostname/IP: 192.168.1.139 | Terminated: [33mFalse[0m
--------------------------------------------------------------------------------
Simulated Switches
--------------------------------------------------------------------------------
Hostname/IP: 192.168.1.139 | Switch name: switch0 | Switch running: [32mTrue [0m
--------------------------------------------------------------------------------
Simulated Pipes
--------------------------------------------------------------------------------
--------------------------------------------------------------------------------
Simulated Nodes/Jobs
--------------------------------------------------------------------------------
Hostname/IP: 192.168.1.139 | Job: rocket-singlecore-nic-gdbserver-smoke0 | Sim running: [33mTrue [0m
--------------------------------------------------------------------------------
Summary
--------------------------------------------------------------------------------
1/1 instances are still running.
1/1 simulations are still running.
--------------------------------------------------------------------------------
[2J
FireSim Simulation Status @ 2026-05-05 03:46:15.158327
--------------------------------------------------------------------------------
This workload's output is located in:
/home/ubuntu/chipyard/sims/firesim/deploy/results-workload/2026-05-05--03-38-38-rocket-singlecore-nic-gdbserver-smoke-f2-rocket-singlecore-nic-gdbserver-smoke-notrace-clean1bp-recovereddriver/
This run's log is located in:
/home/ubuntu/chipyard/sims/firesim/deploy/logs/2026-05-05--03-38-38-runworkload-KQCX7OMJRKCM26ZH.log
This status will update every 10s.
--------------------------------------------------------------------------------
Instances
--------------------------------------------------------------------------------
Hostname/IP: 192.168.1.139 | Terminated: [33mFalse[0m
--------------------------------------------------------------------------------
Simulated Switches
--------------------------------------------------------------------------------
Hostname/IP: 192.168.1.139 | Switch name: switch0 | Switch running: [32mTrue [0m
--------------------------------------------------------------------------------
Simulated Pipes
--------------------------------------------------------------------------------
--------------------------------------------------------------------------------
Simulated Nodes/Jobs
--------------------------------------------------------------------------------
Hostname/IP: 192.168.1.139 | Job: rocket-singlecore-nic-gdbserver-smoke0 | Sim running: [33mTrue [0m
--------------------------------------------------------------------------------
Summary
--------------------------------------------------------------------------------
1/1 instances are still running.
1/1 simulations are still running.
--------------------------------------------------------------------------------
[2J
FireSim Simulation Status @ 2026-05-05 03:46:25.471214
--------------------------------------------------------------------------------
This workload's output is located in:
/home/ubuntu/chipyard/sims/firesim/deploy/results-workload/2026-05-05--03-38-38-rocket-singlecore-nic-gdbserver-smoke-f2-rocket-singlecore-nic-gdbserver-smoke-notrace-clean1bp-recovereddriver/
This run's log is located in:
/home/ubuntu/chipyard/sims/firesim/deploy/logs/2026-05-05--03-38-38-runworkload-KQCX7OMJRKCM26ZH.log
This status will update every 10s.
--------------------------------------------------------------------------------
Instances
--------------------------------------------------------------------------------
Hostname/IP: 192.168.1.139 | Terminated: [33mFalse[0m
--------------------------------------------------------------------------------
Simulated Switches
--------------------------------------------------------------------------------
Hostname/IP: 192.168.1.139 | Switch name: switch0 | Switch running: [32mTrue [0m
--------------------------------------------------------------------------------
Simulated Pipes
--------------------------------------------------------------------------------
--------------------------------------------------------------------------------
Simulated Nodes/Jobs
--------------------------------------------------------------------------------
Hostname/IP: 192.168.1.139 | Job: rocket-singlecore-nic-gdbserver-smoke0 | Sim running: [33mTrue [0m
--------------------------------------------------------------------------------
Summary
--------------------------------------------------------------------------------
1/1 instances are still running.
1/1 simulations are still running.
--------------------------------------------------------------------------------
[2J
FireSim Simulation Status @ 2026-05-05 03:46:35.770737
--------------------------------------------------------------------------------
This workload's output is located in:
/home/ubuntu/chipyard/sims/firesim/deploy/results-workload/2026-05-05--03-38-38-rocket-singlecore-nic-gdbserver-smoke-f2-rocket-singlecore-nic-gdbserver-smoke-notrace-clean1bp-recovereddriver/
This run's log is located in:
/home/ubuntu/chipyard/sims/firesim/deploy/logs/2026-05-05--03-38-38-runworkload-KQCX7OMJRKCM26ZH.log
This status will update every 10s.
--------------------------------------------------------------------------------
Instances
--------------------------------------------------------------------------------
Hostname/IP: 192.168.1.139 | Terminated: [33mFalse[0m
--------------------------------------------------------------------------------
Simulated Switches
--------------------------------------------------------------------------------
Hostname/IP: 192.168.1.139 | Switch name: switch0 | Switch running: [32mTrue [0m
--------------------------------------------------------------------------------
Simulated Pipes
--------------------------------------------------------------------------------
--------------------------------------------------------------------------------
Simulated Nodes/Jobs
--------------------------------------------------------------------------------
Hostname/IP: 192.168.1.139 | Job: rocket-singlecore-nic-gdbserver-smoke0 | Sim running: [33mTrue [0m
--------------------------------------------------------------------------------
Summary
--------------------------------------------------------------------------------
1/1 instances are still running.
1/1 simulations are still running.
--------------------------------------------------------------------------------
[2J
FireSim Simulation Status @ 2026-05-05 03:46:46.083694
--------------------------------------------------------------------------------
This workload's output is located in:
/home/ubuntu/chipyard/sims/firesim/deploy/results-workload/2026-05-05--03-38-38-rocket-singlecore-nic-gdbserver-smoke-f2-rocket-singlecore-nic-gdbserver-smoke-notrace-clean1bp-recovereddriver/
This run's log is located in:
/home/ubuntu/chipyard/sims/firesim/deploy/logs/2026-05-05--03-38-38-runworkload-KQCX7OMJRKCM26ZH.log
This status will update every 10s.
--------------------------------------------------------------------------------
Instances
--------------------------------------------------------------------------------
Hostname/IP: 192.168.1.139 | Terminated: [33mFalse[0m
--------------------------------------------------------------------------------
Simulated Switches
--------------------------------------------------------------------------------
Hostname/IP: 192.168.1.139 | Switch name: switch0 | Switch running: [32mTrue [0m
--------------------------------------------------------------------------------
Simulated Pipes
--------------------------------------------------------------------------------
--------------------------------------------------------------------------------
Simulated Nodes/Jobs
--------------------------------------------------------------------------------
Hostname/IP: 192.168.1.139 | Job: rocket-singlecore-nic-gdbserver-smoke0 | Sim running: [33mTrue [0m
--------------------------------------------------------------------------------
Summary
--------------------------------------------------------------------------------
1/1 instances are still running.
1/1 simulations are still running.
--------------------------------------------------------------------------------
[2J
FireSim Simulation Status @ 2026-05-05 03:46:56.402535
--------------------------------------------------------------------------------
This workload's output is located in:
/home/ubuntu/chipyard/sims/firesim/deploy/results-workload/2026-05-05--03-38-38-rocket-singlecore-nic-gdbserver-smoke-f2-rocket-singlecore-nic-gdbserver-smoke-notrace-clean1bp-recovereddriver/
This run's log is located in:
/home/ubuntu/chipyard/sims/firesim/deploy/logs/2026-05-05--03-38-38-runworkload-KQCX7OMJRKCM26ZH.log
This status will update every 10s.
--------------------------------------------------------------------------------
Instances
--------------------------------------------------------------------------------
Hostname/IP: 192.168.1.139 | Terminated: [33mFalse[0m
--------------------------------------------------------------------------------
Simulated Switches
--------------------------------------------------------------------------------
Hostname/IP: 192.168.1.139 | Switch name: switch0 | Switch running: [32mTrue [0m
--------------------------------------------------------------------------------
Simulated Pipes
--------------------------------------------------------------------------------
--------------------------------------------------------------------------------
Simulated Nodes/Jobs
--------------------------------------------------------------------------------
Hostname/IP: 192.168.1.139 | Job: rocket-singlecore-nic-gdbserver-smoke0 | Sim running: [33mTrue [0m
--------------------------------------------------------------------------------
Summary
--------------------------------------------------------------------------------
1/1 instances are still running.
1/1 simulations are still running.
--------------------------------------------------------------------------------
[2J
FireSim Simulation Status @ 2026-05-05 03:47:06.717001
--------------------------------------------------------------------------------
This workload's output is located in:
/home/ubuntu/chipyard/sims/firesim/deploy/results-workload/2026-05-05--03-38-38-rocket-singlecore-nic-gdbserver-smoke-f2-rocket-singlecore-nic-gdbserver-smoke-notrace-clean1bp-recovereddriver/
This run's log is located in:
/home/ubuntu/chipyard/sims/firesim/deploy/logs/2026-05-05--03-38-38-runworkload-KQCX7OMJRKCM26ZH.log
This status will update every 10s.
--------------------------------------------------------------------------------
Instances
--------------------------------------------------------------------------------
Hostname/IP: 192.168.1.139 | Terminated: [33mFalse[0m
--------------------------------------------------------------------------------
Simulated Switches
--------------------------------------------------------------------------------
Hostname/IP: 192.168.1.139 | Switch name: switch0 | Switch running: [32mTrue [0m
--------------------------------------------------------------------------------
Simulated Pipes
--------------------------------------------------------------------------------
--------------------------------------------------------------------------------
Simulated Nodes/Jobs
--------------------------------------------------------------------------------
Hostname/IP: 192.168.1.139 | Job: rocket-singlecore-nic-gdbserver-smoke0 | Sim running: [33mTrue [0m
--------------------------------------------------------------------------------
Summary
--------------------------------------------------------------------------------
1/1 instances are still running.
1/1 simulations are still running.
--------------------------------------------------------------------------------
[2J
FireSim Simulation Status @ 2026-05-05 03:47:17.027533
--------------------------------------------------------------------------------
This workload's output is located in:
/home/ubuntu/chipyard/sims/firesim/deploy/results-workload/2026-05-05--03-38-38-rocket-singlecore-nic-gdbserver-smoke-f2-rocket-singlecore-nic-gdbserver-smoke-notrace-clean1bp-recovereddriver/
This run's log is located in:
/home/ubuntu/chipyard/sims/firesim/deploy/logs/2026-05-05--03-38-38-runworkload-KQCX7OMJRKCM26ZH.log
This status will update every 10s.
--------------------------------------------------------------------------------
Instances
--------------------------------------------------------------------------------
Hostname/IP: 192.168.1.139 | Terminated: [33mFalse[0m
--------------------------------------------------------------------------------
Simulated Switches
--------------------------------------------------------------------------------
Hostname/IP: 192.168.1.139 | Switch name: switch0 | Switch running: [32mTrue [0m
--------------------------------------------------------------------------------
Simulated Pipes
--------------------------------------------------------------------------------
--------------------------------------------------------------------------------
Simulated Nodes/Jobs
--------------------------------------------------------------------------------
Hostname/IP: 192.168.1.139 | Job: rocket-singlecore-nic-gdbserver-smoke0 | Sim running: [33mTrue [0m
--------------------------------------------------------------------------------
Summary
--------------------------------------------------------------------------------
1/1 instances are still running.
1/1 simulations are still running.
--------------------------------------------------------------------------------
[2J
FireSim Simulation Status @ 2026-05-05 03:47:27.346731
--------------------------------------------------------------------------------
This workload's output is located in:
/home/ubuntu/chipyard/sims/firesim/deploy/results-workload/2026-05-05--03-38-38-rocket-singlecore-nic-gdbserver-smoke-f2-rocket-singlecore-nic-gdbserver-smoke-notrace-clean1bp-recovereddriver/
This run's log is located in:
/home/ubuntu/chipyard/sims/firesim/deploy/logs/2026-05-05--03-38-38-runworkload-KQCX7OMJRKCM26ZH.log
This status will update every 10s.
--------------------------------------------------------------------------------
Instances
--------------------------------------------------------------------------------
Hostname/IP: 192.168.1.139 | Terminated: [33mFalse[0m
--------------------------------------------------------------------------------
Simulated Switches
--------------------------------------------------------------------------------
Hostname/IP: 192.168.1.139 | Switch name: switch0 | Switch running: [32mTrue [0m
--------------------------------------------------------------------------------
Simulated Pipes
--------------------------------------------------------------------------------
--------------------------------------------------------------------------------
Simulated Nodes/Jobs
--------------------------------------------------------------------------------
Hostname/IP: 192.168.1.139 | Job: rocket-singlecore-nic-gdbserver-smoke0 | Sim running: [33mTrue [0m
--------------------------------------------------------------------------------
Summary
--------------------------------------------------------------------------------
1/1 instances are still running.
1/1 simulations are still running.
--------------------------------------------------------------------------------
[2J
FireSim Simulation Status @ 2026-05-05 03:47:37.654512
--------------------------------------------------------------------------------
This workload's output is located in:
/home/ubuntu/chipyard/sims/firesim/deploy/results-workload/2026-05-05--03-38-38-rocket-singlecore-nic-gdbserver-smoke-f2-rocket-singlecore-nic-gdbserver-smoke-notrace-clean1bp-recovereddriver/
This run's log is located in:
/home/ubuntu/chipyard/sims/firesim/deploy/logs/2026-05-05--03-38-38-runworkload-KQCX7OMJRKCM26ZH.log
This status will update every 10s.
--------------------------------------------------------------------------------
Instances
--------------------------------------------------------------------------------
Hostname/IP: 192.168.1.139 | Terminated: [33mFalse[0m
--------------------------------------------------------------------------------
Simulated Switches
--------------------------------------------------------------------------------
Hostname/IP: 192.168.1.139 | Switch name: switch0 | Switch running: [32mTrue [0m
--------------------------------------------------------------------------------
Simulated Pipes
--------------------------------------------------------------------------------
--------------------------------------------------------------------------------
Simulated Nodes/Jobs
--------------------------------------------------------------------------------
Hostname/IP: 192.168.1.139 | Job: rocket-singlecore-nic-gdbserver-smoke0 | Sim running: [33mTrue [0m
--------------------------------------------------------------------------------
Summary
--------------------------------------------------------------------------------
1/1 instances are still running.
1/1 simulations are still running.
--------------------------------------------------------------------------------
[2J
FireSim Simulation Status @ 2026-05-05 03:47:47.973287
--------------------------------------------------------------------------------
This workload's output is located in:
/home/ubuntu/chipyard/sims/firesim/deploy/results-workload/2026-05-05--03-38-38-rocket-singlecore-nic-gdbserver-smoke-f2-rocket-singlecore-nic-gdbserver-smoke-notrace-clean1bp-recovereddriver/
This run's log is located in:
/home/ubuntu/chipyard/sims/firesim/deploy/logs/2026-05-05--03-38-38-runworkload-KQCX7OMJRKCM26ZH.log
This status will update every 10s.
--------------------------------------------------------------------------------
Instances
--------------------------------------------------------------------------------
Hostname/IP: 192.168.1.139 | Terminated: [33mFalse[0m
--------------------------------------------------------------------------------
Simulated Switches
--------------------------------------------------------------------------------
Hostname/IP: 192.168.1.139 | Switch name: switch0 | Switch running: [32mTrue [0m
--------------------------------------------------------------------------------
Simulated Pipes
--------------------------------------------------------------------------------
--------------------------------------------------------------------------------
Simulated Nodes/Jobs
--------------------------------------------------------------------------------
Hostname/IP: 192.168.1.139 | Job: rocket-singlecore-nic-gdbserver-smoke0 | Sim running: [33mTrue [0m
--------------------------------------------------------------------------------
Summary
--------------------------------------------------------------------------------
1/1 instances are still running.
1/1 simulations are still running.
--------------------------------------------------------------------------------
[2J
FireSim Simulation Status @ 2026-05-05 03:47:58.297641
--------------------------------------------------------------------------------
This workload's output is located in:
/home/ubuntu/chipyard/sims/firesim/deploy/results-workload/2026-05-05--03-38-38-rocket-singlecore-nic-gdbserver-smoke-f2-rocket-singlecore-nic-gdbserver-smoke-notrace-clean1bp-recovereddriver/
This run's log is located in:
/home/ubuntu/chipyard/sims/firesim/deploy/logs/2026-05-05--03-38-38-runworkload-KQCX7OMJRKCM26ZH.log
This status will update every 10s.
--------------------------------------------------------------------------------
Instances
--------------------------------------------------------------------------------
Hostname/IP: 192.168.1.139 | Terminated: [33mFalse[0m
--------------------------------------------------------------------------------
Simulated Switches
--------------------------------------------------------------------------------
Hostname/IP: 192.168.1.139 | Switch name: switch0 | Switch running: [32mTrue [0m
--------------------------------------------------------------------------------
Simulated Pipes
--------------------------------------------------------------------------------
--------------------------------------------------------------------------------
Simulated Nodes/Jobs
--------------------------------------------------------------------------------
Hostname/IP: 192.168.1.139 | Job: rocket-singlecore-nic-gdbserver-smoke0 | Sim running: [33mTrue [0m
--------------------------------------------------------------------------------
Summary
--------------------------------------------------------------------------------
1/1 instances are still running.
1/1 simulations are still running.
--------------------------------------------------------------------------------
[2J
FireSim Simulation Status @ 2026-05-05 03:48:08.616319
--------------------------------------------------------------------------------
This workload's output is located in:
/home/ubuntu/chipyard/sims/firesim/deploy/results-workload/2026-05-05--03-38-38-rocket-singlecore-nic-gdbserver-smoke-f2-rocket-singlecore-nic-gdbserver-smoke-notrace-clean1bp-recovereddriver/
This run's log is located in:
/home/ubuntu/chipyard/sims/firesim/deploy/logs/2026-05-05--03-38-38-runworkload-KQCX7OMJRKCM26ZH.log
This status will update every 10s.
--------------------------------------------------------------------------------
Instances
--------------------------------------------------------------------------------
Hostname/IP: 192.168.1.139 | Terminated: [33mFalse[0m
--------------------------------------------------------------------------------
Simulated Switches
--------------------------------------------------------------------------------
Hostname/IP: 192.168.1.139 | Switch name: switch0 | Switch running: [32mTrue [0m
--------------------------------------------------------------------------------
Simulated Pipes
--------------------------------------------------------------------------------
--------------------------------------------------------------------------------
Simulated Nodes/Jobs
--------------------------------------------------------------------------------
Hostname/IP: 192.168.1.139 | Job: rocket-singlecore-nic-gdbserver-smoke0 | Sim running: [33mTrue [0m
--------------------------------------------------------------------------------
Summary
--------------------------------------------------------------------------------
1/1 instances are still running.
1/1 simulations are still running.
--------------------------------------------------------------------------------
[2J
FireSim Simulation Status @ 2026-05-05 03:48:18.918523
--------------------------------------------------------------------------------
This workload's output is located in:
/home/ubuntu/chipyard/sims/firesim/deploy/results-workload/2026-05-05--03-38-38-rocket-singlecore-nic-gdbserver-smoke-f2-rocket-singlecore-nic-gdbserver-smoke-notrace-clean1bp-recovereddriver/
This run's log is located in:
/home/ubuntu/chipyard/sims/firesim/deploy/logs/2026-05-05--03-38-38-runworkload-KQCX7OMJRKCM26ZH.log
This status will update every 10s.
--------------------------------------------------------------------------------
Instances
--------------------------------------------------------------------------------
Hostname/IP: 192.168.1.139 | Terminated: [33mFalse[0m
--------------------------------------------------------------------------------
Simulated Switches
--------------------------------------------------------------------------------
Hostname/IP: 192.168.1.139 | Switch name: switch0 | Switch running: [32mTrue [0m
--------------------------------------------------------------------------------
Simulated Pipes
--------------------------------------------------------------------------------
--------------------------------------------------------------------------------
Simulated Nodes/Jobs
--------------------------------------------------------------------------------
Hostname/IP: 192.168.1.139 | Job: rocket-singlecore-nic-gdbserver-smoke0 | Sim running: [33mTrue [0m
--------------------------------------------------------------------------------
Summary
--------------------------------------------------------------------------------
1/1 instances are still running.
1/1 simulations are still running.
--------------------------------------------------------------------------------
[2J
FireSim Simulation Status @ 2026-05-05 03:48:29.219721
--------------------------------------------------------------------------------
This workload's output is located in:
/home/ubuntu/chipyard/sims/firesim/deploy/results-workload/2026-05-05--03-38-38-rocket-singlecore-nic-gdbserver-smoke-f2-rocket-singlecore-nic-gdbserver-smoke-notrace-clean1bp-recovereddriver/
This run's log is located in:
/home/ubuntu/chipyard/sims/firesim/deploy/logs/2026-05-05--03-38-38-runworkload-KQCX7OMJRKCM26ZH.log
This status will update every 10s.
--------------------------------------------------------------------------------
Instances
--------------------------------------------------------------------------------
Hostname/IP: 192.168.1.139 | Terminated: [33mFalse[0m
--------------------------------------------------------------------------------
Simulated Switches
--------------------------------------------------------------------------------
Hostname/IP: 192.168.1.139 | Switch name: switch0 | Switch running: [32mTrue [0m
--------------------------------------------------------------------------------
Simulated Pipes
--------------------------------------------------------------------------------
--------------------------------------------------------------------------------
Simulated Nodes/Jobs
--------------------------------------------------------------------------------
Hostname/IP: 192.168.1.139 | Job: rocket-singlecore-nic-gdbserver-smoke0 | Sim running: [33mTrue [0m
--------------------------------------------------------------------------------
Summary
--------------------------------------------------------------------------------
1/1 instances are still running.
1/1 simulations are still running.
--------------------------------------------------------------------------------
[2J
FireSim Simulation Status @ 2026-05-05 03:48:39.528358
--------------------------------------------------------------------------------
This workload's output is located in:
/home/ubuntu/chipyard/sims/firesim/deploy/results-workload/2026-05-05--03-38-38-rocket-singlecore-nic-gdbserver-smoke-f2-rocket-singlecore-nic-gdbserver-smoke-notrace-clean1bp-recovereddriver/
This run's log is located in:
/home/ubuntu/chipyard/sims/firesim/deploy/logs/2026-05-05--03-38-38-runworkload-KQCX7OMJRKCM26ZH.log
This status will update every 10s.
--------------------------------------------------------------------------------
Instances
--------------------------------------------------------------------------------
Hostname/IP: 192.168.1.139 | Terminated: [33mFalse[0m
--------------------------------------------------------------------------------
Simulated Switches
--------------------------------------------------------------------------------
Hostname/IP: 192.168.1.139 | Switch name: switch0 | Switch running: [32mTrue [0m
--------------------------------------------------------------------------------
Simulated Pipes
--------------------------------------------------------------------------------
--------------------------------------------------------------------------------
Simulated Nodes/Jobs
--------------------------------------------------------------------------------
Hostname/IP: 192.168.1.139 | Job: rocket-singlecore-nic-gdbserver-smoke0 | Sim running: [33mTrue [0m
--------------------------------------------------------------------------------
Summary
--------------------------------------------------------------------------------
1/1 instances are still running.
1/1 simulations are still running.
--------------------------------------------------------------------------------
[2J
FireSim Simulation Status @ 2026-05-05 03:48:49.837468
--------------------------------------------------------------------------------
This workload's output is located in:
/home/ubuntu/chipyard/sims/firesim/deploy/results-workload/2026-05-05--03-38-38-rocket-singlecore-nic-gdbserver-smoke-f2-rocket-singlecore-nic-gdbserver-smoke-notrace-clean1bp-recovereddriver/
This run's log is located in:
/home/ubuntu/chipyard/sims/firesim/deploy/logs/2026-05-05--03-38-38-runworkload-KQCX7OMJRKCM26ZH.log
This status will update every 10s.
--------------------------------------------------------------------------------
Instances
--------------------------------------------------------------------------------
Hostname/IP: 192.168.1.139 | Terminated: [33mFalse[0m
--------------------------------------------------------------------------------
Simulated Switches
--------------------------------------------------------------------------------
Hostname/IP: 192.168.1.139 | Switch name: switch0 | Switch running: [32mTrue [0m
--------------------------------------------------------------------------------
Simulated Pipes
--------------------------------------------------------------------------------
--------------------------------------------------------------------------------
Simulated Nodes/Jobs
--------------------------------------------------------------------------------
Hostname/IP: 192.168.1.139 | Job: rocket-singlecore-nic-gdbserver-smoke0 | Sim running: [33mTrue [0m
--------------------------------------------------------------------------------
Summary
--------------------------------------------------------------------------------
1/1 instances are still running.
1/1 simulations are still running.
--------------------------------------------------------------------------------
[2J
FireSim Simulation Status @ 2026-05-05 03:49:00.151562
--------------------------------------------------------------------------------
This workload's output is located in:
/home/ubuntu/chipyard/sims/firesim/deploy/results-workload/2026-05-05--03-38-38-rocket-singlecore-nic-gdbserver-smoke-f2-rocket-singlecore-nic-gdbserver-smoke-notrace-clean1bp-recovereddriver/
This run's log is located in:
/home/ubuntu/chipyard/sims/firesim/deploy/logs/2026-05-05--03-38-38-runworkload-KQCX7OMJRKCM26ZH.log
This status will update every 10s.
--------------------------------------------------------------------------------
Instances
--------------------------------------------------------------------------------
Hostname/IP: 192.168.1.139 | Terminated: [33mFalse[0m
--------------------------------------------------------------------------------
Simulated Switches
--------------------------------------------------------------------------------
Hostname/IP: 192.168.1.139 | Switch name: switch0 | Switch running: [32mTrue [0m
--------------------------------------------------------------------------------
Simulated Pipes
--------------------------------------------------------------------------------
--------------------------------------------------------------------------------
Simulated Nodes/Jobs
--------------------------------------------------------------------------------
Hostname/IP: 192.168.1.139 | Job: rocket-singlecore-nic-gdbserver-smoke0 | Sim running: [33mTrue [0m
--------------------------------------------------------------------------------
Summary
--------------------------------------------------------------------------------
1/1 instances are still running.
1/1 simulations are still running.
--------------------------------------------------------------------------------
[2J
FireSim Simulation Status @ 2026-05-05 03:49:10.460238
--------------------------------------------------------------------------------
This workload's output is located in:
/home/ubuntu/chipyard/sims/firesim/deploy/results-workload/2026-05-05--03-38-38-rocket-singlecore-nic-gdbserver-smoke-f2-rocket-singlecore-nic-gdbserver-smoke-notrace-clean1bp-recovereddriver/
This run's log is located in:
/home/ubuntu/chipyard/sims/firesim/deploy/logs/2026-05-05--03-38-38-runworkload-KQCX7OMJRKCM26ZH.log
This status will update every 10s.
--------------------------------------------------------------------------------
Instances
--------------------------------------------------------------------------------
Hostname/IP: 192.168.1.139 | Terminated: [33mFalse[0m
--------------------------------------------------------------------------------
Simulated Switches
--------------------------------------------------------------------------------
Hostname/IP: 192.168.1.139 | Switch name: switch0 | Switch running: [32mTrue [0m
--------------------------------------------------------------------------------
Simulated Pipes
--------------------------------------------------------------------------------
--------------------------------------------------------------------------------
Simulated Nodes/Jobs
--------------------------------------------------------------------------------
Hostname/IP: 192.168.1.139 | Job: rocket-singlecore-nic-gdbserver-smoke0 | Sim running: [33mTrue [0m
--------------------------------------------------------------------------------
Summary
--------------------------------------------------------------------------------
1/1 instances are still running.
1/1 simulations are still running.
--------------------------------------------------------------------------------
[2J
FireSim Simulation Status @ 2026-05-05 03:49:20.789549
--------------------------------------------------------------------------------
This workload's output is located in:
/home/ubuntu/chipyard/sims/firesim/deploy/results-workload/2026-05-05--03-38-38-rocket-singlecore-nic-gdbserver-smoke-f2-rocket-singlecore-nic-gdbserver-smoke-notrace-clean1bp-recovereddriver/
This run's log is located in:
/home/ubuntu/chipyard/sims/firesim/deploy/logs/2026-05-05--03-38-38-runworkload-KQCX7OMJRKCM26ZH.log
This status will update every 10s.
--------------------------------------------------------------------------------
Instances
--------------------------------------------------------------------------------
Hostname/IP: 192.168.1.139 | Terminated: [33mFalse[0m
--------------------------------------------------------------------------------
Simulated Switches
--------------------------------------------------------------------------------
Hostname/IP: 192.168.1.139 | Switch name: switch0 | Switch running: [32mTrue [0m
--------------------------------------------------------------------------------
Simulated Pipes
--------------------------------------------------------------------------------
--------------------------------------------------------------------------------
Simulated Nodes/Jobs
--------------------------------------------------------------------------------
Hostname/IP: 192.168.1.139 | Job: rocket-singlecore-nic-gdbserver-smoke0 | Sim running: [33mTrue [0m
--------------------------------------------------------------------------------
Summary
--------------------------------------------------------------------------------
1/1 instances are still running.
1/1 simulations are still running.
--------------------------------------------------------------------------------
[2J
FireSim Simulation Status @ 2026-05-05 03:49:31.104341
--------------------------------------------------------------------------------
This workload's output is located in:
/home/ubuntu/chipyard/sims/firesim/deploy/results-workload/2026-05-05--03-38-38-rocket-singlecore-nic-gdbserver-smoke-f2-rocket-singlecore-nic-gdbserver-smoke-notrace-clean1bp-recovereddriver/
This run's log is located in:
/home/ubuntu/chipyard/sims/firesim/deploy/logs/2026-05-05--03-38-38-runworkload-KQCX7OMJRKCM26ZH.log
This status will update every 10s.
--------------------------------------------------------------------------------
Instances
--------------------------------------------------------------------------------
Hostname/IP: 192.168.1.139 | Terminated: [33mFalse[0m
--------------------------------------------------------------------------------
Simulated Switches
--------------------------------------------------------------------------------
Hostname/IP: 192.168.1.139 | Switch name: switch0 | Switch running: [32mTrue [0m
--------------------------------------------------------------------------------
Simulated Pipes
--------------------------------------------------------------------------------
--------------------------------------------------------------------------------
Simulated Nodes/Jobs
--------------------------------------------------------------------------------
Hostname/IP: 192.168.1.139 | Job: rocket-singlecore-nic-gdbserver-smoke0 | Sim running: [33mTrue [0m
--------------------------------------------------------------------------------
Summary
--------------------------------------------------------------------------------
1/1 instances are still running.
1/1 simulations are still running.
--------------------------------------------------------------------------------
[2J
FireSim Simulation Status @ 2026-05-05 03:49:41.423576
--------------------------------------------------------------------------------
This workload's output is located in:
/home/ubuntu/chipyard/sims/firesim/deploy/results-workload/2026-05-05--03-38-38-rocket-singlecore-nic-gdbserver-smoke-f2-rocket-singlecore-nic-gdbserver-smoke-notrace-clean1bp-recovereddriver/
This run's log is located in:
/home/ubuntu/chipyard/sims/firesim/deploy/logs/2026-05-05--03-38-38-runworkload-KQCX7OMJRKCM26ZH.log
This status will update every 10s.
--------------------------------------------------------------------------------
Instances
--------------------------------------------------------------------------------
Hostname/IP: 192.168.1.139 | Terminated: [33mFalse[0m
--------------------------------------------------------------------------------
Simulated Switches
--------------------------------------------------------------------------------
Hostname/IP: 192.168.1.139 | Switch name: switch0 | Switch running: [32mTrue [0m
--------------------------------------------------------------------------------
Simulated Pipes
--------------------------------------------------------------------------------
--------------------------------------------------------------------------------
Simulated Nodes/Jobs
--------------------------------------------------------------------------------
Hostname/IP: 192.168.1.139 | Job: rocket-singlecore-nic-gdbserver-smoke0 | Sim running: [33mTrue [0m
--------------------------------------------------------------------------------
Summary
--------------------------------------------------------------------------------
1/1 instances are still running.
1/1 simulations are still running.
--------------------------------------------------------------------------------
[2J
FireSim Simulation Status @ 2026-05-05 03:49:51.742651
--------------------------------------------------------------------------------
This workload's output is located in:
/home/ubuntu/chipyard/sims/firesim/deploy/results-workload/2026-05-05--03-38-38-rocket-singlecore-nic-gdbserver-smoke-f2-rocket-singlecore-nic-gdbserver-smoke-notrace-clean1bp-recovereddriver/
This run's log is located in:
/home/ubuntu/chipyard/sims/firesim/deploy/logs/2026-05-05--03-38-38-runworkload-KQCX7OMJRKCM26ZH.log
This status will update every 10s.
--------------------------------------------------------------------------------
Instances
--------------------------------------------------------------------------------
Hostname/IP: 192.168.1.139 | Terminated: [33mFalse[0m
--------------------------------------------------------------------------------
Simulated Switches
--------------------------------------------------------------------------------
Hostname/IP: 192.168.1.139 | Switch name: switch0 | Switch running: [32mTrue [0m
--------------------------------------------------------------------------------
Simulated Pipes
--------------------------------------------------------------------------------
--------------------------------------------------------------------------------
Simulated Nodes/Jobs
--------------------------------------------------------------------------------
Hostname/IP: 192.168.1.139 | Job: rocket-singlecore-nic-gdbserver-smoke0 | Sim running: [33mTrue [0m
--------------------------------------------------------------------------------
Summary
--------------------------------------------------------------------------------
1/1 instances are still running.
1/1 simulations are still running.
--------------------------------------------------------------------------------
[2J
FireSim Simulation Status @ 2026-05-05 03:50:02.049133
--------------------------------------------------------------------------------
This workload's output is located in:
/home/ubuntu/chipyard/sims/firesim/deploy/results-workload/2026-05-05--03-38-38-rocket-singlecore-nic-gdbserver-smoke-f2-rocket-singlecore-nic-gdbserver-smoke-notrace-clean1bp-recovereddriver/
This run's log is located in:
/home/ubuntu/chipyard/sims/firesim/deploy/logs/2026-05-05--03-38-38-runworkload-KQCX7OMJRKCM26ZH.log
This status will update every 10s.
--------------------------------------------------------------------------------
Instances
--------------------------------------------------------------------------------
Hostname/IP: 192.168.1.139 | Terminated: [33mFalse[0m
--------------------------------------------------------------------------------
Simulated Switches
--------------------------------------------------------------------------------
Hostname/IP: 192.168.1.139 | Switch name: switch0 | Switch running: [32mTrue [0m
--------------------------------------------------------------------------------
Simulated Pipes
--------------------------------------------------------------------------------
--------------------------------------------------------------------------------
Simulated Nodes/Jobs
--------------------------------------------------------------------------------
Hostname/IP: 192.168.1.139 | Job: rocket-singlecore-nic-gdbserver-smoke0 | Sim running: [33mTrue [0m
--------------------------------------------------------------------------------
Summary
--------------------------------------------------------------------------------
1/1 instances are still running.
1/1 simulations are still running.
--------------------------------------------------------------------------------
[2J
FireSim Simulation Status @ 2026-05-05 03:50:12.353075
--------------------------------------------------------------------------------
This workload's output is located in:
/home/ubuntu/chipyard/sims/firesim/deploy/results-workload/2026-05-05--03-38-38-rocket-singlecore-nic-gdbserver-smoke-f2-rocket-singlecore-nic-gdbserver-smoke-notrace-clean1bp-recovereddriver/
This run's log is located in:
/home/ubuntu/chipyard/sims/firesim/deploy/logs/2026-05-05--03-38-38-runworkload-KQCX7OMJRKCM26ZH.log
This status will update every 10s.
--------------------------------------------------------------------------------
Instances
--------------------------------------------------------------------------------
Hostname/IP: 192.168.1.139 | Terminated: [33mFalse[0m
--------------------------------------------------------------------------------
Simulated Switches
--------------------------------------------------------------------------------
Hostname/IP: 192.168.1.139 | Switch name: switch0 | Switch running: [32mTrue [0m
--------------------------------------------------------------------------------
Simulated Pipes
--------------------------------------------------------------------------------
--------------------------------------------------------------------------------
Simulated Nodes/Jobs
--------------------------------------------------------------------------------
Hostname/IP: 192.168.1.139 | Job: rocket-singlecore-nic-gdbserver-smoke0 | Sim running: [33mTrue [0m
--------------------------------------------------------------------------------
Summary
--------------------------------------------------------------------------------
1/1 instances are still running.
1/1 simulations are still running.
--------------------------------------------------------------------------------
[2J
FireSim Simulation Status @ 2026-05-05 03:50:22.672081
--------------------------------------------------------------------------------
This workload's output is located in:
/home/ubuntu/chipyard/sims/firesim/deploy/results-workload/2026-05-05--03-38-38-rocket-singlecore-nic-gdbserver-smoke-f2-rocket-singlecore-nic-gdbserver-smoke-notrace-clean1bp-recovereddriver/
This run's log is located in:
/home/ubuntu/chipyard/sims/firesim/deploy/logs/2026-05-05--03-38-38-runworkload-KQCX7OMJRKCM26ZH.log
This status will update every 10s.
--------------------------------------------------------------------------------
Instances
--------------------------------------------------------------------------------
Hostname/IP: 192.168.1.139 | Terminated: [33mFalse[0m
--------------------------------------------------------------------------------
Simulated Switches
--------------------------------------------------------------------------------
Hostname/IP: 192.168.1.139 | Switch name: switch0 | Switch running: [32mTrue [0m
--------------------------------------------------------------------------------
Simulated Pipes
--------------------------------------------------------------------------------
--------------------------------------------------------------------------------
Simulated Nodes/Jobs
--------------------------------------------------------------------------------
Hostname/IP: 192.168.1.139 | Job: rocket-singlecore-nic-gdbserver-smoke0 | Sim running: [33mTrue [0m
--------------------------------------------------------------------------------
Summary
--------------------------------------------------------------------------------
1/1 instances are still running.
1/1 simulations are still running.
--------------------------------------------------------------------------------
[2J
FireSim Simulation Status @ 2026-05-05 03:50:32.987867
--------------------------------------------------------------------------------
This workload's output is located in:
/home/ubuntu/chipyard/sims/firesim/deploy/results-workload/2026-05-05--03-38-38-rocket-singlecore-nic-gdbserver-smoke-f2-rocket-singlecore-nic-gdbserver-smoke-notrace-clean1bp-recovereddriver/
This run's log is located in:
/home/ubuntu/chipyard/sims/firesim/deploy/logs/2026-05-05--03-38-38-runworkload-KQCX7OMJRKCM26ZH.log
This status will update every 10s.
--------------------------------------------------------------------------------
Instances
--------------------------------------------------------------------------------
Hostname/IP: 192.168.1.139 | Terminated: [33mFalse[0m
--------------------------------------------------------------------------------
Simulated Switches
--------------------------------------------------------------------------------
Hostname/IP: 192.168.1.139 | Switch name: switch0 | Switch running: [32mTrue [0m
--------------------------------------------------------------------------------
Simulated Pipes
--------------------------------------------------------------------------------
--------------------------------------------------------------------------------
Simulated Nodes/Jobs
--------------------------------------------------------------------------------
Hostname/IP: 192.168.1.139 | Job: rocket-singlecore-nic-gdbserver-smoke0 | Sim running: [33mTrue [0m
--------------------------------------------------------------------------------
Summary
--------------------------------------------------------------------------------
1/1 instances are still running.
1/1 simulations are still running.
--------------------------------------------------------------------------------
[2J
FireSim Simulation Status @ 2026-05-05 03:50:43.299371
--------------------------------------------------------------------------------
This workload's output is located in:
/home/ubuntu/chipyard/sims/firesim/deploy/results-workload/2026-05-05--03-38-38-rocket-singlecore-nic-gdbserver-smoke-f2-rocket-singlecore-nic-gdbserver-smoke-notrace-clean1bp-recovereddriver/
This run's log is located in:
/home/ubuntu/chipyard/sims/firesim/deploy/logs/2026-05-05--03-38-38-runworkload-KQCX7OMJRKCM26ZH.log
This status will update every 10s.
--------------------------------------------------------------------------------
Instances
--------------------------------------------------------------------------------
Hostname/IP: 192.168.1.139 | Terminated: [33mFalse[0m
--------------------------------------------------------------------------------
Simulated Switches
--------------------------------------------------------------------------------
Hostname/IP: 192.168.1.139 | Switch name: switch0 | Switch running: [32mTrue [0m
--------------------------------------------------------------------------------
Simulated Pipes
--------------------------------------------------------------------------------
--------------------------------------------------------------------------------
Simulated Nodes/Jobs
--------------------------------------------------------------------------------
Hostname/IP: 192.168.1.139 | Job: rocket-singlecore-nic-gdbserver-smoke0 | Sim running: [33mTrue [0m
--------------------------------------------------------------------------------
Summary
--------------------------------------------------------------------------------
1/1 instances are still running.
1/1 simulations are still running.
--------------------------------------------------------------------------------
[2J
FireSim Simulation Status @ 2026-05-05 03:50:53.606726
--------------------------------------------------------------------------------
This workload's output is located in:
/home/ubuntu/chipyard/sims/firesim/deploy/results-workload/2026-05-05--03-38-38-rocket-singlecore-nic-gdbserver-smoke-f2-rocket-singlecore-nic-gdbserver-smoke-notrace-clean1bp-recovereddriver/
This run's log is located in:
/home/ubuntu/chipyard/sims/firesim/deploy/logs/2026-05-05--03-38-38-runworkload-KQCX7OMJRKCM26ZH.log
This status will update every 10s.
--------------------------------------------------------------------------------
Instances
--------------------------------------------------------------------------------
Hostname/IP: 192.168.1.139 | Terminated: [33mFalse[0m
--------------------------------------------------------------------------------
Simulated Switches
--------------------------------------------------------------------------------
Hostname/IP: 192.168.1.139 | Switch name: switch0 | Switch running: [32mTrue [0m
--------------------------------------------------------------------------------
Simulated Pipes
--------------------------------------------------------------------------------
--------------------------------------------------------------------------------
Simulated Nodes/Jobs
--------------------------------------------------------------------------------
Hostname/IP: 192.168.1.139 | Job: rocket-singlecore-nic-gdbserver-smoke0 | Sim running: [33mTrue [0m
--------------------------------------------------------------------------------
Summary
--------------------------------------------------------------------------------
1/1 instances are still running.
1/1 simulations are still running.
--------------------------------------------------------------------------------
[2J
FireSim Simulation Status @ 2026-05-05 03:51:04.154277
--------------------------------------------------------------------------------
This workload's output is located in:
/home/ubuntu/chipyard/sims/firesim/deploy/results-workload/2026-05-05--03-38-38-rocket-singlecore-nic-gdbserver-smoke-f2-rocket-singlecore-nic-gdbserver-smoke-notrace-clean1bp-recovereddriver/
This run's log is located in:
/home/ubuntu/chipyard/sims/firesim/deploy/logs/2026-05-05--03-38-38-runworkload-KQCX7OMJRKCM26ZH.log
This status will update every 10s.
--------------------------------------------------------------------------------
Instances
--------------------------------------------------------------------------------
Hostname/IP: 192.168.1.139 | Terminated: [33mFalse[0m
--------------------------------------------------------------------------------
Simulated Switches
--------------------------------------------------------------------------------
Hostname/IP: 192.168.1.139 | Switch name: switch0 | Switch running: [32mTrue [0m
--------------------------------------------------------------------------------
Simulated Pipes
--------------------------------------------------------------------------------
--------------------------------------------------------------------------------
Simulated Nodes/Jobs
--------------------------------------------------------------------------------
Hostname/IP: 192.168.1.139 | Job: rocket-singlecore-nic-gdbserver-smoke0 | Sim running: [33mTrue [0m
--------------------------------------------------------------------------------
Summary
--------------------------------------------------------------------------------
1/1 instances are still running.
1/1 simulations are still running.
--------------------------------------------------------------------------------
[2J
FireSim Simulation Status @ 2026-05-05 03:51:14.456356
--------------------------------------------------------------------------------
This workload's output is located in:
/home/ubuntu/chipyard/sims/firesim/deploy/results-workload/2026-05-05--03-38-38-rocket-singlecore-nic-gdbserver-smoke-f2-rocket-singlecore-nic-gdbserver-smoke-notrace-clean1bp-recovereddriver/
This run's log is located in:
/home/ubuntu/chipyard/sims/firesim/deploy/logs/2026-05-05--03-38-38-runworkload-KQCX7OMJRKCM26ZH.log
This status will update every 10s.
--------------------------------------------------------------------------------
Instances
--------------------------------------------------------------------------------
Hostname/IP: 192.168.1.139 | Terminated: [33mFalse[0m
--------------------------------------------------------------------------------
Simulated Switches
--------------------------------------------------------------------------------
Hostname/IP: 192.168.1.139 | Switch name: switch0 | Switch running: [32mTrue [0m
--------------------------------------------------------------------------------
Simulated Pipes
--------------------------------------------------------------------------------
--------------------------------------------------------------------------------
Simulated Nodes/Jobs
--------------------------------------------------------------------------------
Hostname/IP: 192.168.1.139 | Job: rocket-singlecore-nic-gdbserver-smoke0 | Sim running: [33mTrue [0m
--------------------------------------------------------------------------------
Summary
--------------------------------------------------------------------------------
1/1 instances are still running.
1/1 simulations are still running.
--------------------------------------------------------------------------------
[2J
FireSim Simulation Status @ 2026-05-05 03:51:24.768361
--------------------------------------------------------------------------------
This workload's output is located in:
/home/ubuntu/chipyard/sims/firesim/deploy/results-workload/2026-05-05--03-38-38-rocket-singlecore-nic-gdbserver-smoke-f2-rocket-singlecore-nic-gdbserver-smoke-notrace-clean1bp-recovereddriver/
This run's log is located in:
/home/ubuntu/chipyard/sims/firesim/deploy/logs/2026-05-05--03-38-38-runworkload-KQCX7OMJRKCM26ZH.log
This status will update every 10s.
--------------------------------------------------------------------------------
Instances
--------------------------------------------------------------------------------
Hostname/IP: 192.168.1.139 | Terminated: [33mFalse[0m
--------------------------------------------------------------------------------
Simulated Switches
--------------------------------------------------------------------------------
Hostname/IP: 192.168.1.139 | Switch name: switch0 | Switch running: [32mTrue [0m
--------------------------------------------------------------------------------
Simulated Pipes
--------------------------------------------------------------------------------
--------------------------------------------------------------------------------
Simulated Nodes/Jobs
--------------------------------------------------------------------------------
Hostname/IP: 192.168.1.139 | Job: rocket-singlecore-nic-gdbserver-smoke0 | Sim running: [33mTrue [0m
--------------------------------------------------------------------------------
Summary
--------------------------------------------------------------------------------
1/1 instances are still running.
1/1 simulations are still running.
--------------------------------------------------------------------------------
[2J
FireSim Simulation Status @ 2026-05-05 03:51:35.074261
--------------------------------------------------------------------------------
This workload's output is located in:
/home/ubuntu/chipyard/sims/firesim/deploy/results-workload/2026-05-05--03-38-38-rocket-singlecore-nic-gdbserver-smoke-f2-rocket-singlecore-nic-gdbserver-smoke-notrace-clean1bp-recovereddriver/
This run's log is located in:
/home/ubuntu/chipyard/sims/firesim/deploy/logs/2026-05-05--03-38-38-runworkload-KQCX7OMJRKCM26ZH.log
This status will update every 10s.
--------------------------------------------------------------------------------
Instances
--------------------------------------------------------------------------------
Hostname/IP: 192.168.1.139 | Terminated: [33mFalse[0m
--------------------------------------------------------------------------------
Simulated Switches
--------------------------------------------------------------------------------
Hostname/IP: 192.168.1.139 | Switch name: switch0 | Switch running: [32mTrue [0m
--------------------------------------------------------------------------------
Simulated Pipes
--------------------------------------------------------------------------------
--------------------------------------------------------------------------------
Simulated Nodes/Jobs
--------------------------------------------------------------------------------
Hostname/IP: 192.168.1.139 | Job: rocket-singlecore-nic-gdbserver-smoke0 | Sim running: [33mTrue [0m
--------------------------------------------------------------------------------
Summary
--------------------------------------------------------------------------------
1/1 instances are still running.
1/1 simulations are still running.
--------------------------------------------------------------------------------
[2J
FireSim Simulation Status @ 2026-05-05 03:51:45.393482
--------------------------------------------------------------------------------
This workload's output is located in:
/home/ubuntu/chipyard/sims/firesim/deploy/results-workload/2026-05-05--03-38-38-rocket-singlecore-nic-gdbserver-smoke-f2-rocket-singlecore-nic-gdbserver-smoke-notrace-clean1bp-recovereddriver/
This run's log is located in:
/home/ubuntu/chipyard/sims/firesim/deploy/logs/2026-05-05--03-38-38-runworkload-KQCX7OMJRKCM26ZH.log
This status will update every 10s.
--------------------------------------------------------------------------------
Instances
--------------------------------------------------------------------------------
Hostname/IP: 192.168.1.139 | Terminated: [33mFalse[0m
--------------------------------------------------------------------------------
Simulated Switches
--------------------------------------------------------------------------------
Hostname/IP: 192.168.1.139 | Switch name: switch0 | Switch running: [32mTrue [0m
--------------------------------------------------------------------------------
Simulated Pipes
--------------------------------------------------------------------------------
--------------------------------------------------------------------------------
Simulated Nodes/Jobs
--------------------------------------------------------------------------------
Hostname/IP: 192.168.1.139 | Job: rocket-singlecore-nic-gdbserver-smoke0 | Sim running: [33mTrue [0m
--------------------------------------------------------------------------------
Summary
--------------------------------------------------------------------------------
1/1 instances are still running.
1/1 simulations are still running.
--------------------------------------------------------------------------------
[2J
FireSim Simulation Status @ 2026-05-05 03:51:55.702268
--------------------------------------------------------------------------------
This workload's output is located in:
/home/ubuntu/chipyard/sims/firesim/deploy/results-workload/2026-05-05--03-38-38-rocket-singlecore-nic-gdbserver-smoke-f2-rocket-singlecore-nic-gdbserver-smoke-notrace-clean1bp-recovereddriver/
This run's log is located in:
/home/ubuntu/chipyard/sims/firesim/deploy/logs/2026-05-05--03-38-38-runworkload-KQCX7OMJRKCM26ZH.log
This status will update every 10s.
--------------------------------------------------------------------------------
Instances
--------------------------------------------------------------------------------
Hostname/IP: 192.168.1.139 | Terminated: [33mFalse[0m
--------------------------------------------------------------------------------
Simulated Switches
--------------------------------------------------------------------------------
Hostname/IP: 192.168.1.139 | Switch name: switch0 | Switch running: [32mTrue [0m
--------------------------------------------------------------------------------
Simulated Pipes
--------------------------------------------------------------------------------
--------------------------------------------------------------------------------
Simulated Nodes/Jobs
--------------------------------------------------------------------------------
Hostname/IP: 192.168.1.139 | Job: rocket-singlecore-nic-gdbserver-smoke0 | Sim running: [33mTrue [0m
--------------------------------------------------------------------------------
Summary
--------------------------------------------------------------------------------
1/1 instances are still running.
1/1 simulations are still running.
--------------------------------------------------------------------------------
[2J
FireSim Simulation Status @ 2026-05-05 03:52:06.031302
--------------------------------------------------------------------------------
This workload's output is located in:
/home/ubuntu/chipyard/sims/firesim/deploy/results-workload/2026-05-05--03-38-38-rocket-singlecore-nic-gdbserver-smoke-f2-rocket-singlecore-nic-gdbserver-smoke-notrace-clean1bp-recovereddriver/
This run's log is located in:
/home/ubuntu/chipyard/sims/firesim/deploy/logs/2026-05-05--03-38-38-runworkload-KQCX7OMJRKCM26ZH.log
This status will update every 10s.
--------------------------------------------------------------------------------
Instances
--------------------------------------------------------------------------------
Hostname/IP: 192.168.1.139 | Terminated: [33mFalse[0m
--------------------------------------------------------------------------------
Simulated Switches
--------------------------------------------------------------------------------
Hostname/IP: 192.168.1.139 | Switch name: switch0 | Switch running: [32mTrue [0m
--------------------------------------------------------------------------------
Simulated Pipes
--------------------------------------------------------------------------------
--------------------------------------------------------------------------------
Simulated Nodes/Jobs
--------------------------------------------------------------------------------
Hostname/IP: 192.168.1.139 | Job: rocket-singlecore-nic-gdbserver-smoke0 | Sim running: [33mTrue [0m
--------------------------------------------------------------------------------
Summary
--------------------------------------------------------------------------------
1/1 instances are still running.
1/1 simulations are still running.
--------------------------------------------------------------------------------
[2J
FireSim Simulation Status @ 2026-05-05 03:52:16.338636
--------------------------------------------------------------------------------
This workload's output is located in:
/home/ubuntu/chipyard/sims/firesim/deploy/results-workload/2026-05-05--03-38-38-rocket-singlecore-nic-gdbserver-smoke-f2-rocket-singlecore-nic-gdbserver-smoke-notrace-clean1bp-recovereddriver/
This run's log is located in:
/home/ubuntu/chipyard/sims/firesim/deploy/logs/2026-05-05--03-38-38-runworkload-KQCX7OMJRKCM26ZH.log
This status will update every 10s.
--------------------------------------------------------------------------------
Instances
--------------------------------------------------------------------------------
Hostname/IP: 192.168.1.139 | Terminated: [33mFalse[0m
--------------------------------------------------------------------------------
Simulated Switches
--------------------------------------------------------------------------------
Hostname/IP: 192.168.1.139 | Switch name: switch0 | Switch running: [32mTrue [0m
--------------------------------------------------------------------------------
Simulated Pipes
--------------------------------------------------------------------------------
--------------------------------------------------------------------------------
Simulated Nodes/Jobs
--------------------------------------------------------------------------------
Hostname/IP: 192.168.1.139 | Job: rocket-singlecore-nic-gdbserver-smoke0 | Sim running: [33mTrue [0m
--------------------------------------------------------------------------------
Summary
--------------------------------------------------------------------------------
1/1 instances are still running.
1/1 simulations are still running.
--------------------------------------------------------------------------------
[2J
FireSim Simulation Status @ 2026-05-05 03:52:26.637470
--------------------------------------------------------------------------------
This workload's output is located in:
/home/ubuntu/chipyard/sims/firesim/deploy/results-workload/2026-05-05--03-38-38-rocket-singlecore-nic-gdbserver-smoke-f2-rocket-singlecore-nic-gdbserver-smoke-notrace-clean1bp-recovereddriver/
This run's log is located in:
/home/ubuntu/chipyard/sims/firesim/deploy/logs/2026-05-05--03-38-38-runworkload-KQCX7OMJRKCM26ZH.log
This status will update every 10s.
--------------------------------------------------------------------------------
Instances
--------------------------------------------------------------------------------
Hostname/IP: 192.168.1.139 | Terminated: [33mFalse[0m
--------------------------------------------------------------------------------
Simulated Switches
--------------------------------------------------------------------------------
Hostname/IP: 192.168.1.139 | Switch name: switch0 | Switch running: [32mTrue [0m
--------------------------------------------------------------------------------
Simulated Pipes
--------------------------------------------------------------------------------
--------------------------------------------------------------------------------
Simulated Nodes/Jobs
--------------------------------------------------------------------------------
Hostname/IP: 192.168.1.139 | Job: rocket-singlecore-nic-gdbserver-smoke0 | Sim running: [33mTrue [0m
--------------------------------------------------------------------------------
Summary
--------------------------------------------------------------------------------
1/1 instances are still running.
1/1 simulations are still running.
--------------------------------------------------------------------------------
[2J
FireSim Simulation Status @ 2026-05-05 03:52:36.946091
--------------------------------------------------------------------------------
This workload's output is located in:
/home/ubuntu/chipyard/sims/firesim/deploy/results-workload/2026-05-05--03-38-38-rocket-singlecore-nic-gdbserver-smoke-f2-rocket-singlecore-nic-gdbserver-smoke-notrace-clean1bp-recovereddriver/
This run's log is located in:
/home/ubuntu/chipyard/sims/firesim/deploy/logs/2026-05-05--03-38-38-runworkload-KQCX7OMJRKCM26ZH.log
This status will update every 10s.
--------------------------------------------------------------------------------
Instances
--------------------------------------------------------------------------------
Hostname/IP: 192.168.1.139 | Terminated: [33mFalse[0m
--------------------------------------------------------------------------------
Simulated Switches
--------------------------------------------------------------------------------
Hostname/IP: 192.168.1.139 | Switch name: switch0 | Switch running: [32mTrue [0m
--------------------------------------------------------------------------------
Simulated Pipes
--------------------------------------------------------------------------------
--------------------------------------------------------------------------------
Simulated Nodes/Jobs
--------------------------------------------------------------------------------
Hostname/IP: 192.168.1.139 | Job: rocket-singlecore-nic-gdbserver-smoke0 | Sim running: [33mTrue [0m
--------------------------------------------------------------------------------
Summary
--------------------------------------------------------------------------------
1/1 instances are still running.
1/1 simulations are still running.
--------------------------------------------------------------------------------
[2J
FireSim Simulation Status @ 2026-05-05 03:52:47.265485
--------------------------------------------------------------------------------
This workload's output is located in:
/home/ubuntu/chipyard/sims/firesim/deploy/results-workload/2026-05-05--03-38-38-rocket-singlecore-nic-gdbserver-smoke-f2-rocket-singlecore-nic-gdbserver-smoke-notrace-clean1bp-recovereddriver/
This run's log is located in:
/home/ubuntu/chipyard/sims/firesim/deploy/logs/2026-05-05--03-38-38-runworkload-KQCX7OMJRKCM26ZH.log
This status will update every 10s.
--------------------------------------------------------------------------------
Instances
--------------------------------------------------------------------------------
Hostname/IP: 192.168.1.139 | Terminated: [33mFalse[0m
--------------------------------------------------------------------------------
Simulated Switches
--------------------------------------------------------------------------------
Hostname/IP: 192.168.1.139 | Switch name: switch0 | Switch running: [32mTrue [0m
--------------------------------------------------------------------------------
Simulated Pipes
--------------------------------------------------------------------------------
--------------------------------------------------------------------------------
Simulated Nodes/Jobs
--------------------------------------------------------------------------------
Hostname/IP: 192.168.1.139 | Job: rocket-singlecore-nic-gdbserver-smoke0 | Sim running: [33mTrue [0m
--------------------------------------------------------------------------------
Summary
--------------------------------------------------------------------------------
1/1 instances are still running.
1/1 simulations are still running.
--------------------------------------------------------------------------------
[2J
FireSim Simulation Status @ 2026-05-05 03:52:57.573296
--------------------------------------------------------------------------------
This workload's output is located in:
/home/ubuntu/chipyard/sims/firesim/deploy/results-workload/2026-05-05--03-38-38-rocket-singlecore-nic-gdbserver-smoke-f2-rocket-singlecore-nic-gdbserver-smoke-notrace-clean1bp-recovereddriver/
This run's log is located in:
/home/ubuntu/chipyard/sims/firesim/deploy/logs/2026-05-05--03-38-38-runworkload-KQCX7OMJRKCM26ZH.log
This status will update every 10s.
--------------------------------------------------------------------------------
Instances
--------------------------------------------------------------------------------
Hostname/IP: 192.168.1.139 | Terminated: [33mFalse[0m
--------------------------------------------------------------------------------
Simulated Switches
--------------------------------------------------------------------------------
Hostname/IP: 192.168.1.139 | Switch name: switch0 | Switch running: [32mTrue [0m
--------------------------------------------------------------------------------
Simulated Pipes
--------------------------------------------------------------------------------
--------------------------------------------------------------------------------
Simulated Nodes/Jobs
--------------------------------------------------------------------------------
Hostname/IP: 192.168.1.139 | Job: rocket-singlecore-nic-gdbserver-smoke0 | Sim running: [33mTrue [0m
--------------------------------------------------------------------------------
Summary
--------------------------------------------------------------------------------
1/1 instances are still running.
1/1 simulations are still running.
--------------------------------------------------------------------------------
[2J
FireSim Simulation Status @ 2026-05-05 03:53:07.877448
--------------------------------------------------------------------------------
This workload's output is located in:
/home/ubuntu/chipyard/sims/firesim/deploy/results-workload/2026-05-05--03-38-38-rocket-singlecore-nic-gdbserver-smoke-f2-rocket-singlecore-nic-gdbserver-smoke-notrace-clean1bp-recovereddriver/
This run's log is located in:
/home/ubuntu/chipyard/sims/firesim/deploy/logs/2026-05-05--03-38-38-runworkload-KQCX7OMJRKCM26ZH.log
This status will update every 10s.
--------------------------------------------------------------------------------
Instances
--------------------------------------------------------------------------------
Hostname/IP: 192.168.1.139 | Terminated: [33mFalse[0m
--------------------------------------------------------------------------------
Simulated Switches
--------------------------------------------------------------------------------
Hostname/IP: 192.168.1.139 | Switch name: switch0 | Switch running: [32mTrue [0m
--------------------------------------------------------------------------------
Simulated Pipes
--------------------------------------------------------------------------------
--------------------------------------------------------------------------------
Simulated Nodes/Jobs
--------------------------------------------------------------------------------
Hostname/IP: 192.168.1.139 | Job: rocket-singlecore-nic-gdbserver-smoke0 | Sim running: [33mTrue [0m
--------------------------------------------------------------------------------
Summary
--------------------------------------------------------------------------------
1/1 instances are still running.
1/1 simulations are still running.
--------------------------------------------------------------------------------
[2J
FireSim Simulation Status @ 2026-05-05 03:53:18.189710
--------------------------------------------------------------------------------
This workload's output is located in:
/home/ubuntu/chipyard/sims/firesim/deploy/results-workload/2026-05-05--03-38-38-rocket-singlecore-nic-gdbserver-smoke-f2-rocket-singlecore-nic-gdbserver-smoke-notrace-clean1bp-recovereddriver/
This run's log is located in:
/home/ubuntu/chipyard/sims/firesim/deploy/logs/2026-05-05--03-38-38-runworkload-KQCX7OMJRKCM26ZH.log
This status will update every 10s.
--------------------------------------------------------------------------------
Instances
--------------------------------------------------------------------------------
Hostname/IP: 192.168.1.139 | Terminated: [33mFalse[0m
--------------------------------------------------------------------------------
Simulated Switches
--------------------------------------------------------------------------------
Hostname/IP: 192.168.1.139 | Switch name: switch0 | Switch running: [32mTrue [0m
--------------------------------------------------------------------------------
Simulated Pipes
--------------------------------------------------------------------------------
--------------------------------------------------------------------------------
Simulated Nodes/Jobs
--------------------------------------------------------------------------------
Hostname/IP: 192.168.1.139 | Job: rocket-singlecore-nic-gdbserver-smoke0 | Sim running: [33mTrue [0m
--------------------------------------------------------------------------------
Summary
--------------------------------------------------------------------------------
1/1 instances are still running.
1/1 simulations are still running.
--------------------------------------------------------------------------------
[2J
FireSim Simulation Status @ 2026-05-05 03:53:28.502354
--------------------------------------------------------------------------------
This workload's output is located in:
/home/ubuntu/chipyard/sims/firesim/deploy/results-workload/2026-05-05--03-38-38-rocket-singlecore-nic-gdbserver-smoke-f2-rocket-singlecore-nic-gdbserver-smoke-notrace-clean1bp-recovereddriver/
This run's log is located in:
/home/ubuntu/chipyard/sims/firesim/deploy/logs/2026-05-05--03-38-38-runworkload-KQCX7OMJRKCM26ZH.log
This status will update every 10s.
--------------------------------------------------------------------------------
Instances
--------------------------------------------------------------------------------
Hostname/IP: 192.168.1.139 | Terminated: [33mFalse[0m
--------------------------------------------------------------------------------
Simulated Switches
--------------------------------------------------------------------------------
Hostname/IP: 192.168.1.139 | Switch name: switch0 | Switch running: [32mTrue [0m
--------------------------------------------------------------------------------
Simulated Pipes
--------------------------------------------------------------------------------
--------------------------------------------------------------------------------
Simulated Nodes/Jobs
--------------------------------------------------------------------------------
Hostname/IP: 192.168.1.139 | Job: rocket-singlecore-nic-gdbserver-smoke0 | Sim running: [33mTrue [0m
--------------------------------------------------------------------------------
Summary
--------------------------------------------------------------------------------
1/1 instances are still running.
1/1 simulations are still running.
--------------------------------------------------------------------------------
[2J
FireSim Simulation Status @ 2026-05-05 03:53:38.821418
--------------------------------------------------------------------------------
This workload's output is located in:
/home/ubuntu/chipyard/sims/firesim/deploy/results-workload/2026-05-05--03-38-38-rocket-singlecore-nic-gdbserver-smoke-f2-rocket-singlecore-nic-gdbserver-smoke-notrace-clean1bp-recovereddriver/
This run's log is located in:
/home/ubuntu/chipyard/sims/firesim/deploy/logs/2026-05-05--03-38-38-runworkload-KQCX7OMJRKCM26ZH.log
This status will update every 10s.
--------------------------------------------------------------------------------
Instances
--------------------------------------------------------------------------------
Hostname/IP: 192.168.1.139 | Terminated: [33mFalse[0m
--------------------------------------------------------------------------------
Simulated Switches
--------------------------------------------------------------------------------
Hostname/IP: 192.168.1.139 | Switch name: switch0 | Switch running: [32mTrue [0m
--------------------------------------------------------------------------------
Simulated Pipes
--------------------------------------------------------------------------------
--------------------------------------------------------------------------------
Simulated Nodes/Jobs
--------------------------------------------------------------------------------
Hostname/IP: 192.168.1.139 | Job: rocket-singlecore-nic-gdbserver-smoke0 | Sim running: [33mTrue [0m
--------------------------------------------------------------------------------
Summary
--------------------------------------------------------------------------------
1/1 instances are still running.
1/1 simulations are still running.
--------------------------------------------------------------------------------
[2J
FireSim Simulation Status @ 2026-05-05 03:53:49.128968
--------------------------------------------------------------------------------
This workload's output is located in:
/home/ubuntu/chipyard/sims/firesim/deploy/results-workload/2026-05-05--03-38-38-rocket-singlecore-nic-gdbserver-smoke-f2-rocket-singlecore-nic-gdbserver-smoke-notrace-clean1bp-recovereddriver/
This run's log is located in:
/home/ubuntu/chipyard/sims/firesim/deploy/logs/2026-05-05--03-38-38-runworkload-KQCX7OMJRKCM26ZH.log
This status will update every 10s.
--------------------------------------------------------------------------------
Instances
--------------------------------------------------------------------------------
Hostname/IP: 192.168.1.139 | Terminated: [33mFalse[0m
--------------------------------------------------------------------------------
Simulated Switches
--------------------------------------------------------------------------------
Hostname/IP: 192.168.1.139 | Switch name: switch0 | Switch running: [32mTrue [0m
--------------------------------------------------------------------------------
Simulated Pipes
--------------------------------------------------------------------------------
--------------------------------------------------------------------------------
Simulated Nodes/Jobs
--------------------------------------------------------------------------------
Hostname/IP: 192.168.1.139 | Job: rocket-singlecore-nic-gdbserver-smoke0 | Sim running: [33mTrue [0m
--------------------------------------------------------------------------------
Summary
--------------------------------------------------------------------------------
1/1 instances are still running.
1/1 simulations are still running.
--------------------------------------------------------------------------------
[2J
FireSim Simulation Status @ 2026-05-05 03:53:59.437315
--------------------------------------------------------------------------------
This workload's output is located in:
/home/ubuntu/chipyard/sims/firesim/deploy/results-workload/2026-05-05--03-38-38-rocket-singlecore-nic-gdbserver-smoke-f2-rocket-singlecore-nic-gdbserver-smoke-notrace-clean1bp-recovereddriver/
This run's log is located in:
/home/ubuntu/chipyard/sims/firesim/deploy/logs/2026-05-05--03-38-38-runworkload-KQCX7OMJRKCM26ZH.log
This status will update every 10s.
--------------------------------------------------------------------------------
Instances
--------------------------------------------------------------------------------
Hostname/IP: 192.168.1.139 | Terminated: [33mFalse[0m
--------------------------------------------------------------------------------
Simulated Switches
--------------------------------------------------------------------------------
Hostname/IP: 192.168.1.139 | Switch name: switch0 | Switch running: [32mTrue [0m
--------------------------------------------------------------------------------
Simulated Pipes
--------------------------------------------------------------------------------
--------------------------------------------------------------------------------
Simulated Nodes/Jobs
--------------------------------------------------------------------------------
Hostname/IP: 192.168.1.139 | Job: rocket-singlecore-nic-gdbserver-smoke0 | Sim running: [33mTrue [0m
--------------------------------------------------------------------------------
Summary
--------------------------------------------------------------------------------
1/1 instances are still running.
1/1 simulations are still running.
--------------------------------------------------------------------------------
[2J
FireSim Simulation Status @ 2026-05-05 03:54:09.988999
--------------------------------------------------------------------------------
This workload's output is located in:
/home/ubuntu/chipyard/sims/firesim/deploy/results-workload/2026-05-05--03-38-38-rocket-singlecore-nic-gdbserver-smoke-f2-rocket-singlecore-nic-gdbserver-smoke-notrace-clean1bp-recovereddriver/
This run's log is located in:
/home/ubuntu/chipyard/sims/firesim/deploy/logs/2026-05-05--03-38-38-runworkload-KQCX7OMJRKCM26ZH.log
This status will update every 10s.
--------------------------------------------------------------------------------
Instances
--------------------------------------------------------------------------------
Hostname/IP: 192.168.1.139 | Terminated: [33mFalse[0m
--------------------------------------------------------------------------------
Simulated Switches
--------------------------------------------------------------------------------
Hostname/IP: 192.168.1.139 | Switch name: switch0 | Switch running: [32mTrue [0m
--------------------------------------------------------------------------------
Simulated Pipes
--------------------------------------------------------------------------------
--------------------------------------------------------------------------------
Simulated Nodes/Jobs
--------------------------------------------------------------------------------
Hostname/IP: 192.168.1.139 | Job: rocket-singlecore-nic-gdbserver-smoke0 | Sim running: [33mTrue [0m
--------------------------------------------------------------------------------
Summary
--------------------------------------------------------------------------------
1/1 instances are still running.
1/1 simulations are still running.
--------------------------------------------------------------------------------
[2J
FireSim Simulation Status @ 2026-05-05 03:54:20.299995
--------------------------------------------------------------------------------
This workload's output is located in:
/home/ubuntu/chipyard/sims/firesim/deploy/results-workload/2026-05-05--03-38-38-rocket-singlecore-nic-gdbserver-smoke-f2-rocket-singlecore-nic-gdbserver-smoke-notrace-clean1bp-recovereddriver/
This run's log is located in:
/home/ubuntu/chipyard/sims/firesim/deploy/logs/2026-05-05--03-38-38-runworkload-KQCX7OMJRKCM26ZH.log
This status will update every 10s.
--------------------------------------------------------------------------------
Instances
--------------------------------------------------------------------------------
Hostname/IP: 192.168.1.139 | Terminated: [33mFalse[0m
--------------------------------------------------------------------------------
Simulated Switches
--------------------------------------------------------------------------------
Hostname/IP: 192.168.1.139 | Switch name: switch0 | Switch running: [32mTrue [0m
--------------------------------------------------------------------------------
Simulated Pipes
--------------------------------------------------------------------------------
--------------------------------------------------------------------------------
Simulated Nodes/Jobs
--------------------------------------------------------------------------------
Hostname/IP: 192.168.1.139 | Job: rocket-singlecore-nic-gdbserver-smoke0 | Sim running: [33mTrue [0m
--------------------------------------------------------------------------------
Summary
--------------------------------------------------------------------------------
1/1 instances are still running.
1/1 simulations are still running.
--------------------------------------------------------------------------------
[2J
FireSim Simulation Status @ 2026-05-05 03:54:30.605604
--------------------------------------------------------------------------------
This workload's output is located in:
/home/ubuntu/chipyard/sims/firesim/deploy/results-workload/2026-05-05--03-38-38-rocket-singlecore-nic-gdbserver-smoke-f2-rocket-singlecore-nic-gdbserver-smoke-notrace-clean1bp-recovereddriver/
This run's log is located in:
/home/ubuntu/chipyard/sims/firesim/deploy/logs/2026-05-05--03-38-38-runworkload-KQCX7OMJRKCM26ZH.log
This status will update every 10s.
--------------------------------------------------------------------------------
Instances
--------------------------------------------------------------------------------
Hostname/IP: 192.168.1.139 | Terminated: [33mFalse[0m
--------------------------------------------------------------------------------
Simulated Switches
--------------------------------------------------------------------------------
Hostname/IP: 192.168.1.139 | Switch name: switch0 | Switch running: [32mTrue [0m
--------------------------------------------------------------------------------
Simulated Pipes
--------------------------------------------------------------------------------
--------------------------------------------------------------------------------
Simulated Nodes/Jobs
--------------------------------------------------------------------------------
Hostname/IP: 192.168.1.139 | Job: rocket-singlecore-nic-gdbserver-smoke0 | Sim running: [33mTrue [0m
--------------------------------------------------------------------------------
Summary
--------------------------------------------------------------------------------
1/1 instances are still running.
1/1 simulations are still running.
--------------------------------------------------------------------------------
[2J
FireSim Simulation Status @ 2026-05-05 03:54:40.910442
--------------------------------------------------------------------------------
This workload's output is located in:
/home/ubuntu/chipyard/sims/firesim/deploy/results-workload/2026-05-05--03-38-38-rocket-singlecore-nic-gdbserver-smoke-f2-rocket-singlecore-nic-gdbserver-smoke-notrace-clean1bp-recovereddriver/
This run's log is located in:
/home/ubuntu/chipyard/sims/firesim/deploy/logs/2026-05-05--03-38-38-runworkload-KQCX7OMJRKCM26ZH.log
This status will update every 10s.
--------------------------------------------------------------------------------
Instances
--------------------------------------------------------------------------------
Hostname/IP: 192.168.1.139 | Terminated: [33mFalse[0m
--------------------------------------------------------------------------------
Simulated Switches
--------------------------------------------------------------------------------
Hostname/IP: 192.168.1.139 | Switch name: switch0 | Switch running: [32mTrue [0m
--------------------------------------------------------------------------------
Simulated Pipes
--------------------------------------------------------------------------------
--------------------------------------------------------------------------------
Simulated Nodes/Jobs
--------------------------------------------------------------------------------
Hostname/IP: 192.168.1.139 | Job: rocket-singlecore-nic-gdbserver-smoke0 | Sim running: [33mTrue [0m
--------------------------------------------------------------------------------
Summary
--------------------------------------------------------------------------------
1/1 instances are still running.
1/1 simulations are still running.
--------------------------------------------------------------------------------
[2J
FireSim Simulation Status @ 2026-05-05 03:54:51.219233
--------------------------------------------------------------------------------
This workload's output is located in:
/home/ubuntu/chipyard/sims/firesim/deploy/results-workload/2026-05-05--03-38-38-rocket-singlecore-nic-gdbserver-smoke-f2-rocket-singlecore-nic-gdbserver-smoke-notrace-clean1bp-recovereddriver/
This run's log is located in:
/home/ubuntu/chipyard/sims/firesim/deploy/logs/2026-05-05--03-38-38-runworkload-KQCX7OMJRKCM26ZH.log
This status will update every 10s.
--------------------------------------------------------------------------------
Instances
--------------------------------------------------------------------------------
Hostname/IP: 192.168.1.139 | Terminated: [33mFalse[0m
--------------------------------------------------------------------------------
Simulated Switches
--------------------------------------------------------------------------------
Hostname/IP: 192.168.1.139 | Switch name: switch0 | Switch running: [32mTrue [0m
--------------------------------------------------------------------------------
Simulated Pipes
--------------------------------------------------------------------------------
--------------------------------------------------------------------------------
Simulated Nodes/Jobs
--------------------------------------------------------------------------------
Hostname/IP: 192.168.1.139 | Job: rocket-singlecore-nic-gdbserver-smoke0 | Sim running: [33mTrue [0m
--------------------------------------------------------------------------------
Summary
--------------------------------------------------------------------------------
1/1 instances are still running.
1/1 simulations are still running.
--------------------------------------------------------------------------------
[2J
FireSim Simulation Status @ 2026-05-05 03:55:01.525146
--------------------------------------------------------------------------------
This workload's output is located in:
/home/ubuntu/chipyard/sims/firesim/deploy/results-workload/2026-05-05--03-38-38-rocket-singlecore-nic-gdbserver-smoke-f2-rocket-singlecore-nic-gdbserver-smoke-notrace-clean1bp-recovereddriver/
This run's log is located in:
/home/ubuntu/chipyard/sims/firesim/deploy/logs/2026-05-05--03-38-38-runworkload-KQCX7OMJRKCM26ZH.log
This status will update every 10s.
--------------------------------------------------------------------------------
Instances
--------------------------------------------------------------------------------
Hostname/IP: 192.168.1.139 | Terminated: [33mFalse[0m
--------------------------------------------------------------------------------
Simulated Switches
--------------------------------------------------------------------------------
Hostname/IP: 192.168.1.139 | Switch name: switch0 | Switch running: [32mTrue [0m
--------------------------------------------------------------------------------
Simulated Pipes
--------------------------------------------------------------------------------
--------------------------------------------------------------------------------
Simulated Nodes/Jobs
--------------------------------------------------------------------------------
Hostname/IP: 192.168.1.139 | Job: rocket-singlecore-nic-gdbserver-smoke0 | Sim running: [33mTrue [0m
--------------------------------------------------------------------------------
Summary
--------------------------------------------------------------------------------
1/1 instances are still running.
1/1 simulations are still running.
--------------------------------------------------------------------------------
