[firesim-tmux] started at 2026-05-07T17:54:35Z
[firesim-tmux] working directory: /home/ubuntu/chipyard/sims/firesim/deploy
[firesim-tmux] command: firesim runworkload -c /home/ubuntu/chipyard/sims/firesim/deploy/config_runtime_f2_gemmini_rerocc_pairmanager_dummy8x8_4c12p12_sbus64_linux_bertmini_pipeline_runtime_batch8_fileonly_sync_gdbserver_cfg32_nic_notrace.yaml -a /home/ubuntu/chipyard/sims/firesim/deploy/config_hwdb_f2_gemmini_rerocc_pairmanager_dummy8x8_4c12p12_sbus64_bertmini_cfg32_nic_notrace.yaml -r /home/ubuntu/chipyard/sims/firesim-staging/sample_config_build_recipes.yaml
[firesim-tmux] propagated FIRESIM env vars: DMA_BASE_ID FIRESIM_RUNWORKLOAD_LIVE_IDLE_TIMEOUT_SECONDS FIRESIM_RUNWORKLOAD_MONITOR_SCRIPT GEMMINI_BASE_ID NUM_CORES NUM_DMA NUM_GEMMINI PAIR_MANAGER_MODE PIPELINE_RUNTIME_BREADCRUMB_ENABLE PIPELINE_RUNTIME_BREADCRUMB_GLOBAL_STAGE PIPELINE_RUNTIME_BREADCRUMB_LOCAL_STAGE PIPELINE_RUNTIME_BREADCRUMB_PATH PIPELINE_RUNTIME_BREADCRUMB_SEGMENT PIPELINE_RUNTIME_BREADCRUMB_STAGE_RADIUS PIPELINE_RUNTIME_BREADCRUMB_SUBBATCH PIPELINE_RUNTIME_BREADCRUMB_SUBBATCH_RADIUS PIPELINE_RUNTIME_DEBUG_TRIGGER_ENABLE PIPELINE_RUNTIME_DEBUG_TRIGGER_GLOBAL_STAGE PIPELINE_RUNTIME_DEBUG_TRIGGER_KIND PIPELINE_RUNTIME_DEBUG_TRIGGER_LOCAL_STAGE PIPELINE_RUNTIME_DEBUG_TRIGGER_LOG_PATH PIPELINE_RUNTIME_DEBUG_TRIGGER_MANAGER PIPELINE_RUNTIME_DEBUG_TRIGGER_MATCH_ONCE PIPELINE_RUNTIME_DEBUG_TRIGGER_PAGE PIPELINE_RUNTIME_DEBUG_TRIGGER_POST_BUDGET PIPELINE_RUNTIME_DEBUG_TRIGGER_PRE_RING PIPELINE_RUNTIME_DEBUG_TRIGGER_SEGMENT PIPELINE_RUNTIME_DEBUG_TRIGGER_SUBBATCH PIPELINE_RUNTIME_DEBUG_TRIGGER_TENSOR_ID PIPELINE_RUNTIME_DEBUG_TRIGGER_TOKEN PIPELINE_RUNTIME_DMA_BLOCKING_WAIT_POLL_TIMEOUT_ENABLE PIPELINE_RUNTIME_DMA_BOUNCE_BYPASS_ENABLE PIPELINE_RUNTIME_DMA_EXPORT_PAGE_END PIPELINE_RUNTIME_DMA_EXPORT_PAGE_START PIPELINE_RUNTIME_DMA_EXPORT_PROBE_ENABLE PIPELINE_RUNTIME_DMA_EXPORT_PROBE_TOKEN_END PIPELINE_RUNTIME_DMA_EXPORT_PROBE_TOKEN_START PIPELINE_RUNTIME_DMA_FIXED_LOAD_CHECKPOINT_ENABLE PIPELINE_RUNTIME_DMA_FIXED_LOAD_MONITOR_PROBE_ENABLE PIPELINE_RUNTIME_DMA_FIXED_LOAD_PAGE_END PIPELINE_RUNTIME_DMA_FIXED_LOAD_PAGE_START PIPELINE_RUNTIME_DMA_FIXED_LOAD_PRE_SRC_NOPS PIPELINE_RUNTIME_DMA_FIXED_LOAD_PROBE_ENABLE PIPELINE_RUNTIME_DMA_FIXED_LOAD_PROBE_STAGE_ID PIPELINE_RUNTIME_DMA_FIXED_LOAD_PROBE_TENSOR_ID PIPELINE_RUNTIME_DMA_FIXED_LOAD_PROBE_TOKEN_END PIPELINE_RUNTIME_DMA_FIXED_LOAD_PROBE_TOKEN_START PIPELINE_RUNTIME_DMA_FORCE_DIRECT_ENABLE PIPELINE_RUNTIME_DMA_SUBMIT_TRACE_ENABLE 
[firesim-watchdog] armed timeout=10800s log=/home/ubuntu/chipyard/tmp/firesim-aws-f2/tmux/pairdummy-sbus64-dummy8x8-gdbserver-cfg32-nic-notrace-runworkload-20260507-175435.watchdog.log
[firesim-monitor] starting /home/ubuntu/chipyard/scripts/firesim-prt-host-watchdog.sh
[prt-host-watchdog] started at 2026-05-07T17:54:35Z
[prt-host-watchdog] runtime_config=/home/ubuntu/chipyard/sims/firesim/deploy/config_runtime_f2_gemmini_rerocc_pairmanager_dummy8x8_4c12p12_sbus64_linux_bertmini_pipeline_runtime_batch8_fileonly_sync_gdbserver_cfg32_nic_notrace.yaml
[prt-host-watchdog] idle_timeout_seconds=600 live_idle_timeout_seconds=3600 poll_seconds=30
[prt-host-watchdog] ssh_connect_timeout_seconds=10 probe_timeout_seconds=20 capture_timeout_seconds=180
[prt-host-watchdog] heartbeat_liveness_enable=1
[prt-host-watchdog] arm_on_guest_status_nonzero=1
/home/ubuntu/chipyard/.conda-env/lib/python3.10/site-packages/paramiko/transport.py:178: CryptographyDeprecationWarning: Blowfish has been deprecated
  'class': algorithms.Blowfish,
FireSim Manager. Docs: https://docs.fires.im
Running: runworkload

run_farm_hosts_dict defaultdict(<class 'list'>, {'f2.6xlarge': [(<runtools.run_farm.Inst object at 0x720e8877baf0>, None)], 'f2.12xlarge': [], 'f2.48xlarge': [], 'm4.16xlarge': [], 'z1d.3xlarge': [], 'z1d.6xlarge': [], 'z1d.12xlarge': []})
set_server_hardware_config 0 None
[prt-host-watchdog] monitoring instance=i-08bb095b9adca8cc6 private_ip=192.168.1.34
Creating the directory: /home/ubuntu/chipyard/sims/firesim/deploy/results-workload/2026-05-07--17-54-36-rerocc-lc-linux-coupleddma-bertmini-pipeline-runtime-batch8-fileonly-sync-pairdummy-gdbserver-f2-gemmini-rerocc-pairmanager-dummy8x8-4c12p12-sbus64-linux-bertmini-batch8-fileonly-sync-gdbserver-cfg32-nic-notrace/
[192.168.1.34] Checking if host instance is up...
[192.168.1.34] Starting switch simulation for switch slot: 0.
start_simulations_instance 1
[192.168.1.34] Starting FPGA simulation for slot: 0.
[192.168.1.34] Preflighting FireSim driver readiness for slot 0 (attempt 1/3).
Warning: run() received nonzero return code 1 while executing 'sudo pkill -SIGKILL FireSim-f2'!
[192.168.1.34] FireSim driver readiness preflight passed for slot 0.
start_sim_slot slotno: 0 server_id 0 remote_sim_dir /home/ubuntu/sim_slot_0/ /home/ubuntu
ul <runtools.firesim_topology_elements.FireSimLink object at 0x720e88658940>, ul.uplink_size <runtools.firesim_topology_elements.FireSimSwitchNode object at 0x720e886585b0>
self <runtools.firesim_topology_elements.FireSimServerNode object at 0x720e886587c0> id_internal 0  [] slotno 0
[2J
FireSim Simulation Status @ 2026-05-07 17:54:48.430159
--------------------------------------------------------------------------------
This workload's output is located in:
/home/ubuntu/chipyard/sims/firesim/deploy/results-workload/2026-05-07--17-54-36-rerocc-lc-linux-coupleddma-bertmini-pipeline-runtime-batch8-fileonly-sync-pairdummy-gdbserver-f2-gemmini-rerocc-pairmanager-dummy8x8-4c12p12-sbus64-linux-bertmini-batch8-fileonly-sync-gdbserver-cfg32-nic-notrace/
This run's log is located in:
/home/ubuntu/chipyard/sims/firesim/deploy/logs/2026-05-07--17-54-36-runworkload-DIBEN06RQCJ0TZ91.log
This status will update every 10s.
--------------------------------------------------------------------------------
Instances
--------------------------------------------------------------------------------
Hostname/IP: 192.168.1.34 | Terminated: [33mFalse[0m
--------------------------------------------------------------------------------
Simulated Switches
--------------------------------------------------------------------------------
Hostname/IP: 192.168.1.34 | Switch name: switch0 | Switch running: [32mTrue [0m
--------------------------------------------------------------------------------
Simulated Pipes
--------------------------------------------------------------------------------
--------------------------------------------------------------------------------
Simulated Nodes/Jobs
--------------------------------------------------------------------------------
Hostname/IP: 192.168.1.34 | Job: rerocc-lc-linux-coupleddma-bertmini-pipeline-runtime-batch8-fileonly-sync-pairdummy-gdbserver0 | Sim running: [33mTrue [0m
--------------------------------------------------------------------------------
Summary
--------------------------------------------------------------------------------
1/1 instances are still running.
1/1 simulations are still running.
--------------------------------------------------------------------------------
[2J
FireSim Simulation Status @ 2026-05-07 17:54:58.746570
--------------------------------------------------------------------------------
This workload's output is located in:
/home/ubuntu/chipyard/sims/firesim/deploy/results-workload/2026-05-07--17-54-36-rerocc-lc-linux-coupleddma-bertmini-pipeline-runtime-batch8-fileonly-sync-pairdummy-gdbserver-f2-gemmini-rerocc-pairmanager-dummy8x8-4c12p12-sbus64-linux-bertmini-batch8-fileonly-sync-gdbserver-cfg32-nic-notrace/
This run's log is located in:
/home/ubuntu/chipyard/sims/firesim/deploy/logs/2026-05-07--17-54-36-runworkload-DIBEN06RQCJ0TZ91.log
This status will update every 10s.
--------------------------------------------------------------------------------
Instances
--------------------------------------------------------------------------------
Hostname/IP: 192.168.1.34 | Terminated: [33mFalse[0m
--------------------------------------------------------------------------------
Simulated Switches
--------------------------------------------------------------------------------
Hostname/IP: 192.168.1.34 | Switch name: switch0 | Switch running: [32mTrue [0m
--------------------------------------------------------------------------------
Simulated Pipes
--------------------------------------------------------------------------------
--------------------------------------------------------------------------------
Simulated Nodes/Jobs
--------------------------------------------------------------------------------
Hostname/IP: 192.168.1.34 | Job: rerocc-lc-linux-coupleddma-bertmini-pipeline-runtime-batch8-fileonly-sync-pairdummy-gdbserver0 | Sim running: [33mTrue [0m
--------------------------------------------------------------------------------
Summary
--------------------------------------------------------------------------------
1/1 instances are still running.
1/1 simulations are still running.
--------------------------------------------------------------------------------
[2J
FireSim Simulation Status @ 2026-05-07 17:55:09.068827
--------------------------------------------------------------------------------
This workload's output is located in:
/home/ubuntu/chipyard/sims/firesim/deploy/results-workload/2026-05-07--17-54-36-rerocc-lc-linux-coupleddma-bertmini-pipeline-runtime-batch8-fileonly-sync-pairdummy-gdbserver-f2-gemmini-rerocc-pairmanager-dummy8x8-4c12p12-sbus64-linux-bertmini-batch8-fileonly-sync-gdbserver-cfg32-nic-notrace/
This run's log is located in:
/home/ubuntu/chipyard/sims/firesim/deploy/logs/2026-05-07--17-54-36-runworkload-DIBEN06RQCJ0TZ91.log
This status will update every 10s.
--------------------------------------------------------------------------------
Instances
--------------------------------------------------------------------------------
Hostname/IP: 192.168.1.34 | Terminated: [33mFalse[0m
--------------------------------------------------------------------------------
Simulated Switches
--------------------------------------------------------------------------------
Hostname/IP: 192.168.1.34 | Switch name: switch0 | Switch running: [32mTrue [0m
--------------------------------------------------------------------------------
Simulated Pipes
--------------------------------------------------------------------------------
--------------------------------------------------------------------------------
Simulated Nodes/Jobs
--------------------------------------------------------------------------------
Hostname/IP: 192.168.1.34 | Job: rerocc-lc-linux-coupleddma-bertmini-pipeline-runtime-batch8-fileonly-sync-pairdummy-gdbserver0 | Sim running: [33mTrue [0m
--------------------------------------------------------------------------------
Summary
--------------------------------------------------------------------------------
1/1 instances are still running.
1/1 simulations are still running.
--------------------------------------------------------------------------------
[2J
FireSim Simulation Status @ 2026-05-07 17:55:19.379546
--------------------------------------------------------------------------------
This workload's output is located in:
/home/ubuntu/chipyard/sims/firesim/deploy/results-workload/2026-05-07--17-54-36-rerocc-lc-linux-coupleddma-bertmini-pipeline-runtime-batch8-fileonly-sync-pairdummy-gdbserver-f2-gemmini-rerocc-pairmanager-dummy8x8-4c12p12-sbus64-linux-bertmini-batch8-fileonly-sync-gdbserver-cfg32-nic-notrace/
This run's log is located in:
/home/ubuntu/chipyard/sims/firesim/deploy/logs/2026-05-07--17-54-36-runworkload-DIBEN06RQCJ0TZ91.log
This status will update every 10s.
--------------------------------------------------------------------------------
Instances
--------------------------------------------------------------------------------
Hostname/IP: 192.168.1.34 | Terminated: [33mFalse[0m
--------------------------------------------------------------------------------
Simulated Switches
--------------------------------------------------------------------------------
Hostname/IP: 192.168.1.34 | Switch name: switch0 | Switch running: [32mTrue [0m
--------------------------------------------------------------------------------
Simulated Pipes
--------------------------------------------------------------------------------
--------------------------------------------------------------------------------
Simulated Nodes/Jobs
--------------------------------------------------------------------------------
Hostname/IP: 192.168.1.34 | Job: rerocc-lc-linux-coupleddma-bertmini-pipeline-runtime-batch8-fileonly-sync-pairdummy-gdbserver0 | Sim running: [33mTrue [0m
--------------------------------------------------------------------------------
Summary
--------------------------------------------------------------------------------
1/1 instances are still running.
1/1 simulations are still running.
--------------------------------------------------------------------------------
[2J
FireSim Simulation Status @ 2026-05-07 17:55:29.697881
--------------------------------------------------------------------------------
This workload's output is located in:
/home/ubuntu/chipyard/sims/firesim/deploy/results-workload/2026-05-07--17-54-36-rerocc-lc-linux-coupleddma-bertmini-pipeline-runtime-batch8-fileonly-sync-pairdummy-gdbserver-f2-gemmini-rerocc-pairmanager-dummy8x8-4c12p12-sbus64-linux-bertmini-batch8-fileonly-sync-gdbserver-cfg32-nic-notrace/
This run's log is located in:
/home/ubuntu/chipyard/sims/firesim/deploy/logs/2026-05-07--17-54-36-runworkload-DIBEN06RQCJ0TZ91.log
This status will update every 10s.
--------------------------------------------------------------------------------
Instances
--------------------------------------------------------------------------------
Hostname/IP: 192.168.1.34 | Terminated: [33mFalse[0m
--------------------------------------------------------------------------------
Simulated Switches
--------------------------------------------------------------------------------
Hostname/IP: 192.168.1.34 | Switch name: switch0 | Switch running: [32mTrue [0m
--------------------------------------------------------------------------------
Simulated Pipes
--------------------------------------------------------------------------------
--------------------------------------------------------------------------------
Simulated Nodes/Jobs
--------------------------------------------------------------------------------
Hostname/IP: 192.168.1.34 | Job: rerocc-lc-linux-coupleddma-bertmini-pipeline-runtime-batch8-fileonly-sync-pairdummy-gdbserver0 | Sim running: [33mTrue [0m
--------------------------------------------------------------------------------
Summary
--------------------------------------------------------------------------------
1/1 instances are still running.
1/1 simulations are still running.
--------------------------------------------------------------------------------
[2J
FireSim Simulation Status @ 2026-05-07 17:55:40.284324
--------------------------------------------------------------------------------
This workload's output is located in:
/home/ubuntu/chipyard/sims/firesim/deploy/results-workload/2026-05-07--17-54-36-rerocc-lc-linux-coupleddma-bertmini-pipeline-runtime-batch8-fileonly-sync-pairdummy-gdbserver-f2-gemmini-rerocc-pairmanager-dummy8x8-4c12p12-sbus64-linux-bertmini-batch8-fileonly-sync-gdbserver-cfg32-nic-notrace/
This run's log is located in:
/home/ubuntu/chipyard/sims/firesim/deploy/logs/2026-05-07--17-54-36-runworkload-DIBEN06RQCJ0TZ91.log
This status will update every 10s.
--------------------------------------------------------------------------------
Instances
--------------------------------------------------------------------------------
Hostname/IP: 192.168.1.34 | Terminated: [33mFalse[0m
--------------------------------------------------------------------------------
Simulated Switches
--------------------------------------------------------------------------------
Hostname/IP: 192.168.1.34 | Switch name: switch0 | Switch running: [32mTrue [0m
--------------------------------------------------------------------------------
Simulated Pipes
--------------------------------------------------------------------------------
--------------------------------------------------------------------------------
Simulated Nodes/Jobs
--------------------------------------------------------------------------------
Hostname/IP: 192.168.1.34 | Job: rerocc-lc-linux-coupleddma-bertmini-pipeline-runtime-batch8-fileonly-sync-pairdummy-gdbserver0 | Sim running: [33mTrue [0m
--------------------------------------------------------------------------------
Summary
--------------------------------------------------------------------------------
1/1 instances are still running.
1/1 simulations are still running.
--------------------------------------------------------------------------------
[2J
FireSim Simulation Status @ 2026-05-07 17:55:50.599770
--------------------------------------------------------------------------------
This workload's output is located in:
/home/ubuntu/chipyard/sims/firesim/deploy/results-workload/2026-05-07--17-54-36-rerocc-lc-linux-coupleddma-bertmini-pipeline-runtime-batch8-fileonly-sync-pairdummy-gdbserver-f2-gemmini-rerocc-pairmanager-dummy8x8-4c12p12-sbus64-linux-bertmini-batch8-fileonly-sync-gdbserver-cfg32-nic-notrace/
This run's log is located in:
/home/ubuntu/chipyard/sims/firesim/deploy/logs/2026-05-07--17-54-36-runworkload-DIBEN06RQCJ0TZ91.log
This status will update every 10s.
--------------------------------------------------------------------------------
Instances
--------------------------------------------------------------------------------
Hostname/IP: 192.168.1.34 | Terminated: [33mFalse[0m
--------------------------------------------------------------------------------
Simulated Switches
--------------------------------------------------------------------------------
Hostname/IP: 192.168.1.34 | Switch name: switch0 | Switch running: [32mTrue [0m
--------------------------------------------------------------------------------
Simulated Pipes
--------------------------------------------------------------------------------
--------------------------------------------------------------------------------
Simulated Nodes/Jobs
--------------------------------------------------------------------------------
Hostname/IP: 192.168.1.34 | Job: rerocc-lc-linux-coupleddma-bertmini-pipeline-runtime-batch8-fileonly-sync-pairdummy-gdbserver0 | Sim running: [33mTrue [0m
--------------------------------------------------------------------------------
Summary
--------------------------------------------------------------------------------
1/1 instances are still running.
1/1 simulations are still running.
--------------------------------------------------------------------------------
[2J
FireSim Simulation Status @ 2026-05-07 17:56:00.928024
--------------------------------------------------------------------------------
This workload's output is located in:
/home/ubuntu/chipyard/sims/firesim/deploy/results-workload/2026-05-07--17-54-36-rerocc-lc-linux-coupleddma-bertmini-pipeline-runtime-batch8-fileonly-sync-pairdummy-gdbserver-f2-gemmini-rerocc-pairmanager-dummy8x8-4c12p12-sbus64-linux-bertmini-batch8-fileonly-sync-gdbserver-cfg32-nic-notrace/
This run's log is located in:
/home/ubuntu/chipyard/sims/firesim/deploy/logs/2026-05-07--17-54-36-runworkload-DIBEN06RQCJ0TZ91.log
This status will update every 10s.
--------------------------------------------------------------------------------
Instances
--------------------------------------------------------------------------------
Hostname/IP: 192.168.1.34 | Terminated: [33mFalse[0m
--------------------------------------------------------------------------------
Simulated Switches
--------------------------------------------------------------------------------
Hostname/IP: 192.168.1.34 | Switch name: switch0 | Switch running: [32mTrue [0m
--------------------------------------------------------------------------------
Simulated Pipes
--------------------------------------------------------------------------------
--------------------------------------------------------------------------------
Simulated Nodes/Jobs
--------------------------------------------------------------------------------
Hostname/IP: 192.168.1.34 | Job: rerocc-lc-linux-coupleddma-bertmini-pipeline-runtime-batch8-fileonly-sync-pairdummy-gdbserver0 | Sim running: [33mTrue [0m
--------------------------------------------------------------------------------
Summary
--------------------------------------------------------------------------------
1/1 instances are still running.
1/1 simulations are still running.
--------------------------------------------------------------------------------
[2J
FireSim Simulation Status @ 2026-05-07 17:56:11.256893
--------------------------------------------------------------------------------
This workload's output is located in:
/home/ubuntu/chipyard/sims/firesim/deploy/results-workload/2026-05-07--17-54-36-rerocc-lc-linux-coupleddma-bertmini-pipeline-runtime-batch8-fileonly-sync-pairdummy-gdbserver-f2-gemmini-rerocc-pairmanager-dummy8x8-4c12p12-sbus64-linux-bertmini-batch8-fileonly-sync-gdbserver-cfg32-nic-notrace/
This run's log is located in:
/home/ubuntu/chipyard/sims/firesim/deploy/logs/2026-05-07--17-54-36-runworkload-DIBEN06RQCJ0TZ91.log
This status will update every 10s.
--------------------------------------------------------------------------------
Instances
--------------------------------------------------------------------------------
Hostname/IP: 192.168.1.34 | Terminated: [33mFalse[0m
--------------------------------------------------------------------------------
Simulated Switches
--------------------------------------------------------------------------------
Hostname/IP: 192.168.1.34 | Switch name: switch0 | Switch running: [32mTrue [0m
--------------------------------------------------------------------------------
Simulated Pipes
--------------------------------------------------------------------------------
--------------------------------------------------------------------------------
Simulated Nodes/Jobs
--------------------------------------------------------------------------------
Hostname/IP: 192.168.1.34 | Job: rerocc-lc-linux-coupleddma-bertmini-pipeline-runtime-batch8-fileonly-sync-pairdummy-gdbserver0 | Sim running: [33mTrue [0m
--------------------------------------------------------------------------------
Summary
--------------------------------------------------------------------------------
1/1 instances are still running.
1/1 simulations are still running.
--------------------------------------------------------------------------------
[2J
FireSim Simulation Status @ 2026-05-07 17:56:21.575197
--------------------------------------------------------------------------------
This workload's output is located in:
/home/ubuntu/chipyard/sims/firesim/deploy/results-workload/2026-05-07--17-54-36-rerocc-lc-linux-coupleddma-bertmini-pipeline-runtime-batch8-fileonly-sync-pairdummy-gdbserver-f2-gemmini-rerocc-pairmanager-dummy8x8-4c12p12-sbus64-linux-bertmini-batch8-fileonly-sync-gdbserver-cfg32-nic-notrace/
This run's log is located in:
/home/ubuntu/chipyard/sims/firesim/deploy/logs/2026-05-07--17-54-36-runworkload-DIBEN06RQCJ0TZ91.log
This status will update every 10s.
--------------------------------------------------------------------------------
Instances
--------------------------------------------------------------------------------
Hostname/IP: 192.168.1.34 | Terminated: [33mFalse[0m
--------------------------------------------------------------------------------
Simulated Switches
--------------------------------------------------------------------------------
Hostname/IP: 192.168.1.34 | Switch name: switch0 | Switch running: [32mTrue [0m
--------------------------------------------------------------------------------
Simulated Pipes
--------------------------------------------------------------------------------
--------------------------------------------------------------------------------
Simulated Nodes/Jobs
--------------------------------------------------------------------------------
Hostname/IP: 192.168.1.34 | Job: rerocc-lc-linux-coupleddma-bertmini-pipeline-runtime-batch8-fileonly-sync-pairdummy-gdbserver0 | Sim running: [33mTrue [0m
--------------------------------------------------------------------------------
Summary
--------------------------------------------------------------------------------
1/1 instances are still running.
1/1 simulations are still running.
--------------------------------------------------------------------------------
[2J
FireSim Simulation Status @ 2026-05-07 17:56:31.887438
--------------------------------------------------------------------------------
This workload's output is located in:
/home/ubuntu/chipyard/sims/firesim/deploy/results-workload/2026-05-07--17-54-36-rerocc-lc-linux-coupleddma-bertmini-pipeline-runtime-batch8-fileonly-sync-pairdummy-gdbserver-f2-gemmini-rerocc-pairmanager-dummy8x8-4c12p12-sbus64-linux-bertmini-batch8-fileonly-sync-gdbserver-cfg32-nic-notrace/
This run's log is located in:
/home/ubuntu/chipyard/sims/firesim/deploy/logs/2026-05-07--17-54-36-runworkload-DIBEN06RQCJ0TZ91.log
This status will update every 10s.
--------------------------------------------------------------------------------
Instances
--------------------------------------------------------------------------------
Hostname/IP: 192.168.1.34 | Terminated: [33mFalse[0m
--------------------------------------------------------------------------------
Simulated Switches
--------------------------------------------------------------------------------
Hostname/IP: 192.168.1.34 | Switch name: switch0 | Switch running: [32mTrue [0m
--------------------------------------------------------------------------------
Simulated Pipes
--------------------------------------------------------------------------------
--------------------------------------------------------------------------------
Simulated Nodes/Jobs
--------------------------------------------------------------------------------
Hostname/IP: 192.168.1.34 | Job: rerocc-lc-linux-coupleddma-bertmini-pipeline-runtime-batch8-fileonly-sync-pairdummy-gdbserver0 | Sim running: [33mTrue [0m
--------------------------------------------------------------------------------
Summary
--------------------------------------------------------------------------------
1/1 instances are still running.
1/1 simulations are still running.
--------------------------------------------------------------------------------
[2J
FireSim Simulation Status @ 2026-05-07 17:56:42.460863
--------------------------------------------------------------------------------
This workload's output is located in:
/home/ubuntu/chipyard/sims/firesim/deploy/results-workload/2026-05-07--17-54-36-rerocc-lc-linux-coupleddma-bertmini-pipeline-runtime-batch8-fileonly-sync-pairdummy-gdbserver-f2-gemmini-rerocc-pairmanager-dummy8x8-4c12p12-sbus64-linux-bertmini-batch8-fileonly-sync-gdbserver-cfg32-nic-notrace/
This run's log is located in:
/home/ubuntu/chipyard/sims/firesim/deploy/logs/2026-05-07--17-54-36-runworkload-DIBEN06RQCJ0TZ91.log
This status will update every 10s.
--------------------------------------------------------------------------------
Instances
--------------------------------------------------------------------------------
Hostname/IP: 192.168.1.34 | Terminated: [33mFalse[0m
--------------------------------------------------------------------------------
Simulated Switches
--------------------------------------------------------------------------------
Hostname/IP: 192.168.1.34 | Switch name: switch0 | Switch running: [32mTrue [0m
--------------------------------------------------------------------------------
Simulated Pipes
--------------------------------------------------------------------------------
--------------------------------------------------------------------------------
Simulated Nodes/Jobs
--------------------------------------------------------------------------------
Hostname/IP: 192.168.1.34 | Job: rerocc-lc-linux-coupleddma-bertmini-pipeline-runtime-batch8-fileonly-sync-pairdummy-gdbserver0 | Sim running: [33mTrue [0m
--------------------------------------------------------------------------------
Summary
--------------------------------------------------------------------------------
1/1 instances are still running.
1/1 simulations are still running.
--------------------------------------------------------------------------------
[2J
FireSim Simulation Status @ 2026-05-07 17:56:52.788276
--------------------------------------------------------------------------------
This workload's output is located in:
/home/ubuntu/chipyard/sims/firesim/deploy/results-workload/2026-05-07--17-54-36-rerocc-lc-linux-coupleddma-bertmini-pipeline-runtime-batch8-fileonly-sync-pairdummy-gdbserver-f2-gemmini-rerocc-pairmanager-dummy8x8-4c12p12-sbus64-linux-bertmini-batch8-fileonly-sync-gdbserver-cfg32-nic-notrace/
This run's log is located in:
/home/ubuntu/chipyard/sims/firesim/deploy/logs/2026-05-07--17-54-36-runworkload-DIBEN06RQCJ0TZ91.log
This status will update every 10s.
--------------------------------------------------------------------------------
Instances
--------------------------------------------------------------------------------
Hostname/IP: 192.168.1.34 | Terminated: [33mFalse[0m
--------------------------------------------------------------------------------
Simulated Switches
--------------------------------------------------------------------------------
Hostname/IP: 192.168.1.34 | Switch name: switch0 | Switch running: [32mTrue [0m
--------------------------------------------------------------------------------
Simulated Pipes
--------------------------------------------------------------------------------
--------------------------------------------------------------------------------
Simulated Nodes/Jobs
--------------------------------------------------------------------------------
Hostname/IP: 192.168.1.34 | Job: rerocc-lc-linux-coupleddma-bertmini-pipeline-runtime-batch8-fileonly-sync-pairdummy-gdbserver0 | Sim running: [33mTrue [0m
--------------------------------------------------------------------------------
Summary
--------------------------------------------------------------------------------
1/1 instances are still running.
1/1 simulations are still running.
--------------------------------------------------------------------------------
[2J
FireSim Simulation Status @ 2026-05-07 17:57:03.106987
--------------------------------------------------------------------------------
This workload's output is located in:
/home/ubuntu/chipyard/sims/firesim/deploy/results-workload/2026-05-07--17-54-36-rerocc-lc-linux-coupleddma-bertmini-pipeline-runtime-batch8-fileonly-sync-pairdummy-gdbserver-f2-gemmini-rerocc-pairmanager-dummy8x8-4c12p12-sbus64-linux-bertmini-batch8-fileonly-sync-gdbserver-cfg32-nic-notrace/
This run's log is located in:
/home/ubuntu/chipyard/sims/firesim/deploy/logs/2026-05-07--17-54-36-runworkload-DIBEN06RQCJ0TZ91.log
This status will update every 10s.
--------------------------------------------------------------------------------
Instances
--------------------------------------------------------------------------------
Hostname/IP: 192.168.1.34 | Terminated: [33mFalse[0m
--------------------------------------------------------------------------------
Simulated Switches
--------------------------------------------------------------------------------
Hostname/IP: 192.168.1.34 | Switch name: switch0 | Switch running: [32mTrue [0m
--------------------------------------------------------------------------------
Simulated Pipes
--------------------------------------------------------------------------------
--------------------------------------------------------------------------------
Simulated Nodes/Jobs
--------------------------------------------------------------------------------
Hostname/IP: 192.168.1.34 | Job: rerocc-lc-linux-coupleddma-bertmini-pipeline-runtime-batch8-fileonly-sync-pairdummy-gdbserver0 | Sim running: [33mTrue [0m
--------------------------------------------------------------------------------
Summary
--------------------------------------------------------------------------------
1/1 instances are still running.
1/1 simulations are still running.
--------------------------------------------------------------------------------
[2J
FireSim Simulation Status @ 2026-05-07 17:57:13.424364
--------------------------------------------------------------------------------
This workload's output is located in:
/home/ubuntu/chipyard/sims/firesim/deploy/results-workload/2026-05-07--17-54-36-rerocc-lc-linux-coupleddma-bertmini-pipeline-runtime-batch8-fileonly-sync-pairdummy-gdbserver-f2-gemmini-rerocc-pairmanager-dummy8x8-4c12p12-sbus64-linux-bertmini-batch8-fileonly-sync-gdbserver-cfg32-nic-notrace/
This run's log is located in:
/home/ubuntu/chipyard/sims/firesim/deploy/logs/2026-05-07--17-54-36-runworkload-DIBEN06RQCJ0TZ91.log
This status will update every 10s.
--------------------------------------------------------------------------------
Instances
--------------------------------------------------------------------------------
Hostname/IP: 192.168.1.34 | Terminated: [33mFalse[0m
--------------------------------------------------------------------------------
Simulated Switches
--------------------------------------------------------------------------------
Hostname/IP: 192.168.1.34 | Switch name: switch0 | Switch running: [32mTrue [0m
--------------------------------------------------------------------------------
Simulated Pipes
--------------------------------------------------------------------------------
--------------------------------------------------------------------------------
Simulated Nodes/Jobs
--------------------------------------------------------------------------------
Hostname/IP: 192.168.1.34 | Job: rerocc-lc-linux-coupleddma-bertmini-pipeline-runtime-batch8-fileonly-sync-pairdummy-gdbserver0 | Sim running: [33mTrue [0m
--------------------------------------------------------------------------------
Summary
--------------------------------------------------------------------------------
1/1 instances are still running.
1/1 simulations are still running.
--------------------------------------------------------------------------------
[2J
FireSim Simulation Status @ 2026-05-07 17:57:23.750841
--------------------------------------------------------------------------------
This workload's output is located in:
/home/ubuntu/chipyard/sims/firesim/deploy/results-workload/2026-05-07--17-54-36-rerocc-lc-linux-coupleddma-bertmini-pipeline-runtime-batch8-fileonly-sync-pairdummy-gdbserver-f2-gemmini-rerocc-pairmanager-dummy8x8-4c12p12-sbus64-linux-bertmini-batch8-fileonly-sync-gdbserver-cfg32-nic-notrace/
This run's log is located in:
/home/ubuntu/chipyard/sims/firesim/deploy/logs/2026-05-07--17-54-36-runworkload-DIBEN06RQCJ0TZ91.log
This status will update every 10s.
--------------------------------------------------------------------------------
Instances
--------------------------------------------------------------------------------
Hostname/IP: 192.168.1.34 | Terminated: [33mFalse[0m
--------------------------------------------------------------------------------
Simulated Switches
--------------------------------------------------------------------------------
Hostname/IP: 192.168.1.34 | Switch name: switch0 | Switch running: [32mTrue [0m
--------------------------------------------------------------------------------
Simulated Pipes
--------------------------------------------------------------------------------
--------------------------------------------------------------------------------
Simulated Nodes/Jobs
--------------------------------------------------------------------------------
Hostname/IP: 192.168.1.34 | Job: rerocc-lc-linux-coupleddma-bertmini-pipeline-runtime-batch8-fileonly-sync-pairdummy-gdbserver0 | Sim running: [33mTrue [0m
--------------------------------------------------------------------------------
Summary
--------------------------------------------------------------------------------
1/1 instances are still running.
1/1 simulations are still running.
--------------------------------------------------------------------------------
[2J
FireSim Simulation Status @ 2026-05-07 17:57:34.067345
--------------------------------------------------------------------------------
This workload's output is located in:
/home/ubuntu/chipyard/sims/firesim/deploy/results-workload/2026-05-07--17-54-36-rerocc-lc-linux-coupleddma-bertmini-pipeline-runtime-batch8-fileonly-sync-pairdummy-gdbserver-f2-gemmini-rerocc-pairmanager-dummy8x8-4c12p12-sbus64-linux-bertmini-batch8-fileonly-sync-gdbserver-cfg32-nic-notrace/
This run's log is located in:
/home/ubuntu/chipyard/sims/firesim/deploy/logs/2026-05-07--17-54-36-runworkload-DIBEN06RQCJ0TZ91.log
This status will update every 10s.
--------------------------------------------------------------------------------
Instances
--------------------------------------------------------------------------------
Hostname/IP: 192.168.1.34 | Terminated: [33mFalse[0m
--------------------------------------------------------------------------------
Simulated Switches
--------------------------------------------------------------------------------
Hostname/IP: 192.168.1.34 | Switch name: switch0 | Switch running: [32mTrue [0m
--------------------------------------------------------------------------------
Simulated Pipes
--------------------------------------------------------------------------------
--------------------------------------------------------------------------------
Simulated Nodes/Jobs
--------------------------------------------------------------------------------
Hostname/IP: 192.168.1.34 | Job: rerocc-lc-linux-coupleddma-bertmini-pipeline-runtime-batch8-fileonly-sync-pairdummy-gdbserver0 | Sim running: [33mTrue [0m
--------------------------------------------------------------------------------
Summary
--------------------------------------------------------------------------------
1/1 instances are still running.
1/1 simulations are still running.
--------------------------------------------------------------------------------
[2J
FireSim Simulation Status @ 2026-05-07 17:57:44.667717
--------------------------------------------------------------------------------
This workload's output is located in:
/home/ubuntu/chipyard/sims/firesim/deploy/results-workload/2026-05-07--17-54-36-rerocc-lc-linux-coupleddma-bertmini-pipeline-runtime-batch8-fileonly-sync-pairdummy-gdbserver-f2-gemmini-rerocc-pairmanager-dummy8x8-4c12p12-sbus64-linux-bertmini-batch8-fileonly-sync-gdbserver-cfg32-nic-notrace/
This run's log is located in:
/home/ubuntu/chipyard/sims/firesim/deploy/logs/2026-05-07--17-54-36-runworkload-DIBEN06RQCJ0TZ91.log
This status will update every 10s.
--------------------------------------------------------------------------------
Instances
--------------------------------------------------------------------------------
Hostname/IP: 192.168.1.34 | Terminated: [33mFalse[0m
--------------------------------------------------------------------------------
Simulated Switches
--------------------------------------------------------------------------------
Hostname/IP: 192.168.1.34 | Switch name: switch0 | Switch running: [32mTrue [0m
--------------------------------------------------------------------------------
Simulated Pipes
--------------------------------------------------------------------------------
--------------------------------------------------------------------------------
Simulated Nodes/Jobs
--------------------------------------------------------------------------------
Hostname/IP: 192.168.1.34 | Job: rerocc-lc-linux-coupleddma-bertmini-pipeline-runtime-batch8-fileonly-sync-pairdummy-gdbserver0 | Sim running: [33mTrue [0m
--------------------------------------------------------------------------------
Summary
--------------------------------------------------------------------------------
1/1 instances are still running.
1/1 simulations are still running.
--------------------------------------------------------------------------------
[2J
FireSim Simulation Status @ 2026-05-07 17:57:54.996692
--------------------------------------------------------------------------------
This workload's output is located in:
/home/ubuntu/chipyard/sims/firesim/deploy/results-workload/2026-05-07--17-54-36-rerocc-lc-linux-coupleddma-bertmini-pipeline-runtime-batch8-fileonly-sync-pairdummy-gdbserver-f2-gemmini-rerocc-pairmanager-dummy8x8-4c12p12-sbus64-linux-bertmini-batch8-fileonly-sync-gdbserver-cfg32-nic-notrace/
This run's log is located in:
/home/ubuntu/chipyard/sims/firesim/deploy/logs/2026-05-07--17-54-36-runworkload-DIBEN06RQCJ0TZ91.log
This status will update every 10s.
--------------------------------------------------------------------------------
Instances
--------------------------------------------------------------------------------
Hostname/IP: 192.168.1.34 | Terminated: [33mFalse[0m
--------------------------------------------------------------------------------
Simulated Switches
--------------------------------------------------------------------------------
Hostname/IP: 192.168.1.34 | Switch name: switch0 | Switch running: [32mTrue [0m
--------------------------------------------------------------------------------
Simulated Pipes
--------------------------------------------------------------------------------
--------------------------------------------------------------------------------
Simulated Nodes/Jobs
--------------------------------------------------------------------------------
Hostname/IP: 192.168.1.34 | Job: rerocc-lc-linux-coupleddma-bertmini-pipeline-runtime-batch8-fileonly-sync-pairdummy-gdbserver0 | Sim running: [33mTrue [0m
--------------------------------------------------------------------------------
Summary
--------------------------------------------------------------------------------
1/1 instances are still running.
1/1 simulations are still running.
--------------------------------------------------------------------------------
[2J
FireSim Simulation Status @ 2026-05-07 17:58:05.294428
--------------------------------------------------------------------------------
This workload's output is located in:
/home/ubuntu/chipyard/sims/firesim/deploy/results-workload/2026-05-07--17-54-36-rerocc-lc-linux-coupleddma-bertmini-pipeline-runtime-batch8-fileonly-sync-pairdummy-gdbserver-f2-gemmini-rerocc-pairmanager-dummy8x8-4c12p12-sbus64-linux-bertmini-batch8-fileonly-sync-gdbserver-cfg32-nic-notrace/
This run's log is located in:
/home/ubuntu/chipyard/sims/firesim/deploy/logs/2026-05-07--17-54-36-runworkload-DIBEN06RQCJ0TZ91.log
This status will update every 10s.
--------------------------------------------------------------------------------
Instances
--------------------------------------------------------------------------------
Hostname/IP: 192.168.1.34 | Terminated: [33mFalse[0m
--------------------------------------------------------------------------------
Simulated Switches
--------------------------------------------------------------------------------
Hostname/IP: 192.168.1.34 | Switch name: switch0 | Switch running: [32mTrue [0m
--------------------------------------------------------------------------------
Simulated Pipes
--------------------------------------------------------------------------------
--------------------------------------------------------------------------------
Simulated Nodes/Jobs
--------------------------------------------------------------------------------
Hostname/IP: 192.168.1.34 | Job: rerocc-lc-linux-coupleddma-bertmini-pipeline-runtime-batch8-fileonly-sync-pairdummy-gdbserver0 | Sim running: [33mTrue [0m
--------------------------------------------------------------------------------
Summary
--------------------------------------------------------------------------------
1/1 instances are still running.
1/1 simulations are still running.
--------------------------------------------------------------------------------
[2J
FireSim Simulation Status @ 2026-05-07 17:58:15.618936
--------------------------------------------------------------------------------
This workload's output is located in:
/home/ubuntu/chipyard/sims/firesim/deploy/results-workload/2026-05-07--17-54-36-rerocc-lc-linux-coupleddma-bertmini-pipeline-runtime-batch8-fileonly-sync-pairdummy-gdbserver-f2-gemmini-rerocc-pairmanager-dummy8x8-4c12p12-sbus64-linux-bertmini-batch8-fileonly-sync-gdbserver-cfg32-nic-notrace/
This run's log is located in:
/home/ubuntu/chipyard/sims/firesim/deploy/logs/2026-05-07--17-54-36-runworkload-DIBEN06RQCJ0TZ91.log
This status will update every 10s.
--------------------------------------------------------------------------------
Instances
--------------------------------------------------------------------------------
Hostname/IP: 192.168.1.34 | Terminated: [33mFalse[0m
--------------------------------------------------------------------------------
Simulated Switches
--------------------------------------------------------------------------------
Hostname/IP: 192.168.1.34 | Switch name: switch0 | Switch running: [32mTrue [0m
--------------------------------------------------------------------------------
Simulated Pipes
--------------------------------------------------------------------------------
--------------------------------------------------------------------------------
Simulated Nodes/Jobs
--------------------------------------------------------------------------------
Hostname/IP: 192.168.1.34 | Job: rerocc-lc-linux-coupleddma-bertmini-pipeline-runtime-batch8-fileonly-sync-pairdummy-gdbserver0 | Sim running: [33mTrue [0m
--------------------------------------------------------------------------------
Summary
--------------------------------------------------------------------------------
1/1 instances are still running.
1/1 simulations are still running.
--------------------------------------------------------------------------------
[2J
FireSim Simulation Status @ 2026-05-07 17:58:25.934240
--------------------------------------------------------------------------------
This workload's output is located in:
/home/ubuntu/chipyard/sims/firesim/deploy/results-workload/2026-05-07--17-54-36-rerocc-lc-linux-coupleddma-bertmini-pipeline-runtime-batch8-fileonly-sync-pairdummy-gdbserver-f2-gemmini-rerocc-pairmanager-dummy8x8-4c12p12-sbus64-linux-bertmini-batch8-fileonly-sync-gdbserver-cfg32-nic-notrace/
This run's log is located in:
/home/ubuntu/chipyard/sims/firesim/deploy/logs/2026-05-07--17-54-36-runworkload-DIBEN06RQCJ0TZ91.log
This status will update every 10s.
--------------------------------------------------------------------------------
Instances
--------------------------------------------------------------------------------
Hostname/IP: 192.168.1.34 | Terminated: [33mFalse[0m
--------------------------------------------------------------------------------
Simulated Switches
--------------------------------------------------------------------------------
Hostname/IP: 192.168.1.34 | Switch name: switch0 | Switch running: [32mTrue [0m
--------------------------------------------------------------------------------
Simulated Pipes
--------------------------------------------------------------------------------
--------------------------------------------------------------------------------
Simulated Nodes/Jobs
--------------------------------------------------------------------------------
Hostname/IP: 192.168.1.34 | Job: rerocc-lc-linux-coupleddma-bertmini-pipeline-runtime-batch8-fileonly-sync-pairdummy-gdbserver0 | Sim running: [33mTrue [0m
--------------------------------------------------------------------------------
Summary
--------------------------------------------------------------------------------
1/1 instances are still running.
1/1 simulations are still running.
--------------------------------------------------------------------------------
[2J
FireSim Simulation Status @ 2026-05-07 17:58:36.252128
--------------------------------------------------------------------------------
This workload's output is located in:
/home/ubuntu/chipyard/sims/firesim/deploy/results-workload/2026-05-07--17-54-36-rerocc-lc-linux-coupleddma-bertmini-pipeline-runtime-batch8-fileonly-sync-pairdummy-gdbserver-f2-gemmini-rerocc-pairmanager-dummy8x8-4c12p12-sbus64-linux-bertmini-batch8-fileonly-sync-gdbserver-cfg32-nic-notrace/
This run's log is located in:
/home/ubuntu/chipyard/sims/firesim/deploy/logs/2026-05-07--17-54-36-runworkload-DIBEN06RQCJ0TZ91.log
This status will update every 10s.
--------------------------------------------------------------------------------
Instances
--------------------------------------------------------------------------------
Hostname/IP: 192.168.1.34 | Terminated: [33mFalse[0m
--------------------------------------------------------------------------------
Simulated Switches
--------------------------------------------------------------------------------
Hostname/IP: 192.168.1.34 | Switch name: switch0 | Switch running: [32mTrue [0m
--------------------------------------------------------------------------------
Simulated Pipes
--------------------------------------------------------------------------------
--------------------------------------------------------------------------------
Simulated Nodes/Jobs
--------------------------------------------------------------------------------
Hostname/IP: 192.168.1.34 | Job: rerocc-lc-linux-coupleddma-bertmini-pipeline-runtime-batch8-fileonly-sync-pairdummy-gdbserver0 | Sim running: [33mTrue [0m
--------------------------------------------------------------------------------
Summary
--------------------------------------------------------------------------------
1/1 instances are still running.
1/1 simulations are still running.
--------------------------------------------------------------------------------
[2J
FireSim Simulation Status @ 2026-05-07 17:58:46.807856
--------------------------------------------------------------------------------
This workload's output is located in:
/home/ubuntu/chipyard/sims/firesim/deploy/results-workload/2026-05-07--17-54-36-rerocc-lc-linux-coupleddma-bertmini-pipeline-runtime-batch8-fileonly-sync-pairdummy-gdbserver-f2-gemmini-rerocc-pairmanager-dummy8x8-4c12p12-sbus64-linux-bertmini-batch8-fileonly-sync-gdbserver-cfg32-nic-notrace/
This run's log is located in:
/home/ubuntu/chipyard/sims/firesim/deploy/logs/2026-05-07--17-54-36-runworkload-DIBEN06RQCJ0TZ91.log
This status will update every 10s.
--------------------------------------------------------------------------------
Instances
--------------------------------------------------------------------------------
Hostname/IP: 192.168.1.34 | Terminated: [33mFalse[0m
--------------------------------------------------------------------------------
Simulated Switches
--------------------------------------------------------------------------------
Hostname/IP: 192.168.1.34 | Switch name: switch0 | Switch running: [32mTrue [0m
--------------------------------------------------------------------------------
Simulated Pipes
--------------------------------------------------------------------------------
--------------------------------------------------------------------------------
Simulated Nodes/Jobs
--------------------------------------------------------------------------------
Hostname/IP: 192.168.1.34 | Job: rerocc-lc-linux-coupleddma-bertmini-pipeline-runtime-batch8-fileonly-sync-pairdummy-gdbserver0 | Sim running: [33mTrue [0m
--------------------------------------------------------------------------------
Summary
--------------------------------------------------------------------------------
1/1 instances are still running.
1/1 simulations are still running.
--------------------------------------------------------------------------------
[2J
FireSim Simulation Status @ 2026-05-07 17:58:57.120201
--------------------------------------------------------------------------------
This workload's output is located in:
/home/ubuntu/chipyard/sims/firesim/deploy/results-workload/2026-05-07--17-54-36-rerocc-lc-linux-coupleddma-bertmini-pipeline-runtime-batch8-fileonly-sync-pairdummy-gdbserver-f2-gemmini-rerocc-pairmanager-dummy8x8-4c12p12-sbus64-linux-bertmini-batch8-fileonly-sync-gdbserver-cfg32-nic-notrace/
This run's log is located in:
/home/ubuntu/chipyard/sims/firesim/deploy/logs/2026-05-07--17-54-36-runworkload-DIBEN06RQCJ0TZ91.log
This status will update every 10s.
--------------------------------------------------------------------------------
Instances
--------------------------------------------------------------------------------
Hostname/IP: 192.168.1.34 | Terminated: [33mFalse[0m
--------------------------------------------------------------------------------
Simulated Switches
--------------------------------------------------------------------------------
Hostname/IP: 192.168.1.34 | Switch name: switch0 | Switch running: [32mTrue [0m
--------------------------------------------------------------------------------
Simulated Pipes
--------------------------------------------------------------------------------
--------------------------------------------------------------------------------
Simulated Nodes/Jobs
--------------------------------------------------------------------------------
Hostname/IP: 192.168.1.34 | Job: rerocc-lc-linux-coupleddma-bertmini-pipeline-runtime-batch8-fileonly-sync-pairdummy-gdbserver0 | Sim running: [33mTrue [0m
--------------------------------------------------------------------------------
Summary
--------------------------------------------------------------------------------
1/1 instances are still running.
1/1 simulations are still running.
--------------------------------------------------------------------------------
[2J
FireSim Simulation Status @ 2026-05-07 17:59:07.438754
--------------------------------------------------------------------------------
This workload's output is located in:
/home/ubuntu/chipyard/sims/firesim/deploy/results-workload/2026-05-07--17-54-36-rerocc-lc-linux-coupleddma-bertmini-pipeline-runtime-batch8-fileonly-sync-pairdummy-gdbserver-f2-gemmini-rerocc-pairmanager-dummy8x8-4c12p12-sbus64-linux-bertmini-batch8-fileonly-sync-gdbserver-cfg32-nic-notrace/
This run's log is located in:
/home/ubuntu/chipyard/sims/firesim/deploy/logs/2026-05-07--17-54-36-runworkload-DIBEN06RQCJ0TZ91.log
This status will update every 10s.
--------------------------------------------------------------------------------
Instances
--------------------------------------------------------------------------------
Hostname/IP: 192.168.1.34 | Terminated: [33mFalse[0m
--------------------------------------------------------------------------------
Simulated Switches
--------------------------------------------------------------------------------
Hostname/IP: 192.168.1.34 | Switch name: switch0 | Switch running: [32mTrue [0m
--------------------------------------------------------------------------------
Simulated Pipes
--------------------------------------------------------------------------------
--------------------------------------------------------------------------------
Simulated Nodes/Jobs
--------------------------------------------------------------------------------
Hostname/IP: 192.168.1.34 | Job: rerocc-lc-linux-coupleddma-bertmini-pipeline-runtime-batch8-fileonly-sync-pairdummy-gdbserver0 | Sim running: [33mTrue [0m
--------------------------------------------------------------------------------
Summary
--------------------------------------------------------------------------------
1/1 instances are still running.
1/1 simulations are still running.
--------------------------------------------------------------------------------
[2J
FireSim Simulation Status @ 2026-05-07 17:59:17.757242
--------------------------------------------------------------------------------
This workload's output is located in:
/home/ubuntu/chipyard/sims/firesim/deploy/results-workload/2026-05-07--17-54-36-rerocc-lc-linux-coupleddma-bertmini-pipeline-runtime-batch8-fileonly-sync-pairdummy-gdbserver-f2-gemmini-rerocc-pairmanager-dummy8x8-4c12p12-sbus64-linux-bertmini-batch8-fileonly-sync-gdbserver-cfg32-nic-notrace/
This run's log is located in:
/home/ubuntu/chipyard/sims/firesim/deploy/logs/2026-05-07--17-54-36-runworkload-DIBEN06RQCJ0TZ91.log
This status will update every 10s.
--------------------------------------------------------------------------------
Instances
--------------------------------------------------------------------------------
Hostname/IP: 192.168.1.34 | Terminated: [33mFalse[0m
--------------------------------------------------------------------------------
Simulated Switches
--------------------------------------------------------------------------------
Hostname/IP: 192.168.1.34 | Switch name: switch0 | Switch running: [32mTrue [0m
--------------------------------------------------------------------------------
Simulated Pipes
--------------------------------------------------------------------------------
--------------------------------------------------------------------------------
Simulated Nodes/Jobs
--------------------------------------------------------------------------------
Hostname/IP: 192.168.1.34 | Job: rerocc-lc-linux-coupleddma-bertmini-pipeline-runtime-batch8-fileonly-sync-pairdummy-gdbserver0 | Sim running: [33mTrue [0m
--------------------------------------------------------------------------------
Summary
--------------------------------------------------------------------------------
1/1 instances are still running.
1/1 simulations are still running.
--------------------------------------------------------------------------------
[2J
FireSim Simulation Status @ 2026-05-07 17:59:28.075347
--------------------------------------------------------------------------------
This workload's output is located in:
/home/ubuntu/chipyard/sims/firesim/deploy/results-workload/2026-05-07--17-54-36-rerocc-lc-linux-coupleddma-bertmini-pipeline-runtime-batch8-fileonly-sync-pairdummy-gdbserver-f2-gemmini-rerocc-pairmanager-dummy8x8-4c12p12-sbus64-linux-bertmini-batch8-fileonly-sync-gdbserver-cfg32-nic-notrace/
This run's log is located in:
/home/ubuntu/chipyard/sims/firesim/deploy/logs/2026-05-07--17-54-36-runworkload-DIBEN06RQCJ0TZ91.log
This status will update every 10s.
--------------------------------------------------------------------------------
Instances
--------------------------------------------------------------------------------
Hostname/IP: 192.168.1.34 | Terminated: [33mFalse[0m
--------------------------------------------------------------------------------
Simulated Switches
--------------------------------------------------------------------------------
Hostname/IP: 192.168.1.34 | Switch name: switch0 | Switch running: [32mTrue [0m
--------------------------------------------------------------------------------
Simulated Pipes
--------------------------------------------------------------------------------
--------------------------------------------------------------------------------
Simulated Nodes/Jobs
--------------------------------------------------------------------------------
Hostname/IP: 192.168.1.34 | Job: rerocc-lc-linux-coupleddma-bertmini-pipeline-runtime-batch8-fileonly-sync-pairdummy-gdbserver0 | Sim running: [33mTrue [0m
--------------------------------------------------------------------------------
Summary
--------------------------------------------------------------------------------
1/1 instances are still running.
1/1 simulations are still running.
--------------------------------------------------------------------------------
[2J
FireSim Simulation Status @ 2026-05-07 17:59:38.394546
--------------------------------------------------------------------------------
This workload's output is located in:
/home/ubuntu/chipyard/sims/firesim/deploy/results-workload/2026-05-07--17-54-36-rerocc-lc-linux-coupleddma-bertmini-pipeline-runtime-batch8-fileonly-sync-pairdummy-gdbserver-f2-gemmini-rerocc-pairmanager-dummy8x8-4c12p12-sbus64-linux-bertmini-batch8-fileonly-sync-gdbserver-cfg32-nic-notrace/
This run's log is located in:
/home/ubuntu/chipyard/sims/firesim/deploy/logs/2026-05-07--17-54-36-runworkload-DIBEN06RQCJ0TZ91.log
This status will update every 10s.
--------------------------------------------------------------------------------
Instances
--------------------------------------------------------------------------------
Hostname/IP: 192.168.1.34 | Terminated: [33mFalse[0m
--------------------------------------------------------------------------------
Simulated Switches
--------------------------------------------------------------------------------
Hostname/IP: 192.168.1.34 | Switch name: switch0 | Switch running: [32mTrue [0m
--------------------------------------------------------------------------------
Simulated Pipes
--------------------------------------------------------------------------------
--------------------------------------------------------------------------------
Simulated Nodes/Jobs
--------------------------------------------------------------------------------
Hostname/IP: 192.168.1.34 | Job: rerocc-lc-linux-coupleddma-bertmini-pipeline-runtime-batch8-fileonly-sync-pairdummy-gdbserver0 | Sim running: [33mTrue [0m
--------------------------------------------------------------------------------
Summary
--------------------------------------------------------------------------------
1/1 instances are still running.
1/1 simulations are still running.
--------------------------------------------------------------------------------
[2J
FireSim Simulation Status @ 2026-05-07 17:59:48.944674
--------------------------------------------------------------------------------
This workload's output is located in:
/home/ubuntu/chipyard/sims/firesim/deploy/results-workload/2026-05-07--17-54-36-rerocc-lc-linux-coupleddma-bertmini-pipeline-runtime-batch8-fileonly-sync-pairdummy-gdbserver-f2-gemmini-rerocc-pairmanager-dummy8x8-4c12p12-sbus64-linux-bertmini-batch8-fileonly-sync-gdbserver-cfg32-nic-notrace/
This run's log is located in:
/home/ubuntu/chipyard/sims/firesim/deploy/logs/2026-05-07--17-54-36-runworkload-DIBEN06RQCJ0TZ91.log
This status will update every 10s.
--------------------------------------------------------------------------------
Instances
--------------------------------------------------------------------------------
Hostname/IP: 192.168.1.34 | Terminated: [33mFalse[0m
--------------------------------------------------------------------------------
Simulated Switches
--------------------------------------------------------------------------------
Hostname/IP: 192.168.1.34 | Switch name: switch0 | Switch running: [32mTrue [0m
--------------------------------------------------------------------------------
Simulated Pipes
--------------------------------------------------------------------------------
--------------------------------------------------------------------------------
Simulated Nodes/Jobs
--------------------------------------------------------------------------------
Hostname/IP: 192.168.1.34 | Job: rerocc-lc-linux-coupleddma-bertmini-pipeline-runtime-batch8-fileonly-sync-pairdummy-gdbserver0 | Sim running: [33mTrue [0m
--------------------------------------------------------------------------------
Summary
--------------------------------------------------------------------------------
1/1 instances are still running.
1/1 simulations are still running.
--------------------------------------------------------------------------------
[2J
FireSim Simulation Status @ 2026-05-07 17:59:59.253315
--------------------------------------------------------------------------------
This workload's output is located in:
/home/ubuntu/chipyard/sims/firesim/deploy/results-workload/2026-05-07--17-54-36-rerocc-lc-linux-coupleddma-bertmini-pipeline-runtime-batch8-fileonly-sync-pairdummy-gdbserver-f2-gemmini-rerocc-pairmanager-dummy8x8-4c12p12-sbus64-linux-bertmini-batch8-fileonly-sync-gdbserver-cfg32-nic-notrace/
This run's log is located in:
/home/ubuntu/chipyard/sims/firesim/deploy/logs/2026-05-07--17-54-36-runworkload-DIBEN06RQCJ0TZ91.log
This status will update every 10s.
--------------------------------------------------------------------------------
Instances
--------------------------------------------------------------------------------
Hostname/IP: 192.168.1.34 | Terminated: [33mFalse[0m
--------------------------------------------------------------------------------
Simulated Switches
--------------------------------------------------------------------------------
Hostname/IP: 192.168.1.34 | Switch name: switch0 | Switch running: [32mTrue [0m
--------------------------------------------------------------------------------
Simulated Pipes
--------------------------------------------------------------------------------
--------------------------------------------------------------------------------
Simulated Nodes/Jobs
--------------------------------------------------------------------------------
Hostname/IP: 192.168.1.34 | Job: rerocc-lc-linux-coupleddma-bertmini-pipeline-runtime-batch8-fileonly-sync-pairdummy-gdbserver0 | Sim running: [33mTrue [0m
--------------------------------------------------------------------------------
Summary
--------------------------------------------------------------------------------
1/1 instances are still running.
1/1 simulations are still running.
--------------------------------------------------------------------------------
[2J
FireSim Simulation Status @ 2026-05-07 18:00:09.582547
--------------------------------------------------------------------------------
This workload's output is located in:
/home/ubuntu/chipyard/sims/firesim/deploy/results-workload/2026-05-07--17-54-36-rerocc-lc-linux-coupleddma-bertmini-pipeline-runtime-batch8-fileonly-sync-pairdummy-gdbserver-f2-gemmini-rerocc-pairmanager-dummy8x8-4c12p12-sbus64-linux-bertmini-batch8-fileonly-sync-gdbserver-cfg32-nic-notrace/
This run's log is located in:
/home/ubuntu/chipyard/sims/firesim/deploy/logs/2026-05-07--17-54-36-runworkload-DIBEN06RQCJ0TZ91.log
This status will update every 10s.
--------------------------------------------------------------------------------
Instances
--------------------------------------------------------------------------------
Hostname/IP: 192.168.1.34 | Terminated: [33mFalse[0m
--------------------------------------------------------------------------------
Simulated Switches
--------------------------------------------------------------------------------
Hostname/IP: 192.168.1.34 | Switch name: switch0 | Switch running: [32mTrue [0m
--------------------------------------------------------------------------------
Simulated Pipes
--------------------------------------------------------------------------------
--------------------------------------------------------------------------------
Simulated Nodes/Jobs
--------------------------------------------------------------------------------
Hostname/IP: 192.168.1.34 | Job: rerocc-lc-linux-coupleddma-bertmini-pipeline-runtime-batch8-fileonly-sync-pairdummy-gdbserver0 | Sim running: [33mTrue [0m
--------------------------------------------------------------------------------
Summary
--------------------------------------------------------------------------------
1/1 instances are still running.
1/1 simulations are still running.
--------------------------------------------------------------------------------
[2J
FireSim Simulation Status @ 2026-05-07 18:00:19.891240
--------------------------------------------------------------------------------
This workload's output is located in:
/home/ubuntu/chipyard/sims/firesim/deploy/results-workload/2026-05-07--17-54-36-rerocc-lc-linux-coupleddma-bertmini-pipeline-runtime-batch8-fileonly-sync-pairdummy-gdbserver-f2-gemmini-rerocc-pairmanager-dummy8x8-4c12p12-sbus64-linux-bertmini-batch8-fileonly-sync-gdbserver-cfg32-nic-notrace/
This run's log is located in:
/home/ubuntu/chipyard/sims/firesim/deploy/logs/2026-05-07--17-54-36-runworkload-DIBEN06RQCJ0TZ91.log
This status will update every 10s.
--------------------------------------------------------------------------------
Instances
--------------------------------------------------------------------------------
Hostname/IP: 192.168.1.34 | Terminated: [33mFalse[0m
--------------------------------------------------------------------------------
Simulated Switches
--------------------------------------------------------------------------------
Hostname/IP: 192.168.1.34 | Switch name: switch0 | Switch running: [32mTrue [0m
--------------------------------------------------------------------------------
Simulated Pipes
--------------------------------------------------------------------------------
--------------------------------------------------------------------------------
Simulated Nodes/Jobs
--------------------------------------------------------------------------------
Hostname/IP: 192.168.1.34 | Job: rerocc-lc-linux-coupleddma-bertmini-pipeline-runtime-batch8-fileonly-sync-pairdummy-gdbserver0 | Sim running: [33mTrue [0m
--------------------------------------------------------------------------------
Summary
--------------------------------------------------------------------------------
1/1 instances are still running.
1/1 simulations are still running.
--------------------------------------------------------------------------------
[2J
FireSim Simulation Status @ 2026-05-07 18:00:30.209456
--------------------------------------------------------------------------------
This workload's output is located in:
/home/ubuntu/chipyard/sims/firesim/deploy/results-workload/2026-05-07--17-54-36-rerocc-lc-linux-coupleddma-bertmini-pipeline-runtime-batch8-fileonly-sync-pairdummy-gdbserver-f2-gemmini-rerocc-pairmanager-dummy8x8-4c12p12-sbus64-linux-bertmini-batch8-fileonly-sync-gdbserver-cfg32-nic-notrace/
This run's log is located in:
/home/ubuntu/chipyard/sims/firesim/deploy/logs/2026-05-07--17-54-36-runworkload-DIBEN06RQCJ0TZ91.log
This status will update every 10s.
--------------------------------------------------------------------------------
Instances
--------------------------------------------------------------------------------
Hostname/IP: 192.168.1.34 | Terminated: [33mFalse[0m
--------------------------------------------------------------------------------
Simulated Switches
--------------------------------------------------------------------------------
Hostname/IP: 192.168.1.34 | Switch name: switch0 | Switch running: [32mTrue [0m
--------------------------------------------------------------------------------
Simulated Pipes
--------------------------------------------------------------------------------
--------------------------------------------------------------------------------
Simulated Nodes/Jobs
--------------------------------------------------------------------------------
Hostname/IP: 192.168.1.34 | Job: rerocc-lc-linux-coupleddma-bertmini-pipeline-runtime-batch8-fileonly-sync-pairdummy-gdbserver0 | Sim running: [33mTrue [0m
--------------------------------------------------------------------------------
Summary
--------------------------------------------------------------------------------
1/1 instances are still running.
1/1 simulations are still running.
--------------------------------------------------------------------------------
[2J
FireSim Simulation Status @ 2026-05-07 18:00:40.527818
--------------------------------------------------------------------------------
This workload's output is located in:
/home/ubuntu/chipyard/sims/firesim/deploy/results-workload/2026-05-07--17-54-36-rerocc-lc-linux-coupleddma-bertmini-pipeline-runtime-batch8-fileonly-sync-pairdummy-gdbserver-f2-gemmini-rerocc-pairmanager-dummy8x8-4c12p12-sbus64-linux-bertmini-batch8-fileonly-sync-gdbserver-cfg32-nic-notrace/
This run's log is located in:
/home/ubuntu/chipyard/sims/firesim/deploy/logs/2026-05-07--17-54-36-runworkload-DIBEN06RQCJ0TZ91.log
This status will update every 10s.
--------------------------------------------------------------------------------
Instances
--------------------------------------------------------------------------------
Hostname/IP: 192.168.1.34 | Terminated: [33mFalse[0m
--------------------------------------------------------------------------------
Simulated Switches
--------------------------------------------------------------------------------
Hostname/IP: 192.168.1.34 | Switch name: switch0 | Switch running: [32mTrue [0m
--------------------------------------------------------------------------------
Simulated Pipes
--------------------------------------------------------------------------------
--------------------------------------------------------------------------------
Simulated Nodes/Jobs
--------------------------------------------------------------------------------
Hostname/IP: 192.168.1.34 | Job: rerocc-lc-linux-coupleddma-bertmini-pipeline-runtime-batch8-fileonly-sync-pairdummy-gdbserver0 | Sim running: [33mTrue [0m
--------------------------------------------------------------------------------
Summary
--------------------------------------------------------------------------------
1/1 instances are still running.
1/1 simulations are still running.
--------------------------------------------------------------------------------
[2J
FireSim Simulation Status @ 2026-05-07 18:00:51.118926
--------------------------------------------------------------------------------
This workload's output is located in:
/home/ubuntu/chipyard/sims/firesim/deploy/results-workload/2026-05-07--17-54-36-rerocc-lc-linux-coupleddma-bertmini-pipeline-runtime-batch8-fileonly-sync-pairdummy-gdbserver-f2-gemmini-rerocc-pairmanager-dummy8x8-4c12p12-sbus64-linux-bertmini-batch8-fileonly-sync-gdbserver-cfg32-nic-notrace/
This run's log is located in:
/home/ubuntu/chipyard/sims/firesim/deploy/logs/2026-05-07--17-54-36-runworkload-DIBEN06RQCJ0TZ91.log
This status will update every 10s.
--------------------------------------------------------------------------------
Instances
--------------------------------------------------------------------------------
Hostname/IP: 192.168.1.34 | Terminated: [33mFalse[0m
--------------------------------------------------------------------------------
Simulated Switches
--------------------------------------------------------------------------------
Hostname/IP: 192.168.1.34 | Switch name: switch0 | Switch running: [32mTrue [0m
--------------------------------------------------------------------------------
Simulated Pipes
--------------------------------------------------------------------------------
--------------------------------------------------------------------------------
Simulated Nodes/Jobs
--------------------------------------------------------------------------------
Hostname/IP: 192.168.1.34 | Job: rerocc-lc-linux-coupleddma-bertmini-pipeline-runtime-batch8-fileonly-sync-pairdummy-gdbserver0 | Sim running: [33mTrue [0m
--------------------------------------------------------------------------------
Summary
--------------------------------------------------------------------------------
1/1 instances are still running.
1/1 simulations are still running.
--------------------------------------------------------------------------------
[2J
FireSim Simulation Status @ 2026-05-07 18:01:01.437242
--------------------------------------------------------------------------------
This workload's output is located in:
/home/ubuntu/chipyard/sims/firesim/deploy/results-workload/2026-05-07--17-54-36-rerocc-lc-linux-coupleddma-bertmini-pipeline-runtime-batch8-fileonly-sync-pairdummy-gdbserver-f2-gemmini-rerocc-pairmanager-dummy8x8-4c12p12-sbus64-linux-bertmini-batch8-fileonly-sync-gdbserver-cfg32-nic-notrace/
This run's log is located in:
/home/ubuntu/chipyard/sims/firesim/deploy/logs/2026-05-07--17-54-36-runworkload-DIBEN06RQCJ0TZ91.log
This status will update every 10s.
--------------------------------------------------------------------------------
Instances
--------------------------------------------------------------------------------
Hostname/IP: 192.168.1.34 | Terminated: [33mFalse[0m
--------------------------------------------------------------------------------
Simulated Switches
--------------------------------------------------------------------------------
Hostname/IP: 192.168.1.34 | Switch name: switch0 | Switch running: [32mTrue [0m
--------------------------------------------------------------------------------
Simulated Pipes
--------------------------------------------------------------------------------
--------------------------------------------------------------------------------
Simulated Nodes/Jobs
--------------------------------------------------------------------------------
Hostname/IP: 192.168.1.34 | Job: rerocc-lc-linux-coupleddma-bertmini-pipeline-runtime-batch8-fileonly-sync-pairdummy-gdbserver0 | Sim running: [33mTrue [0m
--------------------------------------------------------------------------------
Summary
--------------------------------------------------------------------------------
1/1 instances are still running.
1/1 simulations are still running.
--------------------------------------------------------------------------------
[2J
FireSim Simulation Status @ 2026-05-07 18:01:11.765507
--------------------------------------------------------------------------------
This workload's output is located in:
/home/ubuntu/chipyard/sims/firesim/deploy/results-workload/2026-05-07--17-54-36-rerocc-lc-linux-coupleddma-bertmini-pipeline-runtime-batch8-fileonly-sync-pairdummy-gdbserver-f2-gemmini-rerocc-pairmanager-dummy8x8-4c12p12-sbus64-linux-bertmini-batch8-fileonly-sync-gdbserver-cfg32-nic-notrace/
This run's log is located in:
/home/ubuntu/chipyard/sims/firesim/deploy/logs/2026-05-07--17-54-36-runworkload-DIBEN06RQCJ0TZ91.log
This status will update every 10s.
--------------------------------------------------------------------------------
Instances
--------------------------------------------------------------------------------
Hostname/IP: 192.168.1.34 | Terminated: [33mFalse[0m
--------------------------------------------------------------------------------
Simulated Switches
--------------------------------------------------------------------------------
Hostname/IP: 192.168.1.34 | Switch name: switch0 | Switch running: [32mTrue [0m
--------------------------------------------------------------------------------
Simulated Pipes
--------------------------------------------------------------------------------
--------------------------------------------------------------------------------
Simulated Nodes/Jobs
--------------------------------------------------------------------------------
Hostname/IP: 192.168.1.34 | Job: rerocc-lc-linux-coupleddma-bertmini-pipeline-runtime-batch8-fileonly-sync-pairdummy-gdbserver0 | Sim running: [33mTrue [0m
--------------------------------------------------------------------------------
Summary
--------------------------------------------------------------------------------
1/1 instances are still running.
1/1 simulations are still running.
--------------------------------------------------------------------------------
[2J
FireSim Simulation Status @ 2026-05-07 18:01:22.074221
--------------------------------------------------------------------------------
This workload's output is located in:
/home/ubuntu/chipyard/sims/firesim/deploy/results-workload/2026-05-07--17-54-36-rerocc-lc-linux-coupleddma-bertmini-pipeline-runtime-batch8-fileonly-sync-pairdummy-gdbserver-f2-gemmini-rerocc-pairmanager-dummy8x8-4c12p12-sbus64-linux-bertmini-batch8-fileonly-sync-gdbserver-cfg32-nic-notrace/
This run's log is located in:
/home/ubuntu/chipyard/sims/firesim/deploy/logs/2026-05-07--17-54-36-runworkload-DIBEN06RQCJ0TZ91.log
This status will update every 10s.
--------------------------------------------------------------------------------
Instances
--------------------------------------------------------------------------------
Hostname/IP: 192.168.1.34 | Terminated: [33mFalse[0m
--------------------------------------------------------------------------------
Simulated Switches
--------------------------------------------------------------------------------
Hostname/IP: 192.168.1.34 | Switch name: switch0 | Switch running: [32mTrue [0m
--------------------------------------------------------------------------------
Simulated Pipes
--------------------------------------------------------------------------------
--------------------------------------------------------------------------------
Simulated Nodes/Jobs
--------------------------------------------------------------------------------
Hostname/IP: 192.168.1.34 | Job: rerocc-lc-linux-coupleddma-bertmini-pipeline-runtime-batch8-fileonly-sync-pairdummy-gdbserver0 | Sim running: [33mTrue [0m
--------------------------------------------------------------------------------
Summary
--------------------------------------------------------------------------------
1/1 instances are still running.
1/1 simulations are still running.
--------------------------------------------------------------------------------
[2J
FireSim Simulation Status @ 2026-05-07 18:01:32.402267
--------------------------------------------------------------------------------
This workload's output is located in:
/home/ubuntu/chipyard/sims/firesim/deploy/results-workload/2026-05-07--17-54-36-rerocc-lc-linux-coupleddma-bertmini-pipeline-runtime-batch8-fileonly-sync-pairdummy-gdbserver-f2-gemmini-rerocc-pairmanager-dummy8x8-4c12p12-sbus64-linux-bertmini-batch8-fileonly-sync-gdbserver-cfg32-nic-notrace/
This run's log is located in:
/home/ubuntu/chipyard/sims/firesim/deploy/logs/2026-05-07--17-54-36-runworkload-DIBEN06RQCJ0TZ91.log
This status will update every 10s.
--------------------------------------------------------------------------------
Instances
--------------------------------------------------------------------------------
Hostname/IP: 192.168.1.34 | Terminated: [33mFalse[0m
--------------------------------------------------------------------------------
Simulated Switches
--------------------------------------------------------------------------------
Hostname/IP: 192.168.1.34 | Switch name: switch0 | Switch running: [32mTrue [0m
--------------------------------------------------------------------------------
Simulated Pipes
--------------------------------------------------------------------------------
--------------------------------------------------------------------------------
Simulated Nodes/Jobs
--------------------------------------------------------------------------------
Hostname/IP: 192.168.1.34 | Job: rerocc-lc-linux-coupleddma-bertmini-pipeline-runtime-batch8-fileonly-sync-pairdummy-gdbserver0 | Sim running: [33mTrue [0m
--------------------------------------------------------------------------------
Summary
--------------------------------------------------------------------------------
1/1 instances are still running.
1/1 simulations are still running.
--------------------------------------------------------------------------------
[2J
FireSim Simulation Status @ 2026-05-07 18:01:42.727062
--------------------------------------------------------------------------------
This workload's output is located in:
/home/ubuntu/chipyard/sims/firesim/deploy/results-workload/2026-05-07--17-54-36-rerocc-lc-linux-coupleddma-bertmini-pipeline-runtime-batch8-fileonly-sync-pairdummy-gdbserver-f2-gemmini-rerocc-pairmanager-dummy8x8-4c12p12-sbus64-linux-bertmini-batch8-fileonly-sync-gdbserver-cfg32-nic-notrace/
This run's log is located in:
/home/ubuntu/chipyard/sims/firesim/deploy/logs/2026-05-07--17-54-36-runworkload-DIBEN06RQCJ0TZ91.log
This status will update every 10s.
--------------------------------------------------------------------------------
Instances
--------------------------------------------------------------------------------
Hostname/IP: 192.168.1.34 | Terminated: [33mFalse[0m
--------------------------------------------------------------------------------
Simulated Switches
--------------------------------------------------------------------------------
Hostname/IP: 192.168.1.34 | Switch name: switch0 | Switch running: [32mTrue [0m
--------------------------------------------------------------------------------
Simulated Pipes
--------------------------------------------------------------------------------
--------------------------------------------------------------------------------
Simulated Nodes/Jobs
--------------------------------------------------------------------------------
Hostname/IP: 192.168.1.34 | Job: rerocc-lc-linux-coupleddma-bertmini-pipeline-runtime-batch8-fileonly-sync-pairdummy-gdbserver0 | Sim running: [33mTrue [0m
--------------------------------------------------------------------------------
Summary
--------------------------------------------------------------------------------
1/1 instances are still running.
1/1 simulations are still running.
--------------------------------------------------------------------------------
[2J
FireSim Simulation Status @ 2026-05-07 18:01:53.328483
--------------------------------------------------------------------------------
This workload's output is located in:
/home/ubuntu/chipyard/sims/firesim/deploy/results-workload/2026-05-07--17-54-36-rerocc-lc-linux-coupleddma-bertmini-pipeline-runtime-batch8-fileonly-sync-pairdummy-gdbserver-f2-gemmini-rerocc-pairmanager-dummy8x8-4c12p12-sbus64-linux-bertmini-batch8-fileonly-sync-gdbserver-cfg32-nic-notrace/
This run's log is located in:
/home/ubuntu/chipyard/sims/firesim/deploy/logs/2026-05-07--17-54-36-runworkload-DIBEN06RQCJ0TZ91.log
This status will update every 10s.
--------------------------------------------------------------------------------
Instances
--------------------------------------------------------------------------------
Hostname/IP: 192.168.1.34 | Terminated: [33mFalse[0m
--------------------------------------------------------------------------------
Simulated Switches
--------------------------------------------------------------------------------
Hostname/IP: 192.168.1.34 | Switch name: switch0 | Switch running: [32mTrue [0m
--------------------------------------------------------------------------------
Simulated Pipes
--------------------------------------------------------------------------------
--------------------------------------------------------------------------------
Simulated Nodes/Jobs
--------------------------------------------------------------------------------
Hostname/IP: 192.168.1.34 | Job: rerocc-lc-linux-coupleddma-bertmini-pipeline-runtime-batch8-fileonly-sync-pairdummy-gdbserver0 | Sim running: [33mTrue [0m
--------------------------------------------------------------------------------
Summary
--------------------------------------------------------------------------------
1/1 instances are still running.
1/1 simulations are still running.
--------------------------------------------------------------------------------
[prt-host-watchdog] guest-status arm observed at 2026-05-07T18:01:55Z hb='Target Cycle (fastest), Seconds Since Start' guest_status=1644
[2J
FireSim Simulation Status @ 2026-05-07 18:02:03.646817
--------------------------------------------------------------------------------
This workload's output is located in:
/home/ubuntu/chipyard/sims/firesim/deploy/results-workload/2026-05-07--17-54-36-rerocc-lc-linux-coupleddma-bertmini-pipeline-runtime-batch8-fileonly-sync-pairdummy-gdbserver-f2-gemmini-rerocc-pairmanager-dummy8x8-4c12p12-sbus64-linux-bertmini-batch8-fileonly-sync-gdbserver-cfg32-nic-notrace/
This run's log is located in:
/home/ubuntu/chipyard/sims/firesim/deploy/logs/2026-05-07--17-54-36-runworkload-DIBEN06RQCJ0TZ91.log
This status will update every 10s.
--------------------------------------------------------------------------------
Instances
--------------------------------------------------------------------------------
Hostname/IP: 192.168.1.34 | Terminated: [33mFalse[0m
--------------------------------------------------------------------------------
Simulated Switches
--------------------------------------------------------------------------------
Hostname/IP: 192.168.1.34 | Switch name: switch0 | Switch running: [32mTrue [0m
--------------------------------------------------------------------------------
Simulated Pipes
--------------------------------------------------------------------------------
--------------------------------------------------------------------------------
Simulated Nodes/Jobs
--------------------------------------------------------------------------------
Hostname/IP: 192.168.1.34 | Job: rerocc-lc-linux-coupleddma-bertmini-pipeline-runtime-batch8-fileonly-sync-pairdummy-gdbserver0 | Sim running: [33mTrue [0m
--------------------------------------------------------------------------------
Summary
--------------------------------------------------------------------------------
1/1 instances are still running.
1/1 simulations are still running.
--------------------------------------------------------------------------------
[2J
FireSim Simulation Status @ 2026-05-07 18:02:13.939583
--------------------------------------------------------------------------------
This workload's output is located in:
/home/ubuntu/chipyard/sims/firesim/deploy/results-workload/2026-05-07--17-54-36-rerocc-lc-linux-coupleddma-bertmini-pipeline-runtime-batch8-fileonly-sync-pairdummy-gdbserver-f2-gemmini-rerocc-pairmanager-dummy8x8-4c12p12-sbus64-linux-bertmini-batch8-fileonly-sync-gdbserver-cfg32-nic-notrace/
This run's log is located in:
/home/ubuntu/chipyard/sims/firesim/deploy/logs/2026-05-07--17-54-36-runworkload-DIBEN06RQCJ0TZ91.log
This status will update every 10s.
--------------------------------------------------------------------------------
Instances
--------------------------------------------------------------------------------
Hostname/IP: 192.168.1.34 | Terminated: [33mFalse[0m
--------------------------------------------------------------------------------
Simulated Switches
--------------------------------------------------------------------------------
Hostname/IP: 192.168.1.34 | Switch name: switch0 | Switch running: [32mTrue [0m
--------------------------------------------------------------------------------
Simulated Pipes
--------------------------------------------------------------------------------
--------------------------------------------------------------------------------
Simulated Nodes/Jobs
--------------------------------------------------------------------------------
Hostname/IP: 192.168.1.34 | Job: rerocc-lc-linux-coupleddma-bertmini-pipeline-runtime-batch8-fileonly-sync-pairdummy-gdbserver0 | Sim running: [33mTrue [0m
--------------------------------------------------------------------------------
Summary
--------------------------------------------------------------------------------
1/1 instances are still running.
1/1 simulations are still running.
--------------------------------------------------------------------------------
[2J
FireSim Simulation Status @ 2026-05-07 18:02:24.267873
--------------------------------------------------------------------------------
This workload's output is located in:
/home/ubuntu/chipyard/sims/firesim/deploy/results-workload/2026-05-07--17-54-36-rerocc-lc-linux-coupleddma-bertmini-pipeline-runtime-batch8-fileonly-sync-pairdummy-gdbserver-f2-gemmini-rerocc-pairmanager-dummy8x8-4c12p12-sbus64-linux-bertmini-batch8-fileonly-sync-gdbserver-cfg32-nic-notrace/
This run's log is located in:
/home/ubuntu/chipyard/sims/firesim/deploy/logs/2026-05-07--17-54-36-runworkload-DIBEN06RQCJ0TZ91.log
This status will update every 10s.
--------------------------------------------------------------------------------
Instances
--------------------------------------------------------------------------------
Hostname/IP: 192.168.1.34 | Terminated: [33mFalse[0m
--------------------------------------------------------------------------------
Simulated Switches
--------------------------------------------------------------------------------
Hostname/IP: 192.168.1.34 | Switch name: switch0 | Switch running: [32mTrue [0m
--------------------------------------------------------------------------------
Simulated Pipes
--------------------------------------------------------------------------------
--------------------------------------------------------------------------------
Simulated Nodes/Jobs
--------------------------------------------------------------------------------
Hostname/IP: 192.168.1.34 | Job: rerocc-lc-linux-coupleddma-bertmini-pipeline-runtime-batch8-fileonly-sync-pairdummy-gdbserver0 | Sim running: [33mTrue [0m
--------------------------------------------------------------------------------
Summary
--------------------------------------------------------------------------------
1/1 instances are still running.
1/1 simulations are still running.
--------------------------------------------------------------------------------
[prt-host-watchdog] hb='Target Cycle (fastest), Seconds Since Start' idle=32s hb_idle=32s uart=16628 guest_log=0 guest_sparse=1293 guest_checkpoint=0 guest_trigger=0 guest_status=1644 guest_proc=1286 guest_runner=0 guest_runner_post=363 guest_runner_early=0 guest_binary=0 guest_runner_proc=0
[2J
FireSim Simulation Status @ 2026-05-07 18:02:34.586163
--------------------------------------------------------------------------------
This workload's output is located in:
/home/ubuntu/chipyard/sims/firesim/deploy/results-workload/2026-05-07--17-54-36-rerocc-lc-linux-coupleddma-bertmini-pipeline-runtime-batch8-fileonly-sync-pairdummy-gdbserver-f2-gemmini-rerocc-pairmanager-dummy8x8-4c12p12-sbus64-linux-bertmini-batch8-fileonly-sync-gdbserver-cfg32-nic-notrace/
This run's log is located in:
/home/ubuntu/chipyard/sims/firesim/deploy/logs/2026-05-07--17-54-36-runworkload-DIBEN06RQCJ0TZ91.log
This status will update every 10s.
--------------------------------------------------------------------------------
Instances
--------------------------------------------------------------------------------
Hostname/IP: 192.168.1.34 | Terminated: [33mFalse[0m
--------------------------------------------------------------------------------
Simulated Switches
--------------------------------------------------------------------------------
Hostname/IP: 192.168.1.34 | Switch name: switch0 | Switch running: [32mTrue [0m
--------------------------------------------------------------------------------
Simulated Pipes
--------------------------------------------------------------------------------
--------------------------------------------------------------------------------
Simulated Nodes/Jobs
--------------------------------------------------------------------------------
Hostname/IP: 192.168.1.34 | Job: rerocc-lc-linux-coupleddma-bertmini-pipeline-runtime-batch8-fileonly-sync-pairdummy-gdbserver0 | Sim running: [33mTrue [0m
--------------------------------------------------------------------------------
Summary
--------------------------------------------------------------------------------
1/1 instances are still running.
1/1 simulations are still running.
--------------------------------------------------------------------------------
[2J
FireSim Simulation Status @ 2026-05-07 18:02:44.891327
--------------------------------------------------------------------------------
This workload's output is located in:
/home/ubuntu/chipyard/sims/firesim/deploy/results-workload/2026-05-07--17-54-36-rerocc-lc-linux-coupleddma-bertmini-pipeline-runtime-batch8-fileonly-sync-pairdummy-gdbserver-f2-gemmini-rerocc-pairmanager-dummy8x8-4c12p12-sbus64-linux-bertmini-batch8-fileonly-sync-gdbserver-cfg32-nic-notrace/
This run's log is located in:
/home/ubuntu/chipyard/sims/firesim/deploy/logs/2026-05-07--17-54-36-runworkload-DIBEN06RQCJ0TZ91.log
This status will update every 10s.
--------------------------------------------------------------------------------
Instances
--------------------------------------------------------------------------------
Hostname/IP: 192.168.1.34 | Terminated: [33mFalse[0m
--------------------------------------------------------------------------------
Simulated Switches
--------------------------------------------------------------------------------
Hostname/IP: 192.168.1.34 | Switch name: switch0 | Switch running: [32mTrue [0m
--------------------------------------------------------------------------------
Simulated Pipes
--------------------------------------------------------------------------------
--------------------------------------------------------------------------------
Simulated Nodes/Jobs
--------------------------------------------------------------------------------
Hostname/IP: 192.168.1.34 | Job: rerocc-lc-linux-coupleddma-bertmini-pipeline-runtime-batch8-fileonly-sync-pairdummy-gdbserver0 | Sim running: [33mTrue [0m
--------------------------------------------------------------------------------
Summary
--------------------------------------------------------------------------------
1/1 instances are still running.
1/1 simulations are still running.
--------------------------------------------------------------------------------
[2J
FireSim Simulation Status @ 2026-05-07 18:02:55.452142
--------------------------------------------------------------------------------
This workload's output is located in:
/home/ubuntu/chipyard/sims/firesim/deploy/results-workload/2026-05-07--17-54-36-rerocc-lc-linux-coupleddma-bertmini-pipeline-runtime-batch8-fileonly-sync-pairdummy-gdbserver-f2-gemmini-rerocc-pairmanager-dummy8x8-4c12p12-sbus64-linux-bertmini-batch8-fileonly-sync-gdbserver-cfg32-nic-notrace/
This run's log is located in:
/home/ubuntu/chipyard/sims/firesim/deploy/logs/2026-05-07--17-54-36-runworkload-DIBEN06RQCJ0TZ91.log
This status will update every 10s.
--------------------------------------------------------------------------------
Instances
--------------------------------------------------------------------------------
Hostname/IP: 192.168.1.34 | Terminated: [33mFalse[0m
--------------------------------------------------------------------------------
Simulated Switches
--------------------------------------------------------------------------------
Hostname/IP: 192.168.1.34 | Switch name: switch0 | Switch running: [32mTrue [0m
--------------------------------------------------------------------------------
Simulated Pipes
--------------------------------------------------------------------------------
--------------------------------------------------------------------------------
Simulated Nodes/Jobs
--------------------------------------------------------------------------------
Hostname/IP: 192.168.1.34 | Job: rerocc-lc-linux-coupleddma-bertmini-pipeline-runtime-batch8-fileonly-sync-pairdummy-gdbserver0 | Sim running: [33mTrue [0m
--------------------------------------------------------------------------------
Summary
--------------------------------------------------------------------------------
1/1 instances are still running.
1/1 simulations are still running.
--------------------------------------------------------------------------------
[prt-host-watchdog] progress hb='Target Cycle (fastest), Seconds Since Start' uart=16822 guest_log=0 guest_sparse=3466 guest_checkpoint=0 guest_trigger=0 guest_status=1644 guest_proc=2568 guest_runner=395 guest_runner_post=433 guest_runner_early=487 guest_binary=0 guest_runner_proc=4063
[prt-host-watchdog] hb='Target Cycle (fastest), Seconds Since Start' idle=0s hb_idle=63s uart=16822 guest_log=0 guest_sparse=3466 guest_checkpoint=0 guest_trigger=0 guest_status=1644 guest_proc=2568 guest_runner=395 guest_runner_post=433 guest_runner_early=487 guest_binary=0 guest_runner_proc=4063
[2J
FireSim Simulation Status @ 2026-05-07 18:03:05.752687
--------------------------------------------------------------------------------
This workload's output is located in:
/home/ubuntu/chipyard/sims/firesim/deploy/results-workload/2026-05-07--17-54-36-rerocc-lc-linux-coupleddma-bertmini-pipeline-runtime-batch8-fileonly-sync-pairdummy-gdbserver-f2-gemmini-rerocc-pairmanager-dummy8x8-4c12p12-sbus64-linux-bertmini-batch8-fileonly-sync-gdbserver-cfg32-nic-notrace/
This run's log is located in:
/home/ubuntu/chipyard/sims/firesim/deploy/logs/2026-05-07--17-54-36-runworkload-DIBEN06RQCJ0TZ91.log
This status will update every 10s.
--------------------------------------------------------------------------------
Instances
--------------------------------------------------------------------------------
Hostname/IP: 192.168.1.34 | Terminated: [33mFalse[0m
--------------------------------------------------------------------------------
Simulated Switches
--------------------------------------------------------------------------------
Hostname/IP: 192.168.1.34 | Switch name: switch0 | Switch running: [32mTrue [0m
--------------------------------------------------------------------------------
Simulated Pipes
--------------------------------------------------------------------------------
--------------------------------------------------------------------------------
Simulated Nodes/Jobs
--------------------------------------------------------------------------------
Hostname/IP: 192.168.1.34 | Job: rerocc-lc-linux-coupleddma-bertmini-pipeline-runtime-batch8-fileonly-sync-pairdummy-gdbserver0 | Sim running: [33mTrue [0m
--------------------------------------------------------------------------------
Summary
--------------------------------------------------------------------------------
1/1 instances are still running.
1/1 simulations are still running.
--------------------------------------------------------------------------------
[2J
FireSim Simulation Status @ 2026-05-07 18:03:16.061222
--------------------------------------------------------------------------------
This workload's output is located in:
/home/ubuntu/chipyard/sims/firesim/deploy/results-workload/2026-05-07--17-54-36-rerocc-lc-linux-coupleddma-bertmini-pipeline-runtime-batch8-fileonly-sync-pairdummy-gdbserver-f2-gemmini-rerocc-pairmanager-dummy8x8-4c12p12-sbus64-linux-bertmini-batch8-fileonly-sync-gdbserver-cfg32-nic-notrace/
This run's log is located in:
/home/ubuntu/chipyard/sims/firesim/deploy/logs/2026-05-07--17-54-36-runworkload-DIBEN06RQCJ0TZ91.log
This status will update every 10s.
--------------------------------------------------------------------------------
Instances
--------------------------------------------------------------------------------
Hostname/IP: 192.168.1.34 | Terminated: [33mFalse[0m
--------------------------------------------------------------------------------
Simulated Switches
--------------------------------------------------------------------------------
Hostname/IP: 192.168.1.34 | Switch name: switch0 | Switch running: [32mTrue [0m
--------------------------------------------------------------------------------
Simulated Pipes
--------------------------------------------------------------------------------
--------------------------------------------------------------------------------
Simulated Nodes/Jobs
--------------------------------------------------------------------------------
Hostname/IP: 192.168.1.34 | Job: rerocc-lc-linux-coupleddma-bertmini-pipeline-runtime-batch8-fileonly-sync-pairdummy-gdbserver0 | Sim running: [33mTrue [0m
--------------------------------------------------------------------------------
Summary
--------------------------------------------------------------------------------
1/1 instances are still running.
1/1 simulations are still running.
--------------------------------------------------------------------------------
[2J
FireSim Simulation Status @ 2026-05-07 18:03:26.379761
--------------------------------------------------------------------------------
This workload's output is located in:
/home/ubuntu/chipyard/sims/firesim/deploy/results-workload/2026-05-07--17-54-36-rerocc-lc-linux-coupleddma-bertmini-pipeline-runtime-batch8-fileonly-sync-pairdummy-gdbserver-f2-gemmini-rerocc-pairmanager-dummy8x8-4c12p12-sbus64-linux-bertmini-batch8-fileonly-sync-gdbserver-cfg32-nic-notrace/
This run's log is located in:
/home/ubuntu/chipyard/sims/firesim/deploy/logs/2026-05-07--17-54-36-runworkload-DIBEN06RQCJ0TZ91.log
This status will update every 10s.
--------------------------------------------------------------------------------
Instances
--------------------------------------------------------------------------------
Hostname/IP: 192.168.1.34 | Terminated: [33mFalse[0m
--------------------------------------------------------------------------------
Simulated Switches
--------------------------------------------------------------------------------
Hostname/IP: 192.168.1.34 | Switch name: switch0 | Switch running: [32mTrue [0m
--------------------------------------------------------------------------------
Simulated Pipes
--------------------------------------------------------------------------------
--------------------------------------------------------------------------------
Simulated Nodes/Jobs
--------------------------------------------------------------------------------
Hostname/IP: 192.168.1.34 | Job: rerocc-lc-linux-coupleddma-bertmini-pipeline-runtime-batch8-fileonly-sync-pairdummy-gdbserver0 | Sim running: [33mTrue [0m
--------------------------------------------------------------------------------
Summary
--------------------------------------------------------------------------------
1/1 instances are still running.
1/1 simulations are still running.
--------------------------------------------------------------------------------
[prt-host-watchdog] progress hb='Target Cycle (fastest), Seconds Since Start' uart=16919 guest_log=0 guest_sparse=3466 guest_checkpoint=0 guest_trigger=0 guest_status=1644 guest_proc=2568 guest_runner=596 guest_runner_post=433 guest_runner_early=487 guest_binary=0 guest_runner_proc=11459
[prt-host-watchdog] hb='Target Cycle (fastest), Seconds Since Start' idle=0s hb_idle=94s uart=16919 guest_log=0 guest_sparse=3466 guest_checkpoint=0 guest_trigger=0 guest_status=1644 guest_proc=2568 guest_runner=596 guest_runner_post=433 guest_runner_early=487 guest_binary=0 guest_runner_proc=11459
[2J
FireSim Simulation Status @ 2026-05-07 18:03:36.683045
--------------------------------------------------------------------------------
This workload's output is located in:
/home/ubuntu/chipyard/sims/firesim/deploy/results-workload/2026-05-07--17-54-36-rerocc-lc-linux-coupleddma-bertmini-pipeline-runtime-batch8-fileonly-sync-pairdummy-gdbserver-f2-gemmini-rerocc-pairmanager-dummy8x8-4c12p12-sbus64-linux-bertmini-batch8-fileonly-sync-gdbserver-cfg32-nic-notrace/
This run's log is located in:
/home/ubuntu/chipyard/sims/firesim/deploy/logs/2026-05-07--17-54-36-runworkload-DIBEN06RQCJ0TZ91.log
This status will update every 10s.
--------------------------------------------------------------------------------
Instances
--------------------------------------------------------------------------------
Hostname/IP: 192.168.1.34 | Terminated: [33mFalse[0m
--------------------------------------------------------------------------------
Simulated Switches
--------------------------------------------------------------------------------
Hostname/IP: 192.168.1.34 | Switch name: switch0 | Switch running: [32mTrue [0m
--------------------------------------------------------------------------------
Simulated Pipes
--------------------------------------------------------------------------------
--------------------------------------------------------------------------------
Simulated Nodes/Jobs
--------------------------------------------------------------------------------
Hostname/IP: 192.168.1.34 | Job: rerocc-lc-linux-coupleddma-bertmini-pipeline-runtime-batch8-fileonly-sync-pairdummy-gdbserver0 | Sim running: [33mTrue [0m
--------------------------------------------------------------------------------
Summary
--------------------------------------------------------------------------------
1/1 instances are still running.
1/1 simulations are still running.
--------------------------------------------------------------------------------
[2J
FireSim Simulation Status @ 2026-05-07 18:03:46.994682
--------------------------------------------------------------------------------
This workload's output is located in:
/home/ubuntu/chipyard/sims/firesim/deploy/results-workload/2026-05-07--17-54-36-rerocc-lc-linux-coupleddma-bertmini-pipeline-runtime-batch8-fileonly-sync-pairdummy-gdbserver-f2-gemmini-rerocc-pairmanager-dummy8x8-4c12p12-sbus64-linux-bertmini-batch8-fileonly-sync-gdbserver-cfg32-nic-notrace/
This run's log is located in:
/home/ubuntu/chipyard/sims/firesim/deploy/logs/2026-05-07--17-54-36-runworkload-DIBEN06RQCJ0TZ91.log
This status will update every 10s.
--------------------------------------------------------------------------------
Instances
--------------------------------------------------------------------------------
Hostname/IP: 192.168.1.34 | Terminated: [33mFalse[0m
--------------------------------------------------------------------------------
Simulated Switches
--------------------------------------------------------------------------------
Hostname/IP: 192.168.1.34 | Switch name: switch0 | Switch running: [32mTrue [0m
--------------------------------------------------------------------------------
Simulated Pipes
--------------------------------------------------------------------------------
--------------------------------------------------------------------------------
Simulated Nodes/Jobs
--------------------------------------------------------------------------------
Hostname/IP: 192.168.1.34 | Job: rerocc-lc-linux-coupleddma-bertmini-pipeline-runtime-batch8-fileonly-sync-pairdummy-gdbserver0 | Sim running: [33mTrue [0m
--------------------------------------------------------------------------------
Summary
--------------------------------------------------------------------------------
1/1 instances are still running.
1/1 simulations are still running.
--------------------------------------------------------------------------------
[2J
FireSim Simulation Status @ 2026-05-07 18:03:57.313575
--------------------------------------------------------------------------------
This workload's output is located in:
/home/ubuntu/chipyard/sims/firesim/deploy/results-workload/2026-05-07--17-54-36-rerocc-lc-linux-coupleddma-bertmini-pipeline-runtime-batch8-fileonly-sync-pairdummy-gdbserver-f2-gemmini-rerocc-pairmanager-dummy8x8-4c12p12-sbus64-linux-bertmini-batch8-fileonly-sync-gdbserver-cfg32-nic-notrace/
This run's log is located in:
/home/ubuntu/chipyard/sims/firesim/deploy/logs/2026-05-07--17-54-36-runworkload-DIBEN06RQCJ0TZ91.log
This status will update every 10s.
--------------------------------------------------------------------------------
Instances
--------------------------------------------------------------------------------
Hostname/IP: 192.168.1.34 | Terminated: [33mFalse[0m
--------------------------------------------------------------------------------
Simulated Switches
--------------------------------------------------------------------------------
Hostname/IP: 192.168.1.34 | Switch name: switch0 | Switch running: [32mTrue [0m
--------------------------------------------------------------------------------
Simulated Pipes
--------------------------------------------------------------------------------
--------------------------------------------------------------------------------
Simulated Nodes/Jobs
--------------------------------------------------------------------------------
Hostname/IP: 192.168.1.34 | Job: rerocc-lc-linux-coupleddma-bertmini-pipeline-runtime-batch8-fileonly-sync-pairdummy-gdbserver0 | Sim running: [33mTrue [0m
--------------------------------------------------------------------------------
Summary
--------------------------------------------------------------------------------
1/1 instances are still running.
1/1 simulations are still running.
--------------------------------------------------------------------------------
[prt-host-watchdog] hb='Target Cycle (fastest), Seconds Since Start' idle=31s hb_idle=125s uart=16919 guest_log=0 guest_sparse=3466 guest_checkpoint=0 guest_trigger=0 guest_status=1644 guest_proc=2568 guest_runner=596 guest_runner_post=433 guest_runner_early=487 guest_binary=0 guest_runner_proc=11459
[2J
FireSim Simulation Status @ 2026-05-07 18:04:07.628838
--------------------------------------------------------------------------------
This workload's output is located in:
/home/ubuntu/chipyard/sims/firesim/deploy/results-workload/2026-05-07--17-54-36-rerocc-lc-linux-coupleddma-bertmini-pipeline-runtime-batch8-fileonly-sync-pairdummy-gdbserver-f2-gemmini-rerocc-pairmanager-dummy8x8-4c12p12-sbus64-linux-bertmini-batch8-fileonly-sync-gdbserver-cfg32-nic-notrace/
This run's log is located in:
/home/ubuntu/chipyard/sims/firesim/deploy/logs/2026-05-07--17-54-36-runworkload-DIBEN06RQCJ0TZ91.log
This status will update every 10s.
--------------------------------------------------------------------------------
Instances
--------------------------------------------------------------------------------
Hostname/IP: 192.168.1.34 | Terminated: [33mFalse[0m
--------------------------------------------------------------------------------
Simulated Switches
--------------------------------------------------------------------------------
Hostname/IP: 192.168.1.34 | Switch name: switch0 | Switch running: [32mTrue [0m
--------------------------------------------------------------------------------
Simulated Pipes
--------------------------------------------------------------------------------
--------------------------------------------------------------------------------
Simulated Nodes/Jobs
--------------------------------------------------------------------------------
Hostname/IP: 192.168.1.34 | Job: rerocc-lc-linux-coupleddma-bertmini-pipeline-runtime-batch8-fileonly-sync-pairdummy-gdbserver0 | Sim running: [33mTrue [0m
--------------------------------------------------------------------------------
Summary
--------------------------------------------------------------------------------
1/1 instances are still running.
1/1 simulations are still running.
--------------------------------------------------------------------------------
[2J
FireSim Simulation Status @ 2026-05-07 18:04:17.947827
--------------------------------------------------------------------------------
This workload's output is located in:
/home/ubuntu/chipyard/sims/firesim/deploy/results-workload/2026-05-07--17-54-36-rerocc-lc-linux-coupleddma-bertmini-pipeline-runtime-batch8-fileonly-sync-pairdummy-gdbserver-f2-gemmini-rerocc-pairmanager-dummy8x8-4c12p12-sbus64-linux-bertmini-batch8-fileonly-sync-gdbserver-cfg32-nic-notrace/
This run's log is located in:
/home/ubuntu/chipyard/sims/firesim/deploy/logs/2026-05-07--17-54-36-runworkload-DIBEN06RQCJ0TZ91.log
This status will update every 10s.
--------------------------------------------------------------------------------
Instances
--------------------------------------------------------------------------------
Hostname/IP: 192.168.1.34 | Terminated: [33mFalse[0m
--------------------------------------------------------------------------------
Simulated Switches
--------------------------------------------------------------------------------
Hostname/IP: 192.168.1.34 | Switch name: switch0 | Switch running: [32mTrue [0m
--------------------------------------------------------------------------------
Simulated Pipes
--------------------------------------------------------------------------------
--------------------------------------------------------------------------------
Simulated Nodes/Jobs
--------------------------------------------------------------------------------
Hostname/IP: 192.168.1.34 | Job: rerocc-lc-linux-coupleddma-bertmini-pipeline-runtime-batch8-fileonly-sync-pairdummy-gdbserver0 | Sim running: [33mTrue [0m
--------------------------------------------------------------------------------
Summary
--------------------------------------------------------------------------------
1/1 instances are still running.
1/1 simulations are still running.
--------------------------------------------------------------------------------
[2J
FireSim Simulation Status @ 2026-05-07 18:04:28.266026
--------------------------------------------------------------------------------
This workload's output is located in:
/home/ubuntu/chipyard/sims/firesim/deploy/results-workload/2026-05-07--17-54-36-rerocc-lc-linux-coupleddma-bertmini-pipeline-runtime-batch8-fileonly-sync-pairdummy-gdbserver-f2-gemmini-rerocc-pairmanager-dummy8x8-4c12p12-sbus64-linux-bertmini-batch8-fileonly-sync-gdbserver-cfg32-nic-notrace/
This run's log is located in:
/home/ubuntu/chipyard/sims/firesim/deploy/logs/2026-05-07--17-54-36-runworkload-DIBEN06RQCJ0TZ91.log
This status will update every 10s.
--------------------------------------------------------------------------------
Instances
--------------------------------------------------------------------------------
Hostname/IP: 192.168.1.34 | Terminated: [33mFalse[0m
--------------------------------------------------------------------------------
Simulated Switches
--------------------------------------------------------------------------------
Hostname/IP: 192.168.1.34 | Switch name: switch0 | Switch running: [32mTrue [0m
--------------------------------------------------------------------------------
Simulated Pipes
--------------------------------------------------------------------------------
--------------------------------------------------------------------------------
Simulated Nodes/Jobs
--------------------------------------------------------------------------------
Hostname/IP: 192.168.1.34 | Job: rerocc-lc-linux-coupleddma-bertmini-pipeline-runtime-batch8-fileonly-sync-pairdummy-gdbserver0 | Sim running: [33mTrue [0m
--------------------------------------------------------------------------------
Summary
--------------------------------------------------------------------------------
1/1 instances are still running.
1/1 simulations are still running.
--------------------------------------------------------------------------------
[prt-host-watchdog] hb='Target Cycle (fastest), Seconds Since Start' idle=63s hb_idle=157s uart=16919 guest_log=0 guest_sparse=3466 guest_checkpoint=0 guest_trigger=0 guest_status=1644 guest_proc=2568 guest_runner=596 guest_runner_post=433 guest_runner_early=487 guest_binary=0 guest_runner_proc=11459
[2J
FireSim Simulation Status @ 2026-05-07 18:04:38.573281
--------------------------------------------------------------------------------
This workload's output is located in:
/home/ubuntu/chipyard/sims/firesim/deploy/results-workload/2026-05-07--17-54-36-rerocc-lc-linux-coupleddma-bertmini-pipeline-runtime-batch8-fileonly-sync-pairdummy-gdbserver-f2-gemmini-rerocc-pairmanager-dummy8x8-4c12p12-sbus64-linux-bertmini-batch8-fileonly-sync-gdbserver-cfg32-nic-notrace/
This run's log is located in:
/home/ubuntu/chipyard/sims/firesim/deploy/logs/2026-05-07--17-54-36-runworkload-DIBEN06RQCJ0TZ91.log
This status will update every 10s.
--------------------------------------------------------------------------------
Instances
--------------------------------------------------------------------------------
Hostname/IP: 192.168.1.34 | Terminated: [33mFalse[0m
--------------------------------------------------------------------------------
Simulated Switches
--------------------------------------------------------------------------------
Hostname/IP: 192.168.1.34 | Switch name: switch0 | Switch running: [32mTrue [0m
--------------------------------------------------------------------------------
Simulated Pipes
--------------------------------------------------------------------------------
--------------------------------------------------------------------------------
Simulated Nodes/Jobs
--------------------------------------------------------------------------------
Hostname/IP: 192.168.1.34 | Job: rerocc-lc-linux-coupleddma-bertmini-pipeline-runtime-batch8-fileonly-sync-pairdummy-gdbserver0 | Sim running: [33mTrue [0m
--------------------------------------------------------------------------------
Summary
--------------------------------------------------------------------------------
1/1 instances are still running.
1/1 simulations are still running.
--------------------------------------------------------------------------------
[2J
FireSim Simulation Status @ 2026-05-07 18:04:48.891609
--------------------------------------------------------------------------------
This workload's output is located in:
/home/ubuntu/chipyard/sims/firesim/deploy/results-workload/2026-05-07--17-54-36-rerocc-lc-linux-coupleddma-bertmini-pipeline-runtime-batch8-fileonly-sync-pairdummy-gdbserver-f2-gemmini-rerocc-pairmanager-dummy8x8-4c12p12-sbus64-linux-bertmini-batch8-fileonly-sync-gdbserver-cfg32-nic-notrace/
This run's log is located in:
/home/ubuntu/chipyard/sims/firesim/deploy/logs/2026-05-07--17-54-36-runworkload-DIBEN06RQCJ0TZ91.log
This status will update every 10s.
--------------------------------------------------------------------------------
Instances
--------------------------------------------------------------------------------
Hostname/IP: 192.168.1.34 | Terminated: [33mFalse[0m
--------------------------------------------------------------------------------
Simulated Switches
--------------------------------------------------------------------------------
Hostname/IP: 192.168.1.34 | Switch name: switch0 | Switch running: [32mTrue [0m
--------------------------------------------------------------------------------
Simulated Pipes
--------------------------------------------------------------------------------
--------------------------------------------------------------------------------
Simulated Nodes/Jobs
--------------------------------------------------------------------------------
Hostname/IP: 192.168.1.34 | Job: rerocc-lc-linux-coupleddma-bertmini-pipeline-runtime-batch8-fileonly-sync-pairdummy-gdbserver0 | Sim running: [33mTrue [0m
--------------------------------------------------------------------------------
Summary
--------------------------------------------------------------------------------
1/1 instances are still running.
1/1 simulations are still running.
--------------------------------------------------------------------------------
[2J
FireSim Simulation Status @ 2026-05-07 18:04:59.472065
--------------------------------------------------------------------------------
This workload's output is located in:
/home/ubuntu/chipyard/sims/firesim/deploy/results-workload/2026-05-07--17-54-36-rerocc-lc-linux-coupleddma-bertmini-pipeline-runtime-batch8-fileonly-sync-pairdummy-gdbserver-f2-gemmini-rerocc-pairmanager-dummy8x8-4c12p12-sbus64-linux-bertmini-batch8-fileonly-sync-gdbserver-cfg32-nic-notrace/
This run's log is located in:
/home/ubuntu/chipyard/sims/firesim/deploy/logs/2026-05-07--17-54-36-runworkload-DIBEN06RQCJ0TZ91.log
This status will update every 10s.
--------------------------------------------------------------------------------
Instances
--------------------------------------------------------------------------------
Hostname/IP: 192.168.1.34 | Terminated: [33mFalse[0m
--------------------------------------------------------------------------------
Simulated Switches
--------------------------------------------------------------------------------
Hostname/IP: 192.168.1.34 | Switch name: switch0 | Switch running: [32mTrue [0m
--------------------------------------------------------------------------------
Simulated Pipes
--------------------------------------------------------------------------------
--------------------------------------------------------------------------------
Simulated Nodes/Jobs
--------------------------------------------------------------------------------
Hostname/IP: 192.168.1.34 | Job: rerocc-lc-linux-coupleddma-bertmini-pipeline-runtime-batch8-fileonly-sync-pairdummy-gdbserver0 | Sim running: [33mTrue [0m
--------------------------------------------------------------------------------
Summary
--------------------------------------------------------------------------------
1/1 instances are still running.
1/1 simulations are still running.
--------------------------------------------------------------------------------
[prt-host-watchdog] hb='Target Cycle (fastest), Seconds Since Start' idle=94s hb_idle=188s uart=16919 guest_log=0 guest_sparse=3466 guest_checkpoint=0 guest_trigger=0 guest_status=1644 guest_proc=2568 guest_runner=596 guest_runner_post=433 guest_runner_early=487 guest_binary=0 guest_runner_proc=11459
[2J
FireSim Simulation Status @ 2026-05-07 18:05:09.781248
--------------------------------------------------------------------------------
This workload's output is located in:
/home/ubuntu/chipyard/sims/firesim/deploy/results-workload/2026-05-07--17-54-36-rerocc-lc-linux-coupleddma-bertmini-pipeline-runtime-batch8-fileonly-sync-pairdummy-gdbserver-f2-gemmini-rerocc-pairmanager-dummy8x8-4c12p12-sbus64-linux-bertmini-batch8-fileonly-sync-gdbserver-cfg32-nic-notrace/
This run's log is located in:
/home/ubuntu/chipyard/sims/firesim/deploy/logs/2026-05-07--17-54-36-runworkload-DIBEN06RQCJ0TZ91.log
This status will update every 10s.
--------------------------------------------------------------------------------
Instances
--------------------------------------------------------------------------------
Hostname/IP: 192.168.1.34 | Terminated: [33mFalse[0m
--------------------------------------------------------------------------------
Simulated Switches
--------------------------------------------------------------------------------
Hostname/IP: 192.168.1.34 | Switch name: switch0 | Switch running: [32mTrue [0m
--------------------------------------------------------------------------------
Simulated Pipes
--------------------------------------------------------------------------------
--------------------------------------------------------------------------------
Simulated Nodes/Jobs
--------------------------------------------------------------------------------
Hostname/IP: 192.168.1.34 | Job: rerocc-lc-linux-coupleddma-bertmini-pipeline-runtime-batch8-fileonly-sync-pairdummy-gdbserver0 | Sim running: [33mTrue [0m
--------------------------------------------------------------------------------
Summary
--------------------------------------------------------------------------------
1/1 instances are still running.
1/1 simulations are still running.
--------------------------------------------------------------------------------
[2J
FireSim Simulation Status @ 2026-05-07 18:05:20.086076
--------------------------------------------------------------------------------
This workload's output is located in:
/home/ubuntu/chipyard/sims/firesim/deploy/results-workload/2026-05-07--17-54-36-rerocc-lc-linux-coupleddma-bertmini-pipeline-runtime-batch8-fileonly-sync-pairdummy-gdbserver-f2-gemmini-rerocc-pairmanager-dummy8x8-4c12p12-sbus64-linux-bertmini-batch8-fileonly-sync-gdbserver-cfg32-nic-notrace/
This run's log is located in:
/home/ubuntu/chipyard/sims/firesim/deploy/logs/2026-05-07--17-54-36-runworkload-DIBEN06RQCJ0TZ91.log
This status will update every 10s.
--------------------------------------------------------------------------------
Instances
--------------------------------------------------------------------------------
Hostname/IP: 192.168.1.34 | Terminated: [33mFalse[0m
--------------------------------------------------------------------------------
Simulated Switches
--------------------------------------------------------------------------------
Hostname/IP: 192.168.1.34 | Switch name: switch0 | Switch running: [32mTrue [0m
--------------------------------------------------------------------------------
Simulated Pipes
--------------------------------------------------------------------------------
--------------------------------------------------------------------------------
Simulated Nodes/Jobs
--------------------------------------------------------------------------------
Hostname/IP: 192.168.1.34 | Job: rerocc-lc-linux-coupleddma-bertmini-pipeline-runtime-batch8-fileonly-sync-pairdummy-gdbserver0 | Sim running: [33mTrue [0m
--------------------------------------------------------------------------------
Summary
--------------------------------------------------------------------------------
1/1 instances are still running.
1/1 simulations are still running.
--------------------------------------------------------------------------------
[2J
FireSim Simulation Status @ 2026-05-07 18:05:30.408640
--------------------------------------------------------------------------------
This workload's output is located in:
/home/ubuntu/chipyard/sims/firesim/deploy/results-workload/2026-05-07--17-54-36-rerocc-lc-linux-coupleddma-bertmini-pipeline-runtime-batch8-fileonly-sync-pairdummy-gdbserver-f2-gemmini-rerocc-pairmanager-dummy8x8-4c12p12-sbus64-linux-bertmini-batch8-fileonly-sync-gdbserver-cfg32-nic-notrace/
This run's log is located in:
/home/ubuntu/chipyard/sims/firesim/deploy/logs/2026-05-07--17-54-36-runworkload-DIBEN06RQCJ0TZ91.log
This status will update every 10s.
--------------------------------------------------------------------------------
Instances
--------------------------------------------------------------------------------
Hostname/IP: 192.168.1.34 | Terminated: [33mFalse[0m
--------------------------------------------------------------------------------
Simulated Switches
--------------------------------------------------------------------------------
Hostname/IP: 192.168.1.34 | Switch name: switch0 | Switch running: [32mTrue [0m
--------------------------------------------------------------------------------
Simulated Pipes
--------------------------------------------------------------------------------
--------------------------------------------------------------------------------
Simulated Nodes/Jobs
--------------------------------------------------------------------------------
Hostname/IP: 192.168.1.34 | Job: rerocc-lc-linux-coupleddma-bertmini-pipeline-runtime-batch8-fileonly-sync-pairdummy-gdbserver0 | Sim running: [33mTrue [0m
--------------------------------------------------------------------------------
Summary
--------------------------------------------------------------------------------
1/1 instances are still running.
1/1 simulations are still running.
--------------------------------------------------------------------------------
[prt-host-watchdog] progress hb='Target Cycle (fastest), Seconds Since Start' uart=16919 guest_log=0 guest_sparse=218343 guest_checkpoint=0 guest_trigger=0 guest_status=1644 guest_proc=2568 guest_runner=596 guest_runner_post=433 guest_runner_early=487 guest_binary=0 guest_runner_proc=11459
[prt-host-watchdog] hb='Target Cycle (fastest), Seconds Since Start' idle=0s hb_idle=219s uart=16919 guest_log=0 guest_sparse=218343 guest_checkpoint=0 guest_trigger=0 guest_status=1644 guest_proc=2568 guest_runner=596 guest_runner_post=433 guest_runner_early=487 guest_binary=0 guest_runner_proc=11459
[2J
FireSim Simulation Status @ 2026-05-07 18:05:40.727101
--------------------------------------------------------------------------------
This workload's output is located in:
/home/ubuntu/chipyard/sims/firesim/deploy/results-workload/2026-05-07--17-54-36-rerocc-lc-linux-coupleddma-bertmini-pipeline-runtime-batch8-fileonly-sync-pairdummy-gdbserver-f2-gemmini-rerocc-pairmanager-dummy8x8-4c12p12-sbus64-linux-bertmini-batch8-fileonly-sync-gdbserver-cfg32-nic-notrace/
This run's log is located in:
/home/ubuntu/chipyard/sims/firesim/deploy/logs/2026-05-07--17-54-36-runworkload-DIBEN06RQCJ0TZ91.log
This status will update every 10s.
--------------------------------------------------------------------------------
Instances
--------------------------------------------------------------------------------
Hostname/IP: 192.168.1.34 | Terminated: [33mFalse[0m
--------------------------------------------------------------------------------
Simulated Switches
--------------------------------------------------------------------------------
Hostname/IP: 192.168.1.34 | Switch name: switch0 | Switch running: [32mTrue [0m
--------------------------------------------------------------------------------
Simulated Pipes
--------------------------------------------------------------------------------
--------------------------------------------------------------------------------
Simulated Nodes/Jobs
--------------------------------------------------------------------------------
Hostname/IP: 192.168.1.34 | Job: rerocc-lc-linux-coupleddma-bertmini-pipeline-runtime-batch8-fileonly-sync-pairdummy-gdbserver0 | Sim running: [33mTrue [0m
--------------------------------------------------------------------------------
Summary
--------------------------------------------------------------------------------
1/1 instances are still running.
1/1 simulations are still running.
--------------------------------------------------------------------------------
[2J
FireSim Simulation Status @ 2026-05-07 18:05:51.045778
--------------------------------------------------------------------------------
This workload's output is located in:
/home/ubuntu/chipyard/sims/firesim/deploy/results-workload/2026-05-07--17-54-36-rerocc-lc-linux-coupleddma-bertmini-pipeline-runtime-batch8-fileonly-sync-pairdummy-gdbserver-f2-gemmini-rerocc-pairmanager-dummy8x8-4c12p12-sbus64-linux-bertmini-batch8-fileonly-sync-gdbserver-cfg32-nic-notrace/
This run's log is located in:
/home/ubuntu/chipyard/sims/firesim/deploy/logs/2026-05-07--17-54-36-runworkload-DIBEN06RQCJ0TZ91.log
This status will update every 10s.
--------------------------------------------------------------------------------
Instances
--------------------------------------------------------------------------------
Hostname/IP: 192.168.1.34 | Terminated: [33mFalse[0m
--------------------------------------------------------------------------------
Simulated Switches
--------------------------------------------------------------------------------
Hostname/IP: 192.168.1.34 | Switch name: switch0 | Switch running: [32mTrue [0m
--------------------------------------------------------------------------------
Simulated Pipes
--------------------------------------------------------------------------------
--------------------------------------------------------------------------------
Simulated Nodes/Jobs
--------------------------------------------------------------------------------
Hostname/IP: 192.168.1.34 | Job: rerocc-lc-linux-coupleddma-bertmini-pipeline-runtime-batch8-fileonly-sync-pairdummy-gdbserver0 | Sim running: [33mTrue [0m
--------------------------------------------------------------------------------
Summary
--------------------------------------------------------------------------------
1/1 instances are still running.
1/1 simulations are still running.
--------------------------------------------------------------------------------
[2J
FireSim Simulation Status @ 2026-05-07 18:06:01.613912
--------------------------------------------------------------------------------
This workload's output is located in:
/home/ubuntu/chipyard/sims/firesim/deploy/results-workload/2026-05-07--17-54-36-rerocc-lc-linux-coupleddma-bertmini-pipeline-runtime-batch8-fileonly-sync-pairdummy-gdbserver-f2-gemmini-rerocc-pairmanager-dummy8x8-4c12p12-sbus64-linux-bertmini-batch8-fileonly-sync-gdbserver-cfg32-nic-notrace/
This run's log is located in:
/home/ubuntu/chipyard/sims/firesim/deploy/logs/2026-05-07--17-54-36-runworkload-DIBEN06RQCJ0TZ91.log
This status will update every 10s.
--------------------------------------------------------------------------------
Instances
--------------------------------------------------------------------------------
Hostname/IP: 192.168.1.34 | Terminated: [33mFalse[0m
--------------------------------------------------------------------------------
Simulated Switches
--------------------------------------------------------------------------------
Hostname/IP: 192.168.1.34 | Switch name: switch0 | Switch running: [32mTrue [0m
--------------------------------------------------------------------------------
Simulated Pipes
--------------------------------------------------------------------------------
--------------------------------------------------------------------------------
Simulated Nodes/Jobs
--------------------------------------------------------------------------------
Hostname/IP: 192.168.1.34 | Job: rerocc-lc-linux-coupleddma-bertmini-pipeline-runtime-batch8-fileonly-sync-pairdummy-gdbserver0 | Sim running: [33mTrue [0m
--------------------------------------------------------------------------------
Summary
--------------------------------------------------------------------------------
1/1 instances are still running.
1/1 simulations are still running.
--------------------------------------------------------------------------------
[prt-host-watchdog] hb='Target Cycle (fastest), Seconds Since Start' idle=32s hb_idle=251s uart=16919 guest_log=0 guest_sparse=218343 guest_checkpoint=0 guest_trigger=0 guest_status=1644 guest_proc=2568 guest_runner=596 guest_runner_post=433 guest_runner_early=487 guest_binary=0 guest_runner_proc=11459
[2J
FireSim Simulation Status @ 2026-05-07 18:06:11.932424
--------------------------------------------------------------------------------
This workload's output is located in:
/home/ubuntu/chipyard/sims/firesim/deploy/results-workload/2026-05-07--17-54-36-rerocc-lc-linux-coupleddma-bertmini-pipeline-runtime-batch8-fileonly-sync-pairdummy-gdbserver-f2-gemmini-rerocc-pairmanager-dummy8x8-4c12p12-sbus64-linux-bertmini-batch8-fileonly-sync-gdbserver-cfg32-nic-notrace/
This run's log is located in:
/home/ubuntu/chipyard/sims/firesim/deploy/logs/2026-05-07--17-54-36-runworkload-DIBEN06RQCJ0TZ91.log
This status will update every 10s.
--------------------------------------------------------------------------------
Instances
--------------------------------------------------------------------------------
Hostname/IP: 192.168.1.34 | Terminated: [33mFalse[0m
--------------------------------------------------------------------------------
Simulated Switches
--------------------------------------------------------------------------------
Hostname/IP: 192.168.1.34 | Switch name: switch0 | Switch running: [32mTrue [0m
--------------------------------------------------------------------------------
Simulated Pipes
--------------------------------------------------------------------------------
--------------------------------------------------------------------------------
Simulated Nodes/Jobs
--------------------------------------------------------------------------------
Hostname/IP: 192.168.1.34 | Job: rerocc-lc-linux-coupleddma-bertmini-pipeline-runtime-batch8-fileonly-sync-pairdummy-gdbserver0 | Sim running: [33mTrue [0m
--------------------------------------------------------------------------------
Summary
--------------------------------------------------------------------------------
1/1 instances are still running.
1/1 simulations are still running.
--------------------------------------------------------------------------------
[2J
FireSim Simulation Status @ 2026-05-07 18:06:22.250734
--------------------------------------------------------------------------------
This workload's output is located in:
/home/ubuntu/chipyard/sims/firesim/deploy/results-workload/2026-05-07--17-54-36-rerocc-lc-linux-coupleddma-bertmini-pipeline-runtime-batch8-fileonly-sync-pairdummy-gdbserver-f2-gemmini-rerocc-pairmanager-dummy8x8-4c12p12-sbus64-linux-bertmini-batch8-fileonly-sync-gdbserver-cfg32-nic-notrace/
This run's log is located in:
/home/ubuntu/chipyard/sims/firesim/deploy/logs/2026-05-07--17-54-36-runworkload-DIBEN06RQCJ0TZ91.log
This status will update every 10s.
--------------------------------------------------------------------------------
Instances
--------------------------------------------------------------------------------
Hostname/IP: 192.168.1.34 | Terminated: [33mFalse[0m
--------------------------------------------------------------------------------
Simulated Switches
--------------------------------------------------------------------------------
Hostname/IP: 192.168.1.34 | Switch name: switch0 | Switch running: [32mTrue [0m
--------------------------------------------------------------------------------
Simulated Pipes
--------------------------------------------------------------------------------
--------------------------------------------------------------------------------
Simulated Nodes/Jobs
--------------------------------------------------------------------------------
Hostname/IP: 192.168.1.34 | Job: rerocc-lc-linux-coupleddma-bertmini-pipeline-runtime-batch8-fileonly-sync-pairdummy-gdbserver0 | Sim running: [33mTrue [0m
--------------------------------------------------------------------------------
Summary
--------------------------------------------------------------------------------
1/1 instances are still running.
1/1 simulations are still running.
--------------------------------------------------------------------------------
[2J
FireSim Simulation Status @ 2026-05-07 18:06:32.559105
--------------------------------------------------------------------------------
This workload's output is located in:
/home/ubuntu/chipyard/sims/firesim/deploy/results-workload/2026-05-07--17-54-36-rerocc-lc-linux-coupleddma-bertmini-pipeline-runtime-batch8-fileonly-sync-pairdummy-gdbserver-f2-gemmini-rerocc-pairmanager-dummy8x8-4c12p12-sbus64-linux-bertmini-batch8-fileonly-sync-gdbserver-cfg32-nic-notrace/
This run's log is located in:
/home/ubuntu/chipyard/sims/firesim/deploy/logs/2026-05-07--17-54-36-runworkload-DIBEN06RQCJ0TZ91.log
This status will update every 10s.
--------------------------------------------------------------------------------
Instances
--------------------------------------------------------------------------------
Hostname/IP: 192.168.1.34 | Terminated: [33mFalse[0m
--------------------------------------------------------------------------------
Simulated Switches
--------------------------------------------------------------------------------
Hostname/IP: 192.168.1.34 | Switch name: switch0 | Switch running: [32mTrue [0m
--------------------------------------------------------------------------------
Simulated Pipes
--------------------------------------------------------------------------------
--------------------------------------------------------------------------------
Simulated Nodes/Jobs
--------------------------------------------------------------------------------
Hostname/IP: 192.168.1.34 | Job: rerocc-lc-linux-coupleddma-bertmini-pipeline-runtime-batch8-fileonly-sync-pairdummy-gdbserver0 | Sim running: [33mTrue [0m
--------------------------------------------------------------------------------
Summary
--------------------------------------------------------------------------------
1/1 instances are still running.
1/1 simulations are still running.
--------------------------------------------------------------------------------
[prt-host-watchdog] progress hb='Target Cycle (fastest), Seconds Since Start' uart=16919 guest_log=0 guest_sparse=240379 guest_checkpoint=0 guest_trigger=0 guest_status=1644 guest_proc=3857 guest_runner=596 guest_runner_post=433 guest_runner_early=487 guest_binary=0 guest_runner_proc=11459
[prt-host-watchdog] hb='Target Cycle (fastest), Seconds Since Start' idle=0s hb_idle=282s uart=16919 guest_log=0 guest_sparse=240379 guest_checkpoint=0 guest_trigger=0 guest_status=1644 guest_proc=3857 guest_runner=596 guest_runner_post=433 guest_runner_early=487 guest_binary=0 guest_runner_proc=11459
[2J
FireSim Simulation Status @ 2026-05-07 18:06:42.877845
--------------------------------------------------------------------------------
This workload's output is located in:
/home/ubuntu/chipyard/sims/firesim/deploy/results-workload/2026-05-07--17-54-36-rerocc-lc-linux-coupleddma-bertmini-pipeline-runtime-batch8-fileonly-sync-pairdummy-gdbserver-f2-gemmini-rerocc-pairmanager-dummy8x8-4c12p12-sbus64-linux-bertmini-batch8-fileonly-sync-gdbserver-cfg32-nic-notrace/
This run's log is located in:
/home/ubuntu/chipyard/sims/firesim/deploy/logs/2026-05-07--17-54-36-runworkload-DIBEN06RQCJ0TZ91.log
This status will update every 10s.
--------------------------------------------------------------------------------
Instances
--------------------------------------------------------------------------------
Hostname/IP: 192.168.1.34 | Terminated: [33mFalse[0m
--------------------------------------------------------------------------------
Simulated Switches
--------------------------------------------------------------------------------
Hostname/IP: 192.168.1.34 | Switch name: switch0 | Switch running: [32mTrue [0m
--------------------------------------------------------------------------------
Simulated Pipes
--------------------------------------------------------------------------------
--------------------------------------------------------------------------------
Simulated Nodes/Jobs
--------------------------------------------------------------------------------
Hostname/IP: 192.168.1.34 | Job: rerocc-lc-linux-coupleddma-bertmini-pipeline-runtime-batch8-fileonly-sync-pairdummy-gdbserver0 | Sim running: [33mTrue [0m
--------------------------------------------------------------------------------
Summary
--------------------------------------------------------------------------------
1/1 instances are still running.
1/1 simulations are still running.
--------------------------------------------------------------------------------
[2J
FireSim Simulation Status @ 2026-05-07 18:06:53.189441
--------------------------------------------------------------------------------
This workload's output is located in:
/home/ubuntu/chipyard/sims/firesim/deploy/results-workload/2026-05-07--17-54-36-rerocc-lc-linux-coupleddma-bertmini-pipeline-runtime-batch8-fileonly-sync-pairdummy-gdbserver-f2-gemmini-rerocc-pairmanager-dummy8x8-4c12p12-sbus64-linux-bertmini-batch8-fileonly-sync-gdbserver-cfg32-nic-notrace/
This run's log is located in:
/home/ubuntu/chipyard/sims/firesim/deploy/logs/2026-05-07--17-54-36-runworkload-DIBEN06RQCJ0TZ91.log
This status will update every 10s.
--------------------------------------------------------------------------------
Instances
--------------------------------------------------------------------------------
Hostname/IP: 192.168.1.34 | Terminated: [33mFalse[0m
--------------------------------------------------------------------------------
Simulated Switches
--------------------------------------------------------------------------------
Hostname/IP: 192.168.1.34 | Switch name: switch0 | Switch running: [32mTrue [0m
--------------------------------------------------------------------------------
Simulated Pipes
--------------------------------------------------------------------------------
--------------------------------------------------------------------------------
Simulated Nodes/Jobs
--------------------------------------------------------------------------------
Hostname/IP: 192.168.1.34 | Job: rerocc-lc-linux-coupleddma-bertmini-pipeline-runtime-batch8-fileonly-sync-pairdummy-gdbserver0 | Sim running: [33mTrue [0m
--------------------------------------------------------------------------------
Summary
--------------------------------------------------------------------------------
1/1 instances are still running.
1/1 simulations are still running.
--------------------------------------------------------------------------------
[2J
FireSim Simulation Status @ 2026-05-07 18:07:03.760120
--------------------------------------------------------------------------------
This workload's output is located in:
/home/ubuntu/chipyard/sims/firesim/deploy/results-workload/2026-05-07--17-54-36-rerocc-lc-linux-coupleddma-bertmini-pipeline-runtime-batch8-fileonly-sync-pairdummy-gdbserver-f2-gemmini-rerocc-pairmanager-dummy8x8-4c12p12-sbus64-linux-bertmini-batch8-fileonly-sync-gdbserver-cfg32-nic-notrace/
This run's log is located in:
/home/ubuntu/chipyard/sims/firesim/deploy/logs/2026-05-07--17-54-36-runworkload-DIBEN06RQCJ0TZ91.log
This status will update every 10s.
--------------------------------------------------------------------------------
Instances
--------------------------------------------------------------------------------
Hostname/IP: 192.168.1.34 | Terminated: [33mFalse[0m
--------------------------------------------------------------------------------
Simulated Switches
--------------------------------------------------------------------------------
Hostname/IP: 192.168.1.34 | Switch name: switch0 | Switch running: [32mTrue [0m
--------------------------------------------------------------------------------
Simulated Pipes
--------------------------------------------------------------------------------
--------------------------------------------------------------------------------
Simulated Nodes/Jobs
--------------------------------------------------------------------------------
Hostname/IP: 192.168.1.34 | Job: rerocc-lc-linux-coupleddma-bertmini-pipeline-runtime-batch8-fileonly-sync-pairdummy-gdbserver0 | Sim running: [33mTrue [0m
--------------------------------------------------------------------------------
Summary
--------------------------------------------------------------------------------
1/1 instances are still running.
1/1 simulations are still running.
--------------------------------------------------------------------------------
[prt-host-watchdog] hb='Target Cycle (fastest), Seconds Since Start' idle=31s hb_idle=313s uart=16919 guest_log=0 guest_sparse=240379 guest_checkpoint=0 guest_trigger=0 guest_status=1644 guest_proc=3857 guest_runner=596 guest_runner_post=433 guest_runner_early=487 guest_binary=0 guest_runner_proc=11459
[2J
FireSim Simulation Status @ 2026-05-07 18:07:14.066673
--------------------------------------------------------------------------------
This workload's output is located in:
/home/ubuntu/chipyard/sims/firesim/deploy/results-workload/2026-05-07--17-54-36-rerocc-lc-linux-coupleddma-bertmini-pipeline-runtime-batch8-fileonly-sync-pairdummy-gdbserver-f2-gemmini-rerocc-pairmanager-dummy8x8-4c12p12-sbus64-linux-bertmini-batch8-fileonly-sync-gdbserver-cfg32-nic-notrace/
This run's log is located in:
/home/ubuntu/chipyard/sims/firesim/deploy/logs/2026-05-07--17-54-36-runworkload-DIBEN06RQCJ0TZ91.log
This status will update every 10s.
--------------------------------------------------------------------------------
Instances
--------------------------------------------------------------------------------
Hostname/IP: 192.168.1.34 | Terminated: [33mFalse[0m
--------------------------------------------------------------------------------
Simulated Switches
--------------------------------------------------------------------------------
Hostname/IP: 192.168.1.34 | Switch name: switch0 | Switch running: [32mTrue [0m
--------------------------------------------------------------------------------
Simulated Pipes
--------------------------------------------------------------------------------
--------------------------------------------------------------------------------
Simulated Nodes/Jobs
--------------------------------------------------------------------------------
Hostname/IP: 192.168.1.34 | Job: rerocc-lc-linux-coupleddma-bertmini-pipeline-runtime-batch8-fileonly-sync-pairdummy-gdbserver0 | Sim running: [33mTrue [0m
--------------------------------------------------------------------------------
Summary
--------------------------------------------------------------------------------
1/1 instances are still running.
1/1 simulations are still running.
--------------------------------------------------------------------------------
[2J
FireSim Simulation Status @ 2026-05-07 18:07:24.395131
--------------------------------------------------------------------------------
This workload's output is located in:
/home/ubuntu/chipyard/sims/firesim/deploy/results-workload/2026-05-07--17-54-36-rerocc-lc-linux-coupleddma-bertmini-pipeline-runtime-batch8-fileonly-sync-pairdummy-gdbserver-f2-gemmini-rerocc-pairmanager-dummy8x8-4c12p12-sbus64-linux-bertmini-batch8-fileonly-sync-gdbserver-cfg32-nic-notrace/
This run's log is located in:
/home/ubuntu/chipyard/sims/firesim/deploy/logs/2026-05-07--17-54-36-runworkload-DIBEN06RQCJ0TZ91.log
This status will update every 10s.
--------------------------------------------------------------------------------
Instances
--------------------------------------------------------------------------------
Hostname/IP: 192.168.1.34 | Terminated: [33mFalse[0m
--------------------------------------------------------------------------------
Simulated Switches
--------------------------------------------------------------------------------
Hostname/IP: 192.168.1.34 | Switch name: switch0 | Switch running: [32mTrue [0m
--------------------------------------------------------------------------------
Simulated Pipes
--------------------------------------------------------------------------------
--------------------------------------------------------------------------------
Simulated Nodes/Jobs
--------------------------------------------------------------------------------
Hostname/IP: 192.168.1.34 | Job: rerocc-lc-linux-coupleddma-bertmini-pipeline-runtime-batch8-fileonly-sync-pairdummy-gdbserver0 | Sim running: [33mTrue [0m
--------------------------------------------------------------------------------
Summary
--------------------------------------------------------------------------------
1/1 instances are still running.
1/1 simulations are still running.
--------------------------------------------------------------------------------
[2J
FireSim Simulation Status @ 2026-05-07 18:07:34.714038
--------------------------------------------------------------------------------
This workload's output is located in:
/home/ubuntu/chipyard/sims/firesim/deploy/results-workload/2026-05-07--17-54-36-rerocc-lc-linux-coupleddma-bertmini-pipeline-runtime-batch8-fileonly-sync-pairdummy-gdbserver-f2-gemmini-rerocc-pairmanager-dummy8x8-4c12p12-sbus64-linux-bertmini-batch8-fileonly-sync-gdbserver-cfg32-nic-notrace/
This run's log is located in:
/home/ubuntu/chipyard/sims/firesim/deploy/logs/2026-05-07--17-54-36-runworkload-DIBEN06RQCJ0TZ91.log
This status will update every 10s.
--------------------------------------------------------------------------------
Instances
--------------------------------------------------------------------------------
Hostname/IP: 192.168.1.34 | Terminated: [33mFalse[0m
--------------------------------------------------------------------------------
Simulated Switches
--------------------------------------------------------------------------------
Hostname/IP: 192.168.1.34 | Switch name: switch0 | Switch running: [32mTrue [0m
--------------------------------------------------------------------------------
Simulated Pipes
--------------------------------------------------------------------------------
--------------------------------------------------------------------------------
Simulated Nodes/Jobs
--------------------------------------------------------------------------------
Hostname/IP: 192.168.1.34 | Job: rerocc-lc-linux-coupleddma-bertmini-pipeline-runtime-batch8-fileonly-sync-pairdummy-gdbserver0 | Sim running: [33mTrue [0m
--------------------------------------------------------------------------------
Summary
--------------------------------------------------------------------------------
1/1 instances are still running.
1/1 simulations are still running.
--------------------------------------------------------------------------------
[prt-host-watchdog] hb='Target Cycle (fastest), Seconds Since Start' idle=63s hb_idle=345s uart=16919 guest_log=0 guest_sparse=240379 guest_checkpoint=0 guest_trigger=0 guest_status=1644 guest_proc=3857 guest_runner=596 guest_runner_post=433 guest_runner_early=487 guest_binary=0 guest_runner_proc=11459
[2J
FireSim Simulation Status @ 2026-05-07 18:07:45.012646
--------------------------------------------------------------------------------
This workload's output is located in:
/home/ubuntu/chipyard/sims/firesim/deploy/results-workload/2026-05-07--17-54-36-rerocc-lc-linux-coupleddma-bertmini-pipeline-runtime-batch8-fileonly-sync-pairdummy-gdbserver-f2-gemmini-rerocc-pairmanager-dummy8x8-4c12p12-sbus64-linux-bertmini-batch8-fileonly-sync-gdbserver-cfg32-nic-notrace/
This run's log is located in:
/home/ubuntu/chipyard/sims/firesim/deploy/logs/2026-05-07--17-54-36-runworkload-DIBEN06RQCJ0TZ91.log
This status will update every 10s.
--------------------------------------------------------------------------------
Instances
--------------------------------------------------------------------------------
Hostname/IP: 192.168.1.34 | Terminated: [33mFalse[0m
--------------------------------------------------------------------------------
Simulated Switches
--------------------------------------------------------------------------------
Hostname/IP: 192.168.1.34 | Switch name: switch0 | Switch running: [32mTrue [0m
--------------------------------------------------------------------------------
Simulated Pipes
--------------------------------------------------------------------------------
--------------------------------------------------------------------------------
Simulated Nodes/Jobs
--------------------------------------------------------------------------------
Hostname/IP: 192.168.1.34 | Job: rerocc-lc-linux-coupleddma-bertmini-pipeline-runtime-batch8-fileonly-sync-pairdummy-gdbserver0 | Sim running: [33mTrue [0m
--------------------------------------------------------------------------------
Summary
--------------------------------------------------------------------------------
1/1 instances are still running.
1/1 simulations are still running.
--------------------------------------------------------------------------------
[2J
FireSim Simulation Status @ 2026-05-07 18:07:55.323597
--------------------------------------------------------------------------------
This workload's output is located in:
/home/ubuntu/chipyard/sims/firesim/deploy/results-workload/2026-05-07--17-54-36-rerocc-lc-linux-coupleddma-bertmini-pipeline-runtime-batch8-fileonly-sync-pairdummy-gdbserver-f2-gemmini-rerocc-pairmanager-dummy8x8-4c12p12-sbus64-linux-bertmini-batch8-fileonly-sync-gdbserver-cfg32-nic-notrace/
This run's log is located in:
/home/ubuntu/chipyard/sims/firesim/deploy/logs/2026-05-07--17-54-36-runworkload-DIBEN06RQCJ0TZ91.log
This status will update every 10s.
--------------------------------------------------------------------------------
Instances
--------------------------------------------------------------------------------
Hostname/IP: 192.168.1.34 | Terminated: [33mFalse[0m
--------------------------------------------------------------------------------
Simulated Switches
--------------------------------------------------------------------------------
Hostname/IP: 192.168.1.34 | Switch name: switch0 | Switch running: [32mTrue [0m
--------------------------------------------------------------------------------
Simulated Pipes
--------------------------------------------------------------------------------
--------------------------------------------------------------------------------
Simulated Nodes/Jobs
--------------------------------------------------------------------------------
Hostname/IP: 192.168.1.34 | Job: rerocc-lc-linux-coupleddma-bertmini-pipeline-runtime-batch8-fileonly-sync-pairdummy-gdbserver0 | Sim running: [33mTrue [0m
--------------------------------------------------------------------------------
Summary
--------------------------------------------------------------------------------
1/1 instances are still running.
1/1 simulations are still running.
--------------------------------------------------------------------------------
[2J
FireSim Simulation Status @ 2026-05-07 18:08:05.892149
--------------------------------------------------------------------------------
This workload's output is located in:
/home/ubuntu/chipyard/sims/firesim/deploy/results-workload/2026-05-07--17-54-36-rerocc-lc-linux-coupleddma-bertmini-pipeline-runtime-batch8-fileonly-sync-pairdummy-gdbserver-f2-gemmini-rerocc-pairmanager-dummy8x8-4c12p12-sbus64-linux-bertmini-batch8-fileonly-sync-gdbserver-cfg32-nic-notrace/
This run's log is located in:
/home/ubuntu/chipyard/sims/firesim/deploy/logs/2026-05-07--17-54-36-runworkload-DIBEN06RQCJ0TZ91.log
This status will update every 10s.
--------------------------------------------------------------------------------
Instances
--------------------------------------------------------------------------------
Hostname/IP: 192.168.1.34 | Terminated: [33mFalse[0m
--------------------------------------------------------------------------------
Simulated Switches
--------------------------------------------------------------------------------
Hostname/IP: 192.168.1.34 | Switch name: switch0 | Switch running: [32mTrue [0m
--------------------------------------------------------------------------------
Simulated Pipes
--------------------------------------------------------------------------------
--------------------------------------------------------------------------------
Simulated Nodes/Jobs
--------------------------------------------------------------------------------
Hostname/IP: 192.168.1.34 | Job: rerocc-lc-linux-coupleddma-bertmini-pipeline-runtime-batch8-fileonly-sync-pairdummy-gdbserver0 | Sim running: [33mTrue [0m
--------------------------------------------------------------------------------
Summary
--------------------------------------------------------------------------------
1/1 instances are still running.
1/1 simulations are still running.
--------------------------------------------------------------------------------
[prt-host-watchdog] hb='Target Cycle (fastest), Seconds Since Start' idle=94s hb_idle=376s uart=16919 guest_log=0 guest_sparse=240379 guest_checkpoint=0 guest_trigger=0 guest_status=1644 guest_proc=3857 guest_runner=596 guest_runner_post=433 guest_runner_early=487 guest_binary=0 guest_runner_proc=11459
[2J
FireSim Simulation Status @ 2026-05-07 18:08:16.201143
--------------------------------------------------------------------------------
This workload's output is located in:
/home/ubuntu/chipyard/sims/firesim/deploy/results-workload/2026-05-07--17-54-36-rerocc-lc-linux-coupleddma-bertmini-pipeline-runtime-batch8-fileonly-sync-pairdummy-gdbserver-f2-gemmini-rerocc-pairmanager-dummy8x8-4c12p12-sbus64-linux-bertmini-batch8-fileonly-sync-gdbserver-cfg32-nic-notrace/
This run's log is located in:
/home/ubuntu/chipyard/sims/firesim/deploy/logs/2026-05-07--17-54-36-runworkload-DIBEN06RQCJ0TZ91.log
This status will update every 10s.
--------------------------------------------------------------------------------
Instances
--------------------------------------------------------------------------------
Hostname/IP: 192.168.1.34 | Terminated: [33mFalse[0m
--------------------------------------------------------------------------------
Simulated Switches
--------------------------------------------------------------------------------
Hostname/IP: 192.168.1.34 | Switch name: switch0 | Switch running: [32mTrue [0m
--------------------------------------------------------------------------------
Simulated Pipes
--------------------------------------------------------------------------------
--------------------------------------------------------------------------------
Simulated Nodes/Jobs
--------------------------------------------------------------------------------
Hostname/IP: 192.168.1.34 | Job: rerocc-lc-linux-coupleddma-bertmini-pipeline-runtime-batch8-fileonly-sync-pairdummy-gdbserver0 | Sim running: [33mTrue [0m
--------------------------------------------------------------------------------
Summary
--------------------------------------------------------------------------------
1/1 instances are still running.
1/1 simulations are still running.
--------------------------------------------------------------------------------
[2J
FireSim Simulation Status @ 2026-05-07 18:08:26.519921
--------------------------------------------------------------------------------
This workload's output is located in:
/home/ubuntu/chipyard/sims/firesim/deploy/results-workload/2026-05-07--17-54-36-rerocc-lc-linux-coupleddma-bertmini-pipeline-runtime-batch8-fileonly-sync-pairdummy-gdbserver-f2-gemmini-rerocc-pairmanager-dummy8x8-4c12p12-sbus64-linux-bertmini-batch8-fileonly-sync-gdbserver-cfg32-nic-notrace/
This run's log is located in:
/home/ubuntu/chipyard/sims/firesim/deploy/logs/2026-05-07--17-54-36-runworkload-DIBEN06RQCJ0TZ91.log
This status will update every 10s.
--------------------------------------------------------------------------------
Instances
--------------------------------------------------------------------------------
Hostname/IP: 192.168.1.34 | Terminated: [33mFalse[0m
--------------------------------------------------------------------------------
Simulated Switches
--------------------------------------------------------------------------------
Hostname/IP: 192.168.1.34 | Switch name: switch0 | Switch running: [32mTrue [0m
--------------------------------------------------------------------------------
Simulated Pipes
--------------------------------------------------------------------------------
--------------------------------------------------------------------------------
Simulated Nodes/Jobs
--------------------------------------------------------------------------------
Hostname/IP: 192.168.1.34 | Job: rerocc-lc-linux-coupleddma-bertmini-pipeline-runtime-batch8-fileonly-sync-pairdummy-gdbserver0 | Sim running: [33mTrue [0m
--------------------------------------------------------------------------------
Summary
--------------------------------------------------------------------------------
1/1 instances are still running.
1/1 simulations are still running.
--------------------------------------------------------------------------------
[2J
FireSim Simulation Status @ 2026-05-07 18:08:36.838345
--------------------------------------------------------------------------------
This workload's output is located in:
/home/ubuntu/chipyard/sims/firesim/deploy/results-workload/2026-05-07--17-54-36-rerocc-lc-linux-coupleddma-bertmini-pipeline-runtime-batch8-fileonly-sync-pairdummy-gdbserver-f2-gemmini-rerocc-pairmanager-dummy8x8-4c12p12-sbus64-linux-bertmini-batch8-fileonly-sync-gdbserver-cfg32-nic-notrace/
This run's log is located in:
/home/ubuntu/chipyard/sims/firesim/deploy/logs/2026-05-07--17-54-36-runworkload-DIBEN06RQCJ0TZ91.log
This status will update every 10s.
--------------------------------------------------------------------------------
Instances
--------------------------------------------------------------------------------
Hostname/IP: 192.168.1.34 | Terminated: [33mFalse[0m
--------------------------------------------------------------------------------
Simulated Switches
--------------------------------------------------------------------------------
Hostname/IP: 192.168.1.34 | Switch name: switch0 | Switch running: [32mTrue [0m
--------------------------------------------------------------------------------
Simulated Pipes
--------------------------------------------------------------------------------
--------------------------------------------------------------------------------
Simulated Nodes/Jobs
--------------------------------------------------------------------------------
Hostname/IP: 192.168.1.34 | Job: rerocc-lc-linux-coupleddma-bertmini-pipeline-runtime-batch8-fileonly-sync-pairdummy-gdbserver0 | Sim running: [33mTrue [0m
--------------------------------------------------------------------------------
Summary
--------------------------------------------------------------------------------
1/1 instances are still running.
1/1 simulations are still running.
--------------------------------------------------------------------------------
[prt-host-watchdog] hb='Target Cycle (fastest), Seconds Since Start' idle=125s hb_idle=407s uart=16919 guest_log=0 guest_sparse=240379 guest_checkpoint=0 guest_trigger=0 guest_status=1644 guest_proc=3857 guest_runner=596 guest_runner_post=433 guest_runner_early=487 guest_binary=0 guest_runner_proc=11459
[2J
FireSim Simulation Status @ 2026-05-07 18:08:47.159972
--------------------------------------------------------------------------------
This workload's output is located in:
/home/ubuntu/chipyard/sims/firesim/deploy/results-workload/2026-05-07--17-54-36-rerocc-lc-linux-coupleddma-bertmini-pipeline-runtime-batch8-fileonly-sync-pairdummy-gdbserver-f2-gemmini-rerocc-pairmanager-dummy8x8-4c12p12-sbus64-linux-bertmini-batch8-fileonly-sync-gdbserver-cfg32-nic-notrace/
This run's log is located in:
/home/ubuntu/chipyard/sims/firesim/deploy/logs/2026-05-07--17-54-36-runworkload-DIBEN06RQCJ0TZ91.log
This status will update every 10s.
--------------------------------------------------------------------------------
Instances
--------------------------------------------------------------------------------
Hostname/IP: 192.168.1.34 | Terminated: [33mFalse[0m
--------------------------------------------------------------------------------
Simulated Switches
--------------------------------------------------------------------------------
Hostname/IP: 192.168.1.34 | Switch name: switch0 | Switch running: [32mTrue [0m
--------------------------------------------------------------------------------
Simulated Pipes
--------------------------------------------------------------------------------
--------------------------------------------------------------------------------
Simulated Nodes/Jobs
--------------------------------------------------------------------------------
Hostname/IP: 192.168.1.34 | Job: rerocc-lc-linux-coupleddma-bertmini-pipeline-runtime-batch8-fileonly-sync-pairdummy-gdbserver0 | Sim running: [33mTrue [0m
--------------------------------------------------------------------------------
Summary
--------------------------------------------------------------------------------
1/1 instances are still running.
1/1 simulations are still running.
--------------------------------------------------------------------------------
[2J
FireSim Simulation Status @ 2026-05-07 18:08:57.471579
--------------------------------------------------------------------------------
This workload's output is located in:
/home/ubuntu/chipyard/sims/firesim/deploy/results-workload/2026-05-07--17-54-36-rerocc-lc-linux-coupleddma-bertmini-pipeline-runtime-batch8-fileonly-sync-pairdummy-gdbserver-f2-gemmini-rerocc-pairmanager-dummy8x8-4c12p12-sbus64-linux-bertmini-batch8-fileonly-sync-gdbserver-cfg32-nic-notrace/
This run's log is located in:
/home/ubuntu/chipyard/sims/firesim/deploy/logs/2026-05-07--17-54-36-runworkload-DIBEN06RQCJ0TZ91.log
This status will update every 10s.
--------------------------------------------------------------------------------
Instances
--------------------------------------------------------------------------------
Hostname/IP: 192.168.1.34 | Terminated: [33mFalse[0m
--------------------------------------------------------------------------------
Simulated Switches
--------------------------------------------------------------------------------
Hostname/IP: 192.168.1.34 | Switch name: switch0 | Switch running: [32mTrue [0m
--------------------------------------------------------------------------------
Simulated Pipes
--------------------------------------------------------------------------------
--------------------------------------------------------------------------------
Simulated Nodes/Jobs
--------------------------------------------------------------------------------
Hostname/IP: 192.168.1.34 | Job: rerocc-lc-linux-coupleddma-bertmini-pipeline-runtime-batch8-fileonly-sync-pairdummy-gdbserver0 | Sim running: [33mTrue [0m
--------------------------------------------------------------------------------
Summary
--------------------------------------------------------------------------------
1/1 instances are still running.
1/1 simulations are still running.
--------------------------------------------------------------------------------
[2J
FireSim Simulation Status @ 2026-05-07 18:09:08.052561
--------------------------------------------------------------------------------
This workload's output is located in:
/home/ubuntu/chipyard/sims/firesim/deploy/results-workload/2026-05-07--17-54-36-rerocc-lc-linux-coupleddma-bertmini-pipeline-runtime-batch8-fileonly-sync-pairdummy-gdbserver-f2-gemmini-rerocc-pairmanager-dummy8x8-4c12p12-sbus64-linux-bertmini-batch8-fileonly-sync-gdbserver-cfg32-nic-notrace/
This run's log is located in:
/home/ubuntu/chipyard/sims/firesim/deploy/logs/2026-05-07--17-54-36-runworkload-DIBEN06RQCJ0TZ91.log
This status will update every 10s.
--------------------------------------------------------------------------------
Instances
--------------------------------------------------------------------------------
Hostname/IP: 192.168.1.34 | Terminated: [33mFalse[0m
--------------------------------------------------------------------------------
Simulated Switches
--------------------------------------------------------------------------------
Hostname/IP: 192.168.1.34 | Switch name: switch0 | Switch running: [32mTrue [0m
--------------------------------------------------------------------------------
Simulated Pipes
--------------------------------------------------------------------------------
--------------------------------------------------------------------------------
Simulated Nodes/Jobs
--------------------------------------------------------------------------------
Hostname/IP: 192.168.1.34 | Job: rerocc-lc-linux-coupleddma-bertmini-pipeline-runtime-batch8-fileonly-sync-pairdummy-gdbserver0 | Sim running: [33mTrue [0m
--------------------------------------------------------------------------------
Summary
--------------------------------------------------------------------------------
1/1 instances are still running.
1/1 simulations are still running.
--------------------------------------------------------------------------------
[prt-host-watchdog] hb='Target Cycle (fastest), Seconds Since Start' idle=156s hb_idle=438s uart=16919 guest_log=0 guest_sparse=240379 guest_checkpoint=0 guest_trigger=0 guest_status=1644 guest_proc=3857 guest_runner=596 guest_runner_post=433 guest_runner_early=487 guest_binary=0 guest_runner_proc=11459
[2J
FireSim Simulation Status @ 2026-05-07 18:09:18.369831
--------------------------------------------------------------------------------
This workload's output is located in:
/home/ubuntu/chipyard/sims/firesim/deploy/results-workload/2026-05-07--17-54-36-rerocc-lc-linux-coupleddma-bertmini-pipeline-runtime-batch8-fileonly-sync-pairdummy-gdbserver-f2-gemmini-rerocc-pairmanager-dummy8x8-4c12p12-sbus64-linux-bertmini-batch8-fileonly-sync-gdbserver-cfg32-nic-notrace/
This run's log is located in:
/home/ubuntu/chipyard/sims/firesim/deploy/logs/2026-05-07--17-54-36-runworkload-DIBEN06RQCJ0TZ91.log
This status will update every 10s.
--------------------------------------------------------------------------------
Instances
--------------------------------------------------------------------------------
Hostname/IP: 192.168.1.34 | Terminated: [33mFalse[0m
--------------------------------------------------------------------------------
Simulated Switches
--------------------------------------------------------------------------------
Hostname/IP: 192.168.1.34 | Switch name: switch0 | Switch running: [32mTrue [0m
--------------------------------------------------------------------------------
Simulated Pipes
--------------------------------------------------------------------------------
--------------------------------------------------------------------------------
Simulated Nodes/Jobs
--------------------------------------------------------------------------------
Hostname/IP: 192.168.1.34 | Job: rerocc-lc-linux-coupleddma-bertmini-pipeline-runtime-batch8-fileonly-sync-pairdummy-gdbserver0 | Sim running: [33mTrue [0m
--------------------------------------------------------------------------------
Summary
--------------------------------------------------------------------------------
1/1 instances are still running.
1/1 simulations are still running.
--------------------------------------------------------------------------------
[2J
FireSim Simulation Status @ 2026-05-07 18:09:28.684502
--------------------------------------------------------------------------------
This workload's output is located in:
/home/ubuntu/chipyard/sims/firesim/deploy/results-workload/2026-05-07--17-54-36-rerocc-lc-linux-coupleddma-bertmini-pipeline-runtime-batch8-fileonly-sync-pairdummy-gdbserver-f2-gemmini-rerocc-pairmanager-dummy8x8-4c12p12-sbus64-linux-bertmini-batch8-fileonly-sync-gdbserver-cfg32-nic-notrace/
This run's log is located in:
/home/ubuntu/chipyard/sims/firesim/deploy/logs/2026-05-07--17-54-36-runworkload-DIBEN06RQCJ0TZ91.log
This status will update every 10s.
--------------------------------------------------------------------------------
Instances
--------------------------------------------------------------------------------
Hostname/IP: 192.168.1.34 | Terminated: [33mFalse[0m
--------------------------------------------------------------------------------
Simulated Switches
--------------------------------------------------------------------------------
Hostname/IP: 192.168.1.34 | Switch name: switch0 | Switch running: [32mTrue [0m
--------------------------------------------------------------------------------
Simulated Pipes
--------------------------------------------------------------------------------
--------------------------------------------------------------------------------
Simulated Nodes/Jobs
--------------------------------------------------------------------------------
Hostname/IP: 192.168.1.34 | Job: rerocc-lc-linux-coupleddma-bertmini-pipeline-runtime-batch8-fileonly-sync-pairdummy-gdbserver0 | Sim running: [33mTrue [0m
--------------------------------------------------------------------------------
Summary
--------------------------------------------------------------------------------
1/1 instances are still running.
1/1 simulations are still running.
--------------------------------------------------------------------------------
[2J
FireSim Simulation Status @ 2026-05-07 18:09:39.002941
--------------------------------------------------------------------------------
This workload's output is located in:
/home/ubuntu/chipyard/sims/firesim/deploy/results-workload/2026-05-07--17-54-36-rerocc-lc-linux-coupleddma-bertmini-pipeline-runtime-batch8-fileonly-sync-pairdummy-gdbserver-f2-gemmini-rerocc-pairmanager-dummy8x8-4c12p12-sbus64-linux-bertmini-batch8-fileonly-sync-gdbserver-cfg32-nic-notrace/
This run's log is located in:
/home/ubuntu/chipyard/sims/firesim/deploy/logs/2026-05-07--17-54-36-runworkload-DIBEN06RQCJ0TZ91.log
This status will update every 10s.
--------------------------------------------------------------------------------
Instances
--------------------------------------------------------------------------------
Hostname/IP: 192.168.1.34 | Terminated: [33mFalse[0m
--------------------------------------------------------------------------------
Simulated Switches
--------------------------------------------------------------------------------
Hostname/IP: 192.168.1.34 | Switch name: switch0 | Switch running: [32mTrue [0m
--------------------------------------------------------------------------------
Simulated Pipes
--------------------------------------------------------------------------------
--------------------------------------------------------------------------------
Simulated Nodes/Jobs
--------------------------------------------------------------------------------
Hostname/IP: 192.168.1.34 | Job: rerocc-lc-linux-coupleddma-bertmini-pipeline-runtime-batch8-fileonly-sync-pairdummy-gdbserver0 | Sim running: [33mTrue [0m
--------------------------------------------------------------------------------
Summary
--------------------------------------------------------------------------------
1/1 instances are still running.
1/1 simulations are still running.
--------------------------------------------------------------------------------
[prt-host-watchdog] heartbeat-progress hb='16900082944, 897' idle=188s hb_idle=0s uart=16919 guest_log=0 guest_sparse=240379 guest_status=1644
[prt-host-watchdog] hb='16900082944, 897' idle=188s hb_idle=0s uart=16919 guest_log=0 guest_sparse=240379 guest_checkpoint=0 guest_trigger=0 guest_status=1644 guest_proc=3857 guest_runner=596 guest_runner_post=433 guest_runner_early=487 guest_binary=0 guest_runner_proc=11459
[2J
FireSim Simulation Status @ 2026-05-07 18:09:49.311091
--------------------------------------------------------------------------------
This workload's output is located in:
/home/ubuntu/chipyard/sims/firesim/deploy/results-workload/2026-05-07--17-54-36-rerocc-lc-linux-coupleddma-bertmini-pipeline-runtime-batch8-fileonly-sync-pairdummy-gdbserver-f2-gemmini-rerocc-pairmanager-dummy8x8-4c12p12-sbus64-linux-bertmini-batch8-fileonly-sync-gdbserver-cfg32-nic-notrace/
This run's log is located in:
/home/ubuntu/chipyard/sims/firesim/deploy/logs/2026-05-07--17-54-36-runworkload-DIBEN06RQCJ0TZ91.log
This status will update every 10s.
--------------------------------------------------------------------------------
Instances
--------------------------------------------------------------------------------
Hostname/IP: 192.168.1.34 | Terminated: [33mFalse[0m
--------------------------------------------------------------------------------
Simulated Switches
--------------------------------------------------------------------------------
Hostname/IP: 192.168.1.34 | Switch name: switch0 | Switch running: [32mTrue [0m
--------------------------------------------------------------------------------
Simulated Pipes
--------------------------------------------------------------------------------
--------------------------------------------------------------------------------
Simulated Nodes/Jobs
--------------------------------------------------------------------------------
Hostname/IP: 192.168.1.34 | Job: rerocc-lc-linux-coupleddma-bertmini-pipeline-runtime-batch8-fileonly-sync-pairdummy-gdbserver0 | Sim running: [33mTrue [0m
--------------------------------------------------------------------------------
Summary
--------------------------------------------------------------------------------
1/1 instances are still running.
1/1 simulations are still running.
--------------------------------------------------------------------------------
[2J
FireSim Simulation Status @ 2026-05-07 18:09:59.629248
--------------------------------------------------------------------------------
This workload's output is located in:
/home/ubuntu/chipyard/sims/firesim/deploy/results-workload/2026-05-07--17-54-36-rerocc-lc-linux-coupleddma-bertmini-pipeline-runtime-batch8-fileonly-sync-pairdummy-gdbserver-f2-gemmini-rerocc-pairmanager-dummy8x8-4c12p12-sbus64-linux-bertmini-batch8-fileonly-sync-gdbserver-cfg32-nic-notrace/
This run's log is located in:
/home/ubuntu/chipyard/sims/firesim/deploy/logs/2026-05-07--17-54-36-runworkload-DIBEN06RQCJ0TZ91.log
This status will update every 10s.
--------------------------------------------------------------------------------
Instances
--------------------------------------------------------------------------------
Hostname/IP: 192.168.1.34 | Terminated: [33mFalse[0m
--------------------------------------------------------------------------------
Simulated Switches
--------------------------------------------------------------------------------
Hostname/IP: 192.168.1.34 | Switch name: switch0 | Switch running: [32mTrue [0m
--------------------------------------------------------------------------------
Simulated Pipes
--------------------------------------------------------------------------------
--------------------------------------------------------------------------------
Simulated Nodes/Jobs
--------------------------------------------------------------------------------
Hostname/IP: 192.168.1.34 | Job: rerocc-lc-linux-coupleddma-bertmini-pipeline-runtime-batch8-fileonly-sync-pairdummy-gdbserver0 | Sim running: [33mTrue [0m
--------------------------------------------------------------------------------
Summary
--------------------------------------------------------------------------------
1/1 instances are still running.
1/1 simulations are still running.
--------------------------------------------------------------------------------
[2J
FireSim Simulation Status @ 2026-05-07 18:10:10.180159
--------------------------------------------------------------------------------
This workload's output is located in:
/home/ubuntu/chipyard/sims/firesim/deploy/results-workload/2026-05-07--17-54-36-rerocc-lc-linux-coupleddma-bertmini-pipeline-runtime-batch8-fileonly-sync-pairdummy-gdbserver-f2-gemmini-rerocc-pairmanager-dummy8x8-4c12p12-sbus64-linux-bertmini-batch8-fileonly-sync-gdbserver-cfg32-nic-notrace/
This run's log is located in:
/home/ubuntu/chipyard/sims/firesim/deploy/logs/2026-05-07--17-54-36-runworkload-DIBEN06RQCJ0TZ91.log
This status will update every 10s.
--------------------------------------------------------------------------------
Instances
--------------------------------------------------------------------------------
Hostname/IP: 192.168.1.34 | Terminated: [33mFalse[0m
--------------------------------------------------------------------------------
Simulated Switches
--------------------------------------------------------------------------------
Hostname/IP: 192.168.1.34 | Switch name: switch0 | Switch running: [32mTrue [0m
--------------------------------------------------------------------------------
Simulated Pipes
--------------------------------------------------------------------------------
--------------------------------------------------------------------------------
Simulated Nodes/Jobs
--------------------------------------------------------------------------------
Hostname/IP: 192.168.1.34 | Job: rerocc-lc-linux-coupleddma-bertmini-pipeline-runtime-batch8-fileonly-sync-pairdummy-gdbserver0 | Sim running: [33mTrue [0m
--------------------------------------------------------------------------------
Summary
--------------------------------------------------------------------------------
1/1 instances are still running.
1/1 simulations are still running.
--------------------------------------------------------------------------------
[prt-host-watchdog] hb='16900082944, 897' idle=219s hb_idle=31s uart=16919 guest_log=0 guest_sparse=240379 guest_checkpoint=0 guest_trigger=0 guest_status=1644 guest_proc=3857 guest_runner=596 guest_runner_post=433 guest_runner_early=487 guest_binary=0 guest_runner_proc=11459
[2J
FireSim Simulation Status @ 2026-05-07 18:10:20.493790
--------------------------------------------------------------------------------
This workload's output is located in:
/home/ubuntu/chipyard/sims/firesim/deploy/results-workload/2026-05-07--17-54-36-rerocc-lc-linux-coupleddma-bertmini-pipeline-runtime-batch8-fileonly-sync-pairdummy-gdbserver-f2-gemmini-rerocc-pairmanager-dummy8x8-4c12p12-sbus64-linux-bertmini-batch8-fileonly-sync-gdbserver-cfg32-nic-notrace/
This run's log is located in:
/home/ubuntu/chipyard/sims/firesim/deploy/logs/2026-05-07--17-54-36-runworkload-DIBEN06RQCJ0TZ91.log
This status will update every 10s.
--------------------------------------------------------------------------------
Instances
--------------------------------------------------------------------------------
Hostname/IP: 192.168.1.34 | Terminated: [33mFalse[0m
--------------------------------------------------------------------------------
Simulated Switches
--------------------------------------------------------------------------------
Hostname/IP: 192.168.1.34 | Switch name: switch0 | Switch running: [32mTrue [0m
--------------------------------------------------------------------------------
Simulated Pipes
--------------------------------------------------------------------------------
--------------------------------------------------------------------------------
Simulated Nodes/Jobs
--------------------------------------------------------------------------------
Hostname/IP: 192.168.1.34 | Job: rerocc-lc-linux-coupleddma-bertmini-pipeline-runtime-batch8-fileonly-sync-pairdummy-gdbserver0 | Sim running: [33mTrue [0m
--------------------------------------------------------------------------------
Summary
--------------------------------------------------------------------------------
1/1 instances are still running.
1/1 simulations are still running.
--------------------------------------------------------------------------------
[2J
FireSim Simulation Status @ 2026-05-07 18:10:30.802525
--------------------------------------------------------------------------------
This workload's output is located in:
/home/ubuntu/chipyard/sims/firesim/deploy/results-workload/2026-05-07--17-54-36-rerocc-lc-linux-coupleddma-bertmini-pipeline-runtime-batch8-fileonly-sync-pairdummy-gdbserver-f2-gemmini-rerocc-pairmanager-dummy8x8-4c12p12-sbus64-linux-bertmini-batch8-fileonly-sync-gdbserver-cfg32-nic-notrace/
This run's log is located in:
/home/ubuntu/chipyard/sims/firesim/deploy/logs/2026-05-07--17-54-36-runworkload-DIBEN06RQCJ0TZ91.log
This status will update every 10s.
--------------------------------------------------------------------------------
Instances
--------------------------------------------------------------------------------
Hostname/IP: 192.168.1.34 | Terminated: [33mFalse[0m
--------------------------------------------------------------------------------
Simulated Switches
--------------------------------------------------------------------------------
Hostname/IP: 192.168.1.34 | Switch name: switch0 | Switch running: [32mTrue [0m
--------------------------------------------------------------------------------
Simulated Pipes
--------------------------------------------------------------------------------
--------------------------------------------------------------------------------
Simulated Nodes/Jobs
--------------------------------------------------------------------------------
Hostname/IP: 192.168.1.34 | Job: rerocc-lc-linux-coupleddma-bertmini-pipeline-runtime-batch8-fileonly-sync-pairdummy-gdbserver0 | Sim running: [33mTrue [0m
--------------------------------------------------------------------------------
Summary
--------------------------------------------------------------------------------
1/1 instances are still running.
1/1 simulations are still running.
--------------------------------------------------------------------------------
[2J
FireSim Simulation Status @ 2026-05-07 18:10:41.111337
--------------------------------------------------------------------------------
This workload's output is located in:
/home/ubuntu/chipyard/sims/firesim/deploy/results-workload/2026-05-07--17-54-36-rerocc-lc-linux-coupleddma-bertmini-pipeline-runtime-batch8-fileonly-sync-pairdummy-gdbserver-f2-gemmini-rerocc-pairmanager-dummy8x8-4c12p12-sbus64-linux-bertmini-batch8-fileonly-sync-gdbserver-cfg32-nic-notrace/
This run's log is located in:
/home/ubuntu/chipyard/sims/firesim/deploy/logs/2026-05-07--17-54-36-runworkload-DIBEN06RQCJ0TZ91.log
This status will update every 10s.
--------------------------------------------------------------------------------
Instances
--------------------------------------------------------------------------------
Hostname/IP: 192.168.1.34 | Terminated: [33mFalse[0m
--------------------------------------------------------------------------------
Simulated Switches
--------------------------------------------------------------------------------
Hostname/IP: 192.168.1.34 | Switch name: switch0 | Switch running: [32mTrue [0m
--------------------------------------------------------------------------------
Simulated Pipes
--------------------------------------------------------------------------------
--------------------------------------------------------------------------------
Simulated Nodes/Jobs
--------------------------------------------------------------------------------
Hostname/IP: 192.168.1.34 | Job: rerocc-lc-linux-coupleddma-bertmini-pipeline-runtime-batch8-fileonly-sync-pairdummy-gdbserver0 | Sim running: [33mTrue [0m
--------------------------------------------------------------------------------
Summary
--------------------------------------------------------------------------------
1/1 instances are still running.
1/1 simulations are still running.
--------------------------------------------------------------------------------
[prt-host-watchdog] hb='16900082944, 897' idle=250s hb_idle=62s uart=16919 guest_log=0 guest_sparse=240379 guest_checkpoint=0 guest_trigger=0 guest_status=1644 guest_proc=3857 guest_runner=596 guest_runner_post=433 guest_runner_early=487 guest_binary=0 guest_runner_proc=11459
[2J
FireSim Simulation Status @ 2026-05-07 18:10:51.440157
--------------------------------------------------------------------------------
This workload's output is located in:
/home/ubuntu/chipyard/sims/firesim/deploy/results-workload/2026-05-07--17-54-36-rerocc-lc-linux-coupleddma-bertmini-pipeline-runtime-batch8-fileonly-sync-pairdummy-gdbserver-f2-gemmini-rerocc-pairmanager-dummy8x8-4c12p12-sbus64-linux-bertmini-batch8-fileonly-sync-gdbserver-cfg32-nic-notrace/
This run's log is located in:
/home/ubuntu/chipyard/sims/firesim/deploy/logs/2026-05-07--17-54-36-runworkload-DIBEN06RQCJ0TZ91.log
This status will update every 10s.
--------------------------------------------------------------------------------
Instances
--------------------------------------------------------------------------------
Hostname/IP: 192.168.1.34 | Terminated: [33mFalse[0m
--------------------------------------------------------------------------------
Simulated Switches
--------------------------------------------------------------------------------
Hostname/IP: 192.168.1.34 | Switch name: switch0 | Switch running: [32mTrue [0m
--------------------------------------------------------------------------------
Simulated Pipes
--------------------------------------------------------------------------------
--------------------------------------------------------------------------------
Simulated Nodes/Jobs
--------------------------------------------------------------------------------
Hostname/IP: 192.168.1.34 | Job: rerocc-lc-linux-coupleddma-bertmini-pipeline-runtime-batch8-fileonly-sync-pairdummy-gdbserver0 | Sim running: [33mTrue [0m
--------------------------------------------------------------------------------
Summary
--------------------------------------------------------------------------------
1/1 instances are still running.
1/1 simulations are still running.
--------------------------------------------------------------------------------
[2J
FireSim Simulation Status @ 2026-05-07 18:11:01.758541
--------------------------------------------------------------------------------
This workload's output is located in:
/home/ubuntu/chipyard/sims/firesim/deploy/results-workload/2026-05-07--17-54-36-rerocc-lc-linux-coupleddma-bertmini-pipeline-runtime-batch8-fileonly-sync-pairdummy-gdbserver-f2-gemmini-rerocc-pairmanager-dummy8x8-4c12p12-sbus64-linux-bertmini-batch8-fileonly-sync-gdbserver-cfg32-nic-notrace/
This run's log is located in:
/home/ubuntu/chipyard/sims/firesim/deploy/logs/2026-05-07--17-54-36-runworkload-DIBEN06RQCJ0TZ91.log
This status will update every 10s.
--------------------------------------------------------------------------------
Instances
--------------------------------------------------------------------------------
Hostname/IP: 192.168.1.34 | Terminated: [33mFalse[0m
--------------------------------------------------------------------------------
Simulated Switches
--------------------------------------------------------------------------------
Hostname/IP: 192.168.1.34 | Switch name: switch0 | Switch running: [32mTrue [0m
--------------------------------------------------------------------------------
Simulated Pipes
--------------------------------------------------------------------------------
--------------------------------------------------------------------------------
Simulated Nodes/Jobs
--------------------------------------------------------------------------------
Hostname/IP: 192.168.1.34 | Job: rerocc-lc-linux-coupleddma-bertmini-pipeline-runtime-batch8-fileonly-sync-pairdummy-gdbserver0 | Sim running: [33mTrue [0m
--------------------------------------------------------------------------------
Summary
--------------------------------------------------------------------------------
1/1 instances are still running.
1/1 simulations are still running.
--------------------------------------------------------------------------------
[2J
FireSim Simulation Status @ 2026-05-07 18:11:12.335571
--------------------------------------------------------------------------------
This workload's output is located in:
/home/ubuntu/chipyard/sims/firesim/deploy/results-workload/2026-05-07--17-54-36-rerocc-lc-linux-coupleddma-bertmini-pipeline-runtime-batch8-fileonly-sync-pairdummy-gdbserver-f2-gemmini-rerocc-pairmanager-dummy8x8-4c12p12-sbus64-linux-bertmini-batch8-fileonly-sync-gdbserver-cfg32-nic-notrace/
This run's log is located in:
/home/ubuntu/chipyard/sims/firesim/deploy/logs/2026-05-07--17-54-36-runworkload-DIBEN06RQCJ0TZ91.log
This status will update every 10s.
--------------------------------------------------------------------------------
Instances
--------------------------------------------------------------------------------
Hostname/IP: 192.168.1.34 | Terminated: [33mFalse[0m
--------------------------------------------------------------------------------
Simulated Switches
--------------------------------------------------------------------------------
Hostname/IP: 192.168.1.34 | Switch name: switch0 | Switch running: [32mTrue [0m
--------------------------------------------------------------------------------
Simulated Pipes
--------------------------------------------------------------------------------
--------------------------------------------------------------------------------
Simulated Nodes/Jobs
--------------------------------------------------------------------------------
Hostname/IP: 192.168.1.34 | Job: rerocc-lc-linux-coupleddma-bertmini-pipeline-runtime-batch8-fileonly-sync-pairdummy-gdbserver0 | Sim running: [33mTrue [0m
--------------------------------------------------------------------------------
Summary
--------------------------------------------------------------------------------
1/1 instances are still running.
1/1 simulations are still running.
--------------------------------------------------------------------------------
[prt-host-watchdog] hb='16900082944, 897' idle=282s hb_idle=94s uart=16919 guest_log=0 guest_sparse=240379 guest_checkpoint=0 guest_trigger=0 guest_status=1644 guest_proc=3857 guest_runner=596 guest_runner_post=433 guest_runner_early=487 guest_binary=0 guest_runner_proc=11459
[2J
FireSim Simulation Status @ 2026-05-07 18:11:22.654253
--------------------------------------------------------------------------------
This workload's output is located in:
/home/ubuntu/chipyard/sims/firesim/deploy/results-workload/2026-05-07--17-54-36-rerocc-lc-linux-coupleddma-bertmini-pipeline-runtime-batch8-fileonly-sync-pairdummy-gdbserver-f2-gemmini-rerocc-pairmanager-dummy8x8-4c12p12-sbus64-linux-bertmini-batch8-fileonly-sync-gdbserver-cfg32-nic-notrace/
This run's log is located in:
/home/ubuntu/chipyard/sims/firesim/deploy/logs/2026-05-07--17-54-36-runworkload-DIBEN06RQCJ0TZ91.log
This status will update every 10s.
--------------------------------------------------------------------------------
Instances
--------------------------------------------------------------------------------
Hostname/IP: 192.168.1.34 | Terminated: [33mFalse[0m
--------------------------------------------------------------------------------
Simulated Switches
--------------------------------------------------------------------------------
Hostname/IP: 192.168.1.34 | Switch name: switch0 | Switch running: [32mTrue [0m
--------------------------------------------------------------------------------
Simulated Pipes
--------------------------------------------------------------------------------
--------------------------------------------------------------------------------
Simulated Nodes/Jobs
--------------------------------------------------------------------------------
Hostname/IP: 192.168.1.34 | Job: rerocc-lc-linux-coupleddma-bertmini-pipeline-runtime-batch8-fileonly-sync-pairdummy-gdbserver0 | Sim running: [33mTrue [0m
--------------------------------------------------------------------------------
Summary
--------------------------------------------------------------------------------
1/1 instances are still running.
1/1 simulations are still running.
--------------------------------------------------------------------------------
[2J
FireSim Simulation Status @ 2026-05-07 18:11:32.966567
--------------------------------------------------------------------------------
This workload's output is located in:
/home/ubuntu/chipyard/sims/firesim/deploy/results-workload/2026-05-07--17-54-36-rerocc-lc-linux-coupleddma-bertmini-pipeline-runtime-batch8-fileonly-sync-pairdummy-gdbserver-f2-gemmini-rerocc-pairmanager-dummy8x8-4c12p12-sbus64-linux-bertmini-batch8-fileonly-sync-gdbserver-cfg32-nic-notrace/
This run's log is located in:
/home/ubuntu/chipyard/sims/firesim/deploy/logs/2026-05-07--17-54-36-runworkload-DIBEN06RQCJ0TZ91.log
This status will update every 10s.
--------------------------------------------------------------------------------
Instances
--------------------------------------------------------------------------------
Hostname/IP: 192.168.1.34 | Terminated: [33mFalse[0m
--------------------------------------------------------------------------------
Simulated Switches
--------------------------------------------------------------------------------
Hostname/IP: 192.168.1.34 | Switch name: switch0 | Switch running: [32mTrue [0m
--------------------------------------------------------------------------------
Simulated Pipes
--------------------------------------------------------------------------------
--------------------------------------------------------------------------------
Simulated Nodes/Jobs
--------------------------------------------------------------------------------
Hostname/IP: 192.168.1.34 | Job: rerocc-lc-linux-coupleddma-bertmini-pipeline-runtime-batch8-fileonly-sync-pairdummy-gdbserver0 | Sim running: [33mTrue [0m
--------------------------------------------------------------------------------
Summary
--------------------------------------------------------------------------------
1/1 instances are still running.
1/1 simulations are still running.
--------------------------------------------------------------------------------
[2J
FireSim Simulation Status @ 2026-05-07 18:11:43.285025
--------------------------------------------------------------------------------
This workload's output is located in:
/home/ubuntu/chipyard/sims/firesim/deploy/results-workload/2026-05-07--17-54-36-rerocc-lc-linux-coupleddma-bertmini-pipeline-runtime-batch8-fileonly-sync-pairdummy-gdbserver-f2-gemmini-rerocc-pairmanager-dummy8x8-4c12p12-sbus64-linux-bertmini-batch8-fileonly-sync-gdbserver-cfg32-nic-notrace/
This run's log is located in:
/home/ubuntu/chipyard/sims/firesim/deploy/logs/2026-05-07--17-54-36-runworkload-DIBEN06RQCJ0TZ91.log
This status will update every 10s.
--------------------------------------------------------------------------------
Instances
--------------------------------------------------------------------------------
Hostname/IP: 192.168.1.34 | Terminated: [33mFalse[0m
--------------------------------------------------------------------------------
Simulated Switches
--------------------------------------------------------------------------------
Hostname/IP: 192.168.1.34 | Switch name: switch0 | Switch running: [32mTrue [0m
--------------------------------------------------------------------------------
Simulated Pipes
--------------------------------------------------------------------------------
--------------------------------------------------------------------------------
Simulated Nodes/Jobs
--------------------------------------------------------------------------------
Hostname/IP: 192.168.1.34 | Job: rerocc-lc-linux-coupleddma-bertmini-pipeline-runtime-batch8-fileonly-sync-pairdummy-gdbserver0 | Sim running: [33mTrue [0m
--------------------------------------------------------------------------------
Summary
--------------------------------------------------------------------------------
1/1 instances are still running.
1/1 simulations are still running.
--------------------------------------------------------------------------------
[prt-host-watchdog] hb='16900082944, 897' idle=313s hb_idle=125s uart=16919 guest_log=0 guest_sparse=240379 guest_checkpoint=0 guest_trigger=0 guest_status=1644 guest_proc=3857 guest_runner=596 guest_runner_post=433 guest_runner_early=487 guest_binary=0 guest_runner_proc=11459
[2J
FireSim Simulation Status @ 2026-05-07 18:11:53.596813
--------------------------------------------------------------------------------
This workload's output is located in:
/home/ubuntu/chipyard/sims/firesim/deploy/results-workload/2026-05-07--17-54-36-rerocc-lc-linux-coupleddma-bertmini-pipeline-runtime-batch8-fileonly-sync-pairdummy-gdbserver-f2-gemmini-rerocc-pairmanager-dummy8x8-4c12p12-sbus64-linux-bertmini-batch8-fileonly-sync-gdbserver-cfg32-nic-notrace/
This run's log is located in:
/home/ubuntu/chipyard/sims/firesim/deploy/logs/2026-05-07--17-54-36-runworkload-DIBEN06RQCJ0TZ91.log
This status will update every 10s.
--------------------------------------------------------------------------------
Instances
--------------------------------------------------------------------------------
Hostname/IP: 192.168.1.34 | Terminated: [33mFalse[0m
--------------------------------------------------------------------------------
Simulated Switches
--------------------------------------------------------------------------------
Hostname/IP: 192.168.1.34 | Switch name: switch0 | Switch running: [32mTrue [0m
--------------------------------------------------------------------------------
Simulated Pipes
--------------------------------------------------------------------------------
--------------------------------------------------------------------------------
Simulated Nodes/Jobs
--------------------------------------------------------------------------------
Hostname/IP: 192.168.1.34 | Job: rerocc-lc-linux-coupleddma-bertmini-pipeline-runtime-batch8-fileonly-sync-pairdummy-gdbserver0 | Sim running: [33mTrue [0m
--------------------------------------------------------------------------------
Summary
--------------------------------------------------------------------------------
1/1 instances are still running.
1/1 simulations are still running.
--------------------------------------------------------------------------------
[2J
FireSim Simulation Status @ 2026-05-07 18:12:03.916985
--------------------------------------------------------------------------------
This workload's output is located in:
/home/ubuntu/chipyard/sims/firesim/deploy/results-workload/2026-05-07--17-54-36-rerocc-lc-linux-coupleddma-bertmini-pipeline-runtime-batch8-fileonly-sync-pairdummy-gdbserver-f2-gemmini-rerocc-pairmanager-dummy8x8-4c12p12-sbus64-linux-bertmini-batch8-fileonly-sync-gdbserver-cfg32-nic-notrace/
This run's log is located in:
/home/ubuntu/chipyard/sims/firesim/deploy/logs/2026-05-07--17-54-36-runworkload-DIBEN06RQCJ0TZ91.log
This status will update every 10s.
--------------------------------------------------------------------------------
Instances
--------------------------------------------------------------------------------
Hostname/IP: 192.168.1.34 | Terminated: [33mFalse[0m
--------------------------------------------------------------------------------
Simulated Switches
--------------------------------------------------------------------------------
Hostname/IP: 192.168.1.34 | Switch name: switch0 | Switch running: [32mTrue [0m
--------------------------------------------------------------------------------
Simulated Pipes
--------------------------------------------------------------------------------
--------------------------------------------------------------------------------
Simulated Nodes/Jobs
--------------------------------------------------------------------------------
Hostname/IP: 192.168.1.34 | Job: rerocc-lc-linux-coupleddma-bertmini-pipeline-runtime-batch8-fileonly-sync-pairdummy-gdbserver0 | Sim running: [33mTrue [0m
--------------------------------------------------------------------------------
Summary
--------------------------------------------------------------------------------
1/1 instances are still running.
1/1 simulations are still running.
--------------------------------------------------------------------------------
[2J
FireSim Simulation Status @ 2026-05-07 18:12:14.487600
--------------------------------------------------------------------------------
This workload's output is located in:
/home/ubuntu/chipyard/sims/firesim/deploy/results-workload/2026-05-07--17-54-36-rerocc-lc-linux-coupleddma-bertmini-pipeline-runtime-batch8-fileonly-sync-pairdummy-gdbserver-f2-gemmini-rerocc-pairmanager-dummy8x8-4c12p12-sbus64-linux-bertmini-batch8-fileonly-sync-gdbserver-cfg32-nic-notrace/
This run's log is located in:
/home/ubuntu/chipyard/sims/firesim/deploy/logs/2026-05-07--17-54-36-runworkload-DIBEN06RQCJ0TZ91.log
This status will update every 10s.
--------------------------------------------------------------------------------
Instances
--------------------------------------------------------------------------------
Hostname/IP: 192.168.1.34 | Terminated: [33mFalse[0m
--------------------------------------------------------------------------------
Simulated Switches
--------------------------------------------------------------------------------
Hostname/IP: 192.168.1.34 | Switch name: switch0 | Switch running: [32mTrue [0m
--------------------------------------------------------------------------------
Simulated Pipes
--------------------------------------------------------------------------------
--------------------------------------------------------------------------------
Simulated Nodes/Jobs
--------------------------------------------------------------------------------
Hostname/IP: 192.168.1.34 | Job: rerocc-lc-linux-coupleddma-bertmini-pipeline-runtime-batch8-fileonly-sync-pairdummy-gdbserver0 | Sim running: [33mTrue [0m
--------------------------------------------------------------------------------
Summary
--------------------------------------------------------------------------------
1/1 instances are still running.
1/1 simulations are still running.
--------------------------------------------------------------------------------
[prt-host-watchdog] hb='16900082944, 897' idle=344s hb_idle=156s uart=16919 guest_log=0 guest_sparse=240379 guest_checkpoint=0 guest_trigger=0 guest_status=1644 guest_proc=3857 guest_runner=596 guest_runner_post=433 guest_runner_early=487 guest_binary=0 guest_runner_proc=11459
[2J
FireSim Simulation Status @ 2026-05-07 18:12:24.799599
--------------------------------------------------------------------------------
This workload's output is located in:
/home/ubuntu/chipyard/sims/firesim/deploy/results-workload/2026-05-07--17-54-36-rerocc-lc-linux-coupleddma-bertmini-pipeline-runtime-batch8-fileonly-sync-pairdummy-gdbserver-f2-gemmini-rerocc-pairmanager-dummy8x8-4c12p12-sbus64-linux-bertmini-batch8-fileonly-sync-gdbserver-cfg32-nic-notrace/
This run's log is located in:
/home/ubuntu/chipyard/sims/firesim/deploy/logs/2026-05-07--17-54-36-runworkload-DIBEN06RQCJ0TZ91.log
This status will update every 10s.
--------------------------------------------------------------------------------
Instances
--------------------------------------------------------------------------------
Hostname/IP: 192.168.1.34 | Terminated: [33mFalse[0m
--------------------------------------------------------------------------------
Simulated Switches
--------------------------------------------------------------------------------
Hostname/IP: 192.168.1.34 | Switch name: switch0 | Switch running: [32mTrue [0m
--------------------------------------------------------------------------------
Simulated Pipes
--------------------------------------------------------------------------------
--------------------------------------------------------------------------------
Simulated Nodes/Jobs
--------------------------------------------------------------------------------
Hostname/IP: 192.168.1.34 | Job: rerocc-lc-linux-coupleddma-bertmini-pipeline-runtime-batch8-fileonly-sync-pairdummy-gdbserver0 | Sim running: [33mTrue [0m
--------------------------------------------------------------------------------
Summary
--------------------------------------------------------------------------------
1/1 instances are still running.
1/1 simulations are still running.
--------------------------------------------------------------------------------
